,Name,Origin
0, Bagh,Afghanistan
1, Bocy  Archi Ga,Afghanistan
2, Bogan,Afghanistan
3, Burj,Afghanistan
4, Jan,Afghanistan
5, Rag,Afghanistan
6, Rah Sharikar D,Afghanistan
7, Shar Darah,Afghanistan
8,'Alam,Afghanistan
9,'Rlang,Afghanistan
10,-E Woluswali-Ye,Afghanistan
11,-Eywkawlang,Afghanistan
12,Abad,Afghanistan
13,Abat,Afghanistan
14,Ala,Afghanistan
15,Alat,Afghanistan
16,Ar Darah Shahra,Afghanistan
17,Ar Darzabad,Afghanistan
18,Ar Gah,Afghanistan
19,Ar-E 'Alam,Afghanistan
20,Arah,Afghanistan
21,Arah Bagh,Afghanistan
22,Arah Jan,Afghanistan
23,Arah Sharinkot,Afghanistan
24,Araj,Afghanistan
25,Arak,Afghanistan
26,Aran,Afghanistan
27,Aranj,Afghanistan
28,Arar Darzabal O,Afghanistan
29,Ararun,Afghanistan
30,Archi,Afghanistan
31,Archin,Afghanistan
32,Archindah Shara,Afghanistan
33,Arinkot,Afghanistan
34,Arknjnb,Afghanistan
35,Arqin,Afghanistan
36,Arun,Afghanistan
37,Aryn,Afghanistan
38,Asht-E Pul-E 'A,Afghanistan
39,B Lang,Afghanistan
40,Bad,Afghanistan
41,Baghlan,Afghanistan
42,Bal Os Sahib,Afghanistan
43,Bal Os Sar-E 'A,Afghanistan
44,Bal Os Sar-E Ac,Afghanistan
45,Bal Os Sar-E Pu,Afghanistan
46,Bal Os Sar-E Ya,Afghanistan
47,Bal Os Saranj,Afghanistan
48,Balkh,Afghanistan
49,Basawul,Afghanistan
50,Bosasar-E 'Alam,Afghanistan
51,Bosasawilg,Afghanistan
52,Bqzab,Afghanistan
53,Bsmyan,Afghanistan
54,Bszak,Afghanistan
55,Busjam,Afghanistan
56,Casnwua,Afghanistan
57,Chandud,Afghanistan
58,Cr  Burj,Afghanistan
59,D Shah Sharanja,Afghanistan
60,Dash,Afghanistan
61,Dlasawul,Afghanistan
62,Dlosanabad,Afghanistan
63,Dosssaarun,Afghanistan
64,Erctin,Afghanistan
65,Gal,Afghanistan
66,Gal Os Sahib,Afghanistan
67,Galabad,Afghanistan
68,Gam,Afghanistan
69,Gan,Afghanistan
70,Gla,Afghanistan
71,Grl-E Pul-E 'Al,Afghanistan
72,Grl-E Yakawlan,Afghanistan
73,Harah Jan,Afghanistan
74,Harikar Burj,Afghanistan
75,Harinkot,Afghanistan
76,Irq,Afghanistan
77,Irqan,Afghanistan
78,Jab,Afghanistan
79,Jabad,Afghanistan
80,Jala,Afghanistan
81,Jalabal Os Sar-,Afghanistan
82,Jalat,Afghanistan
83,Jlom,Afghanistan
84,Joqan,Afghanistan
85,Jrbak,Afghanistan
86,Labad,Afghanistan
87,Labal Os Sarah,Afghanistan
88,Labal Os Saran,Afghanistan
89,Lag,Afghanistan
90,Lagaw-Bay,Afghanistan
91,Lala,Afghanistan
92,Lalabad,Afghanistan
93,Lalabal Os Sahi,Afghanistan
94,Lalala,Afghanistan
95,Lalalabad,Afghanistan
96,Lalalalalalabad,Afghanistan
97,Lalalat,Afghanistan
98,Lalat,Afghanistan
99,Lam,Afghanistan
100,Lan,Afghanistan
101,Lang,Afghanistan
102,Las,Afghanistan
103,Lasawul,Afghanistan
104,Lat,Afghanistan
105,Llosasaw-Bay,Afghanistan
106,Loqan,Afghanistan
107,Losa Archindah ,Afghanistan
108,Losamas Baghlan,Afghanistan
109,Losasaw-Bay,Afghanistan
110,Lr-E 'Alam,Afghanistan
111,Lr-G Bagh,Afghanistan
112,Lshakhr,Afghanistan
113,Lssakawlan,Afghanistan
114,Nand,Afghanistan
115,Nanjab,Afghanistan
116,Nar Gah,Afghanistan
117,Ndud,Afghanistan
118,Ngan,Afghanistan
119,Nrah,Afghanistan
120,Nrah Shin,Afghanistan
121,Nran,Afghanistan
122,Nrshkar Burj,Afghanistan
123,Nrun,Afghanistan
124,Nshakhr,Afghanistan
125,Nsham,Afghanistan
126,Nssarah Jan,Afghanistan
127,Oqan,Afghanistan
128,Osasaw-Bay,Afghanistan
129,Ost,Afghanistan
130,Qabad,Afghanistan
131,Qib,Afghanistan
132,Qil,Afghanistan
133,Qin,Afghanistan
134,R Burj,Afghanistan
135,R Darah Jan,Afghanistan
136,R Daraj,Afghanistan
137,R Daran,Afghanistan
138,R Darzab,Afghanistan
139,R Darzabad,Afghanistan
140,R Gah,Afghanistan
141,R Gak,Afghanistan
142,R Jan,Afghanistan
143,R Uawali-Ye Ach,Afghanistan
144,R Zar-E Pul,Afghanistan
145,R-E 'Alam,Afghanistan
146,R-E Archi,Afghanistan
147,R-E Archi Gak,Afghanistan
148,R-E Pul,Afghanistan
149,R-E Woluswali-Y,Afghanistan
150,Ra  Bcgh,Afghanistan
151,Ra Ghkar Burj,Afghanistan
152,Ra',Afghanistan
153,Ra- Bpghnar Gak,Afghanistan
154,Ra- Bykakhr,Afghanistan
155,Raa Bagh,Afghanistan
156,Rabad,Afghanistan
157,Rabal Os Sar-E ,Afghanistan
158,Rad,Afghanistan
159,Rad Shaharan,Afghanistan
160,Rag,Afghanistan
161,Ragjl,Afghanistan
162,Rah,Afghanistan
163,Rah Bagh,Afghanistan
164,Rah Jan,Afghanistan
165,Rah Sharah Jan,Afghanistan
166,Raj,Afghanistan
167,Rak,Afghanistan
168,Ral,Afghanistan
169,Ral Os Saarun,Afghanistan
170,Ral Os Sahib,Afghanistan
171,Ral Os Sar-E 'A,Afghanistan
172,Ral Os Sar-E Pu,Afghanistan
173,Ral Os Sar-E Wo,Afghanistan
174,Ral Os Sarah Ja,Afghanistan
175,Ral Os Sarah Sh,Afghanistan
176,Ral Os Saran,Afghanistan
177,Ral Os Saranjab,Afghanistan
178,Ram,Afghanistan
179,Ran,Afghanistan
180,Ranj,Afghanistan
181,Ranjab,Afghanistan
182,Raot,Afghanistan
183,Rar,Afghanistan
184,Rar Burj,Afghanistan
185,Rar Daranjab,Afghanistan
186,Rar Darzab,Afghanistan
187,Rar Darzabad,Afghanistan
188,Rar Gah,Afghanistan
189,Ras,Afghanistan
190,Ras Aah,Afghanistan
191,Ras Bagh,Afghanistan
192,Ras Wali-Ye Ach,Afghanistan
193,Ras Wali-Ye Arc,Afghanistan
194,Ras Wul,Afghanistan
195,Rashkar Burj,Afghanistan
196,Rasjam,Afghanistan
197,Rast,Afghanistan
198,Rat,Afghanistan
199,Rau,Afghanistan
200,Ray,Afghanistan
201,Raz,Afghanistan
202,Razar,Afghanistan
203,Razar-E Pul-E Y,Afghanistan
204,Razar-E Yakawla,Afghanistan
205,Rbak,Afghanistan
206,Rban,Afghanistan
207,Rbzgan,Afghanistan
208,Rchi,Afghanistan
209,Rchi Gah,Afghanistan
210,Rchi Gak,Afghanistan
211,Rchindand,Afghanistan
212,Rchindansham,Afghanistan
213,Rcin,Afghanistan
214,Rcni,Afghanistan
215,Rcui,Afghanistan
216,Rdost,Afghanistan
217,Rgak,Afghanistan
218,Rgan,Afghanistan
219,Rhkashkar,Afghanistan
220,Ri Gak,Afghanistan
221,Rigab,Afghanistan
222,Rikar,Afghanistan
223,Rikar Burj,Afghanistan
224,Rikar Darah Bag,Afghanistan
225,Rikar Daraj,Afghanistan
226,Rikar Darzabad,Afghanistan
227,Rikar Gah,Afghanistan
228,Rikar Gak,Afghanistan
229,Rinkot,Afghanistan
230,Rkaz-E Yakawlan,Afghanistan
231,Rkird,Afghanistan
232,Rlag,Afghanistan
233,Rlak,Afghanistan
234,Rlan,Afghanistan
235,Rlang,Afghanistan
236,Rlazar,Afghanistan
237,Rloqan,Afghanistan
238,Rlosasarah,Afghanistan
239,Roq,Afghanistan
240,Roq N,Afghanistan
241,Roq Nar Burj,Afghanistan
242,Roq Nar Darzab,Afghanistan
243,Roqan,Afghanistan
244,Rosa,Afghanistan
245,Rpnjab,Afghanistan
246,Rqin,Afghanistan
247,Rr Gah,Afghanistan
248,Rr Kar,Afghanistan
249,Rra  Jan,Afghanistan
250,Rraj,Afghanistan
251,Rrikar Gak,Afghanistan
252,Rrkaz-E Pul-E Y,Afghanistan
253,Rrok,Afghanistan
254,Rrr  Bagh,Afghanistan
255,Rshakhr,Afghanistan
256,Rshkasht-E Yaka,Afghanistan
257,Rsjak,Afghanistan
258,Rskawlang,Afghanistan
259,Rskird,Afghanistan
260,Rsnjab,Afghanistan
261,Rssadabad,Afghanistan
262,Rt-E 'Alam,Afghanistan
263,Rug,Afghanistan
264,Ruk,Afghanistan
265,Run,Afghanistan
266,Ruo,Afghanistan
267,Rur,Afghanistan
268,Rur ,Afghanistan
269,Rwozus-Aeyakawl,Afghanistan
270,Rwozuswali-Ye A,Afghanistan
271,Ryakawlang,Afghanistan
272,Rykakhr,Afghanistan
273,Rzab,Afghanistan
274,Sakawlan,Afghanistan
275,Saraj,Afghanistan
276,Sawul,Afghanistan
277,Sazar-E Yakawla,Afghanistan
278,Shakhr,Afghanistan
279,Sham,Afghanistan
280,Shkar,Afghanistan
281,Shkar Darah,Afghanistan
282,Shkar Gak,Afghanistan
283,Shkashkar Gah,Afghanistan
284,Shkashkasht-E W,Afghanistan
285,Shkasht-E Yakaw,Afghanistan
286,Shlang,Afghanistan
287,Shmkasht-E Yaka,Afghanistan
288,Shqabad,Afghanistan
289,Shrak,Afghanistan
290,Sht-E 'Alam,Afghanistan
291,Sht-E Achi Gak,Afghanistan
292,Sht-E Pul,Afghanistan
293,Sht-E Yakawlang,Afghanistan
294,Slalat,Afghanistan
295,Slam,Afghanistan
296,Slt-E Woluswali,Afghanistan
297,Sndud,Afghanistan
298,Soqan,Afghanistan
299,Sqin,Afghanistan
300,Sr-E Pul-E Pul-,Afghanistan
301,Srah,Afghanistan
302,Srah Jan,Afghanistan
303,Srak,Afghanistan
304,Sram,Afghanistan
305,Sranjab,Afghanistan
306,Srdanru,Afghanistan
307,Srkaz-E Pul,Afghanistan
308,Srkaz-E Pul-E Y,Afghanistan
309,Srkaz-E Woluswa,Afghanistan
310,Srkaz-E Yakawla,Afghanistan
311,Srt-E Woluswali,Afghanistan
312,Ssamas Baghlang,Afghanistan
313,Sst-E 'Alam,Afghanistan
314,Sst-E P'L-,Afghanistan
315,Sswul,Afghanistan
316,Urm,Afghanistan
317,Uswali-Ye Archi,Afghanistan
318,Uurz,Afghanistan
319,Woluswali-Ye Ac,Afghanistan
320,Woluswali-Ye Ar,Afghanistan
321,Yakawlan,Afghanistan
322,Yakawlang,Afghanistan
323,Yan,Afghanistan
324,Yar,Afghanistan
325,Ynabad,Afghanistan
326,Yran,Afghanistan
327,Zan-E 'Alam,Afghanistan
328,Zar,Afghanistan
329,Zar-E 'Alam,Afghanistan
330,Zar-E Pul,Afghanistan
331,Zlabad,Afghanistan
332,Zsawul,Afghanistan
