,Name,Origin
0, Aakiorkara,Algeria
1, Ahkamiaoulef,Algeria
2, Akkacha,Algeria
3, Akkache,Algeria
4, Alleug,Algeria
5, Ameur,Algeria
6, Arfa,Algeria
7, Arnat,Algeria
8, Atlelir,Algeria
9, Beida,Algeria
10, Blida,Algeria
11, Chi,Algeria
12, El Bouissaoule,Algeria
13, Enwa,Algeria
14, Had,Algeria
15, Hadjar,Algeria
16, Hassaoula,Algeria
17, Merouala,Algeria
18, Mester,Algeria
19, Rhioukh,Algeria
20, Seni Mers El K,Algeria
21, Seniet El Kala,Algeria
22, Sswa,Algeria
23,Abbri,Algeria
24,Abnidm Er,Algeria
25,Abnr Abiodh Sid,Algeria
26,Abnrapaaaba,Algeria
27,Abnrba,Algeria
28,Abnrigu,Algeria
29,Abnrisiissi Syd,Algeria
30,Abou,Algeria
31,Abou El Kebir,Algeria
32,Acbif,Algeria
33,Aen El Hadjar,Algeria
34,Agueur,Algeria
35,Aguiua,Algeria
36,Aia,Algeria
37,Aka,Algeria
38,Akbou,Algeria
39,Akbou Arnat,Algeria
40,Akbou El Baya,Algeria
41,Akbou El Bayadh,Algeria
42,Akbou El Mers E,Algeria
43,Akhar,Algeria
44,Alah,Algeria
45,Amaa,Algeria
46,Ametlili Cheria,Algeria
47,Amizouna,Algeria
48,Amizour,Algeria
49,Amnzt,Algeria
50,Ana,Algeria
51,Ane,Algeria
52,Aouissi Sydy Sn,Algeria
53,Apaza,Algeria
54,Ara,Algeria
55,Arbatacha,Algeria
56,Arbatachar,Algeria
57,Assan,Algeria
58,Assaoulef,Algeria
59,Assi Melh,Algeria
60,Assi Moussi Syd,Algeria
61,Aza,Algeria
62,Azazga,Algeria
63,Babor - Ville,Algeria
64,Bache,Algeria
65,Bah,Algeria
66,Baoid,Algeria
67,Bar,Algeria
68,Batacha,Algeria
69,Bbboo Ed El Has,Algeria
70,Bech Chahmi,Algeria
71,Beni Meroualah,Algeria
72,Beni Messan,Algeria
73,Bghni,Algeria
74,Bjaia,Algeria
75,Bkiak,Algeria
76,Bkkachela,Algeria
77,Bou,Algeria
78,Bouida,Algeria
79,Bssbouinet,Algeria
80,Bsso Ed Rhiou,Algeria
81,Caaha,Algeria
82,Caio Mala,Algeria
83,Ceaba,Algeria
84,Cer,Algeria
85,Cghaier,Algeria
86,Cghii,Algeria
87,Cghni,Algeria
88,Ch Chahmi,Algeria
89,Cha,Algeria
90,Chari,Algeria
91,Che,Algeria
92,Chela,Algeria
93,Chir,Algeria
94,Cra,Algeria
95,Cssaoulef,Algeria
96,Cssi Mers El Ab,Algeria
97,Ctlolal,Algeria
98,Cuaa,Algeria
99,Cuebar,Algeria
100,Dar,Algeria
101,Dar Chib,Algeria
102,Dellys,Algeria
103,Dgu,Algeria
104,Dou,Algeria
105,Doualah,Algeria
106,Douera,Algeria
107,Douk Ahmed,Algeria
108,Douk Ahras,Algeria
109,Drean,Algeria
110,Dt Che,Algeria
111,Du El Kebir,Algeria
112,Ebar,Algeria
113,Eghaier,Algeria
114,Ejaia,Algeria
115,El Abadia,Algeria
116,El Beida,Algeria
117,El Hassi Meghai,Algeria
118,El Kalah,Algeria
119,El Mala,Algeria
120,El Melh,Algeria
121,Emizou,Algeria
122,Enchela,Algeria
123,Enmetlili Chiff,Algeria
124,Enn Bah,Algeria
125,Ennebsi Sydy Sn,Algeria
126,Er Sougueur,Algeria
127,Era,Algeria
128,Erkerkera,Algeria
129,Ermetlili Chiou,Algeria
130,Ers El Amria,Algeria
131,Ers El Hadjar,Algeria
132,Etlili Chioukad,Algeria
133,F Iayadh,Algeria
134,F Taheria,Algeria
135,F Taya,Algeria
136,Guaia,Algeria
137,Guaued,Algeria
138,Guaued El Beida,Algeria
139,Guaued Rhiou,Algeria
140,Guaued Rhiouk,Algeria
141,Gueur,Algeria
142,Gumahra Ahmed,Algeria
143,Gune,Algeria
144,Gunet,Algeria
145,Gunia,Algeria
146,Gunistrict Of T,Algeria
147,Gunu,Algeria
148,Gunueur,Algeria
149,Guruane,Algeria
150,Guzaia,Algeria
151,Guzui,Algeria
152,H Ahram,Algeria
153,Hammam Bouinan,Algeria
154,Hammam Boumague,Algeria
155,Hammam Boumerda,Algeria
156,Hammamet,Algeria
157,Hba,Algeria
158,Her,Algeria
159,Heribet El Baya,Algeria
160,Hgmmam Bou Hadj,Algeria
161,Hgmmama,Algeria
162,Hgu,Algeria
163,Hka,Algeria
164,Hkmmamet,Algeria
165,Hmed,Algeria
166,Hmmmmmmmmmmoume,Algeria
167,Hrn Tlili Chaam,Algeria
168,Hsss  Ehghma,Algeria
169,Hsssa,Algeria
170,Hsssan,Algeria
171,Hummhmoumerdas,Algeria
172,Hummhmoumr,Algeria
173,Hzmmrmatacha,Algeria
174,Icliou,Algeria
175,Idlisia,Algeria
176,Inzsba,Algeria
177,Ir Chioukadia,Algeria
178,Ira,Algeria
179,Isld,Algeria
180,Isli,Algeria
181,Isligu,Algeria
182,Issa,Algeria
183,Issan,Algeria
184,Issaouda,Algeria
185,Issaoulef,Algeria
186,Issat,Algeria
187,Issi Mers El Bo,Algeria
188,Issi Moussia,Algeria
189,Issi Sydy Snwsy,Algeria
190,Issia,Algeria
191,It Nel,Algeria
192,Izart,Algeria
193,Jaia,Algeria
194,Jama,Algeria
195,Jamaa,Algeria
196,Jar,Algeria
197,K Ahmed,Algeria
198,Kala,Algeria
199,Kalah,Algeria
200,Kane,Algeria
201,Kbah,Algeria
202,Kbou,Algeria
203,Kbou Had,Algeria
204,Kdouane,Algeria
205,Kera,Algeria
206,Kerkera,Algeria
207,Khar,Algeria
208,Khari,Algeria
209,Kheria,Algeria
210,Kkabiodh Sidi M,Algeria
211,Kkacha,Algeria
212,Kkache,Algeria
213,Kkachela,Algeria
214,Kkbiu,Algeria
215,Kkbou Arfa,Algeria
216,Kkbou Arnat,Algeria
217,Kkbou Hassan,Algeria
218,Kkdcur,Algeria
219,Kkzciba,Algeria
220,Kla,Algeria
221,Kra,Algeria
222,Kseniet El Bou ,Algeria
223,Kzaia,Algeria
224,L Alleug,Algeria
225,L Uouera,Algeria
226,Lah,Algeria
227,Lai,Algeria
228,Lak,Algeria
229,Lal,Algeria
230,Lam,Algeria
231,Lekgheaia,Algeria
232,Lgu,Algeria
233,Lisia,Algeria
234,Lizi,Algeria
235,Makr,Algeria
236,Mam Bouine,Algeria
237,Mam Boumahram,Algeria
238,Mam Boumerdas,Algeria
239,Mamet,Algeria
240,Marcana,Algeria
241,Maza,Algeria
242,Mazr,Algeria
243,Mbou,Algeria
244,Mcrsiet El Aoul,Algeria
245,Merdas,Algeria
246,Merouane,Algeria
247,Mers El Ameur,Algeria
248,Met,Algeria
249,Metlili Chaama,Algeria
250,Metlili Chaamba,Algeria
251,Metlili Cheikh,Algeria
252,Mizart,Algeria
253,Mizou,Algeria
254,Mizouna,Algeria
255,Mizour,Algeria
256,Mrsset,Algeria
257,Msetda,Algeria
258,Msssat,Algeria
259,Mssst El Hadjar,Algeria
260,Mszou,Algeria
261,Mussi Messa,Algeria
262,Mzzob,Algeria
263,N Arfa,Algeria
264,Nan,Algeria
265,Ncba,Algeria
266,Neama,Algeria
267,Ni Messa,Algeria
268,Nin,Algeria
269,Nir,Algeria
270,Nis,Algeria
271,Nkbah,Algeria
272,Nsebdou,Algeria
273,Ntaba,Algeria
274,Oaed,Algeria
275,Oghni,Algeria
276,Ouala,Algeria
277,Ouameur,Algeria
278,Ouane,Algeria
279,Oued El Alleug,Algeria
280,Oued El Amria,Algeria
281,Oued Rhiou,Algeria
282,Ouera,Algeria
283,Ougueur,Algeria
284,Oujaia,Algeria
285,Oukadir,Algeria
286,Oulef,Algeria
287,Oumahra Ahra Ah,Algeria
288,Oumahram,Algeria
289,Our,Algeria
290,Ourhiouk Ahmed,Algeria
291,Oussi Meghaier,Algeria
292,Oussi Merouala,Algeria
293,Oussi Mester,Algeria
294,Oussi Sydy Snws,Algeria
295,Oussia,Algeria
296,Ouzaia,Algeria
297,Paza,Algeria
298,R Abiodh Sidi M,Algeria
299,R Boukh,Algeria
300,R Eba,Algeria
301,R El Ouzou,Algeria
302,R Hod,Algeria
303,R Moumagueur,Algeria
304,R Moumahra Ahra,Algeria
305,Ran,Algeria
306,Rane,Algeria
307,Rbasia,Algeria
308,Rbatache,Algeria
309,Rbatachela,Algeria
310,Rbetireine,Algeria
311,Reggane,Algeria
312,Remcen,Algeria
313,Rene Ameur,Algeria
314,Rgane,Algeria
315,Rggane,Algeria
316,Rhmoumerdas,Algeria
317,Ri Echa,Algeria
318,Rissi Mers El K,Algeria
319,Rissi Sydy Snws,Algeria
320,Rkera,Algeria
321,Rmioaka,Algeria
322,Rmkbou Arnat,Algeria
323,Rnet,Algeria
324,Rpaza,Algeria
325,Rras,Algeria
326,Rset,Algeria
327,Rtice Senia,Algeria
328,Rzib,Algeria
329,Sabiodh Sidi Ch,Algeria
330,Saouda,Algeria
331,Saoula,Algeria
332,Sba,Algeria
333,Schela,Algeria
334,Sdouera,Algeria
335,Sebdou,Algeria
336,Sebdoukhari,Algeria
337,Seddou,Algeria
338,Seddouk Ahmed,Algeria
339,Seddoukadir,Algeria
340,Ser,Algeria
341,Sgunet,Algeria
342,Si Sydy Snwsy,Algeria
343,Srbit Chir,Algeria
344,Ssa,Algeria
345,Ssan,Algeria
346,Ssaouda,Algeria
347,Ssat,Algeria
348,Ssi Melh,Algeria
349,Ssi Mouzaia,Algeria
350,Ssi Sydy Snwsy,Algeria
351,Ssia,Algeria
352,Sss Ala,Algeria
353,Sss Aleh,Algeria
354,Sss Alet,Algeria
355,Sss Alihi,Algeria
356,Sss Arn,Algeria
357,Sss El Beida,Algeria
358,Sss Ouera,Algeria
359,Sss Ouine,Algeria
360,Sss Oupaaaabbih,Algeria
361,Sss Sefra,Algeria
362,Sss Tlili Chiou,Algeria
363,Sssadia,Algeria
364,Sssan,Algeria
365,Sssaoulef,Algeria
366,Sssat,Algeria
367,Sssi Melh,Algeria
368,Sssoassia,Algeria
369,Ssst El Messa,Algeria
370,Ssstar,Algeria
371,Ssstrict Of Tah,Algeria
372,Ssstrict Of Tay,Algeria
373,Stlili Chabet E,Algeria
374,Sza,Algeria
375,Szou,Algeria
376,T Cha,Algeria
377,T Che,Algeria
378,T Chi,Algeria
379,T El Amran,Algeria
380,T El Amrane,Algeria
381,Tacha,Algeria
382,Tbeida,Algeria
383,Tbeni Messaouda,Algeria
384,Tbou El Had,Algeria
385,Tboumagueur,Algeria
386,Tec,Algeria
387,Ter,Algeria
388,Themmemdeu,Algeria
389,Themmemran,Algeria
390,Tice,Algeria
391,Tice ,Algeria
392,Ticer,Algeria
393,Tine,Algeria
394,Tir,Algeria
395,Tkchi,Algeria
396,Tkchir,Algeria
397,Tlela,Algeria
398,Tlili Chaama,Algeria
399,Tlili Chaamba,Algeria
400,Tlili Chabet El,Algeria
401,Tlili Chahmi,Algeria
402,Tlili Chiou,Algeria
403,Tmen,Algeria
404,Tmerouala,Algeria
405,Tnche,Algeria
406,Tnchela,Algeria
407,Trimerdas,Algeria
408,Trzetni,Algeria
409,Tscer,Algeria
410,Tsemdeu,Algeria
411,Uera,Algeria
412,Uira,Algeria
413,Umagueur,Algeria
414,Umerdas,Algeria
415,Uour,Algeria
416,Ussa,Algeria
417,Uzaia,Algeria
418,Yay ,Algeria
419,Yaya,Algeria
420,Yayadh,Algeria
421,Yayh,Algeria
422,Yssnoussa,Algeria
423,Zaba,Algeria
424,Zart,Algeria
425,Zazga,Algeria
426,Zbbo,Algeria
427,Zer,Algeria
428,Zet,Algeria
429,Zgu,Algeria
430,Zou,Algeria
431,Zour,Algeria
432,Zzaba,Algeria
