,Name,Origin
0, Bay,Australia
1, Bush,Australia
2, Gardie,Australia
3, Ge,Australia
4, Grafield,Australia
5, Hillarelland,Australia
6, Hille,Australia
7, Johns South,Australia
8, Ler Eastworthv,Australia
9, Nterrie,Australia
10, Park,Australia
11, Point,Australia
12, Rockham,Australia
13, Ryde,Australia
14, South Park,Australia
15, Terrack Heigh ,Australia
16, West,Australia
17,-Aucness Distri,Australia
18,-Le-Sans,Australia
19,-Seniolswoodna,Australia
20,-Ton,Australia
21,-Tone,Australia
22,-Tonvill,Australia
23,-Tverwoomberram,Australia
24,A Heights,Australia
25,Aalyelltown Hil,Australia
26,Abar,Australia
27,Ack Farm,Australia
28,Adamba,Australia
29,Adambton,Australia
30,Adambury,Australia
31,Adamstown,Australia
32,Aely Ville,Australia
33,Aennorah,Australia
34,Afhecdine,Australia
35,Afield Gardensh,Australia
36,Ahmlburn,Australia
37,Ail,Australia
38,Airfield,Australia
39,Ala,Australia
40,Alack Farm,Australia
41,Alama,Australia
42,Alamatta Wattle,Australia
43,Alambton,Australia
44,Alexands,Australia
45,Alisbury,Australia
46,Alisbury Norlei,Australia
47,Alkimo,Australia
48,Alla,Australia
49,Alup,Australia
50,Amatta,Australia
51,Amattley,Australia
52,Ambers,Australia
53,Ambour,Australia
54,Amordows,Australia
55,Andenon Park,Australia
56,Andra Heigh Hei,Australia
57,Andrewethleh Br,Australia
58,Andria,Australia
59,Ands,Australia
60,Anley,Australia
61,Anly Hills,Australia
62,Anna,Australia
63,Annand,Australia
64,Ant Drummoyneha,Australia
65,Anurrict,Australia
66,Aoong,Australia
67,Aoormina,Australia
68,Ar-Ed,Australia
69,Arm,Australia
70,Armesnklsinevil,Australia
71,Arnong,Australia
72,Arpengaroo,Australia
73,Asant Gambe,Australia
74,Asbanoraka,Australia
75,Asey,Australia
76,Ashfield,Australia
77,Ashgrove,Australia
78,Ast,Australia
79,Astawella Ville,Australia
80,Astral,Australia
81,Aveenfieldine,Australia
82,B Inners Hills,Australia
83,Bal,Australia
84,Barvale,Australia
85,Bater East,Australia
86,Bbie Dough,Australia
87,Bbotsford,Australia
88,Been Irisbury E,Australia
89,Beenside Hillan,Australia
90,Bellane Cove,Australia
91,Bellyvillarabee,Australia
92,Berford,Australia
93,Berth,Australia
94,Boiiep,Australia
95,Boiies,Australia
96,Boisalla Stuart,Australia
97,Boisarankling,Australia
98,Boisaroo,Australia
99,Boist,Australia
100,Booka,Australia
101,Boygsslyn,Australia
102,Bramatta,Australia
103,Bramurdine,Australia
104,Broo,Australia
105,Brook,Australia
106,Bwick Flats,Australia
107,Byne,Australia
108,Canter,Australia
109,Cecil Hillount ,Australia
110,Cessnock,Australia
111,Cmithfield,Australia
112,Cngwood,Australia
113,Colloung,Australia
114,Cowraldton,Australia
115,Cption Park,Australia
116,Craigmorencher,Australia
117,Ctha,Australia
118,Curra,Australia
119,Cy Ielross,Australia
120,D South Adellag,Australia
121,Dale,Australia
122,Dalee,Australia
123,Darie,Australia
124,Dc Iquinns Sout,Australia
125,De Hillip Islan,Australia
126,Deception Park,Australia
127,Dee,Australia
128,Dee Whyallin,Australia
129,Deerwellbroo,Australia
130,Deerwoomberford,Australia
131,Delaide Heights,Australia
132,Delands,Australia
133,Derrinaniass,Australia
134,Des,Australia
135,Dine,Australia
136,Dington,Australia
137,Dington Hille,Australia
138,Dle Heighton Sh,Australia
139,Dlumnads West,Australia
140,Doond,Australia
141,Dove,Australia
142,Dowie,Australia
143,Dppingbah,Australia
144,Dundaringwood,Australia
145,Dunlop,Australia
146,Dura,Australia
147,E East Headow P,Australia
148,Eadows,Australia
149,East Bay,Australia
150,Ebush Wint,Australia
151,Echborough,Australia
152,Eed Heador,Australia
153,Eige,Australia
154,El Oranda,Australia
155,Elah,Australia
156,Elain,Australia
157,Ell,Australia
158,Elop,Australia
159,Elrossing,Australia
160,Elton Paraldton,Australia
161,Elung,Australia
162,Elup,Australia
163,Eluy,Australia
164,Ely,Australia
165,Ely Vale,Australia
166,Emkarace,Australia
167,Emkardensvale,Australia
168,Emklemzig,Australia
169,En Innen,Australia
170,En Innershampbe,Australia
171,En Innes,Australia
172,En Vale,Australia
173,En Waven,Australia
174,End,Australia
175,Enda,Australia
176,Endle Farm,Australia
177,Enga,Australia
178,Engan,Australia
179,Enmore South Al,Australia
180,Entle Ridge,Australia
181,Entree,Australia
182,Epd,Australia
183,Eray,Australia
184,Errabunda,Australia
185,Errat,Australia
186,Esg-Abmondi,Australia
187,Est,Australia
188,Etherlest,Australia
189,Etherraddonvill,Australia
190,Etoomberst,Australia
191,Evjlen Hill,Australia
192,Ewood,Australia
193,Ewoodesville,Australia
194,Ewoomaderrat Ea,Australia
195,Ewort North,Australia
196,Field,Australia
197,Field Heathcot,Australia
198,Fitzroy,Australia
199,Fsnerton Southe,Australia
200,Fton,Australia
201,Funners Park,Australia
202,Gahlina,Australia
203,Gal,Australia
204,Gan,Australia
205,Gara,Australia
206,Garayongan,Australia
207,Garook,Australia
208,Garookfields,Australia
209,Garoul,Australia
210,Garowa,Australia
211,Garrabah,Australia
212,Gary Helengongo,Australia
213,Gate,Australia
214,Gater,Australia
215,Gattagoolture,Australia
216,Gawler,Australia
217,Gawler Bay,Australia
218,Gawler Hill,Australia
219,Gawley,Australia
220,Gawley Vale,Australia
221,Gborooka,Australia
222,Gbre,Australia
223,Gcord,Australia
224,Gee,Australia
225,Gford Weston,Australia
226,Gge,Australia
227,Gggregor,Australia
228,Ggreget,Australia
229,Ghbury East,Australia
230,Ghest,Australia
231,Gie,Australia
232,Gindennong,Australia
233,Giora,Australia
234,Girra,Australia
235,Girrabooland,Australia
236,Girroubramaray ,Australia
237,Gito,Australia
238,Gitta,Australia
239,Gleberthvill,Australia
240,Gmina,Australia
241,Gooland,Australia
242,Goolgoong,Australia
243,Goolla,Australia
244,Goollary Park,Australia
245,Goolture,Australia
246,Goon,Australia
247,Goone,Australia
248,Goong,Australia
249,Goongor,Australia
250,Gor,Australia
251,Gordale,Australia
252,Gordon,Australia
253,Goroo,Australia
254,Grafton Hillvue,Australia
255,Gragill,Australia
256,Gree,Australia
257,Greek,Australia
258,Green,Australia
259,Greens Park Roc,Australia
260,Gung,Australia
261,Gungadine,Australia
262,Gunnania,Australia
263,Gunnen,Australia
264,Gunnerow,Australia
265,Halamundarie,Australia
266,Ham,Australia
267,Hbojrove,Australia
268,Hbury,Australia
269,Helenfordon,Australia
270,Hellup,Australia
271,Helson,Australia
272,Hights,Australia
273,Hille,Australia
274,Hinbrookan,Australia
275,Hine Cove,Australia
276,Hnathurster Bay,Australia
277,Hndelaide,Australia
278,Hratha,Australia
279,Hsarow,Australia
280,Ialk,Australia
281,Iaven Park,Australia
282,Iblle,Australia
283,Ibullarne,Australia
284,Ichmooraka,Australia
285,Idan,Australia
286,Igh,Australia
287,Ighton City Cen,Australia
288,Ights,Australia
289,Ilda East,Australia
290,Illa Vill,Australia
291,Ills,Australia
292,Ina,Australia
293,Indah,Australia
294,Indon,Australia
295,Ine,Australia
296,Ine Park,Australia
297,Inglebe,Australia
298,Inglewoodcross,Australia
299,Ington,Australia
300,Int,Australia
301,Iouse,Australia
302,Irrouisa,Australia
303,Irusa,Australia
304,Iscroft,Australia
305,Issnock,Australia
306,Isvale,Australia
307,Iul,Australia
308,Iurnegie,Australia
309,Iurris Park,Australia
310,Jange,Australia
311,Jerricton,Australia
312,Jlage,Australia
313,Jugarno,Australia
314,Juna Vistin,Australia
315,Junardens Plaid,Australia
316,Junbalands,Australia
317,Jurace,Australia
318,Jurah,Australia
319,Kdalup,Australia
320,Kgillsea,Australia
321,Kham Hill,Australia
322,Khey,Australia
323,Kieintower,Australia
324,Kill,Australia
325,Kine,Australia
326,Kingford,Australia
327,Kioo,Australia
328,Kioogee,Australia
329,Kley Vale,Australia
330,Kmonton,Australia
331,Ks Park,Australia
332,Kston Park,Australia
333,Kstowns,Australia
334,Kszhonecroft,Australia
335,Kton,Australia
336,Kute Ote,Australia
337,Lahey,Australia
338,Lamurrace,Australia
339,Lamvalee,Australia
340,Land,Australia
341,Landra Heaton H,Australia
342,Larah,Australia
343,Lberty Centwood,Australia
344,Lbyne,Australia
345,Lcorough,Australia
346,Le South Rockin,Australia
347,Lenbroo Point C,Australia
348,Lenham Hillarne,Australia
349,Lentworth,Australia
350,Lexanduraldton,Australia
351,Lfield,Australia
352,Lga,Australia
353,Lgest,Australia
354,Lgie,Australia
355,Lgoolga,Australia
356,Lgowralabrama,Australia
357,Lidcomba,Australia
358,Lidcombeen,Australia
359,Lipanandsdalens,Australia
360,Lisbury,Australia
361,Ljonnyrights,Australia
362,Lkebne,Australia
363,Llarney Point H,Australia
364,Llountain,Australia
365,Lmonton,Australia
366,Lmtrat,Australia
367,Lnowra,Australia
368,Lnumsdornlanda,Australia
369,Lope,Australia
370,Lpe,Australia
371,Lperst,Australia
372,Lre,Australia
373,Lre Vale,Australia
374,Lson,Australia
375,Lteerayong Nort,Australia
376,Ltners Park,Australia
377,Lup,Australia
378,Luwood,Australia
379,Lwellbroo Point,Australia
380,Mafairlight,Australia
381,Mal,Australia
382,Manley Bay,Australia
383,Marseld,Australia
384,Mba,Australia
385,Mbadaleebany,Australia
386,Mbadgle Hillvue,Australia
387,Mbalwellyvillin,Australia
388,Mblakes,Australia
389,Mbli,Australia
390,Mbrayongarook,Australia
391,Mbrigh,Australia
392,Mbristie Headow,Australia
393,Mcdale,Australia
394,Mdurah,Australia
395,Mea Heatoombeen,Australia
396,Meads,Australia
397,Meadston Spring,Australia
398,Medow,Australia
399,Menacret Rydend,Australia
400,Mentworth,Australia
401,Mere,Australia
402,Merellawong Cit,Australia
403,Mfatle Granvill,Australia
404,Mfield Gardenha,Australia
405,Midlan Groveton,Australia
406,Mlarney Hille,Australia
407,Mmstfiall,Australia
408,Mnards,Australia
409,Mnbram,Australia
410,Mnda,Australia
411,Mndah,Australia
412,Mndale,Australia
413,Moaioosannanias,Australia
414,Moor,Australia
415,Morange,Australia
416,More,Australia
417,Mores,Australia
418,Mount Lange,Australia
419,Mption Norrie D,Australia
420,Mptionash,Australia
421,Mra,Australia
422,Mrunjanga,Australia
423,Mtvernona Beach,Australia
424,Murrama,Australia
425,Murrisdalenrith,Australia
426,Murwick Farm,Australia
427,Murwills,Australia
428,Murwillvue,Australia
429,Murwishollount ,Australia
430,Mvjley,Australia
431,Mwlahrop,Australia
432,Mwtrevoree,Australia
433,Myreshwate,Australia
434,N Bondi,Australia
435,N Grove,Australia
436,Nand,Australia
437,Ncordong,Australia
438,Ndking,Australia
439,Ndkingwoodcroft,Australia
440,Ndmridgee,Australia
441,Ndrews,Australia
442,Neailey Bridgee,Australia
443,Neast,Australia
444,Neast Albell,Australia
445,Neast City Beac,Australia
446,Neast Mara,Australia
447,Neast Mardt,Australia
448,Neast Tamworth ,Australia
449,Neaton,Australia
450,Neilmonton,Australia
451,Neilmonton Hill,Australia
452,Neilmore,Australia
453,Nellumba,Australia
454,Nemoor,Australia
455,Nerskine Colloc,Australia
456,Nfield,Australia
457,Nga,Australia
458,Ngadingaroo,Australia
459,Ngadington,Australia
460,Ngal,Australia
461,Ngaremont,Australia
462,Ngaroy,Australia
463,Ngarrace,Australia
464,Nglewood,Australia
465,Ngongong,Australia
466,Nkdadstown,Australia
467,Nmorans,Australia
468,Nnanan,Australia
469,Nolls,Australia
470,Noosavington,Australia
471,Norak Farm,Australia
472,Norman South Fa,Australia
473,Nort Hoxton,Australia
474,Northalby,Australia
475,Norton-Le-Sans ,Australia
476,Nrith,Australia
477,Ns Hill,Australia
478,Nt Canbour,Australia
479,Nt Hill,Australia
480,Ntown,Australia
481,Nurri,Australia
482,Nurrisonto,Australia
483,Nurrisonton Cit,Australia
484,Nvall,Australia
485,Obg,Australia
486,Ogindfields,Australia
487,Ogis,Australia
488,Oher,Australia
489,Olft,Australia
490,Ollaroy,Australia
491,Ong,Australia
492,Ongahlin,Australia
493,Oonon East,Australia
494,Ooooooooooooooo,Australia
495,Oor,Australia
496,Oorangebubyn,Australia
497,Oorington,Australia
498,Orsley Park,Australia
499,Osbangal,Australia
500,Ossine,Australia
501,Otce,Australia
502,Ount Andra Heig,Australia
503,Ount Drum Docks,Australia
504,Park Rock,Australia
505,Pboonellyvilla,Australia
506,Pingsfordon,Australia
507,Pminga,Australia
508,Pnnambucca Hill,Australia
509,Pointhridge,Australia
510,Pond,Australia
511,Porth,Australia
512,Porth Coveton,Australia
513,Porth Hurst,Australia
514,Ppingadinya,Australia
515,Ppingle Vale,Australia
516,Ppington,Australia
517,Ppington Norte,Australia
518,Ppoon Bay,Australia
519,Prah,Australia
520,Pto,Australia
521,Pton,Australia
522,Ptonvale,Australia
523,Puncurra,Australia
524,Pxton,Australia
525,Qham,Australia
526,Qupioore,Australia
527,Qupyomgoolture ,Australia
528,R Park,Australia
529,Ral,Australia
530,Raldton Sprines,Australia
531,Rands South Mor,Australia
532,Rankston,Australia
533,Rankston South ,Australia
534,Rankstonecroft,Australia
535,Rankstowns,Australia
536,Rarah,Australia
537,Rarahra,Australia
538,Rarange,Australia
539,Rarat,Australia
540,Rasdine,Australia
541,Rash,Australia
542,Rboengan,Australia
543,Rebankston,Australia
544,Ree,Australia
545,Remond,Australia
546,Reporte,Australia
547,Rerct,Australia
548,Res,Australia
549,Rest,Australia
550,Rgbal,Australia
551,Rgbtlaranberwoo,Australia
552,Rgitrove,Australia
553,Rgsdell,Australia
554,Ricton,Australia
555,Rington,Australia
556,Ritcharlwoomba,Australia
557,Rith,Australia
558,Rlingbah,Australia
559,Rlington Bay,Australia
560,Rmerth,Australia
561,Ront Gambucca,Australia
562,Rook,Australia
563,Roubrama,Australia
564,Roubramattley,Australia
565,Rough,Australia
566,Rouinns Park,Australia
567,Rrmarramba,Australia
568,Ry Mead,Australia
569,S Albion Hille ,Australia
570,S Albiong,Australia
571,S Albury Hill,Australia
572,S Vallama,Australia
573,Sannandennal Ba,Australia
574,Sannen,Australia
575,Sanningsley,Australia
576,Sannoxfield,Australia
577,Sante,Australia
578,Santerburn,Australia
579,Santin,Australia
580,Sberkelengarram,Australia
581,Sborouisaroy,Australia
582,Sdallip Islan,Australia
583,See,Australia
584,Selaide,Australia
585,Semeah,Australia
586,Send,Australia
587,Sendean Grafton,Australia
588,Sendonvillston ,Australia
589,Serthbridge,Australia
590,Sevill,Australia
591,Seville,Australia
592,Sham,Australia
593,Sheidown Hille ,Australia
594,Shine Mountain,Australia
595,Slanderrat,Australia
596,Sley Bay,Australia
597,Sley Vale,Australia
598,Snock,Australia
599,South Meadow Sp,Australia
600,Spect,Australia
601,Sprine,Australia
602,Ssinevill,Australia
603,Ssnocks,Australia
604,Sta,Australia
605,Stie Park,Australia
606,Stin,Australia
607,Stonecre,Australia
608,Stow,Australia
609,Stown,Australia
610,Strathurst,Australia
611,Stravings Park,Australia
612,Stre,Australia
613,Strick,Australia
614,Sula,Australia
615,Surry,Australia
616,Swell,Australia
617,Swellyvills,Australia
618,T Prith,Australia
619,Tberfoyle Granb,Australia
620,Tberket,Australia
621,Tconcord,Australia
622,Tdavor,Australia
623,Teall,Australia
624,Teaton,Australia
625,Teong North,Australia
626,Tesley,Australia
627,Tgmibowrie,Australia
628,Tgmobetherrybro,Australia
629,Tgondas Vale Pa,Australia
630,Tgreen,Australia
631,Tgriffe,Australia
632,Tgriffithgattuv,Australia
633,Therball,Australia
634,Tlaroy,Australia
635,Ton,Australia
636,Toowood,Australia
637,Trgell,Australia
638,Trgroverny Graf,Australia
639,Ts Bay,Australia
640,Tszin,Australia
641,Tuaringbah,Australia
642,Tvale,Australia
643,Tvern,Australia
644,Tvernon,Australia
645,Tvre,Australia
646,Ty Busington Sp,Australia
647,Ubury,Australia
648,Udesville,Australia
649,Ull South,Australia
650,Ullarah,Australia
651,Unrange,Australia
652,Unt Andrews,Australia
653,Unt Canninghurs,Australia
654,Untain,Australia
655,Uppoollong,Australia
656,Urn,Australia
657,Urra,Australia
658,Urrabundallara,Australia
659,Urrama,Australia
660,Urrambar,Australia
661,Urrimal,Australia
662,Urry,Australia
663,Ush Wycombah,Australia
664,Vahtin,Australia
665,Vale,Australia
666,Vale Hille,Australia
667,Vale Vale,Australia
668,Valeebanebrook,Australia
669,Valeen,Australia
670,Valenham,Australia
671,Vallengor,Australia
672,Vania,Australia
673,Vatta,Australia
674,Vauchopes Cremo,Australia
675,Vawell South We,Australia
676,Vill,Australia
677,Villsdale,Australia
678,Villup,Australia
679,Vogreen,Australia
680,Vogriffe,Australia
681,Vston,Australia
682,Wai,Australia
683,Wen,Australia
684,West,Australia
685,Wgirrayong Jett,Australia
686,Willong Jette,Australia
687,Wood,Australia
688,Wood Park,Australia
689,Woodcroft,Australia
690,Woodcrossington,Australia
691,Wsholls,Australia
692,Wton,Australia
693,X Hillajura,Australia
694,Xandamstown,Australia
695,Xdon,Australia
696,Xlangan,Australia
697,Xns Cree,Australia
698,Xrae Munmoraka,Australia
699,Y Puncurry Park,Australia
700,Yagong,Australia
701,Yamberwood,Australia
702,Yambournea,Australia
703,Yassa,Australia
704,Yasslyn Terri,Australia
705,Yburn,Australia
706,Ymont Leonalisb,Australia
707,Yoogeeral Bay,Australia
708,Yppsnes,Australia
709,Yren Waven,Australia
710,Yton,Australia
711,Zroy,Australia
