,Name,Origin
0, Al Am Faaker G,Austria
1, Donau,Austria
2, Graz,Austria
3, Neudorf,Austria
4, Neusiedl Am Se,Austria
5, Wien,Austria
6, Wiennabichl,Austria
7,-Dorf Bei Wien,Austria
8,-Druun,Austria
9,-Euon,Austria
10,-Finkafeld,Austria
11,-Jmcnendorf Bei,Austria
12,-Jmcueu,Austria
13,-Muchheim,Austria
14,-Nuchheim,Austria
15,-Pechau,Austria
16,-Pechelmsburg,Austria
17,-Pncere Steyr,Austria
18,-Vitenau,Austria
19,-Vmcih,Austria
20,Afeldorf,Austria
21,Al Am Faaker Do,Austria
22,Al Am Faakerass,Austria
23,Al Am Faakerau,Austria
24,Al Am See,Austria
25,Al An Der Donau,Austria
26,Alenau,Austria
27,Alfeld,Austria
28,Atenau,Austria
29,Bei Graz,Austria
30,Bei Wien,Austria
31,Bei Wienernalsd,Austria
32,Bei Wienna,Austria
33,Bei Wiennabich,Austria
34,Bich,Austria
35,Bicheld,Austria
36,Bichenviertelba,Austria
37,Bichl,Austria
38,Blan,Austria
39,Bocker Neudorf,Austria
40,Branz,Austria
41,Bronster,Austria
42,Brunn,Austria
43,Bsdenden Am Sta,Austria
44,Bsdmr Al An Der,Austria
45,Bsdmr Ao Dorf,Austria
46,Bsdmr Teer,Austria
47,Bsdorf Bei Wien,Austria
48,Cheld,Austria
49,Cheldorf,Austria
50,Chelmsburg,Austria
51,Chen,Austria
52,Chenviertel,Austria
53,Chenviertelbach,Austria
54,Chenviertelfeld,Austria
55,Chenviertelfs,Austria
56,Dberg,Austria
57,Dbrrnen Meer,Austria
58,Der Drau,Austria
59,Der Neudorf,Austria
60,Dferdenbach,Austria
61,Dfnaksmseidorf,Austria
62,Dl An Der Glan,Austria
63,Dldorf,Austria
64,Dlenau,Austria
65,Dlentighof An D,Austria
66,Dlentighofendor,Austria
67,Dlentin,Austria
68,Dlenting,Austria
69,Dlentingbrunn,Austria
70,Dlfalan,Austria
71,Dlfalentigam,Austria
72,Dling,Austria
73,Dlingbrunn,Austria
74,Dloalkace,Austria
75,Dlrasshofendorf,Austria
76,Dltach,Austria
77,Dnau,Austria
78,Dorf,Austria
79,Dorf Bei Graz,Austria
80,Dorf Bei Wienna,Austria
81,Dorn,Austria
82,Druun,Austria
83,Druunerneuburg,Austria
84,Druunn,Austria
85,Edkeusiedl Am S,Austria
86,Edl An Der Neus,Austria
87,Edmsuet,Austria
88,Edsdorf Bei Gra,Austria
89,Eeg,Austria
90,Efnaktmmnttal A,Austria
91,Egvi,Austria
92,Ei Wiennabichl,Austria
93,Eich,Austria
94,Eichenviertel,Austria
95,Eid Enzerster,Austria
96,Eidling,Austria
97,Eidorf,Austria
98,Eidorf In Oberg,Austria
99,Eidorf In Tirol,Austria
100,Eie Feidorf,Austria
101,Eie Nars,Austria
102,Eie Nats,Austria
103,Eie Tirol,Austria
104,Eie Ttzg,Austria
105,Eiel,Austria
106,Eielten,Austria
107,Eifen,Austria
108,Eig,Austria
109,Eil Am Faaker N,Austria
110,Eim,Austria
111,Ein Am See,Austria
112,Ein Am Stadt,Austria
113,Ein Oberg,Austria
114,Ein Tirol,Austria
115,Einer Drau,Austria
116,Einer Glan,Austria
117,Einer Nordbahn,Austria
118,Einere Stadt,Austria
119,Einere Steyr,Austria
120,Eioberoesendorf,Austria
121,Eiohermsiudl,Austria
122,Eisdorf,Austria
123,Eisdorf Bei Gra,Austria
124,Eisdorf Bei Wie,Austria
125,Eit An Der Glan,Austria
126,Eiv Er Neusiedl,Austria
127,Eiz,Austria
128,Ekerasdorf,Austria
129,Ekerasshof An D,Austria
130,Ems An Der Neud,Austria
131,Enau,Austria
132,Endorf,Austria
133,Endorf In See,Austria
134,Enfeld,Austria
135,Enmsdorf,Austria
136,Ennurd Aa Feidl,Austria
137,Envizen,Austria
138,Eol An Der Neuz,Austria
139,Erasdorf Bei Wi,Austria
140,Erasshof An Der,Austria
141,Erden,Austria
142,Erdendorf,Austria
143,Erdoafeld,Austria
144,Erdolfeld,Austria
145,Erdrau,Austria
146,Erdruunn,Austria
147,Erdu,Austria
148,Erg,Austria
149,Erheld,Austria
150,Erhenviertel,Austria
151,Erkesdorf,Austria
152,Ernals,Austria
153,Ernalsdorf,Austria
154,Ernen Am Faaker,Austria
155,Ernen Am See,Austria
156,Erneuburg,Austria
157,Erneudorf,Austria
158,Erneusiedl Am F,Austria
159,Erneusiedl An D,Austria
160,Erodlramsdorf,Austria
161,Eroesend,Austria
162,Eroesendorf,Austria
163,Eroesendorf Bei,Austria
164,Eroestelfeldorf,Austria
165,Eroesten,Austria
166,Eroestendorf,Austria
167,Eroestenfurt Be,Austria
168,Eroester,Austria
169,Erreicheldenbur,Austria
170,Ersel,Austria
171,Ersen,Austria
172,Ertelbach,Austria
173,Ertelfeld,Austria
174,Ertelfeldorf,Austria
175,Ertelfs,Austria
176,Erviertel,Austria
177,Erviertelbach,Austria
178,Erwart,Austria
179,Erwartin,Austria
180,Erwartingbrunn,Austria
181,Eryl,Austria
182,Erzelsdorf,Austria
183,Erzen,Austria
184,Esdorf,Austria
185,Esen,Austria
186,Esfeldorf,Austria
187,Esg,Austria
188,Esnabichl,Austria
189,Eter,Austria
190,Ettenfelden,Austria
191,Ewau,Austria
192,Eyr,Austria
193,Feedorf,Austria
194,Feld,Austria
195,Felden,Austria
196,Felden Am Faake,Austria
197,Feldenburg,Austria
198,Feldorf,Austria
199,Feldorf In Tiro,Austria
200,Fen,Austria
201,Flbkchcu,Austria
202,Fltkcker Donau,Austria
203,Flvotin,Austria
204,Fnviertelfs,Austria
205,Fnvoeit An Der ,Austria
206,Fsdorf,Austria
207,Fsdorf Bei Wien,Austria
208,Gburg,Austria
209,Gdorf,Austria
210,Gdrau,Austria
211,Gemzms,Austria
212,Genz,Austria
213,Genzersdorf,Austria
214,Genzerster,Austria
215,Gerasshofendorf,Austria
216,Gerau,Austria
217,Ggiatross-Enzer,Austria
218,Gkosiadl,Austria
219,Glmubdrcten,Austria
220,Goetzelsdorf,Austria
221,Goffelden Am Fa,Austria
222,Goof,Austria
223,Gser,Austria
224,Ich,Austria
225,Ichenviertel,Austria
226,Ichl,Austria
227,Ieen,Austria
228,Ieiertel,Austria
229,Ieiner Glan,Austria
230,Ieiten,Austria
231,Iekerau,Austria
232,Iektedrsuersten,Austria
233,Iektev,Austria
234,Iel,Austria
235,Ielnabich,Austria
236,Ien,Austria
237,Iener Drau,Austria
238,Iener Neuzeug,Austria
239,Iener See,Austria
240,Ienere Stadt,Austria
241,Ienernals,Austria
242,Ienerneuburg,Austria
243,Ienna,Austria
244,Iennabicheld,Austria
245,Iennabichelmsbu,Austria
246,Ieol An Der Don,Austria
247,Igleisdorf,Austria
248,Il En Am Faaker,Austria
249,In Oberg,Austria
250,Ina,Austria
251,Inberg,Austria
252,Indberg,Austria
253,Iner Donau,Austria
254,Iner Glan,Austria
255,Iner Neusiedl A,Austria
256,Inere Stadt,Austria
257,Inere Steyr,Austria
258,Inernals,Austria
259,Ing,Austria
260,Ingbruck,Austria
261,Ingbruollenau,Austria
262,Inhen,Austria
263,Inkafendorf,Austria
264,Inn,Austria
265,Innberoesendorf,Austria
266,Isdorf,Austria
267,Iwk,Austria
268,Jnnabichl,Austria
269,Jolaaroissiodl,Austria
270,Jonau,Austria
271,Jooatkornen Mee,Austria
272,Jooattel,Austria
273,Jroatkorneuburg,Austria
274,Jroatster,Austria
275,Kdorf,Austria
276,Keia Enzersdorf,Austria
277,Keia Enzerster,Austria
278,Keisdorf In Tir,Austria
279,Ker Donau,Austria
280,Ker Drau,Austria
281,Ker Glan,Austria
282,Ker Neudorf,Austria
283,Ker Nordbahn,Austria
284,Ker See,Austria
285,Kerasdorf,Austria
286,Kerasshof An De,Austria
287,Kerasshofendorf,Austria
288,Kerau,Austria
289,Kicce,Austria
290,Kicchelden Meer,Austria
291,Kornbirn,Austria
292,Kornen Meer,Austria
293,Korneuburg,Austria
294,L Am Faakerassh,Austria
295,L Am See,Austria
296,L Am Stadt,Austria
297,L An Der Glan,Austria
298,Lefsdorf In Am ,Austria
299,Leisdorf,Austria
300,Lenau,Austria
301,Lentigam,Austria
302,Lentighof An De,Austria
303,Lentighofendorf,Austria
304,Lentin,Austria
305,Lenting,Austria
306,Lentingbrunn,Austria
307,Lfeld,Austria
308,Ling,Austria
309,Llenau,Austria
310,Llentingbrunn,Austria
311,Loels,Austria
312,Lsdorf,Austria
313,Ltendorf,Austria
314,Mbirn,Austria
315,Mchheim,Austria
316,Mister,Austria
317,Mistettenfeld,Austria
318,Mreitendorf,Austria
319,Msdorf,Austria
320,Msdorf Bei Graz,Austria
321,Msdorf Bei Wien,Austria
322,Mstelbach,Austria
323,Mstenfeld,Austria
324,Mstenstenfurt B,Austria
325,Mstette,Austria
326,Muen,Austria
327,Mundendorf,Austria
328,N-Inchenviertel,Austria
329,Nals,Austria
330,Nalsdorf,Austria
331,Nalsdorf Bei Wi,Austria
332,Namsdorf,Austria
333,Natgoffeld,Austria
334,Nau,Austria
335,Nbudg,Austria
336,Ndberoesendorf,Austria
337,Ner Drau,Austria
338,Ner Neusiedl Am,Austria
339,Nernals,Austria
340,Neusiedl Am See,Austria
341,Neuzeug,Austria
342,Nguetstein Ober,Austria
343,Nin,Austria
344,Ningbrunn,Austria
345,Nirn,Austria
346,Nmusder See,Austria
347,Nna,Austria
348,Nnabichl,Austria
349,Noddsrorster,Austria
350,Nortel,Austria
351,Nosd,Austria
352,Nuuden,Austria
353,Nuuden Am See,Austria
354,Nviertel,Austria
355,Nviertelbach,Austria
356,Nzerster,Austria
357,Oberg,Austria
358,Oberoesendorf,Austria
359,Oberwartin,Austria
360,Oeie Ttel,Austria
361,Oelkens,Austria
362,Oels,Austria
363,Oerbranz,Austria
364,Oie,Austria
365,Oienernen Am St,Austria
366,Oiertel,Austria
367,Oiertelfeldorf,Austria
368,Olau,Austria
369,Oleasdorf,Austria
370,Olentighofendor,Austria
371,Olesteinere Ste,Austria
372,Olfeld,Austria
373,Olfeldendorf,Austria
374,Ollabruck,Austria
375,Ollabrunn,Austria
376,Ollentighofendo,Austria
377,Oltach,Austria
378,Olten,Austria
379,Oltenau,Austria
380,Oltendorf,Austria
381,Oltpchn,Austria
382,Onernalsdorf,Austria
383,Osd,Austria
384,Ost,Austria
385,Oten,Austria
386,Otting,Austria
387,Perg,Austria
388,Pinkenstendorf,Austria
389,Pollabrunn,Austria
390,Porl,Austria
391,Rasshof An Der ,Austria
392,Rau,Austria
393,Rc En Meer,Austria
394,Re Stadt,Austria
395,Rfatkorneuburg,Austria
396,Rfsberg,Austria
397,Risdorf,Austria
398,Roesendorf Bei ,Austria
399,Roesmuens,Austria
400,Roester,Austria
401,Roestettelfs,Austria
402,Romsnatgoofdorf,Austria
403,Ross-Enzerstelb,Austria
404,Rost,Austria
405,Rtelbach,Austria
406,Rzen,Austria
407,Sbruck,Austria
408,Sdorf,Austria
409,Sdorf Bei Gratk,Austria
410,Sdorf Bei Graz,Austria
411,Sdorf Bei Wien,Austria
412,Sdorf Bei Wiene,Austria
413,Sdorf Bei Wient,Austria
414,Sdorf In Tirol,Austria
415,Sel,Austria
416,Sen,Austria
417,Seodohfeld,Austria
418,Ser,Austria
419,Siedl Am Stadt,Austria
420,Sin,Austria
421,Sindberg,Austria
422,Sinkensten,Austria
423,Ske,Austria
424,Sshofen,Austria
425,Stein Tirol,Austria
426,Stel,Austria
427,Sten,Austria
428,Stenau,Austria
429,Stenfeld,Austria
430,Ster,Austria
431,Stettelbach,Austria
432,Stettensten,Austria
433,Storwbltccw,Austria
434,Tdlfalan,Austria
435,Tee,Austria
436,Tegfed,Austria
437,Tein Am Steyr,Austria
438,Tein Tirol,Austria
439,Teiner Neudorf,Austria
440,Teiner See,Austria
441,Teinere Steyr,Austria
442,Teinernalsdorf,Austria
443,Tel,Austria
444,Telbach,Austria
445,Telfelden,Austria
446,Telfeldorf,Austria
447,Telfs,Austria
448,Ten,Austria
449,Tendorf,Austria
450,Tenfurt Bei Gra,Austria
451,Tenfurt Bei Wie,Austria
452,Ter,Austria
453,Terreich,Austria
454,Terreit An Der ,Austria
455,Terreit En Am S,Austria
456,Terreitendorf,Austria
457,Terreitenfelden,Austria
458,Teu,Austria
459,Tichenviertel,Austria
460,Tieol Am See,Austria
461,Tiertelfelden,Austria
462,Tiloelkenstette,Austria
463,Tiloens,Austria
464,Tin,Austria
465,Tinoegtef,Austria
466,Tinoentighofend,Austria
467,Tinoerbranz,Austria
468,Tinolfeld,Austria
469,Tinorg,Austria
470,Tllabruck,Austria
471,Tolfeld,Austria
472,Tramsdorf,Austria
473,Tte,Austria
474,Ttenfeldorf,Austria
475,Udorf Bei Graz,Austria
476,Uen,Austria
477,Uenstein Tirol,Austria
478,Uenster,Austria
479,Uersdorf,Austria
480,Ulln,Austria
481,Vaie,Austria
482,Vden,Austria
483,Veitenau,Austria
484,Veitenfeld,Austria
485,Vkenster,Austria
486,Vker Donau,Austria
487,Vwattelfeld,Austria
488,Vyiten,Austria
489,Vzelsdorf,Austria
490,Wart,Austria
491,Wartin,Austria
492,Weiz,Austria
493,Wetzelsdorf,Austria
494,Wfltkchcu,Austria
495,Wien,Austria
496,Wienna,Austria
497,Wilheld,Austria
498,Wilheldenburg,Austria
499,Wilhelmsburg,Austria
500,Wilten,Austria
501,Wiltenau,Austria
502,Wresterreich,Austria
503,Zels,Austria
504,Zelsdorf,Austria
505,Zelsdorf Bei Wi,Austria
506,Zersdorf,Austria
507,Zerster,Austria
508,Zil,Austria
509,Zin,Austria
