,Name,Origin
0, Aeli,Azerbaijan
1, Agl,Azerbaijan
2, Byran,Azerbaijan
3, Ey,Azerbaijan
4, Fala,Azerbaijan
5, Falabdin,Azerbaijan
6, Leelo,Azerbaijan
7, Selo,Azerbaijan
8, Selokan,Azerbaijan
9, Selokandi,Azerbaijan
10, Vyn Karanboy,Azerbaijan
11, Y-Oaslln,Azerbaijan
12, Ygllu,Azerbaijan
13, Zeynala,Azerbaijan
14, Zeynalakh,Azerbaijan
15, Zeynalakhchiva,Azerbaijan
16, Zeynalan,Azerbaijan
17,Aaran,Azerbaijan
18,Abad,Azerbaijan
19,Abrail,Azerbaijan
20,Aceyvan,Azerbaijan
21,Acin,Azerbaijan
22,Adi,Azerbaijan
23,Aeylagan,Azerbaijan
24,Afa,Azerbaijan
25,Ahm,Azerbaijan
26,Akh,Azerbaijan
27,Akhary-Dashen,Azerbaijan
28,Akhchibazax,Azerbaijan
29,Akhsa,Azerbaijan
30,Ala,Azerbaijan
31,Alabad,Azerbaijan
32,Albad,Azerbaijan
33,Ali,Azerbaijan
34,Alilabad,Azerbaijan
35,Alilajer,Azerbaijan
36,Alilar,Azerbaijan
37,Alkachivan,Azerbaijan
38,Allahi,Azerbaijan
39,Ally,Azerbaijan
40,Alo,Azerbaijan
41,Alyan,Azerbaijan
42,Ancu,Azerbaijan
43,Angilabad,Azerbaijan
44,Ani,Azerbaijan
45,Aqatan,Azerbaijan
46,Aqayit,Azerbaijan
47,Aqeyialakhan,Azerbaijan
48,Ara,Azerbaijan
49,Aracuxur,Azerbaijan
50,Aran,Azerbaijan
51,Arcalan,Azerbaijan
52,Arda,Azerbaijan
53,Ardaranlug,Azerbaijan
54,Ardob,Azerbaijan
55,Arkan,Azerbaijan
56,Artakerter,Azerbaijan
57,Asally,Azerbaijan
58,Asan,Azerbaijan
59,Aslan,Azerbaijan
60,Atli,Azerbaijan
61,Avlakhi,Azerbaijan
62,Avx,Azerbaijan
63,Axkandi,Azerbaijan
64,Azax,Azerbaijan
65,Bad,Azerbaijan
66,Badli,Azerbaijan
67,Balan,Azerbaijan
68,Bchlu,Azerbaijan
69,Bdin,Azerbaijan
70,Bfalabdin,Azerbaijan
71,Bhai,Azerbaijan
72,Bkhiar,Azerbaijan
73,Boy,Azerbaijan
74,C Lyyakabadli,Azerbaijan
75,Cabad,Azerbaijan
76,Calabdin,Azerbaijan
77,Calan,Azerbaijan
78,Caqayichibazar,Azerbaijan
79,Cara,Azerbaijan
80,Caran,Azerbaijan
81,Caray,Azerbaijan
82,Cdabek,Azerbaijan
83,Chary-Dashkesan,Azerbaijan
84,Chibazar,Azerbaijan
85,Chibazax,Azerbaijan
86,Chivan,Azerbaijan
87,Chmudbtytepe,Azerbaijan
88,Chou,Azerbaijan
89,Chov,Azerbaijan
90,Chyyakadi,Azerbaijan
91,Chzu,Azerbaijan
92,Ci Zeynalan,Azerbaijan
93,Cili,Azerbaijan
94,Ciqabul,Azerbaijan
95,Cmaz,Azerbaijan
96,Crar,Azerbaijan
97,Ctabad,Azerbaijan
98,Cukhary-Dashkin,Azerbaijan
99,Cuxur,Azerbaijan
100,Cyranlug,Azerbaijan
101,Daahli,Azerbaijan
102,Dabedy,Azerbaijan
103,Dabek,Azerbaijan
104,Dala,Azerbaijan
105,Dalan,Azerbaijan
106,Dalaqayin,Azerbaijan
107,Dalaqayit,Azerbaijan
108,Danhamana,Azerbaijan
109,Daran,Azerbaijan
110,Dilli,Azerbaijan
111,Dli,Azerbaijan
112,Dob,Azerbaijan
113,Dva,Azerbaijan
114,Efacalan,Azerbaijan
115,Eli,Azerbaijan
116,Evero-Vostotchn,Azerbaijan
117,Eyin,Azerbaijan
118,Eylaga,Azerbaijan
119,Eylagadi,Azerbaijan
120,Eylagam,Azerbaijan
121,Eynala,Azerbaijan
122,Eynalaqayilli,Azerbaijan
123,Fala,Azerbaijan
124,Falabad,Azerbaijan
125,Falabdin,Azerbaijan
126,Falakh,Azerbaijan
127,Falakhary-Dashk,Azerbaijan
128,Falakhchivan,Azerbaijan
129,Falakhi,Azerbaijan
130,Falan,Azerbaijan
131,Falaqatan,Azerbaijan
132,Falaqayit,Azerbaijan
133,Floub,Azerbaijan
134,Gam,Azerbaijan
135,Gan,Azerbaijan
136,Ganja,Azerbaijan
137,Gas,Azerbaijan
138,Gaxanov,Azerbaijan
139,Gaz,Azerbaijan
140,Gdam,Azerbaijan
141,Gdas,Azerbaijan
142,Gdzhani,Azerbaijan
143,Gekerter,Azerbaijan
144,Gescny Selo,Azerbaijan
145,Ghatilcali,Azerbaijan
146,Ghcui,Azerbaijan
147,Ghfu,Azerbaijan
148,Gmashkino,Azerbaijan
149,H Yyrka,Azerbaijan
150,Haciqabul,Azerbaijan
151,Han,Azerbaijan
152,Haseytepe,Azerbaijan
153,Hci,Azerbaijan
154,Hdimli,Azerbaijan
155,Hei,Azerbaijan
156,Hem,Azerbaijan
157,Hev,Azerbaijan
158,Hirdalakhchivan,Azerbaijan
159,Hirdalaqatalan,Azerbaijan
160,Hirdaran,Azerbaijan
161,Hirdzhan,Azerbaijan
162,Hkhiar,Azerbaijan
163,Hkhnri,Azerbaijan
164,Hkino,Azerbaijan
165,Hmadbayli,Azerbaijan
166,Hmhirdalabad,Azerbaijan
167,Hmkdialan,Azerbaijan
168,Hmkdor,Azerbaijan
169,Hmkhor,Azerbaijan
170,Hmoy,Azerbaijan
171,Hmydi,Azerbaijan
172,Hmyyik,Azerbaijan
173,Hoba,Azerbaijan
174,Hov,Azerbaijan
175,Hoy,Azerbaijan
176,Hvsar,Azerbaijan
177,Hya,Azerbaijan
178,Ili,Azerbaijan
179,Imishli,Azerbaijan
180,Inbetyan,Azerbaijan
181,Inmili,Azerbaijan
182,Irabad,Azerbaijan
183,Irabadli,Azerbaijan
184,Irallahi,Azerbaijan
185,Irally,Azerbaijan
186,Iran,Azerbaijan
187,Iranbatalan,Azerbaijan
188,Irda,Azerbaijan
189,Irdalakhiar,Azerbaijan
190,Jar,Azerbaijan
191,Jer,Azerbaijan
192,Kahi,Azerbaijan
193,Kbirabad,Azerbaijan
194,Keno,Azerbaijan
195,Kert,Azerbaijan
196,Keytepe,Azerbaijan
197,Kfana,Azerbaijan
198,Khary-Dashen,Azerbaijan
199,Khiar,Azerbaijan
200,Khor,Azerbaijan
201,Kirobu,Azerbaijan
202,Kkhor,Azerbaijan
203,Kmadbayli,Azerbaijan
204,Korat,Azerbaijan
205,Koyaoa,Azerbaijan
206,Kran,Azerbaijan
207,Kvsar,Azerbaijan
208,Labad,Azerbaijan
209,Labdin,Azerbaijan
210,Lakh,Azerbaijan
211,Lakhan,Azerbaijan
212,Lakhchibazar,Azerbaijan
213,Lakhchibazax,Azerbaijan
214,Lakhiar,Azerbaijan
215,Lan,Azerbaijan
216,Laqatalakhiar,Azerbaijan
217,Laqayin,Azerbaijan
218,Lbad,Azerbaijan
219,Lcizalabdin,Azerbaijan
220,Ldaha,Azerbaijan
221,Lga,Azerbaijan
222,Libazar,Azerbaijan
223,Libazax,Azerbaijan
224,Lkhary-Dashkesa,Azerbaijan
225,Lkhiar,Azerbaijan
226,Llahi,Azerbaijan
227,Llikalilan,Azerbaijan
228,Lmahi,Azerbaijan
229,Lnbatan,Azerbaijan
230,Loa,Azerbaijan
231,Lov,Azerbaijan
232,Lovaz,Azerbaijan
233,Lqashen,Azerbaijan
234,Lqayilli,Azerbaijan
235,Lsbanlug,Azerbaijan
236,Ltikerter,Azerbaijan
237,Lyan,Azerbaijan
238,Lzhabek,Azerbaijan
239,Lzhan,Azerbaijan
240,Mabad,Azerbaijan
241,Makh,Azerbaijan
242,Makhani,Azerbaijan
243,Makhi,Azerbaijan
244,Makhiar,Azerbaijan
245,Malilan,Azerbaijan
246,Mana,Azerbaijan
247,Mardalan,Azerbaijan
248,Mardaranbatalaq,Azerbaijan
249,Mardob,Azerbaijan
250,Martakerter,Azerbaijan
251,Mashani,Azerbaijan
252,Mastan,Azerbaijan
253,Mayin,Azerbaijan
254,Minde,Azerbaijan
255,Mkhor,Azerbaijan
256,Nbatalan,Azerbaijan
257,Nbatan,Azerbaijan
258,Nbataqayilli,Azerbaijan
259,Nboy,Azerbaijan
260,Ncu,Azerbaijan
261,Nfagan,Azerbaijan
262,Nfalabad,Azerbaijan
263,Ngali,Azerbaijan
264,Ngalilabad,Azerbaijan
265,Ngalilabadli,Azerbaijan
266,Ngalilar,Azerbaijan
267,Ngilabad,Azerbaijan
268,Ngilar,Azerbaijan
269,Ngul,Azerbaijan
270,Nkandi,Azerbaijan
271,Nlug,Azerbaijan
272,Nov,Azerbaijan
273,Nsul,Azerbaijan
274,Ntara,Azerbaijan
275,Ny Selo,Azerbaijan
276,Ny Selokan,Azerbaijan
277,Ny Selokany,Azerbaijan
278,Obasallahi,Azerbaijan
279,Obuzcabad,Azerbaijan
280,Ovaz,Azerbaijan
281,Ovuz,Azerbaijan
282,Oyrya,Azerbaijan
283,Pabirallahi,Azerbaijan
284,Paran,Azerbaijan
285,Paranboy,Azerbaijan
286,Paray,Azerbaijan
287,Phru,Azerbaijan
288,Qakh,Azerbaijan
289,Qakhiar,Azerbaijan
290,Qamana,Azerbaijan
291,Qatalabdin,Azerbaijan
292,Qatalakh,Azerbaijan
293,Qatalan,Azerbaijan
294,Qatan,Azerbaijan
295,Qayilli,Azerbaijan
296,Qayin,Azerbaijan
297,Qayit,Azerbaijan
298,Rabad,Azerbaijan
299,Racuxur,Azerbaijan
300,Rallahi,Azerbaijan
301,Rally,Azerbaijan
302,Ran,Azerbaijan
303,Ranbatalabdin,Azerbaijan
304,Ranbatalakhchiv,Azerbaijan
305,Ranbatalakhi,Azerbaijan
306,Ranbatalaqayin,Azerbaijan
307,Ranbatan,Azerbaijan
308,Ranboy,Azerbaijan
309,Ranlug,Azerbaijan
310,Raqayit,Azerbaijan
311,Ray,Azerbaijan
312,Rdala,Azerbaijan
313,Rmi,Azerbaijan
314,Rov,Azerbaijan
315,Rvan,Azerbaijan
316,Sallahi,Azerbaijan
317,San,Azerbaijan
318,Skenok,Azerbaijan
319,Slan,Azerbaijan
320,Slyan,Azerbaijan
321,Sracuxur,Azerbaijan
322,Stafa,Azerbaijan
323,Stan,Azerbaijan
324,Staray,Azerbaijan
325,Suly,Azerbaijan
326,Tala,Azerbaijan
327,Talabdin,Azerbaijan
328,Talakh,Azerbaijan
329,Talan,Azerbaijan
330,Talaqatala,Azerbaijan
331,Tan,Azerbaijan
332,Tasally,Azerbaijan
333,Tbal,Azerbaijan
334,Tli,Azerbaijan
335,Tnyamakhi,Azerbaijan
336,Trdthan,Azerbaijan
337,Trdthani,Azerbaijan
338,Trdthaselo,Azerbaijan
339,Trduba,Azerbaijan
340,Uaran,Azerbaijan
341,Ubd,Azerbaijan
342,Ubddn,Azerbaijan
343,Ulakhandi,Azerbaijan
344,Ulfa,Azerbaijan
345,Umkaodaranbatal,Azerbaijan
346,Umqayilli,Azerbaijan
347,Usa,Azerbaijan
348,Ustafa,Azerbaijan
349,Ustan,Azerbaijan
350,Vak,Azerbaijan
351,Vanja,Azerbaijan
352,Vastafa,Azerbaijan
353,Vlokan,Azerbaijan
354,Vsar,Azerbaijan
355,Xchou,Azerbaijan
356,Xdimli,Azerbaijan
357,Xkany,Azerbaijan
358,Xkoooooo,Azerbaijan
359,Xulo,Azerbaijan
360,Yabad,Azerbaijan
361,Yala,Azerbaijan
362,Yalaqatan,Azerbaijan
363,Yamakhiar,Azerbaijan
364,Yan,Azerbaijan
365,Yaranboy,Azerbaijan
366,Yasan,Azerbaijan
367,Yat,Azerbaijan
368,Yatan,Azerbaijan
369,Ykhhi,Azerbaijan
370,Yli,Azerbaijan
371,Ylokan,Azerbaijan
372,Yran,Azerbaijan
373,Yranboy,Azerbaijan
374,Z Ahli,Azerbaijan
375,Zar,Azerbaijan
376,Zdan,Azerbaijan
377,Zhabedy,Azerbaijan
378,Zhabek,Azerbaijan
379,Zhan,Azerbaijan
380,Zhani,Azerbaijan
381,Zhibazar,Azerbaijan
382,Zhzhan,Azerbaijan
383,Zin,Azerbaijan
384,Zkan,Azerbaijan
385,Zlan,Azerbaijan
386,Znaha,Azerbaijan
387,Zrabad,Azerbaijan
