,Name,Origin
0, Athaaira,Bangladesh
1, Bazar,Bangladesh
2, Bbadarn,Bangladesh
3, Bbadi,Bangladesh
4, Bbatiya,Bangladesh
5, Bhaira,Bangladesh
6, Cbari,Bangladesh
7, Chattogram,Bangladesh
8, Cnarail,Bangladesh
9, Fasson,Bangladesh
10, Fssain,Bangladesh
11, Hat,Bangladesh
12, Httia,Bangladesh
13, Httir Hat,Bangladesh
14, Httirab Bazar,Bangladesh
15, Mlarishal,Bangladesh
16, Naogaon,Bangladesh
17, Ntole,Bangladesh
18,Aaudniscaipur H,Bangladesh
19,Abaridpur,Bangladesh
20,Abna,Bangladesh
21,Adari,Bangladesh
22,Adrasan,Bangladesh
23,Aic,Bangladesh
24,Airajganj,Bangladesh
25,Ajpur,Bangladesh
26,Akhipur,Bangladesh
27,Akhirab Bazar,Bangladesh
28,Alangail,Bangladesh
29,Altalang,Bangladesh
30,Andarbatiya,Bangladesh
31,Andari,Bangladesh
32,Andwip,Bangladesh
33,Angail,Bangladesh
34,Anganj,Bangladesh
35,Aniachandargaaj,Bangladesh
36,Anrwilpur,Bangladesh
37,Ar Bhadrasan,Bangladesh
38,Ar Chari,Bangladesh
39,Ar Chatpara,Bangladesh
40,Ar Naogaon,Bangladesh
41,Arban,Bangladesh
42,Ari,Bangladesh
43,Aria,Bangladesh
44,Arvez Ali Hossa,Bangladesh
45,Atak,Bangladesh
46,Atkanikchar Bha,Bangladesh
47,Atore,Bangladesh
48,Atton,Bangladesh
49,Autaia,Bangladesh
50,Axi,Bangladesh
51,Aynagar,Bangladesh
52,Badargaaj,Bangladesh
53,Badarishorganj,Bangladesh
54,Ban,Bangladesh
55,Bari,Bangladesh
56,Baripur,Bangladesh
57,Binagalnaiya,Bangladesh
58,Binagarh,Bangladesh
59,Binajpur,Bangladesh
60,Bna,Bangladesh
61,Bngail,Bangladesh
62,Bnganj,Bangladesh
63,Bntpur,Bangladesh
64,Btan,Bangladesh
65,Cdip,Bangladesh
66,Cha,Bangladesh
67,Chagrachar Char,Bangladesh
68,Chan,Bangladesh
69,Chandari,Bangladesh
70,Chang,Bangladesh
71,Chanuddin,Bangladesh
72,Chhagachhatak,Bangladesh
73,Chhagar,Bangladesh
74,Chhari,Bangladesh
75,Chharishorgaon,Bangladesh
76,Chiti,Bangladesh
77,Cipur,Bangladesh
78,Cirab Bazar,Bangladesh
79,Ckhar Char Fass,Bangladesh
80,Cripur,Bangladesh
81,Cxal Bazar,Bangladesh
82,Darban,Bangladesh
83,Darbatiya,Bangladesh
84,Dargaon,Bangladesh
85,Dari,Bangladesh
86,Darishal,Bangladesh
87,Darishorgaon,Bangladesh
88,Dban,Bangladesh
89,Diganj,Bangladesh
90,Dlangail,Bangladesh
91,Dntipur,Bangladesh
92,Drasan,Bangladesh
93,Dwap,Bangladesh
94,Dwapp,Bangladesh
95,Ehi,Bangladesh
96,Ehragar Fasson,Bangladesh
97,Ehripur,Bangladesh
98,Etaon,Bangladesh
99,Eti,Bangladesh
100,Etia,Bangladesh
101,Etna,Bangladesh
102,Etpur,Bangladesh
103,Etrakona,Bangladesh
104,Etrakonarganj,Bangladesh
105,Fargaaj,Bangladesh
106,Farganj,Bangladesh
107,Fargaon,Bangladesh
108,Fari,Bangladesh
109,Faridpur,Bangladesh
110,Faripur,Bangladesh
111,Fgrichagar,Bangladesh
112,Fipirab Bazar,Bangladesh
113,Gachandari,Bangladesh
114,Gajjan,Bangladesh
115,Ganj,Bangladesh
116,Gar,Bangladesh
117,Garh,Bangladesh
118,Garpur,Bangladesh
119,Gerwaniachagar,Bangladesh
120,Gir,Bangladesh
121,Gira,Bangladesh
122,Girab Bazar,Bangladesh
123,Girajganj,Bangladesh
124,Gonj,Bangladesh
125,Gra,Bangladesh
126,Gram,Bangladesh
127,Gtil,Bangladesh
128,Gtone,Bangladesh
129,Guraha,Bangladesh
130,Gurpirab Bazar,Bangladesh
131,Habari,Bangladesh
132,Habaria,Bangladesh
133,Habaripur,Bangladesh
134,Hagar,Bangladesh
135,Hagarh,Bangladesh
136,Hagrachhatak,Bangladesh
137,Hahi,Bangladesh
138,Haj,Bangladesh
139,Hal,Bangladesh
140,Ham,Bangladesh
141,Hanuddin,Bangladesh
142,Hatak,Bangladesh
143,Hatparail,Bangladesh
144,Hatparankhola,Bangladesh
145,Hattograchanudd,Bangladesh
146,Hatzar,Bangladesh
147,Haurnadi,Bangladesh
148,Haynagachhatak,Bangladesh
149,Hbfatiya,Bangladesh
150,Hbhadrasan,Bangladesh
151,Herpur,Bangladesh
152,Herpur Hat,Bangladesh
153,Hfatgonj,Bangladesh
154,Hhagrachhagar,Bangladesh
155,Hhatak,Bangladesh
156,Hhfaggla,Bangladesh
157,Hhhagra,Bangladesh
158,Hhmpur,Bangladesh
159,Hhratore,Bangladesh
160,Hhxtak,Bangladesh
161,Hibganj,Bangladesh
162,Hifaggachan,Bangladesh
163,Hifaggajj,Bangladesh
164,Hnril,Bangladesh
165,Hola,Bangladesh
166,Horganj,Bangladesh
167,Hulnaiya,Bangladesh
168,Hultalangpur,Bangladesh
169,Hurdi,Bangladesh
170,Hzadpur,Bangladesh
171,Ibganj,Bangladesh
172,Ipur,Bangladesh
173,Ir Hat,Bangladesh
174,Ira,Bangladesh
175,Irab Bazar,Bangladesh
176,Irajganj,Bangladesh
177,Irbjna,Bangladesh
178,Irganj,Bangladesh
179,Irgaon,Bangladesh
180,Irojpur,Bangladesh
181,Jdrishorgaon,Bangladesh
182,Jdtan,Bangladesh
183,Jeta,Bangladesh
184,Jganj,Bangladesh
185,Jhanuddin,Bangladesh
186,Jiganj,Bangladesh
187,Jirajganj,Bangladesh
188,Jitpur,Bangladesh
189,Jkhar,Bangladesh
190,Jkhar Naogaon,Bangladesh
191,Jlpur Hat,Bangladesh
192,Jltala,Bangladesh
193,Jltalanganj,Bangladesh
194,Jltpgra,Bangladesh
195,Jltpnravz Bazar,Bangladesh
196,Jlttie,Bangladesh
197,Jmiala,Bangladesh
198,Jmoan,Bangladesh
199,Jpur,Bangladesh
200,Jr Aha,Bangladesh
201,Jrankhola,Bangladesh
202,Jrepga,Bangladesh
203,Jrgaon,Bangladesh
204,Jrtan,Bangladesh
205,Jruadi,Bangladesh
206,Jruput,Bangladesh
207,Jtan,Bangladesh
208,Jtnganj,Bangladesh
209,Jttar Bhadrasan,Bangladesh
210,Jttar Fasson,Bangladesh
211,Jutni,Bangladesh
212,Juttar Chattogr,Bangladesh
213,Juttar Fasson,Bangladesh
214,Juttia,Bangladesh
215,Juttigpur,Bangladesh
216,Juttir,Bangladesh
217,Juttir Hat,Bangladesh
218,Juttirab Bazar,Bangladesh
219,Jwapir Hat,Bangladesh
220,Jwatpara Abhayn,Bangladesh
221,Kadi,Bangladesh
222,Kania,Bangladesh
223,Kanikchang,Bangladesh
224,Kbutai Fasson,Bangladesh
225,Khapur,Bangladesh
226,Khipur,Bangladesh
227,Khipur Hat,Bangladesh
228,Khira,Bangladesh
229,Khirab Bazar,Bangladesh
230,Khirajganj,Bangladesh
231,Kndfargaon,Bangladesh
232,Lacia,Bangladesh
233,Ladi,Bangladesh
234,Lang,Bangladesh
235,Langail,Bangladesh
236,Langanj,Bangladesh
237,Langkila,Bangladesh
238,Langpur,Bangladesh
239,Lha,Bangladesh
240,Lirh,Bangladesh
241,Lmohandarbatiya,Bangladesh
242,Lmohandari,Bangladesh
243,Lmohanuddin,Bangladesh
244,Lmohar,Bangladesh
245,Lmohar Char Bha,Bangladesh
246,Lmohari,Bangladesh
247,Lmoharidpur,Bangladesh
248,Lmoharishal,Bangladesh
249,Lndiganj,Bangladesh
250,Lpur,Bangladesh
251,Ltala,Bangladesh
252,Milla,Bangladesh
253,Mlang,Bangladesh
254,Mlangail,Bangladesh
255,Mlanganj,Bangladesh
256,Mlangpur,Bangladesh
257,Mlargaaj,Bangladesh
258,Mlarganj,Bangladesh
259,Mlaridpur,Bangladesh
260,Mlla,Bangladesh
261,Mlur,Bangladesh
262,Mlushtia,Bangladesh
263,Mola,Bangladesh
264,Moltalang,Bangladesh
265,Moltan,Bangladesh
266,Moltole,Bangladesh
267,Moltolra,Bangladesh
268,Molton,Bangladesh
269,Moltone,Bangladesh
270,Najpur,Bangladesh
271,Nandwip,Bangladesh
272,Nargaon,Bangladesh
273,Nchagarpur,Bangladesh
274,Ndiganj,Bangladesh
275,Ndwip,Bangladesh
276,Nfang,Bangladesh
277,Ngail,Bangladesh
278,Nganj,Bangladesh
279,Ngdi,Bangladesh
280,Nir,Bangladesh
281,Nircja,Bangladesh
282,Nkhola,Bangladesh
283,Nlwanpur,Bangladesh
284,Nndiganj,Bangladesh
285,Norsenn,Bangladesh
286,Nrgaaj,Bangladesh
287,Ntkona,Bangladesh
288,Ntop,Bangladesh
289,Ntpur,Bangladesh
290,Nuddin,Bangladesh
291,Nurdi,Bangladesh
292,Nwradari,Bangladesh
293,Ogaon,Bangladesh
294,Ogra,Bangladesh
295,Ograchan,Bangladesh
296,Ojan,Bangladesh
297,Ola,Bangladesh
298,Or Etsan,Bangladesh
299,Or Naogaon,Bangladesh
300,Ori,Bangladesh
301,Orpur,Bangladesh
302,Oxss Iaabari,Bangladesh
303,Pur,Bangladesh
304,Pur Hat,Bangladesh
305,R Bhandwip,Bangladesh
306,R Bhatak,Bangladesh
307,R Char Char Bha,Bangladesh
308,R Chari,Bangladesh
309,R Chatak,Bangladesh
310,R Fasson,Bangladesh
311,R Hat,Bangladesh
312,R Naogaon,Bangladesh
313,Ra Abhaynagachh,Bangladesh
314,Racharipur,Bangladesh
315,Rail,Bangladesh
316,Rajganj,Bangladesh
317,Rakonargaon,Bangladesh
318,Ralang,Bangladesh
319,Ram,Bangladesh
320,Rankhola,Bangladesh
321,Rasan,Bangladesh
322,Raulavi Bazar,Bangladesh
323,Rban,Bangladesh
324,Rbatiya,Bangladesh
325,Rcdarbatiya,Bangladesh
326,Rda,Bangladesh
327,Rdi,Bangladesh
328,Rganj,Bangladesh
329,Ria,Bangladesh
330,Ril,Bangladesh
331,Ripur,Bangladesh
332,Ripur Hat,Bangladesh
333,Rishabari,Bangladesh
334,Rishal,Bangladesh
335,Rishorgaaj,Bangladesh
336,Rompur,Bangladesh
337,Rpur,Bangladesh
338,Rvez Ali Hossai,Bangladesh
339,Shabari,Bangladesh
340,Shhba,Bangladesh
341,Sir Hat,Bangladesh
342,Tak,Bangladesh
343,Tan,Bangladesh
344,Tar Fasson,Bangladesh
345,Tibganj,Bangladesh
346,Tipur,Bangladesh
347,Tir,Bangladesh
348,Tirajganj,Bangladesh
349,Tmilla,Bangladesh
350,Tolra,Bangladesh
351,Tolratore,Bangladesh
352,Tore,Bangladesh
353,Ttkril,Bangladesh
354,Uknaf,Bangladesh
355,Uktagacha,Bangladesh
356,Uktagachhagar,Bangladesh
357,Uktagalna,Bangladesh
358,Uktagar,Bangladesh
359,Uktagarh,Bangladesh
360,Uktagarpur,Bangladesh
361,Uria,Bangladesh
362,Utiia,Bangladesh
363,Utni,Bangladesh
364,Uttar Char,Bangladesh
365,Uttar Char Bhan,Bangladesh
366,Uttar Char Fass,Bangladesh
367,Uttar Chatak,Bangladesh
368,Uttar Fasson,Bangladesh
369,Uttar Naogaon,Bangladesh
370,Uttia,Bangladesh
371,Uttiganj,Bangladesh
372,Uttir,Bangladesh
373,Uttir Hat,Bangladesh
374,Uttirab Bazar,Bangladesh
375,Ve  ,Bangladesh
376,Wabganj,Bangladesh
377,Wagpur,Bangladesh
378,Wajpur,Bangladesh
379,Wanikchagar,Bangladesh
380,Wanpur,Bangladesh
381,Wari,Bangladesh
382,Waria,Bangladesh
383,Waripur,Bangladesh
384,Warpur,Bangladesh
385,Watpara,Bangladesh
386,Watparankhola,Bangladesh
387,Xaj Fasson,Bangladesh
388,Xes Malpur,Bangladesh
389,Xhi Hossain,Bangladesh
390,Xilmari,Bangladesh
391,Xilmarishal,Bangladesh
392,Xipur,Bangladesh
393,Xksia Ba,Bangladesh
394,Xnddin,Bangladesh
395,Xndiganj,Bangladesh
396,Xonk,Bangladesh
397,Xonsan,Bangladesh
398,Xridpur,Bangladesh
399,Xutna,Bangladesh
400,Ylmehsir Hat,Bangladesh
401,Ylmers,Bangladesh
402,Ylmersan,Bangladesh
403,Ylmetsan,Bangladesh
404,Ylmetsari,Bangladesh
405,Ymensingdi,Bangladesh
406,Ymensingh,Bangladesh
407,Yminlganj,Bangladesh
408,Ymontop,Bangladesh
409,Zar,Bangladesh
