,Name,Origin
0, Byelaazyorsk,Belarus
1, Byelaazyory,Belarus
2, Byerazina,Belarus
3, Darozawka,Belarus
4, Dok,Belarus
5, Hosnypow,Belarus
6, Hyokshytsa,Belarus
7, Nyets,Belarus
8, Oyew,Belarus
9, Radok,Belarus
10, Rysaw,Belarus
11, Shacherykawsk,Belarus
12, Shevichyn,Belarus
13, Ubrowna,Belarus
14, Zyory,Belarus
15,'Aw,Belarus
16,'Skiy,Belarus
17,-Grrdoe,Belarus
18,-Harkawsk,Belarus
19,-Na,Belarus
20,-Oranava,Belarus
21,-Ya Byerkhnyets,Belarus
22,Achy,Belarus
23,Ad',Belarus
24,Adok,Belarus
25,Adsk,Belarus
26,Aelaazyorsk,Belarus
27,Ahoynichy,Belarus
28,Ahoyniki,Belarus
29,Ahoysk,Belarus
30,Aino,Belarus
31,Alaryya Byelaaz,Belarus
32,Alaryya Darohi,Belarus
33,Aliavichy,Belarus
34,Aliavicy,Belarus
35,Alihorsk,Belarus
36,Alin,Belarus
37,Alinka,Belarus
38,Alinkavichy,Belarus
39,Alinkavichyn,Belarus
40,Alodziecna,Belarus
41,Alodzina,Belarus
42,Alodzishchanits,Belarus
43,Alozhyn,Belarus
44,Aluholstsy,Belarus
45,Aluno,Belarus
46,Aluzsanitsavich,Belarus
47,Alynichy,Belarus
48,Alynichytkavich,Belarus
49,Alynikiy,Belarus
50,Amaliavitsa,Belarus
51,Amalin,Belarus
52,Amarhon,Belarus
53,Amavicy,Belarus
54,Amyanno,Belarus
55,Anst,Belarus
56,Anyetrykawsk,Belarus
57,Aradok,Belarus
58,Arobinkavichy,Belarus
59,Ashevichy,Belarus
60,Ashevicy,Belarus
61,Ashnyadzishniki,Belarus
62,Asinyetsk,Belarus
63,Avusy,Belarus
64,Azyr,Belarus
65,Barad Zhodziecn,Belarus
66,Baradok,Belarus
67,Baran',Belarus
68,Barysaw,Belarus
69,Baryta,Belarus
70,Baryya Byelaazy,Belarus
71,Beraslaw,Belarus
72,Berasnapollye,Belarus
73,Berazina,Belarus
74,Bharkaw,Belarus
75,Bierastsy,Belarus
76,Bierazino,Belarus
77,Bin,Belarus
78,Binkavichy,Belarus
79,Binkavitsa,Belarus
80,Binkavitsy,Belarus
81,Bkalihorsk,Belarus
82,Bkashevichytsa,Belarus
83,Bkashnitsavichy,Belarus
84,Bkashnyadziecna,Belarus
85,Bkkhvyets,Belarus
86,Blashevichynsk,Belarus
87,Blashnitsavitsa,Belarus
88,Blye,Belarus
89,Bnasanipol,Belarus
90,Bnerkhnyadzvins,Belarus
91,Braslaw,Belarus
92,Bsariharkawshch,Belarus
93,Bser'Zaskovysk,Belarus
94,Bsest,Belarus
95,Btrykawshchytka,Belarus
96,Buerkhnyadzvins,Belarus
97,Byarohi,Belarus
98,Caranava,Belarus
99,Chanipovichy,Belarus
100,Chanitsa,Belarus
101,Chanitsavichy,Belarus
102,Chany,Belarus
103,Chashevichy,Belarus
104,Chaw,Belarus
105,Chersk,Belarus
106,Chinyets,Belarus
107,Chkobinka,Belarus
108,Chlikashevicy,Belarus
109,Chlyatlovolukom,Belarus
110,Chnyadzvinsk,Belarus
111,Chnyeva,Belarus
112,Chuchy,Belarus
113,Chulishchyna,Belarus
114,Coma'Havitsyuko,Belarus
115,D-Sarihn,Belarus
116,Daskovysk,Belarus
117,Davy,Belarus
118,Davyd-Harad Zho,Belarus
119,Davyd-Haradok,Belarus
120,Davyd-Haran',Belarus
121,Davyd-Haranava,Belarus
122,Davyetrykaw,Belarus
123,Davyets,Belarus
124,Davyetsk,Belarus
125,Dbkshytsa,Belarus
126,Dha,Belarus
127,Dkashevichy,Belarus
128,Dkavichy,Belarus
129,Dkavichytkavich,Belarus
130,Dkavicy,Belarus
131,Dok,Belarus
132,Dyatlovogrudok,Belarus
133,Dziecna,Belarus
134,Dzina,Belarus
135,Dzino,Belarus
136,Dzishchadziecna,Belarus
137,Dzvinsk,Belarus
138,Earkawshchy,Belarus
139,Echy,Belarus
140,Echyn,Belarus
141,Echytsa,Belarus
142,Edzishchynsk,Belarus
143,Elichy,Belarus
144,Elichyn,Belarus
145,Elichyna,Belarus
146,Elichytsy,Belarus
147,Eraslaw,Belarus
148,Erasnapol,Belarus
149,Erasnapollyetsk,Belarus
150,Erasnosel'Skiy,Belarus
151,Erastavy,Belarus
152,Erazichy,Belarus
153,Erazina,Belarus
154,Erazino,Belarus
155,Ersk,Belarus
156,Erykawshchulish,Belarus
157,Evichy,Belarus
158,Evichyn,Belarus
159,Evicy,Belarus
160,Fron',Belarus
161,Garanava,Belarus
162,Grad Zhodziecna,Belarus
163,Grad Zhodzina,Belarus
164,Gradok,Belarus
165,Grodna,Belarus
166,Grudok,Belarus
167,Gvetsk,Belarus
168,Gya Darozawka,Belarus
169,Hacherykawshchu,Belarus
170,Hachuchy,Belarus
171,Hachulishnitsy,Belarus
172,Hachy,Belarus
173,Hachyn,Belarus
174,Hachyna,Belarus
175,Haladzishnitsa,Belarus
176,Haladzvinsk,Belarus
177,Halikaya Byeraz,Belarus
178,Haluckanipovich,Belarus
179,Hamarhon,Belarus
180,Hanipollyeshchy,Belarus
181,Hantsavicy,Belarus
182,Haradok,Belarus
183,Harkawshchaw,Belarus
184,Hashevichy,Belarus
185,Havusy,Belarus
186,Haw,Belarus
187,Hbush,Belarus
188,Hchany,Belarus
189,Hchuchyn,Belarus
190,Hersk,Belarus
191,Hgradok,Belarus
192,Hhoyniki,Belarus
193,Hichy,Belarus
194,Hinyets,Belarus
195,Hkazhon,Belarus
196,Hkiow,Belarus
197,Hklow,Belarus
198,Hkobin,Belarus
199,Hkulishchanitsy,Belarus
200,Hkush,Belarus
201,Hlybshnyeva,Belarus
202,Hmyanno,Belarus
203,Hmyanyets,Belarus
204,Hnokew,Belarus
205,Hnyadziecna,Belarus
206,Holstsyukoml',Belarus
207,Horadok,Belarus
208,How,Belarus
209,Hya,Belarus
210,Hyerkhnyadzvins,Belarus
211,Hykaw,Belarus
212,Hyna,Belarus
213,Hyntkavicy,Belarus
214,Hypalihorsk,Belarus
215,Hytkavicy,Belarus
216,Hyusk,Belarus
217,Hzvurykaw,Belarus
218,Hzvusy,Belarus
219,Iarhon,Belarus
220,Ichy,Belarus
221,Iechyn,Belarus
222,Ihorsk,Belarus
223,Ikashevichy,Belarus
224,Ikashnyadziecna,Belarus
225,Ikaya Byelaazyo,Belarus
226,Ikoykiavichy,Belarus
227,Ilyow,Belarus
228,Ina,Belarus
229,Ishchy,Belarus
230,Ishnyets,Belarus
231,Kaahyctaw,Belarus
232,Kadzvinsk,Belarus
233,Kalachersk,Belarus
234,Kalikashevichy,Belarus
235,Kalikaya Darobi,Belarus
236,Kalikaya Daroza,Belarus
237,Kalynichy,Belarus
238,Kamarhon,Belarus
239,Karadok,Belarus
240,Karelichy,Belarus
241,Kashevichy,Belarus
242,Kashevichyn,Belarus
243,Kashevicy,Belarus
244,Kavichy,Belarus
245,Kavichyn,Belarus
246,Kaw,Belarus
247,Kawshchuchy,Belarus
248,Kawshchyn,Belarus
249,Kawshchynsk,Belarus
250,Kawsk,Belarus
251,Kdrrhanyetsk,Belarus
252,Kdya,Belarus
253,Kerezichy,Belarus
254,Khava,Belarus
255,Khavichy,Belarus
256,Khavitsa,Belarus
257,Khavitsavichy,Belarus
258,Khavusy,Belarus
259,Khaw,Belarus
260,Khsytkavichyn,Belarus
261,Khuvishnitsyow,Belarus
262,Khyya Byelaazyr,Belarus
263,Khyya Darobin,Belarus
264,Khyye Avodstsy,Belarus
265,Kisychaw,Belarus
266,Klyeshchaw,Belarus
267,Klyets,Belarus
268,Ko Hkobin,Belarus
269,Kobryn,Belarus
270,Kowka,Belarus
271,Koykiavichy,Belarus
272,Kozyarobin,Belarus
273,Ku',Belarus
274,Ldoa,Belarus
275,Lhodzino,Belarus
276,Lido,Belarus
277,Lin,Belarus
278,Linka,Belarus
279,Lkovichytsa,Belarus
280,Lobin,Belarus
281,Lood,Belarus
282,Low,Belarus
283,Lozhyn,Belarus
284,Lubkony,Belarus
285,Lubkowka,Belarus
286,Lusk,Belarus
287,Lya,Belarus
288,Lyadziecna,Belarus
289,Lye,Belarus
290,Lyeshchulishchy,Belarus
291,Lyeshchy,Belarus
292,Lyetrykaw,Belarus
293,Lyets,Belarus
294,Lyow,Belarus
295,Malikashevichy,Belarus
296,Malin,Belarus
297,Malinka,Belarus
298,Marhon,Belarus
299,Mavichytkyvk,Belarus
300,Mavitsavitsy,Belarus
301,Mavitsy,Belarus
302,N Eory,Belarus
303,Nava,Belarus
304,Navo,Belarus
305,Ngrad Zhodziecn,Belarus
306,Nichy,Belarus
307,Niki,Belarus
308,Nitsyvikhyya By,Belarus
309,Nkavichy,Belarus
310,Nkevichy,Belarus
311,Novolukoml',Belarus
312,Nsvvinsk,Belarus
313,Nukim,Belarus
314,Nyetrykaw,Belarus
315,Nyets,Belarus
316,Nyetsk,Belarus
317,Nyeva,Belarus
318,Oalikaya Byelaa,Belarus
319,Oashnyadzvinsk,Belarus
320,Obin,Belarus
321,Oishnyadzina,Belarus
322,Olin,Belarus
323,Olinkavichy,Belarus
324,Ollye,Belarus
325,Olynichy,Belarus
326,Olyniki,Belarus
327,Olytsavichy,Belarus
328,Oma'Hkip,Belarus
329,Oysk,Belarus
330,P Oreki,Belarus
331,P Zyow,Belarus
332,Paliavichy,Belarus
333,Pastavichy,Belarus
334,Pastavy,Belarus
335,Phlikashnitsy,Belarus
336,Phlinka,Belarus
337,Phol,Belarus
338,Pholynichy,Belarus
339,Pka,Belarus
340,Pol,Belarus
341,Pollye,Belarus
342,Pollyeshchy,Belarus
343,Pollyets,Belarus
344,Povichy,Belarus
345,Povicy,Belarus
346,Powladzvinsk,Belarus
347,Pya,Belarus
348,Pyets,Belarus
349,Pyetsk,Belarus
350,Rad Zhodzishnik,Belarus
351,Radaskovysk,Belarus
352,Radok,Belarus
353,Ralynichy,Belarus
354,Ran',Belarus
355,Rkhyys Poslypia,Belarus
356,Rkowka,Belarus
357,Rowna,Belarus
358,Sashevichy,Belarus
359,Sha,Belarus
360,Shachersk,Belarus
361,Shachow,Belarus
362,Shachy,Belarus
363,Shchaw,Belarus
364,Shchuchy,Belarus
365,Shevichy,Belarus
366,Shevichyn,Belarus
367,Shevicy,Belarus
368,Shnitsavichy,Belarus
369,Shnyadzishnyeva,Belarus
370,Shnyetrykaw,Belarus
371,Shytkavichy,Belarus
372,Shytsa,Belarus
373,Shytsyukoml',Belarus
374,Sid',Belarus
375,Sin,Belarus
376,Sinyetrykaw,Belarus
377,Skaradok,Belarus
378,Skavichy,Belarus
379,Skavitsa,Belarus
380,Slutsk,Belarus
381,Solin,Belarus
382,Susi,Belarus
383,Syakhaw,Belarus
384,Syawna,Belarus
385,T'Fvitsavichy,Belarus
386,Taladziecna,Belarus
387,Tbavy,Belarus
388,Tdavyets,Belarus
389,Tka,Belarus
390,Tpavicy,Belarus
391,Tsuvinsk,Belarus
392,U'Skiy,Belarus
393,Uchy,Belarus
394,Uchyn,Belarus
395,Uchynsk,Belarus
396,Uchytsy,Belarus
397,Uhosty,Belarus
398,Ukim,Belarus
399,Ukoml',Belarus
400,Ukowka,Belarus
401,Ulishchaw,Belarus
402,Ulishchy,Belarus
403,Ulishniki,Belarus
404,Ulishnitsa,Belarus
405,Ulishnitsy,Belarus
406,Ulyst',Belarus
407,Uma,Belarus
408,Una,Belarus
409,Uninyets,Belarus
410,Uninyetsk,Belarus
411,Uninyeva,Belarus
412,Uno,Belarus
413,Upollye,Belarus
414,Ush,Belarus
415,Uvishchulishcha,Belarus
416,Uvishchy,Belarus
417,Uya,Belarus
418,Uzhanyeva,Belarus
419,Valacherykaw,Belarus
420,Vaskovysk,Belarus
421,Vastavyd-Harado,Belarus
422,Vastsy,Belarus
423,Vichy,Belarus
424,Vichyn,Belarus
425,Vicy,Belarus
426,Vogrudok,Belarus
427,Vusy,Belarus
428,Vvastavyets,Belarus
429,Vyckanava,Belarus
430,Vyets,Belarus
431,Ya Byelaazyr,Belarus
432,Ya Byerazina,Belarus
433,Ya Byerkhnyadzv,Belarus
434,Ya Darohi,Belarus
435,Yachy,Belarus
436,Yaczron',Belarus
437,Yadzishchy,Belarus
438,Yahilyow,Belarus
439,Yahoysk,Belarus
440,Yaliavichy,Belarus
441,Yaliavitsa,Belarus
442,Yalikashevichy,Belarus
443,Yalikaya Byeraz,Belarus
444,Yalynichynsk,Belarus
445,Yalzny,Belarus
446,Yany,Belarus
447,Yanyeva,Belarus
448,Yarohi,Belarus
449,Yarzhynsk,Belarus
450,Yavichy,Belarus
451,Yavichynsk,Belarus
452,Yaw,Belarus
453,Ybinka,Belarus
454,Ychany,Belarus
455,Ychaw,Belarus
456,Yelaazyory,Belarus
457,Yelaazyr,Belarus
458,Yerastavyetsk,Belarus
459,Yerazina,Belarus
460,Yerazino,Belarus
461,Yerkhnyadzina,Belarus
462,Yerkhnyadzvinsk,Belarus
463,Yerkhnyets,Belarus
464,Yerkhnyetsk,Belarus
465,Yerkhnyeva,Belarus
466,Ykaw,Belarus
467,Ykawshchuchy,Belarus
468,Ykawshchuchyn,Belarus
469,Ykawshchy,Belarus
470,Ykawshchynsk,Belarus
471,Ykawsk,Belarus
472,Yranava,Belarus
473,Yuchy,Belarus
474,Yutsk,Belarus
475,Yya Byelaazyr,Belarus
476,Yzhyna,Belarus
477,Z Yerkhnyets,Belarus
478,Zalihorsk,Belarus
479,Zchanipol,Belarus
480,Zchaw,Belarus
481,Zhabin,Belarus
482,Zhon,Belarus
483,Zhuchy,Belarus
484,Zhyna,Belarus
485,Zyarobin,Belarus
486,Zyarobinka,Belarus
487,Zyarohi,Belarus
488,Zyarozawka,Belarus
489,Zyarzhyn,Belarus
490,Zyarzhyna,Belarus
491,Zyarzhynsk,Belarus
492,Zyavichytkavich,Belarus
493,Zyerkhnyetsk,Belarus
