,Name,Origin
0, Aasrodegem,Belgium
1, Calamille-Till,Belgium
2, Che-En-Leie,Belgium
3, Eaa,Belgium
4, Eaint-Gene,Belgium
5, Eenokker,Belgium
6, Ersel,Belgium
7, Ersem,Belgium
8, Hulde,Belgium
9, Lasne,Belgium
10, Lasneux,Belgium
11, Ourt,Belgium
12, Ourt-Sambreffe,Belgium
13, Ourt-Steenokke,Belgium
14, Pannut,Belgium
15, Raeenokker,Belgium
16, Ree,Belgium
17, Sulebekelaar,Belgium
18,'L-Eongen,Belgium
19,'L-Tuwalcour,Belgium
20,'Nay,Belgium
21,'O-Oize,Belgium
22,'U-,Belgium
23,'U-Sur-Meuse,Belgium
24,-Almme,Belgium
25,-Au-Sur-Saines,Belgium
26,-Chele,Belgium
27,-G-Goorde,Belgium
28,-Hautens-Leie,Belgium
29,-Laurages-Sur-M,Belgium
30,-Lauwe,Belgium
31,-Lauwerps-Kwerp,Belgium
32,-Leie,Belgium
33,-Vsassenal,Belgium
34,Aal,Belgium
35,Aar,Belgium
36,Aarde,Belgium
37,Aart,Belgium
38,Aartsels,Belgium
39,Aas,Belgium
40,Aast,Belgium
41,Abroeke,Belgium
42,Abroetele,Belgium
43,Aesel,Belgium
44,Aesele,Belgium
45,Aestratelinne,Belgium
46,Aint-Gilly,Belgium
47,Aint-Paul,Belgium
48,Aken,Belgium
49,Akerzel,Belgium
50,Alken,Belgium
51,Alm,Belgium
52,Alsels,Belgium
53,Alsem,Belgium
54,Amme,Belgium
55,Anderwijk,Belgium
56,Anf,Belgium
57,Angleurnhoute,Belgium
58,Aprist-Op-Den-F,Belgium
59,Arembes,Belgium
60,Arlee,Belgium
61,Arne,Belgium
62,Arniersel,Belgium
63,Art,Belgium
64,Artem,Belgium
65,Assen,Belgium
66,Assendaal,Belgium
67,Athus,Belgium
68,Aubangdorp,Belgium
69,Ayn--Aux,Belgium
70,Basselare,Belgium
71,Bassenal,Belgium
72,Battignies,Belgium
73,Battignies-Au-P,Belgium
74,Bdeag,Belgium
75,Bden,Belgium
76,Beek,Belgium
77,Beke,Belgium
78,Beloeil,Belgium
79,Berchelle,Belgium
80,Berges-La-Ville,Belgium
81,Beyne-Wavre,Belgium
82,Bhest,Belgium
83,Bkjsel,Belgium
84,Boechter,Belgium
85,Bpasneux,Belgium
86,Butgen,Belgium
87,Buthalen,Belgium
88,Carnegem,Belgium
89,Ceroeter,Belgium
90,Chateau,Belgium
91,Che,Belgium
92,Chefortem,Belgium
93,Chele,Belgium
94,Chelet,Belgium
95,Chem,Belgium
96,Chem-Sainem,Belgium
97,Chepdaal,Belgium
98,Chtaardsberge,Belgium
99,Chtebeke,Belgium
100,Chtere,Belgium
101,Cnal,Belgium
102,Csrek,Belgium
103,Cssewegem,Belgium
104,Ctarle,Belgium
105,Ctevens-Waveled,Belgium
106,Ctever,Belgium
107,D Pannut,Belgium
108,Damme,Belgium
109,Dchlleurne,Belgium
110,De Haan,Belgium
111,De Pannut,Belgium
112,Deer,Belgium
113,Deerbeek,Belgium
114,Delen,Belgium
115,Delgem,Belgium
116,Delgemalleroeke,Belgium
117,Den,Belgium
118,Den-Aan,Belgium
119,Dmnche,Belgium
120,Dnaseik,Belgium
121,Dstade,Belgium
122,Dtervelgem,Belgium
123,E Eain,Belgium
124,E Lasnes,Belgium
125,E Uast,Belgium
126,E Uerselgem,Belgium
127,E-Bos,Belgium
128,E-Chaudfont,Belgium
129,Eageth,Belgium
130,Ealle-Heusden-F,Belgium
131,Ecaussebroeterv,Belgium
132,Ecaussessine,Belgium
133,Echele,Belgium
134,Echelle-Op-Den,Belgium
135,Echepdaal,Belgium
136,Echtem,Belgium
137,Edegem,Belgium
138,Eeklo,Belgium
139,Eemillezel,Belgium
140,Eerne,Belgium
141,Eernegem,Belgium
142,Eeslede,Belgium
143,Eesoustwezeel,Belgium
144,Eeuwe,Belgium
145,Efarchem,Belgium
146,Efarcinem,Belgium
147,Efayt-Le-Bert,Belgium
148,Efayt-Le-Heuse,Belgium
149,Efayt-Le-Op-Den,Belgium
150,Efayt-Lez-Manag,Belgium
151,Efayt-Lezelle,Belgium
152,Efdemeppe-Sur-M,Belgium
153,Efere,Belgium
154,Eferen,Belgium
155,Eferent,Belgium
156,Efgemal,Belgium
157,Efleroi,Belgium
158,Eflerselt,Belgium
159,Efrasneux,Belgium
160,Efschout,Belgium
161,Eftyne-Waverps-,Belgium
162,Eghem,Belgium
163,Egnies,Belgium
164,Egroot-Bijgaart,Belgium
165,Eie,Belgium
166,Einsch,Belgium
167,Ejesteren,Belgium
168,Ejnende,Belgium
169,Ekerksplas,Belgium
170,El Lasne,Belgium
171,El'Ervoorde,Belgium
172,Elbent,Belgium
173,Elewijkevorsled,Belgium
174,Elewijnen,Belgium
175,Elle,Belgium
176,Ellez-Marchienn,Belgium
177,Elsssnn,Belgium
178,Eltan,Belgium
179,Emarke,Belgium
180,Embertenbert,Belgium
181,Embes,Belgium
182,Emblain-'T-Geor,Belgium
183,Emblaint-Vaas,Belgium
184,Embloux,Belgium
185,Emondenburg,Belgium
186,Emont-Vaas,Belgium
187,End,Belgium
188,Endijke,Belgium
189,Enghieverent,Belgium
190,Enhoot-Bijgaard,Belgium
191,Enlede,Belgium
192,Eolen,Belgium
193,Eostelinnesius-,Belgium
194,Eouden,Belgium
195,Epaal,Belgium
196,Epamel,Belgium
197,Epsakreinsch,Belgium
198,Erde Eaine,Belgium
199,Eren,Belgium
200,Erstair,Belgium
201,Es-D'Engis,Belgium
202,Es-La-Ville,Belgium
203,Es-Le-Tille,Belgium
204,Esledenbert,Belgium
205,Esneux,Belgium
206,Esse-Ten,Belgium
207,Esselen,Belgium
208,Essessele,Belgium
209,Essewegem,Belgium
210,Estaint-Goorden,Belgium
211,Esters-La-Ville,Belgium
212,Etalles,Belgium
213,Etre,Belgium
214,Ets,Belgium
215,Ette,Belgium
216,Eupenberg,Belgium
217,Ewegem,Belgium
218,Ewijk,Belgium
219,Ezbelot,Belgium
220,Farchien,Belgium
221,Fbvsx-Llen,Belgium
222,Ferchelle-Chene,Belgium
223,Fere,Belgium
224,Fessel,Belgium
225,Fessines,Belgium
226,Fessinne,Belgium
227,Feteren-Berloo,Belgium
228,Fhampion,Belgium
229,Fhampremont,Belgium
230,Flemalleurussin,Belgium
231,Florent,Belgium
232,Forchem,Belgium
233,Fort,Belgium
234,Fortem,Belgium
235,Fortend,Belgium
236,Fortenden-Berch,Belgium
237,Fortendijk,Belgium
238,Fortmeer,Belgium
239,Fortmeerlecht,Belgium
240,Fortsel,Belgium
241,Framel,Belgium
242,Frameringem,Belgium
243,Frasnes,Belgium
244,Fsreinstelbeke,Belgium
245,Fsrek,Belgium
246,Fsres,Belgium
247,Ftratel,Belgium
248,Ftremme,Belgium
249,Galmthout,Belgium
250,Gembekelgem,Belgium
251,Gen,Belgium
252,Gesves,Belgium
253,Gfe,Belgium
254,Gfonderlee,Belgium
255,Ggulles,Belgium
256,Ghies,Belgium
257,Ghlinne,Belgium
258,Ghlpesten-Famer,Belgium
259,Ginge,Belgium
260,Gkngenbeek,Belgium
261,Gknus,Belgium
262,Glabbeek,Belgium
263,Glabbeke,Belgium
264,Gmlbangerlijnaa,Belgium
265,Gne,Belgium
266,Gnies,Belgium
267,Gnlon,Belgium
268,Gosselet,Belgium
269,Gqurg,Belgium
270,Grandene,Belgium
271,Grimonder,Belgium
272,Gsncsinem,Belgium
273,Gulleroux,Belgium
274,Gulles,Belgium
275,Gullet,Belgium
276,Harelbeke,Belgium
277,Harelle,Belgium
278,Hate,Belgium
279,Hele,Belgium
280,Hepdaal,Belgium
281,Herelle,Belgium
282,Hievens-Wolvere,Belgium
283,Hulpe,Belgium
284,Hut,Belgium
285,Hutsel,Belgium
286,Ies,Belgium
287,Ies-La-Vilvoord,Belgium
288,Ievelgem,Belgium
289,Igem,Belgium
290,Ijk,Belgium
291,Iles,Belgium
292,Illeur,Belgium
293,Inant,Belgium
294,Inge,Belgium
295,Ingem,Belgium
296,J Reet,Belgium
297,Jdeie,Belgium
298,Jemalle-Op-De,Belgium
299,Jemappe-Sur-Meu,Belgium
300,Jemark,Belgium
301,Jemeppe,Belgium
302,Jemeppe-Sur-Meu,Belgium
303,Jemeppe-Sur-Sam,Belgium
304,Jemeppes,Belgium
305,Jemeppevilles,Belgium
306,Jemeppevillis-W,Belgium
307,Jemeppevillogne,Belgium
308,Jens-Hout,Belgium
309,Jesur-Sambreffe,Belgium
310,Jettel,Belgium
311,Jettelede,Belgium
312,Jetteline-L'All,Belgium
313,Jettet,Belgium
314,Jetteth,Belgium
315,Jkevorselen,Belgium
316,Jkevorst,Belgium
317,Jlbeek-Beringer,Belgium
318,Jlbeke,Belgium
319,Jlbekelgem,Belgium
320,Jlen,Belgium
321,Jlet,Belgium
322,Jlle,Belgium
323,Jlles,Belgium
324,Jmberg,Belgium
325,Jmennik,Belgium
326,Jnaar,Belgium
327,Jnberge,Belgium
328,Jne-Wavres,Belgium
329,Jng-Aimeringe,Belgium
330,Jng-Goegnee,Belgium
331,Jnze,Belgium
332,Jodoigniere-Lie,Belgium
333,Js-Westene,Belgium
334,Js-Wolveren,Belgium
335,Jumet,Belgium
336,Juprembert,Belgium
337,Ken,Belgium
338,Kenee,Belgium
339,Kessancy,Belgium
340,Kesse,Belgium
341,Kessenappeville,Belgium
342,Kessendeville,Belgium
343,Kessine-Lez-Maa,Belgium
344,Kraaint-Gilly,Belgium
345,Ksaar,Belgium
346,Ksaarde,Belgium
347,Kselare,Belgium
348,Ksels,Belgium
349,Kuringelot,Belgium
350,L Rmeorgen,Belgium
351,Laeren,Belgium
352,Lands,Belgium
353,Langelmunster,Belgium
354,Lchtebeke,Belgium
355,Ldeville,Belgium
356,Ldeville-Op-Den,Belgium
357,Ldevilles,Belgium
358,Ldevilleurne,Belgium
359,Ldkjre,Belgium
360,Ldumet,Belgium
361,Leke,Belgium
362,Lembeek,Belgium
363,Leroeke,Belgium
364,Les,Belgium
365,Lesselsel,Belgium
366,Levene,Belgium
367,Lgdeig,Belgium
368,Lge,Belgium
369,Lgembergem,Belgium
370,Lgurbise,Belgium
371,Lhem,Belgium
372,Lin,Belgium
373,Linn-Saint-Aman,Belgium
374,Ljde,Belgium
375,Llaas,Belgium
376,Lle,Belgium
377,Llebeke,Belgium
378,Lles,Belgium
379,Llet,Belgium
380,Llulmedy,Belgium
381,Lmands,Belgium
382,Lmandsberges-La,Belgium
383,Lmenne,Belgium
384,Lode,Belgium
385,Loeil,Belgium
386,Loeillaar,Belgium
387,Loux,Belgium
388,Loux-Moustwezee,Belgium
389,Lpperies,Belgium
390,Lrands,Belgium
391,Lrmies,Belgium
392,Lrruxbfain,Belgium
393,Lselewijt,Belgium
394,Ltan,Belgium
395,Ltcjnegem,Belgium
396,Lte,Belgium
397,Ltmark,Belgium
398,Lttet,Belgium
399,Lues,Belgium
400,Lurs,Belgium
401,Lver,Belgium
402,Lvrsur-Maasmes,Belgium
403,Lvrturaines-D'E,Belgium
404,Lwxelleud,Belgium
405,Maardsbergen,Belgium
406,Machterleurnhou,Belgium
407,Mael-Boitsforte,Belgium
408,Mail,Belgium
409,Maint-Dendijke,Belgium
410,Mal,Belgium
411,Malle,Belgium
412,Mallen,Belgium
413,Malles,Belgium
414,Mark,Belgium
415,Marken,Belgium
416,Martselaremme,Belgium
417,May,Belgium
418,Mbeek,Belgium
419,Mbeek-Sain,Belgium
420,Mbeke,Belgium
421,Mberg,Belgium
422,Mberge,Belgium
423,Mbergenee,Belgium
424,Mberghezel,Belgium
425,Mbert,Belgium
426,Mbertrix,Belgium
427,Mbes,Belgium
428,Meerouw-Wavres,Belgium
429,Mel,Belgium
430,Melgem,Belgium
431,Mels,Belgium
432,Merke,Belgium
433,Micourg,Belgium
434,Mme,Belgium
435,Mnus,Belgium
436,Mont,Belgium
437,Mont-Amanderwij,Belgium
438,Mont-Michter,Belgium
439,Mont-Paul,Belgium
440,Montigny-Le-Gra,Belgium
441,Mplos,Belgium
442,Mschem,Belgium
443,Msne,Belgium
444,Mte,Belgium
445,Muide,Belgium
446,Mul,Belgium
447,Munster,Belgium
448,Mut,Belgium
449,Naaine-L'Alles,Belgium
450,Naaint-Guibeke,Belgium
451,Naartselaas,Belgium
452,Nai,Belgium
453,Namur,Belgium
454,Nazarelbert,Belgium
455,Nchelle,Belgium
456,Nchem,Belgium
457,Ncsartem,Belgium
458,Ndijke,Belgium
459,Neer,Belgium
460,Neerhoute,Belgium
461,Neerhoutleeuwe,Belgium
462,Neerouw-Waveres,Belgium
463,Nelle,Belgium
464,Nem,Belgium
465,Nepaal,Belgium
466,Nes,Belgium
467,Nes-Lezemberg,Belgium
468,Nes-Sur-Sambre,Belgium
469,Ness,Belgium
470,Nessel-Bos,Belgium
471,Nessine-Aux,Belgium
472,Neufchatelinst,Belgium
473,Neve,Belgium
474,Nevegem,Belgium
475,Nevelaas,Belgium
476,Nevelom,Belgium
477,Never,Belgium
478,Nevilles,Belgium
479,Ngem,Belgium
480,Nhuudre,Belgium
481,Nijselaarne,Belgium
482,Nlayn--Lchenesi,Belgium
483,Nleongeren,Belgium
484,Nne-Sain-Aan,Belgium
485,Nnebeke,Belgium
486,Nnes,Belgium
487,Nnes-Sur-Meul,Belgium
488,Nokker,Belgium
489,Ntain-Samberg,Belgium
490,Nuult,Belgium
491,Nuyfoeterlues,Belgium
492,Nveuw,Belgium
493,Ochout,Belgium
494,Odet,Belgium
495,Oedebertrix,Belgium
496,Oeden,Belgium
497,Oidenne-Au-Pont,Belgium
498,Oistere,Belgium
499,Oistervoorde,Belgium
500,Okerkeren,Belgium
501,Olde,Belgium
502,Olen,Belgium
503,Oret,Belgium
504,Ostel,Belgium
505,Osteline,Belgium
506,Osteren,Belgium
507,Ostmalles,Belgium
508,Oud-Turne,Belgium
509,Oud-Turnem,Belgium
510,Ouden,Belgium
511,Ougree,Belgium
512,Ouvierre,Belgium
513,Oux,Belgium
514,Paal,Belgium
515,Palen,Belgium
516,Pamen,Belgium
517,Paturage,Belgium
518,Paturain-Aux-So,Belgium
519,Peerbeke,Belgium
520,Pellen,Belgium
521,Pelles,Belgium
522,Pelt,Belgium
523,Periest,Belgium
524,Perin,Belgium
525,Pont,Belgium
526,Pont-Guibertrix,Belgium
527,Pont-Lauwe-Sain,Belgium
528,Pont-Vaasrode,Belgium
529,Poperies,Belgium
530,Poperingem,Belgium
531,Poperingen,Belgium
532,Poperingere,Belgium
533,Prelbeke,Belgium
534,Ps-Kwerken,Belgium
535,Ps-Kwerkselsbek,Belgium
536,Psekwaadmechout,Belgium
537,Psevre,Belgium
538,Ptaint-Georgen,Belgium
539,Que,Belgium
540,Quegnies-La-Vil,Belgium
541,Quegny-Le-Op-De,Belgium
542,Quelin,Belgium
543,Quelinne,Belgium
544,Qurg,Belgium
545,Raeres,Belgium
546,Ramine-Au-Sur-M,Belgium
547,Raminellet,Belgium
548,Re-Lierre,Belgium
549,Reet,Belgium
550,Reetbets,Belgium
551,Remicourt,Belgium
552,Rgesves,Belgium
553,Rgexleeuwe,Belgium
554,Rgmxbdlijkevors,Belgium
555,Rhemiksel-Lo,Belgium
556,Rhulpe,Belgium
557,Riemonte-Agathe,Belgium
558,Rijk,Belgium
559,Rin,Belgium
560,Rkjkljuin,Belgium
561,Rledenburg,Belgium
562,Rmberg,Belgium
563,Rochot,Belgium
564,Roesel,Belgium
565,Roeselt,Belgium
566,Roftervelgem,Belgium
567,Rotselaarderler,Belgium
568,Rtesselaasrode,Belgium
569,Rtmhe,Belgium
570,Rtmhi,Belgium
571,Rtmne,Belgium
572,Rtuersembertrix,Belgium
573,Rtulaarde,Belgium
574,Rzele,Belgium
575,Rzelen,Belgium
576,Rzerlechtel,Belgium
577,Sain,Belgium
578,Sain-'T-Gent,Belgium
579,Saingem,Belgium
580,Saint-Kruibeke,Belgium
581,Saint-Niklaarde,Belgium
582,Saint-Truis,Belgium
583,Sartemark,Belgium
584,Sartenberghem,Belgium
585,Sbeek,Belgium
586,Sel,Belgium
587,Selet,Belgium
588,Senes,Belgium
589,Sken,Belgium
590,Skeren,Belgium
591,Slain,Belgium
592,Sledeberg,Belgium
593,Sleidingerhoute,Belgium
594,Slille,Belgium
595,Smes,Belgium
596,Sne,Belgium
597,Ssancy,Belgium
598,Ssel,Belgium
599,Sselen-Lenderlu,Belgium
600,Sselijnegem,Belgium
601,Sselsalm,Belgium
602,Ssenal,Belgium
603,Ssesse,Belgium
604,Ssewegem,Belgium
605,Steke,Belgium
606,Taimes,Belgium
607,Taint-Pieren,Belgium
608,Tamillaar,Belgium
609,Tamine,Belgium
610,Tamine-Heuse,Belgium
611,Tamine-L'Alle,Belgium
612,Tamineauraint-M,Belgium
613,Tamines,Belgium
614,Tamines-Sur-Sai,Belgium
615,Tatel,Belgium
616,Telen,Belgium
617,Temst,Belgium
618,Ter,Belgium
619,Tesselt,Belgium
620,Tessesselsel,Belgium
621,Tnek,Belgium
622,Tnere,Belgium
623,Tre,Belgium
624,Trechele,Belgium
625,Trer,Belgium
626,Trerbekelgemall,Belgium
627,Trervier,Belgium
628,Truibekenbeek-B,Belgium
629,Tte,Belgium
630,Tterle,Belgium
631,Ttierenval,Belgium
632,Uebeke,Belgium
633,Ues,Belgium
634,Ugem,Belgium
635,Ugen,Belgium
636,Uggene,Belgium
637,Uibergerhoutlee,Belgium
638,Uirsberg,Belgium
639,Uisel,Belgium
640,Umies,Belgium
641,Upenbergene,Belgium
642,Ureins,Belgium
643,Urmies,Belgium
644,Urmies-Sur-Samb,Belgium
645,Urne,Belgium
646,Urpierre,Belgium
647,Ussenappeville-,Belgium
648,Ussinne,Belgium
649,Utstlateau,Belgium
650,Utzelen,Belgium
651,Uwcy-Eenokkerks,Belgium
652,Veloeil,Belgium
653,Velot,Belgium
654,Vere,Belgium
655,Vervais,Belgium
656,Veurnhout,Belgium
657,Vnervieren,Belgium
658,Vqug,Belgium
659,Ware,Belgium
660,Wltuderloo,Belgium
661,Wne,Belgium
662,Wommel,Belgium
663,Wsasleidingen,Belgium
664,Wsjde,Belgium
665,Wuusty,Belgium
666,Yfoetermont,Belgium
667,Yoeel,Belgium
668,Yoeselaar,Belgium
669,Yon,Belgium
670,Yooesele,Belgium
671,Yor,Belgium
672,Yorlanwezelle-H,Belgium
673,Yur,Belgium
674,Z-Luide,Belgium
675,Zel,Belgium
676,Zelen,Belgium
677,Zelles,Belgium
678,Zemberghezee,Belgium
679,Zemblever,Belgium
