,Name,Origin
0, Bjijas,Bosnia and Herzegovina
1, Dubicani,Bosnia and Herzegovina
2, Gradanj,Bosnia and Herzegovina
3, Hum,Bosnia and Herzegovina
4, Kahala,Bosnia and Herzegovina
5, Kladusa,Bosnia and Herzegovina
6, Kouzem,Bosnia and Herzegovina
7, Kpue,Bosnia and Herzegovina
8, Krupa,Bosnia and Herzegovina
9, Pcu,Bosnia and Herzegovina
10, Rijena,Bosnia and Herzegovina
11, Sijeg,Bosnia and Herzegovina
12, Sijeljinac,Bosnia and Herzegovina
13, Vrinici,Bosnia and Herzegovina
14,A Kladusa,Bosnia and Herzegovina
15,A Obarska,Bosnia and Herzegovina
16,Abranica,Bosnia and Herzegovina
17,Acac,Bosnia and Herzegovina
18,Acka Rijeka,Bosnia and Herzegovina
19,Agradanja,Bosnia and Herzegovina
20,Agradiska,Bosnia and Herzegovina
21,Akanj,Bosnia and Herzegovina
22,Ala,Bosnia and Herzegovina
23,Aneka,Bosnia and Herzegovina
24,Anj,Bosnia and Herzegovina
25,Anja Luka,Bosnia and Herzegovina
26,Anjka,Bosnia and Herzegovina
27,Anska,Bosnia and Herzegovina
28,Anski,Bosnia and Herzegovina
29,Anski Most,Bosnia and Herzegovina
30,Aoska Rastela,Bosnia and Herzegovina
31,Apovo,Bosnia and Herzegovina
32,Arnjavornik,Bosnia and Herzegovina
33,Arnji Vakuf,Bosnia and Herzegovina
34,Arnski,Bosnia and Herzegovina
35,Averderventa,Bosnia and Herzegovina
36,Banovici,Bosnia and Herzegovina
37,Bbejne,Bosnia and Herzegovina
38,Bca,Bosnia and Herzegovina
39,Bci,Bosnia and Herzegovina
40,Bdljezno Polje,Bosnia and Herzegovina
41,Bdzici,Bosnia and Herzegovina
42,Bgcani,Bosnia and Herzegovina
43,Bglaj,Bosnia and Herzegovina
44,Bgoanj,Bosnia and Herzegovina
45,Bhac,Bosnia and Herzegovina
46,Bhana,Bosnia and Herzegovina
47,Bhatac,Bosnia and Herzegovina
48,Bhut,Bosnia and Herzegovina
49,Bijas,Bosnia and Herzegovina
50,Bileca,Bosnia and Herzegovina
51,Bjeljak,Bosnia and Herzegovina
52,Bjeljezno Polje,Bosnia and Herzegovina
53,Bjeljina,Bosnia and Herzegovina
54,Bjotor Varos,Bosnia and Herzegovina
55,Bkataci,Bosnia and Herzegovina
56,Bkljuc,Bosnia and Herzegovina
57,Blatnica,Bosnia and Herzegovina
58,Blatnicani,Bosnia and Herzegovina
59,Blatnice,Bosnia and Herzegovina
60,Blatnici,Bosnia and Herzegovina
61,Blonti,Bosnia and Herzegovina
62,Bmalstnjic Grad,Bosnia and Herzegovina
63,Bna,Bosnia and Herzegovina
64,Bnica,Bosnia and Herzegovina
65,Bnjka,Bosnia and Herzegovina
66,Bnoki Most,Bosnia and Herzegovina
67,Bocka Kladanja ,Bosnia and Herzegovina
68,Boojao,Bosnia and Herzegovina
69,Bpco,Bosnia and Herzegovina
70,Bpljina,Bosnia and Herzegovina
71,Bpljinac,Bosnia and Herzegovina
72,Bpotoci,Bosnia and Herzegovina
73,Branica,Bosnia and Herzegovina
74,Brcko,Bosnia and Herzegovina
75,Brcno,Bosnia and Herzegovina
76,Brnna,Bosnia and Herzegovina
77,Brod,Bosnia and Herzegovina
78,Brrnak,Bosnia and Herzegovina
79,Bruna,Bosnia and Herzegovina
80,Bsaljak,Bosnia and Herzegovina
81,Bsalska Kladanj,Bosnia and Herzegovina
82,Bsalska Rijeka,Bosnia and Herzegovina
83,Bsalsna,Bosnia and Herzegovina
84,Bsanj,Bosnia and Herzegovina
85,Bsatski,Bosnia and Herzegovina
86,Bsatski Most,Bosnia and Herzegovina
87,Bsgljjna,Bosnia and Herzegovina
88,Bsitoka,Bosnia and Herzegovina
89,Bsjovo,Bosnia and Herzegovina
90,Bski,Bosnia and Herzegovina
91,Bsko,Bosnia and Herzegovina
92,Bsko Boihac,Bosnia and Herzegovina
93,Bsko Lokt,Bosnia and Herzegovina
94,Bslavgrac,Bosnia and Herzegovina
95,Btot Vlkinje,Bosnia and Herzegovina
96,Burkinje,Bosnia and Herzegovina
97,Burkinmcalic,Bosnia and Herzegovina
98,Buzim,Bosnia and Herzegovina
99,Bvionice,Bosnia and Herzegovina
100,Bzerovci Donjic,Bosnia and Herzegovina
101,Bzici,Bosnia and Herzegovina
102,Bzik,Bosnia and Herzegovina
103,Bzun,Bosnia and Herzegovina
104,Cka Dubica,Bosnia and Herzegovina
105,Cka Krupa,Bosnia and Herzegovina
106,Cka Obarska,Bosnia and Herzegovina
107,Cka Rastela,Bosnia and Herzegovina
108,Cka Rijedor,Bosnia and Herzegovina
109,Cka Rijeljezno ,Bosnia and Herzegovina
110,Cka Rijeljinac,Bosnia and Herzegovina
111,Clala Kladusa,Bosnia and Herzegovina
112,Crnik,Bosnia and Herzegovina
113,Dbrbkanjka,Bosnia and Herzegovina
114,Dbrvnik,Bosnia and Herzegovina
115,Dbukkasacsa,Bosnia and Herzegovina
116,Ddbrvnik,Bosnia and Herzegovina
117,Delonica,Bosnia and Herzegovina
118,Derventa,Bosnia and Herzegovina
119,Desonji,Bosnia and Herzegovina
120,Desono,Bosnia and Herzegovina
121,Dgrad,Bosnia and Herzegovina
122,Dhum,Bosnia and Herzegovina
123,Dhuv,Bosnia and Herzegovina
124,Dkvbaiska Dubic,Bosnia and Herzegovina
125,Dkzacka Krupa,Bosnia and Herzegovina
126,Dlbjnna,Bosnia and Herzegovina
127,Dljak,Bosnia and Herzegovina
128,Dlovicanica,Bosnia and Herzegovina
129,Dmvahilac,Bosnia and Herzegovina
130,Dobirjeg,Bosnia and Herzegovina
131,Doboj,Bosnia and Herzegovina
132,Donji Vakuf,Bosnia and Herzegovina
133,Donji Vares,Bosnia and Herzegovina
134,Donjic,Bosnia and Herzegovina
135,Donjic Gradanj,Bosnia and Herzegovina
136,Dos,Bosnia and Herzegovina
137,Doz,Bosnia and Herzegovina
138,Dpbvon,Bosnia and Herzegovina
139,Drbjonac,Bosnia and Herzegovina
140,Dregrac,Bosnia and Herzegovina
141,Drice,Bosnia and Herzegovina
142,Drjitaz,Bosnia and Herzegovina
143,Drnji Varoska,Bosnia and Herzegovina
144,Droki Most,Bosnia and Herzegovina
145,Dubica,Bosnia and Herzegovina
146,Dugijedor,Bosnia and Herzegovina
147,Durice,Bosnia and Herzegovina
148,Durici,Bosnia and Herzegovina
149,Duriice,Bosnia and Herzegovina
150,Duriika Obarska,Bosnia and Herzegovina
151,Duza,Bosnia and Herzegovina
152,Duzam,Bosnia and Herzegovina
153,Duzim,Bosnia and Herzegovina
154,Dvo,Bosnia and Herzegovina
155,Dzek,Bosnia and Herzegovina
156,Dzekz,Bosnia and Herzegovina
157,Dzici,Bosnia and Herzegovina
158,Dzvizd,Bosnia and Herzegovina
159,Ecigrac,Bosnia and Herzegovina
160,Ecki Mostovici,Bosnia and Herzegovina
161,Edor,Bosnia and Herzegovina
162,Egradacac,Bosnia and Herzegovina
163,Eka,Bosnia and Herzegovina
164,Ekeva,Bosnia and Herzegovina
165,Eklva,Bosnia and Herzegovina
166,Ekovici,Bosnia and Herzegovina
167,Ekpveoticanica,Bosnia and Herzegovina
168,Ela,Bosnia and Herzegovina
169,Eljak,Bosnia and Herzegovina
170,Eljina,Bosnia and Herzegovina
171,Eljinac,Bosnia and Herzegovina
172,Eno,Bosnia and Herzegovina
173,Ensci,Bosnia and Herzegovina
174,Enska Dubica,Bosnia and Herzegovina
175,Enski,Bosnia and Herzegovina
176,Epce,Bosnia and Herzegovina
177,Erice,Bosnia and Herzegovina
178,Eski,Bosnia and Herzegovina
179,Eski Most,Bosnia and Herzegovina
180,Gacac,Bosnia and Herzegovina
181,Garajevo,Bosnia and Herzegovina
182,Gkanjka,Bosnia and Herzegovina
183,Gnajevo,Bosnia and Herzegovina
184,Grac,Bosnia and Herzegovina
185,Grad,Bosnia and Herzegovina
186,Gradacac,Bosnia and Herzegovina
187,Gradanja Luka,Bosnia and Herzegovina
188,Gradiska,Bosnia and Herzegovina
189,Gradiska Obarsk,Bosnia and Herzegovina
190,Gradiska Rastel,Bosnia and Herzegovina
191,Gridici,Bosnia and Herzegovina
192,Gupa,Bosnia and Herzegovina
193,Gzacka Rijena,Bosnia and Herzegovina
194,Gzin,Bosnia and Herzegovina
195,Hala,Bosnia and Herzegovina
196,Hala Kladacac,Bosnia and Herzegovina
197,Hala Kladanja M,Bosnia and Herzegovina
198,Ham,Bosnia and Herzegovina
199,Hddzici,Bosnia and Herzegovina
200,Hedor,Bosnia and Herzegovina
201,Hedzici,Bosnia and Herzegovina
202,Hja,Bosnia and Herzegovina
203,Hkladacac,Bosnia and Herzegovina
204,Hkladusa,Bosnia and Herzegovina
205,Hla,Bosnia and Herzegovina
206,Hndzici,Bosnia and Herzegovina
207,Hom,Bosnia and Herzegovina
208,Hska,Bosnia and Herzegovina
209,Hska Dubicanica,Bosnia and Herzegovina
210,Hum,Bosnia and Herzegovina
211,Huzam,Bosnia and Herzegovina
212,Hva,Bosnia and Herzegovina
213,Hzum,Bosnia and Herzegovina
214,Ibjeljezno Polj,Bosnia and Herzegovina
215,Ibkataci,Bosnia and Herzegovina
216,Igradanj,Bosnia and Herzegovina
217,Ihac,Bosnia and Herzegovina
218,Iinje,Bosnia and Herzegovina
219,Ijeljak,Bosnia and Herzegovina
220,Ima,Bosnia and Herzegovina
221,Inijena,Bosnia and Herzegovina
222,Ipce,Bosnia and Herzegovina
223,Irijedor,Bosnia and Herzegovina
224,Irijeg,Bosnia and Herzegovina
225,Irkanjka,Bosnia and Herzegovina
226,Iska,Bosnia and Herzegovina
227,Iska Dubica,Bosnia and Herzegovina
228,Iska Krupa,Bosnia and Herzegovina
229,Iska Obarska,Bosnia and Herzegovina
230,Iska Obarska Ob,Bosnia and Herzegovina
231,Iska Rastela,Bosnia and Herzegovina
232,Islavgrad,Bosnia and Herzegovina
233,Islavgradanj,Bosnia and Herzegovina
234,Ivno,Bosnia and Herzegovina
235,Jbuski Brijedor,Bosnia and Herzegovina
236,Jdblani,Bosnia and Herzegovina
237,Jec,Bosnia and Herzegovina
238,Jeene,Bosnia and Herzegovina
239,Jeka,Bosnia and Herzegovina
240,Jelje,Bosnia and Herzegovina
241,Jeljezno Poljez,Bosnia and Herzegovina
242,Jeljina,Bosnia and Herzegovina
243,Jena,Bosnia and Herzegovina
244,Jjeane,Bosnia and Herzegovina
245,Jmkataci,Bosnia and Herzegovina
246,Jnji Vares,Bosnia and Herzegovina
247,Jod,Bosnia and Herzegovina
248,Jsbbrnja Luka,Bosnia and Herzegovina
249,Jug,Bosnia and Herzegovina
250,Juvo,Bosnia and Herzegovina
251,Ka Dubica,Bosnia and Herzegovina
252,Ka Dubicanica,Bosnia and Herzegovina
253,Ka Kladanja Mah,Bosnia and Herzegovina
254,Ka Krupa,Bosnia and Herzegovina
255,Ka Obarska Klad,Bosnia and Herzegovina
256,Ka Rastela,Bosnia and Herzegovina
257,Ka Rijedor,Bosnia and Herzegovina
258,Ka Rijeka,Bosnia and Herzegovina
259,Ka Rijena,Bosnia and Herzegovina
260,Kaaaeeleka,Bosnia and Herzegovina
261,Kabaconica,Bosnia and Herzegovina
262,Kakanja,Bosnia and Herzegovina
263,Kalenderovci Do,Bosnia and Herzegovina
264,Kamalska,Bosnia and Herzegovina
265,Kanja Mahala,Bosnia and Herzegovina
266,Kavaci,Bosnia and Herzegovina
267,Kazje,Bosnia and Herzegovina
268,Kbjedor,Bosnia and Herzegovina
269,Kblatnica,Bosnia and Herzegovina
270,Kbnecegrad,Bosnia and Herzegovina
271,Kcuuo,Bosnia and Herzegovina
272,Kdkavaci,Bosnia and Herzegovina
273,Kdzekovici,Bosnia and Herzegovina
274,Kela,Bosnia and Herzegovina
275,Keneca,Bosnia and Herzegovina
276,Kisegrad,Bosnia and Herzegovina
277,Kisegradacac,Bosnia and Herzegovina
278,Kkljuc,Bosnia and Herzegovina
279,Kladusa,Bosnia and Herzegovina
280,Kljuc,Bosnia and Herzegovina
281,Km Slavgrad,Bosnia and Herzegovina
282,Kmala,Bosnia and Herzegovina
283,Kmcusi,Bosnia and Herzegovina
284,Kmeljak,Bosnia and Herzegovina
285,Kmolto,Bosnia and Herzegovina
286,Kmottci,Bosnia and Herzegovina
287,Kmstovi Travnik,Bosnia and Herzegovina
288,Kobarska,Bosnia and Herzegovina
289,Kovac,Bosnia and Herzegovina
290,Kpleidovici,Bosnia and Herzegovina
291,Krastela,Bosnia and Herzegovina
292,Kska,Bosnia and Herzegovina
293,Kska Kladusa,Bosnia and Herzegovina
294,Kska Krupa,Bosnia and Herzegovina
295,Kska Rijeljak,Bosnia and Herzegovina
296,Ktozir,Bosnia and Herzegovina
297,Kuzemovo,Bosnia and Herzegovina
298,Kventa,Bosnia and Herzegovina
299,Kveptec,Bosnia and Herzegovina
300,Kvezdo,Bosnia and Herzegovina
301,Kzenok,Bosnia and Herzegovina
302,Kzenovici,Bosnia and Herzegovina
303,La Kladacac,Bosnia and Herzegovina
304,Lak,Bosnia and Herzegovina
305,Lavgrad,Bosnia and Herzegovina
306,Ldkanj,Bosnia and Herzegovina
307,Leld,Bosnia and Herzegovina
308,Lenderovci Donj,Bosnia and Herzegovina
309,Lje,Bosnia and Herzegovina
310,Ljezno Polje,Bosnia and Herzegovina
311,Ljinac,Bosnia and Herzegovina
312,Luka,Bosnia and Herzegovina
313,Lukavac,Bosnia and Herzegovina
314,Lukavaci,Bosnia and Herzegovina
315,Lvka,Bosnia and Herzegovina
316,Lvna,Bosnia and Herzegovina
317,Lvuni,Bosnia and Herzegovina
318,M Glaj,Bosnia and Herzegovina
319,Macs,Bosnia and Herzegovina
320,Marska,Bosnia and Herzegovina
321,Marska Dubica,Bosnia and Herzegovina
322,Marska Krupa,Bosnia and Herzegovina
323,Marska Obarska ,Bosnia and Herzegovina
324,Marska Rastela,Bosnia and Herzegovina
325,Mbca,Bosnia and Herzegovina
326,Mbhatac,Bosnia and Herzegovina
327,Mblatnica,Bosnia and Herzegovina
328,Mblatnicani,Bosnia and Herzegovina
329,Mblatnicanica,Bosnia and Herzegovina
330,Mbslovicani,Bosnia and Herzegovina
331,Mbsnovica,Bosnia and Herzegovina
332,Mca Dubica,Bosnia and Herzegovina
333,Mcisdavbrinica,Bosnia and Herzegovina
334,Mcka Dubica,Bosnia and Herzegovina
335,Mdlta,Bosnia and Herzegovina
336,Meljinac,Bosnia and Herzegovina
337,Melnineca,Bosnia and Herzegovina
338,Melonicanice,Bosnia and Herzegovina
339,Meslic,Bosnia and Herzegovina
340,Mislavgrac,Bosnia and Herzegovina
341,Mislavgrad,Bosnia and Herzegovina
342,Mjoo,Bosnia and Herzegovina
343,Mka Kladusa,Bosnia and Herzegovina
344,Mkahala,Bosnia and Herzegovina
345,Mkanja Mahala,Bosnia and Herzegovina
346,Mkataci,Bosnia and Herzegovina
347,Mkatjuu,Bosnia and Herzegovina
348,Mklos,Bosnia and Herzegovina
349,Mkltucli,Bosnia and Herzegovina
350,Mmglaj,Bosnia and Herzegovina
351,Mmklabnjka,Bosnia and Herzegovina
352,Mmkonjic,Bosnia and Herzegovina
353,Mmolte,Bosnia and Herzegovina
354,Mmostar,Bosnia and Herzegovina
355,Mnha,Bosnia and Herzegovina
356,Mnim,Bosnia and Herzegovina
357,Mogoanj,Bosnia and Herzegovina
358,Mogornji,Bosnia and Herzegovina
359,Moloka,Bosnia and Herzegovina
360,Most,Bosnia and Herzegovina
361,Mostar,Bosnia and Herzegovina
362,Mostovici,Bosnia and Herzegovina
363,Mozor,Bosnia and Herzegovina
364,Mrkodacac,Bosnia and Herzegovina
365,Mrstovici,Bosnia and Herzegovina
366,Mska Obarska Ob,Bosnia and Herzegovina
367,Msko,Bosnia and Herzegovina
368,Msko Morslavgra,Bosnia and Herzegovina
369,Mtotor Vares,Bosnia and Herzegovina
370,Muzla,Bosnia and Herzegovina
371,Mvonica,Bosnia and Herzegovina
372,Mvstijeka,Bosnia and Herzegovina
373,Mzim,Bosnia and Herzegovina
374,Mzod,Bosnia and Herzegovina
375,Mzoo,Bosnia and Herzegovina
376,Nae,Bosnia and Herzegovina
377,Nebeaneka,Bosnia and Herzegovina
378,Neca,Bosnia and Herzegovina
379,Necegrad,Bosnia and Herzegovina
380,Necegradacac,Bosnia and Herzegovina
381,Necigradanjka,Bosnia and Herzegovina
382,Necigranica,Bosnia and Herzegovina
383,Nedelje,Bosnia and Herzegovina
384,Nederovci Donji,Bosnia and Herzegovina
385,Nemarska,Bosnia and Herzegovina
386,Neneka,Bosnia and Herzegovina
387,Nep,Bosnia and Herzegovina
388,Nepeeoeionica,Bosnia and Herzegovina
389,Nesanska,Bosnia and Herzegovina
390,Nesenovi Travni,Bosnia and Herzegovina
391,Nesenovici,Bosnia and Herzegovina
392,Nesinje,Bosnia and Herzegovina
393,Neski Most,Bosnia and Herzegovina
394,Nobarska Rastel,Bosnia and Herzegovina
395,Nri Erbecni Bri,Bosnia and Herzegovina
396,Nugrjdg,Bosnia and Herzegovina
397,Nvvisici,Bosnia and Herzegovina
398,Obarska,Bosnia and Herzegovina
399,Obarska Kladaca,Bosnia and Herzegovina
400,Obarska Kladusa,Bosnia and Herzegovina
401,Obarska Krupa,Bosnia and Herzegovina
402,Obarska Obarska,Bosnia and Herzegovina
403,Obarska Rastela,Bosnia and Herzegovina
404,Obarska Rijeka,Bosnia and Herzegovina
405,Obarska Rijena,Bosnia and Herzegovina
406,Objod,Bosnia and Herzegovina
407,Odzvizd,Bosnia and Herzegovina
408,Oiza,Bosnia and Herzegovina
409,Ojeonica,Bosnia and Herzegovina
410,Ojo,Bosnia and Herzegovina
411,Oka,Bosnia and Herzegovina
412,Okarradtica,Bosnia and Herzegovina
413,Onjavornji Vaku,Bosnia and Herzegovina
414,Oozarska Rijena,Bosnia and Herzegovina
415,Oreka,Bosnia and Herzegovina
416,Ornik,Bosnia and Herzegovina
417,Oska,Bosnia and Herzegovina
418,Oska Kladusa,Bosnia and Herzegovina
419,Otoci,Bosnia and Herzegovina
420,Otor Vakuf,Bosnia and Herzegovina
421,Otor Varos,Bosnia and Herzegovina
422,Ovo,Bosnia and Herzegovina
423,Ozak,Bosnia and Herzegovina
424,Ozarska Rijedor,Bosnia and Herzegovina
425,Ozda,Bosnia and Herzegovina
426,Ozdr,Bosnia and Herzegovina
427,Ozek,Bosnia and Herzegovina
428,Ozerovci Donji,Bosnia and Herzegovina
429,Ozerovci Donjic,Bosnia and Herzegovina
430,Ozir,Bosnia and Herzegovina
431,Ozor,Bosnia and Herzegovina
432,Pce,Bosnia and Herzegovina
433,Pci,Bosnia and Herzegovina
434,Pcu,Bosnia and Herzegovina
435,Pko,Bosnia and Herzegovina
436,Pljinac,Bosnia and Herzegovina
437,Ponogradiska,Bosnia and Herzegovina
438,Porolic,Bosnia and Herzegovina
439,Rac,Bosnia and Herzegovina
440,Radon,Bosnia and Herzegovina
441,Radtica,Bosnia and Herzegovina
442,Radtici,Bosnia and Herzegovina
443,Radto,Bosnia and Herzegovina
444,Radtsici,Bosnia and Herzegovina
445,Radtuslic,Bosnia and Herzegovina
446,Rbac,Bosnia and Herzegovina
447,Rbica,Bosnia and Herzegovina
448,Rbrcno,Bosnia and Herzegovina
449,Rcki Mostovici,Bosnia and Herzegovina
450,Rddovici,Bosnia and Herzegovina
451,Rekinje,Bosnia and Herzegovina
452,Relika Obarska,Bosnia and Herzegovina
453,Renica,Bosnia and Herzegovina
454,Renik,Bosnia and Herzegovina
455,Res,Bosnia and Herzegovina
456,Ridezov,Bosnia and Herzegovina
457,Ridlva,Bosnia and Herzegovina
458,Ridovi Travnik,Bosnia and Herzegovina
459,Ridovica,Bosnia and Herzegovina
460,Ridovici,Bosnia and Herzegovina
461,Rijedor,Bosnia and Herzegovina
462,Rijeka,Bosnia and Herzegovina
463,Rijena,Bosnia and Herzegovina
464,Rjetovici,Bosnia and Herzegovina
465,Rkanjavor,Bosnia and Herzegovina
466,Rkanjavornik,Bosnia and Herzegovina
467,Rnac,Bosnia and Herzegovina
468,Rnbi,Bosnia and Herzegovina
469,Rndor,Bosnia and Herzegovina
470,Rnja,Bosnia and Herzegovina
471,Rod,Bosnia and Herzegovina
472,Roska,Bosnia and Herzegovina
473,Rtdtuslici,Bosnia and Herzegovina
474,Rvidovica,Bosnia and Herzegovina
475,Sagrac,Bosnia and Herzegovina
476,Sanski,Bosnia and Herzegovina
477,Sbnjka,Bosnia and Herzegovina
478,Sbrod,Bosnia and Herzegovina
479,Sbugojno,Bosnia and Herzegovina
480,Sca,Bosnia and Herzegovina
481,Sci,Bosnia and Herzegovina
482,Sduriice,Bosnia and Herzegovina
483,Seljinac,Bosnia and Herzegovina
484,Sgrod,Bosnia and Herzegovina
485,Shac,Bosnia and Herzegovina
486,Shala Kladusa,Bosnia and Herzegovina
487,Shavac,Bosnia and Herzegovina
488,Shavaci,Bosnia and Herzegovina
489,Sjebanski Most,Bosnia and Herzegovina
490,Ska,Bosnia and Herzegovina
491,Ska Dubica,Bosnia and Herzegovina
492,Ska Kladacac,Bosnia and Herzegovina
493,Ska Kladanjka,Bosnia and Herzegovina
494,Ska Kladusa,Bosnia and Herzegovina
495,Ska Krupa,Bosnia and Herzegovina
496,Ska Obarska,Bosnia and Herzegovina
497,Ska Obarska Kla,Bosnia and Herzegovina
498,Ska Obarska Ob,Bosnia and Herzegovina
499,Ska Rastela,Bosnia and Herzegovina
500,Ska Rijeg,Bosnia and Herzegovina
501,Ska Rijeka,Bosnia and Herzegovina
502,Skela,Bosnia and Herzegovina
503,Ski Brijeka,Bosnia and Herzegovina
504,Skrajevo,Bosnia and Herzegovina
505,Smarska Kladusa,Bosnia and Herzegovina
506,Smljna,Bosnia and Herzegovina
507,Sne,Bosnia and Herzegovina
508,Snovidovici,Bosnia and Herzegovina
509,Spko,Bosnia and Herzegovina
510,Srant,Bosnia and Herzegovina
511,Sravaci,Bosnia and Herzegovina
512,Sravernegrad,Bosnia and Herzegovina
513,Srebrenik,Bosnia and Herzegovina
514,Srijeka,Bosnia and Herzegovina
515,Ssko,Bosnia and Herzegovina
516,Stovi Travnik,Bosnia and Herzegovina
517,Stovici,Bosnia and Herzegovina
518,Svelti,Bosnia and Herzegovina
519,Svidovi Travnik,Bosnia and Herzegovina
520,Svinice,Bosnia and Herzegovina
521,Svovnik,Bosnia and Herzegovina
522,Tdukavaci,Bosnia and Herzegovina
523,Tec,Bosnia and Herzegovina
524,Tgrad,Bosnia and Herzegovina
525,Tio,Bosnia and Herzegovina
526,Tioki Brijeka,Bosnia and Herzegovina
527,Tivici,Bosnia and Herzegovina
528,Toi Vakuf,Bosnia and Herzegovina
529,Toka,Bosnia and Herzegovina
530,Tonica,Bosnia and Herzegovina
531,Toporozor,Bosnia and Herzegovina
532,Toralta,Bosnia and Herzegovina
533,Tos Arajevo,Bosnia and Herzegovina
534,Tou Vike,Bosnia and Herzegovina
535,Tou Vike Arajev,Bosnia and Herzegovina
536,Tou Vikela,Bosnia and Herzegovina
537,Tou Viko Poljez,Bosnia and Herzegovina
538,Tou Vikotac,Bosnia and Herzegovina
539,Tovi Travnik,Bosnia and Herzegovina
540,Tovici,Bosnia and Herzegovina
541,Tozir,Bosnia and Herzegovina
542,Tro,Bosnia and Herzegovina
543,Trol,Bosnia and Herzegovina
544,Tski Mostar,Bosnia and Herzegovina
545,Tuuli,Bosnia and Herzegovina
546,Tuzla,Bosnia and Herzegovina
547,Tze,Bosnia and Herzegovina
548,Tzesonozir,Bosnia and Herzegovina
549,Ubjinac,Bosnia and Herzegovina
550,Uelika Rijena,Bosnia and Herzegovina
551,Ugrac,Bosnia and Herzegovina
552,Ugrjduca,Bosnia and Herzegovina
553,Uski,Bosnia and Herzegovina
554,Uzda,Bosnia and Herzegovina
555,Uzebonji Vakuf,Bosnia and Herzegovina
556,Uzem,Bosnia and Herzegovina
557,Uzemorslavgrad,Bosnia and Herzegovina
558,Uzemovmi Lruc,Bosnia and Herzegovina
559,Uzma,Bosnia and Herzegovina
560,Uzmm,Bosnia and Herzegovina
561,Vdro,Bosnia and Herzegovina
562,Vdzici,Bosnia and Herzegovina
563,Vecigrad,Bosnia and Herzegovina
564,Vica,Bosnia and Herzegovina
565,Vizd,Bosnia and Herzegovina
566,Vnik,Bosnia and Herzegovina
567,Vno,Bosnia and Herzegovina
568,Vnto,Bosnia and Herzegovina
569,Vod,Bosnia and Herzegovina
570,Vodnc,Bosnia and Herzegovina
571,Vodncka Kladusa,Bosnia and Herzegovina
572,Vonni Erovci Do,Bosnia and Herzegovina
573,Vor,Bosnia and Herzegovina
574,Vornica,Bosnia and Herzegovina
575,Vornik,Bosnia and Herzegovina
576,Vornja Mahala,Bosnia and Herzegovina
577,Vornjic Grad,Bosnia and Herzegovina
578,Vos,Bosnia and Herzegovina
579,Voska Rijedor,Bosnia and Herzegovina
580,Voz,Bosnia and Herzegovina
581,Vrnica,Bosnia and Herzegovina
582,Zedor,Bosnia and Herzegovina
583,Zegoanj,Bosnia and Herzegovina
584,Zegoanja,Bosnia and Herzegovina
585,Zegvadiska Rast,Bosnia and Herzegovina
586,Zeh,Bosnia and Herzegovina
587,Zeloka,Bosnia and Herzegovina
588,Zeloki Most,Bosnia and Herzegovina
589,Zeno,Bosnia and Herzegovina
590,Zenoki Brijedor,Bosnia and Herzegovina
591,Zenovi Travnik,Bosnia and Herzegovina
592,Zenovici,Bosnia and Herzegovina
593,Zerovci Donji V,Bosnia and Herzegovina
594,Zezevo,Bosnia and Herzegovina
595,Zezov,Bosnia and Herzegovina
596,Zuc,Bosnia and Herzegovina
597,Zvornjic,Bosnia and Herzegovina
