,Name,Origin
0,  Lazsrad,Bulgaria
1,  Tasgora,Bulgaria
2, Bal,Bulgaria
3, Bazhitsa,Bulgaria
4, Chifliko Turno,Bulgaria
5, Cpifhis,Bulgaria
6, Delchim,Bulgaria
7, Eral Toshets,Bulgaria
8, Eyazanli,Bulgaria
9, Kaz,Bulgaria
10, Lazhitsa,Bulgaria
11, Lazsna,Bulgaria
12, Lazsrad,Bulgaria
13, Listraldzha,Bulgaria
14, Pazanlak,Bulgaria
15, Pazar,Bulgaria
16, Pelarevo,Bulgaria
17, Pole,Bulgaria
18, Pyasatsa,Bulgaria
19, Pyasatsi,Bulgaria
20, Ruaovech,Bulgaria
21, Ruasatsi,Bulgaria
22, Seali,Bulgaria
23, Sealog,Bulgaria
24, Tazanlak,Bulgaria
25, Tazar,Bulgaria
26, Tra,Bulgaria
27, Trambesh,Bulgaria
28, Tya,Bulgaria
29, Vosa,Bulgaria
30, Voshev,Bulgaria
31, Zaalo,Bulgaria
32,A Voshets,Bulgaria
33,Adchim,Bulgaria
34,Aden,Bulgaria
35,Advishte,Bulgaria
36,Aevo,Bulgaria
37,Aezha,Bulgaria
38,Amoograd,Bulgaria
39,Andan,Bulgaria
40,Anega,Bulgaria
41,Anegar,Bulgaria
42,Anma,Bulgaria
43,Are,Bulgaria
44,Arevo,Bulgaria
45,Arna,Bulgaria
46,Arnobat,Bulgaria
47,Aruhovo,Bulgaria
48,Arvomay,Bulgaria
49,Aslopole,Bulgaria
50,Atci,Bulgaria
51,Atrizhitsa,Bulgaria
52,Avgrad,Bulgaria
53,Avoge,Bulgaria
54,Avora,Bulgaria
55,Avra,Bulgaria
56,Ayets,Bulgaria
57,Azar,Bulgaria
58,Azhitsa,Bulgaria
59,Aznola,Bulgaria
60,Azrnobat,Bulgaria
61,Azzoliyski,Bulgaria
62,Balchik,Bulgaria
63,Bam,Bulgaria
64,Bar,Bulgaria
65,Bara Zagoevgrad,Bulgaria
66,Bat,Bulgaria
67,Bdv Pozsa,Bulgaria
68,Bimets,Bulgaria
69,Biteven,Bulgaria
70,Bitevgrad,Bulgaria
71,Bitsa,Bulgaria
72,Blagora,Bulgaria
73,Bop,Bulgaria
74,Bot,Bulgaria
75,Bot Vgaa,Bulgaria
76,Botov,Bulgaria
77,Botovo,Bulgaria
78,Bov Dol,Bulgaria
79,Bovo,Bulgaria
80,Bratsa,Bulgaria
81,Brich,Bulgaria
82,Brichik,Bulgaria
83,Brichim,Bulgaria
84,Bubimets,Bulgaria
85,Ceera,Bulgaria
86,Ceeraldzhali,Bulgaria
87,Ceevgrad,Bulgaria
88,Ceevgradchik,Bulgaria
89,Cepol,Bulgaria
90,Cepole,Bulgaria
91,Cepolovo,Bulgaria
92,Cevo,Bulgaria
93,Chbvit,Bulgaria
94,Chim,Bulgaria
95,Chkvin,Bulgaria
96,Chrktsi,Bulgaria
97,Chuke,Bulgaria
98,Chukeni,Bulgaria
99,Chukevin,Bulgaria
100,Chumen,Bulgaria
101,Chvkino,Bulgaria
102,Cilistra,Bulgaria
103,Cimotgeraldzha,Bulgaria
104,Cpepaeuisstraka,Bulgaria
105,Cpepelare,Bulgaria
106,Cpepelarevo,Bulgaria
107,Cpepol,Bulgaria
108,Cvee,Bulgaria
109,Danski,Bulgaria
110,Dazsh,Bulgaria
111,Dba,Bulgaria
112,Dce,Bulgaria
113,Dchik,Bulgaria
114,Dech,Bulgaria
115,Delik,Bulgaria
116,Delingrad,Bulgaria
117,Delingradchik,Bulgaria
118,Delingradchim,Bulgaria
119,Depelarevo,Bulgaria
120,Derih,Bulgaria
121,Dets,Bulgaria
122,Devski,Bulgaria
123,Dimets,Bulgaria
124,Dmbsstra,Bulgaria
125,Dnezha,Bulgaria
126,Dpe,Bulgaria
127,Dptsa,Bulgaria
128,Dre,Bulgaria
129,Duliven,Bulgaria
130,Dum,Bulgaria
131,Dvi,Bulgaria
132,Dvishtimanlak,Bulgaria
133,Dvishtitsa,Bulgaria
134,Dzha,Bulgaria
135,Dzhali,Bulgaria
136,E Delchik,Bulgaria
137,E Vezha,Bulgaria
138,E Vezhali,Bulgaria
139,E Voshevo,Bulgaria
140,Ebrat,Bulgaria
141,Eevo,Bulgaria
142,Elchik,Bulgaria
143,Embratsi,Bulgaria
144,Embrichik,Bulgaria
145,Enera,Bulgaria
146,Epelare,Bulgaria
147,Epelarevo,Bulgaria
148,Eptemvri,Bulgaria
149,Eral Toshev,Bulgaria
150,Erushte,Bulgaria
151,Erushtimanlak,Bulgaria
152,Erushtitsa,Bulgaria
153,Ets,Bulgaria
154,Even,Bulgaria
155,Evgrad,Bulgaria
156,Evgradchik,Bulgaria
157,Evgradchim,Bulgaria
158,Evhi,Bulgaria
159,Evhiesh,Bulgaria
160,Evo,Bulgaria
161,Evra,Bulgaria
162,Evski,Bulgaria
163,Ezha,Bulgaria
164,Fckkvishte,Bulgaria
165,Grad,Bulgaria
166,Gradchik,Bulgaria
167,Gredets,Bulgaria
168,Har,Bulgaria
169,Hdech,Bulgaria
170,Hev,Bulgaria
171,Him,Bulgaria
172,Hre,Bulgaria
173,Hta,Bulgaria
174,Htara Zagoevgra,Bulgaria
175,Htimanlak,Bulgaria
176,Htitsa,Bulgaria
177,Hubem,Bulgaria
178,Hubeven,Bulgaria
179,Hubevo,Bulgaria
180,Huke,Bulgaria
181,Hukeni,Bulgaria
182,Hukevin,Bulgaria
183,Hulevgrad,Bulgaria
184,Humen,Bulgaria
185,Hutea,Bulgaria
186,Hze,Bulgaria
187,Hzvo,Bulgaria
188,I Pazar,Bulgaria
189,Ibrich,Bulgaria
190,Ichepelarevo,Bulgaria
191,Idenera,Bulgaria
192,Ideneral Toshev,Bulgaria
193,Ideni,Bulgaria
194,Idri,Bulgaria
195,Idrn,Bulgaria
196,Ienovo,Bulgaria
197,Ildni,Bulgaria
198,Ildsh,Bulgaria
199,Ilistra,Bulgaria
200,Ilistral Toshet,Bulgaria
201,Ilistraldzha,Bulgaria
202,Ilki Trambol,Bulgaria
203,Ilkstopovo,Bulgaria
204,Ilyshitsa,Bulgaria
205,Imotel,Bulgaria
206,Imotse Delchev,Bulgaria
207,Imotse Delchevo,Bulgaria
208,Imrnl Kovitsa,Bulgaria
209,Ineni,Bulgaria
210,Ipelarevo,Bulgaria
211,Irdop,Bulgaria
212,Irnobat,Bulgaria
213,Ishte,Bulgaria
214,Itra,Bulgaria
215,Itsa,Bulgaria
216,Ivo,Bulgaria
217,Iya,Bulgaria
218,Izhitsa,Bulgaria
219,K Tishteraldzha,Bulgaria
220,K Toshets,Bulgaria
221,K Toshev,Bulgaria
222,K Toshevo,Bulgaria
223,Ka Tlare,Bulgaria
224,Ka Tlarevo,Bulgaria
225,Ka Trambeshtovo,Bulgaria
226,Ka Trambol,Bulgaria
227,Kan,Bulgaria
228,Kbumen,Bulgaria
229,Kevin,Bulgaria
230,Ki Trambol,Bulgaria
231,Ki Tramboliyski,Bulgaria
232,Kido,Bulgaria
233,Kimotse Delchev,Bulgaria
234,Kino,Bulgaria
235,Kmpelare,Bulgaria
236,Kmvishtovo,Bulgaria
237,Kovech,Bulgaria
238,Kovets,Bulgaria
239,Kovit,Bulgaria
240,Kovitsa,Bulgaria
241,Kovski,Bulgaria
242,Kra,Bulgaria
243,Krdzha,Bulgaria
244,Krethoruda,Bulgaria
245,Krit,Bulgaria
246,Kru,Bulgaria
247,Krutovo,Bulgaria
248,Ktso,Bulgaria
249,Kuk,Bulgaria
250,Kukovets,Bulgaria
251,Kumovgrad,Bulgaria
252,Kumovgradchik,Bulgaria
253,Kuni,Bulgaria
254,Kusi,Bulgaria
255,Kvishteraldzha,Bulgaria
256,Kvti,Bulgaria
257,Kznil,Bulgaria
258,L Koltitra,Bulgaria
259,Ladomir,Bulgaria
260,Lare,Bulgaria
261,Levgrad,Bulgaria
262,Levin,Bulgaria
263,Lid,Bulgaria
264,Lievo,Bulgaria
265,Likeni,Bulgaria
266,Likenie,Bulgaria
267,Liko Turnovgrad,Bulgaria
268,Limbtsa,Bulgaria
269,Liven,Bulgaria
270,Liyski,Bulgaria
271,Lizhitsa,Bulgaria
272,Lkrevo,Bulgaria
273,Lopvernobat,Bulgaria
274,Lvovech,Bulgaria
275,Madanski,Bulgaria
276,Man,Bulgaria
277,Manli,Bulgaria
278,Mbrich,Bulgaria
279,Mbtsa,Bulgaria
280,Mimlistra,Bulgaria
281,Mobiteven,Bulgaria
282,Mobitevgrad,Bulgaria
283,Mobyttsa,Bulgaria
284,Molyan,Bulgaria
285,Morie,Bulgaria
286,Motrelera,Bulgaria
287,Motse Delchev,Bulgaria
288,Motse Delchik,Bulgaria
289,Motylaino,Bulgaria
290,Motyukistreyala,Bulgaria
291,Mresh,Bulgaria
292,Mrushte,Bulgaria
293,Nelingrad,Bulgaria
294,Nelino,Bulgaria
295,Nera,Bulgaria
296,Nevo,Bulgaria
297,Ngrad,Bulgaria
298,Ni Pyasatsa,Bulgaria
299,Novo,Bulgaria
300,Npobovo,Bulgaria
301,Nya,Bulgaria
302,Obovo,Bulgaria
303,Obtimanlak,Bulgaria
304,Oliyski,Bulgaria
305,Omer,Bulgaria
306,Omorie,Bulgaria
307,Omprim,Bulgaria
308,Opelarevo,Bulgaria
309,Opolovo,Bulgaria
310,Optemvri,Bulgaria
311,Ore,Bulgaria
312,Orie,Bulgaria
313,Oryahovo,Bulgaria
314,Oteven,Bulgaria
315,Otlv,Bulgaria
316,Otrekovski Tram,Bulgaria
317,Otrepelarevo,Bulgaria
318,Otrezha,Bulgaria
319,Otrezhali,Bulgaria
320,Otvech,Bulgaria
321,Panagyurishte,Bulgaria
322,Panug,Bulgaria
323,Paruhovo,Bulgaria
324,Parvomay,Bulgaria
325,Pavlievo,Bulgaria
326,Pdech,Bulgaria
327,Pelare,Bulgaria
328,Pelarevo,Bulgaria
329,Pepelarevo,Bulgaria
330,Perih,Bulgaria
331,Perushtitsa,Bulgaria
332,Pesh,Bulgaria
333,Peshtera,Bulgaria
334,Peta,Bulgaria
335,Peva,Bulgaria
336,Peven,Bulgaria
337,Pevin,Bulgaria
338,Pevo,Bulgaria
339,Pirdop,Bulgaria
340,Pkomtrim,Bulgaria
341,Pmolyan,Bulgaria
342,Pnya,Bulgaria
343,Pobovo,Bulgaria
344,Pol,Bulgaria
345,Pole,Bulgaria
346,Pomorie,Bulgaria
347,Potovo,Bulgaria
348,Ppemir,Bulgaria
349,Pplhpofoa,Bulgaria
350,Pramboliyski Tr,Bulgaria
351,Prehev,Bulgaria
352,Prevo,Bulgaria
353,Prna,Bulgaria
354,Prna Oryahovits,Bulgaria
355,Prombrich,Bulgaria
356,Prombrichik,Bulgaria
357,Prpahuueasetov,Bulgaria
358,Prrzhhtvra,Bulgaria
359,Prvlievo,Bulgaria
360,Pspsrezhali,Bulgaria
361,Ptambol,Bulgaria
362,Ptral Toshets,Bulgaria
363,Ptrmbnit,Bulgaria
364,Ptrmkoltitrakan,Bulgaria
365,Ptropovo,Bulgaria
366,Pulavit,Bulgaria
367,Puliven,Bulgaria
368,Pulovo,Bulgaria
369,Purushteral Tos,Bulgaria
370,Pvasno,Bulgaria
371,Pvra,Bulgaria
372,Pzhmlino,Bulgaria
373,Rakan,Bulgaria
374,Rcpepelare,Bulgaria
375,Rech,Bulgaria
376,Redelikenie,Bulgaria
377,Repelarevo,Bulgaria
378,Reshte,Bulgaria
379,Rets,Bulgaria
380,Revo,Bulgaria
381,Rhmbrich,Bulgaria
382,Ria,Bulgaria
383,Richik,Bulgaria
384,Rid,Bulgaria
385,Rih,Bulgaria
386,Rik,Bulgaria
387,Rim,Bulgaria
388,Rir,Bulgaria
389,Rit,Bulgaria
390,Rka,Bulgaria
391,Rkevin,Bulgaria
392,Rnih,Bulgaria
393,Ropol,Bulgaria
394,Ru Oa,Bulgaria
395,Ru Oare,Bulgaria
396,Ru Ovo,Bulgaria
397,Rumovgradchik,Bulgaria
398,Rushte,Bulgaria
399,Rushteraldzha,Bulgaria
400,Rvomay,Bulgaria
401,Ski,Bulgaria
402,Snera,Bulgaria
403,Sperih,Bulgaria
404,Tara Zagoevgrad,Bulgaria
405,Tara Zagora,Bulgaria
406,Tavora,Bulgaria
407,Tki,Bulgaria
408,Tna Oryahovisht,Bulgaria
409,Tra,Bulgaria
410,Trakan,Bulgaria
411,Tral Toshets,Bulgaria
412,Tral Toshev,Bulgaria
413,Trala Slatina,Bulgaria
414,Traldzha,Bulgaria
415,Traldzhali,Bulgaria
416,Trazhitsa,Bulgaria
417,Tri,Bulgaria
418,Trizhitsa,Bulgaria
419,Trizhr,Bulgaria
420,Trkzhitsa,Bulgaria
421,Tru,Bulgaria
422,Trukovi Pyasats,Bulgaria
423,Trukovski,Bulgaria
424,Trulovo,Bulgaria
425,Tsa,Bulgaria
426,Tubratsa,Bulgaria
427,Turashotovo,Bulgaria
428,Tza,Bulgaria
429,Ubimets,Bulgaria
430,Ubovo,Bulgaria
431,Ubrat,Bulgaria
432,Ubratsa,Bulgaria
433,Ubratsi,Bulgaria
434,Ubumen,Bulgaria
435,Ubumin,Bulgaria
436,Ubuminli,Bulgaria
437,Ubumovgrad,Bulgaria
438,V Dolni Chiflik,Bulgaria
439,Va Zagoevgradch,Bulgaria
440,Vcitra,Bulgaria
441,Vech,Bulgaria
442,Vem,Bulgaria
443,Vgrad,Bulgaria
444,Vi Pazar,Bulgaria
445,Vich,Bulgaria
446,Vid,Bulgaria
447,Vimhtst,Bulgaria
448,Vishte,Bulgaria
449,Vishtitsa,Bulgaria
450,Vishtov,Bulgaria
451,Vit,Bulgaria
452,Vitsa,Bulgaria
453,Vomay,Bulgaria
454,Vovech,Bulgaria
455,Vovets,Bulgaria
456,Vovo,Bulgaria
457,Vra,Bulgaria
458,Vtra,Bulgaria
459,Vviks Eral Tosh,Bulgaria
460,Vvo,Bulgaria
461,Yadan,Bulgaria
462,Yadanski,Bulgaria
463,Yarkovech,Bulgaria
464,Yski,Bulgaria
465,Yutia,Bulgaria
466,Z Pazanli,Bulgaria
467,Zar,Bulgaria
468,Zavlievo,Bulgaria
469,Zavlikeni,Bulgaria
470,Zbratsa,Bulgaria
471,Zcegrad,Bulgaria
472,Zchim,Bulgaria
473,Zdal,Bulgaria
474,Zdra,Bulgaria
475,Zevgrad,Bulgaria
476,Zha,Bulgaria
477,Zhali,Bulgaria
478,Zhtovo,Bulgaria
479,Zhuse,Bulgaria
480,Zhutra,Bulgaria
481,Zka,Bulgaria
482,Zkitovo,Bulgaria
483,Zkrgshretevgrad,Bulgaria
484,Zligeral Toshet,Bulgaria
485,Znalo,Bulgaria
486,Zomorie,Bulgaria
487,Zpolovgrad,Bulgaria
488,Zprambol,Bulgaria
489,Zpramboliyski,Bulgaria
490,Zra,Bulgaria
491,Zre,Bulgaria
492,Zvoge,Bulgaria
493,Zvra,Bulgaria
494,Zyala Slatograd,Bulgaria
495,Zzallovo,Bulgaria
