,Name,Origin
0, Amouda,Cameroon
1, Bouba,Cameroon
2, Boulai,Cameroon
3, Byba,Cameroon
4, Ebokolodorf,Cameroon
5, Ele,Cameroon
6, Ii,Cameroon
7, Iy,Cameroon
8, Mba,Cameroon
9, Mgamba,Cameroon
10, Mkalmayo,Cameroon
11, Moao,Cameroon
12, Moundo,Cameroon
13,Aban,Cameroon
14,Abandjok,Cameroon
15,Abanga Eboko,Cameroon
16,Abanga Ebolo,Cameroon
17,Abanki,Cameroon
18,Abassi,Cameroon
19,Ader,Cameroon
20,Adoume,Cameroon
21,Afoussam,Cameroon
22,Afoussamba,Cameroon
23,Afousso,Cameroon
24,Afume,Cameroon
25,Agga,Cameroon
26,Agri,Cameroon
27,Ainei,Cameroon
28,Ako,Cameroon
29,Ali,Cameroon
30,Amendjoun,Cameroon
31,Andjou,Cameroon
32,Andjoun,Cameroon
33,Andjoundemba,Cameroon
34,Ang,Cameroon
35,Anga,Cameroon
36,Anga Eboko,Cameroon
37,Anganga,Cameroon
38,Angangte,Cameroon
39,Angmelimako,Cameroon
40,Angue,Cameroon
41,Anjo,Cameroon
42,Anki,Cameroon
43,Ankim,Cameroon
44,Ansoa,Cameroon
45,Anyo,Cameroon
46,Aoon,Cameroon
47,Ari Iko,Cameroon
48,Atoua,Cameroon
49,Atouri,Cameroon
50,Babg,Cameroon
51,Bac,Cameroon
52,Bakiri,Cameroon
53,Bako,Cameroon
54,Bala,Cameroon
55,Bam,Cameroon
56,Ban,Cameroon
57,Bandjou,Cameroon
58,Banga,Cameroon
59,Banga Ebolodorf,Cameroon
60,Bangte,Cameroon
61,Banki,Cameroon
62,Bankim,Cameroon
63,Bassi,Cameroon
64,Bati,Cameroon
65,Baz,Cameroon
66,Bekondo,Cameroon
67,Bekongangue,Cameroon
68,Belaby,Cameroon
69,Belimako,Cameroon
70,Beng,Cameroon
71,Beri,Cameroon
72,Bertoua,Cameroon
73,Beter,Cameroon
74,Betire,Cameroon
75,Betiri,Cameroon
76,Bong,Cameroon
77,Bong Mbala,Cameroon
78,Bonganga,Cameroon
79,Bongsambe,Cameroon
80,Bot,Cameroon
81,Bouda,Cameroon
82,Brtiua,Cameroon
83,Bzo,Cameroon
84,Ch Llary,Cameroon
85,Cha,Cameroon
86,Changa,Cameroon
87,Changa Eboko,Cameroon
88,Chba,Cameroon
89,Chbala,Cameroon
90,Chcnli,Cameroon
91,Che,Cameroon
92,Chellaroua,Cameroon
93,Chhllire,Cameroon
94,Chi,Cameroon
95,Chlel,Cameroon
96,Chlikam,Cameroon
97,Chlima,Cameroon
98,Chlnga,Cameroon
99,Chlolodorf,Cameroon
100,Chollire,Cameroon
101,Cwi,Cameroon
102,Deke,Cameroon
103,Dele,Cameroon
104,Delele,Cameroon
105,Demba,Cameroon
106,Der,Cameroon
107,Dere,Cameroon
108,Dfba,Cameroon
109,Dfo,Cameroon
110,Dikiniko,Cameroon
111,Dikinimeki,Cameroon
112,Djou,Cameroon
113,Dong,Cameroon
114,Dongsam,Cameroon
115,Doua,Cameroon
116,Dzou,Cameroon
117,Ebanga,Cameroon
118,Eibati,Cameroon
119,Eiea,Cameroon
120,Eka,Cameroon
121,Eki,Cameroon
122,Ekondong,Cameroon
123,Ekong Mbalmayo,Cameroon
124,Ekong Mbandjok,Cameroon
125,Ekong Mbandjoun,Cameroon
126,Ekong Mbanki,Cameroon
127,Ekongsamba,Cameroon
128,Ekonoli,Cameroon
129,Ele,Cameroon
130,Elel,Cameroon
131,Elele,Cameroon
132,Elelel,Cameroon
133,Elima,Cameroon
134,Elimako,Cameroon
135,Elo,Cameroon
136,Eme,Cameroon
137,Endjok,Cameroon
138,Endjou,Cameroon
139,Engwi,Cameroon
140,Eri,Cameroon
141,Ertoua,Cameroon
142,Ertouri,Cameroon
143,Etcha,Cameroon
144,Eter,Cameroon
145,Etire,Cameroon
146,Ewi,Cameroon
147,Fang,Cameroon
148,Fchlikam,Cameroon
149,Fel,Cameroon
150,Fele,Cameroon
151,Felel,Cameroon
152,Felele,Cameroon
153,Felima,Cameroon
154,Feng,Cameroon
155,Fenja,Cameroon
156,Fga,Cameroon
157,Fim,Cameroon
158,Fimako,Cameroon
159,Fin,Cameroon
160,Findif,Cameroon
161,Fmelimako,Cameroon
162,Fngle,Cameroon
163,Fonaberi,Cameroon
164,Fong,Cameroon
165,Foussambam,Cameroon
166,Fousso,Cameroon
167,Fume,Cameroon
168,Funder,Cameroon
169,Futengene,Cameroon
170,Fyo,Cameroon
171,Ga Ebolo,Cameroon
172,Gambe,Cameroon
173,Gang,Cameroon
174,Ganga,Cameroon
175,Ganga Eboko,Cameroon
176,Ganganga,Cameroon
177,Gangangmelima,Cameroon
178,Gangangou,Cameroon
179,Gangmelima,Cameroon
180,Gangte,Cameroon
181,Gangue,Cameroon
182,Gdir,Cameroon
183,Gelele,Cameroon
184,Ggou,Cameroon
185,Gin,Cameroon
186,Gindif,Cameroon
187,Giri,Cameroon
188,Giro,Cameroon
189,Gla,Cameroon
190,Gmba,Cameroon
191,Gmelima,Cameroon
192,Gmelimako,Cameroon
193,Gou,Cameroon
194,Goua,Cameroon
195,Gsambati,Cameroon
196,Gso,Cameroon
197,Gtu,Cameroon
198,Gua,Cameroon
199,Gue,Cameroon
200,Gum,Cameroon
201,Guti,Cameroon
202,Gyo,Cameroon
203,Gzo,Cameroon
204,Hollire,Cameroon
205,Ibati,Cameroon
206,Ifindif,Cameroon
207,Iko,Cameroon
208,Ikom,Cameroon
209,Ikom Ii,Cameroon
210,Imbe,Cameroon
211,Imeki,Cameroon
212,Inga,Cameroon
213,Inga Eboko,Cameroon
214,Iokidikiniko,Cameroon
215,Iri,Cameroon
216,Iyo,Cameroon
217,Izon,Cameroon
218,Jbki,Cameroon
219,Jinimeki,Cameroon
220,Jnki,Cameroon
221,Kbe,Cameroon
222,Keibati,Cameroon
223,Keri,Cameroon
224,Kgte,Cameroon
225,Kikiniko,Cameroon
226,Kili,Cameroon
227,Kimbe,Cameroon
228,Kitia,Cameroon
229,Kko,Cameroon
230,Knko,Cameroon
231,Ko ,Cameroon
232,Koga,Cameroon
233,Kogo,Cameroon
234,Kom,Cameroon
235,Kondo,Cameroon
236,Kondong,Cameroon
237,Kong,Cameroon
238,Kong Mbanga,Cameroon
239,Kong Mbanki,Cameroon
240,Konga,Cameroon
241,Konga Ebolodorf,Cameroon
242,Konganga,Cameroon
243,Kongsam,Cameroon
244,Kongsambam,Cameroon
245,Konoli,Cameroon
246,Konolinga,Cameroon
247,Konolinga Eboko,Cameroon
248,Kory,Cameroon
249,Kotengene,Cameroon
250,Kozo,Cameroon
251,Kumbandjok,Cameroon
252,Kyo,Cameroon
253,L Bjounde,Cameroon
254,Lagdo,Cameroon
255,Lei,Cameroon
256,Lel,Cameroon
257,Lima,Cameroon
258,Limako,Cameroon
259,Limbe,Cameroon
260,Linga,Cameroon
261,Linga Eboko,Cameroon
262,Lizang,Cameroon
263,Lizanga,Cameroon
264,Mba,Cameroon
265,Mbanganganga Eb,Cameroon
266,Mbo,Cameroon
267,Mchollire,Cameroon
268,Mde,Cameroon
269,Meiganga Ebolod,Cameroon
270,Meki,Cameroon
271,Meli,Cameroon
272,Melima,Cameroon
273,Melimako,Cameroon
274,Men,Cameroon
275,Mendjok,Cameroon
276,Meri,Cameroon
277,Metiri,Cameroon
278,Mkele,Cameroon
279,Mmbo,Cameroon
280,Mng Mbang,Cameroon
281,Mnkim,Cameroon
282,Mnrtouala,Cameroon
283,Nche,Cameroon
284,Nchollire,Cameroon
285,Ndjok,Cameroon
286,Ndjou,Cameroon
287,Ndjoun,Cameroon
288,Ndjounde,Cameroon
289,Ndjoundere,Cameroon
290,Nga,Cameroon
291,Ngjo,Cameroon
292,Ngmelimako,Cameroon
293,Ngne,Cameroon
294,Ngsam,Cameroon
295,Ngte,Cameroon
296,Nguti,Cameroon
297,Ngze,Cameroon
298,Nibetiri,Cameroon
299,Nji,Cameroon
300,Njo,Cameroon
301,Nkam,Cameroon
302,Nke,Cameroon
303,Nki,Cameroon
304,Nkim,Cameroon
305,Nkotengene,Cameroon
306,Nngo,Cameroon
307,Nnjo,Cameroon
308,Ntcha,Cameroon
309,Ntem,Cameroon
310,Ntimako,Cameroon
311,Nyo,Cameroon
312,Oelabo,Cameroon
313,Oele,Cameroon
314,Og Ib,Cameroon
315,Og Iba,Cameroon
316,Oga,Cameroon
317,Ogli,Cameroon
318,Ogn,Cameroon
319,Ogo,Cameroon
320,Ogri,Cameroon
321,Ogu,Cameroon
322,Ogud,Cameroon
323,Ogusso,Cameroon
324,Oki,Cameroon
325,Oko,Cameroon
326,Oli,Cameroon
327,Ombl,Cameroon
328,Omblm,Cameroon
329,Onaberi,Cameroon
330,Ondo,Cameroon
331,Onfsam,Cameroon
332,Ong,Cameroon
333,Ong Mbala,Cameroon
334,Ong Mbalmayo,Cameroon
335,Ong Mban,Cameroon
336,Ong Mbanga,Cameroon
337,Ong Mbangang,Cameroon
338,Ong Mbankim,Cameroon
339,Onga,Cameroon
340,Onga Eboko,Cameroon
341,Ongangte,Cameroon
342,Ongle,Cameroon
343,Ongsam,Cameroon
344,Ongsambam,Cameroon
345,Ongsambe,Cameroon
346,Onko,Cameroon
347,Onri,Cameroon
348,Onssam,Cameroon
349,Onwi,Cameroon
350,Ori,Cameroon
351,Ose,Cameroon
352,Owi,Cameroon
353,Oyo,Cameroon
354,Ozo,Cameroon
355,Pbli,Cameroon
356,Pllire,Cameroon
357,Poli,Cameroon
358,Polinga,Cameroon
359,Ptli,Cameroon
360,Ribi,Cameroon
361,Rikiniko,Cameroon
362,Rikinimeki,Cameroon
363,Rtoua,Cameroon
364,Rtouala,Cameroon
365,Rtouri,Cameroon
366,Rtourioindif,Cameroon
367,Rtuu,Cameroon
368,Rtuuha,Cameroon
369,Rtuuua,Cameroon
370,Rwi,Cameroon
371,Ryo,Cameroon
372,Saa,Cameroon
373,San,Cameroon
374,Scha,Cameroon
375,Schanga,Cameroon
376,Sei,Cameroon
377,Seka,Cameroon
378,Selabo,Cameroon
379,Ser,Cameroon
380,Sere,Cameroon
381,Sou,Cameroon
382,Ssambe,Cameroon
383,Tcha,Cameroon
384,Tchangte,Cameroon
385,Tei,Cameroon
386,Tekonoli,Cameroon
387,Tem,Cameroon
388,Tengwi,Cameroon
389,Ter,Cameroon
390,Tere,Cameroon
391,Tgo,Cameroon
392,Tha,Cameroon
393,Thoulai,Cameroon
394,Tiko,Cameroon
395,Tima,Cameroon
396,Tinga,Cameroon
397,Tklimako,Cameroon
398,Toua,Cameroon
399,Touri,Cameroon
400,Ttua,Cameroon
401,Tua,Cameroon
402,Tue,Cameroon
403,Tui,Cameroon
404,Tum,Cameroon
405,Tun,Cameroon
406,Tuteng,Cameroon
407,Twi,Cameroon
408,Uei,Cameroon
409,Uele,Cameroon
410,Uelele,Cameroon
411,Uelima,Cameroon
412,Uelimako,Cameroon
413,Ueme,Cameroon
414,Unde,Cameroon
415,Undonga,Cameroon
416,Uti,Cameroon
417,Uyokadoume,Cameroon
418,Wim,Cameroon
419,Wri,Cameroon
420,Ybankim,Cameroon
421,Yeka,Cameroon
422,Ylary,Cameroon
423,Ymba,Cameroon
424,Yngoua,Cameroon
425,Yoka,Cameroon
426,Yokadouma,Cameroon
427,Yokadoumba,Cameroon
428,Yokadoumbo,Cameroon
429,Yokadoumbot,Cameroon
430,Yokadoume,Cameroon
431,Yokadoumen,Cameroon
432,Yri,Cameroon
433,Zengwi,Cameroon
434,Zon,Cameroon
435,Zou,Cameroon
