,Name,Origin
0, Chen,China
1, Cheng,China
2, Cheng Cheng,China
3, Ewkeg,China
4, Ey,China
5, Zhendongningli,China
6,'An,China
7,'Ancang'Anxiang,China
8,'Anshan,China
9,'Anshu,China
10,'Anshunanyin Ch,China
11,'Anxi,China
12,'Anxiang,China
13,'Anxing,China
14,Aba,China
15,Aina,China
16,Ainan,China
17,Aing,China
18,Ancangshui,China
19,Ancangyangsheng,China
20,Anfengguangchen,China
21,Ang,China
22,Anggou,China
23,Angke,China
24,Angmen,China
25,Angsha,China
26,Angyuang,China
27,Anjianshui,China
28,Anzhou,China
29,Aojun,China
30,Aomen,China
31,Bai,China
32,Baishou,China
33,Baishui,China
34,Bang,China
35,Bangchan,China
36,Bangrao,China
37,Bao,China
38,Bozhengzhou,China
39,C'An,China
40,Cgang,China
41,Cha,China
42,Chan,China
43,Chang,China
44,Chen,China
45,Cheng,China
46,Cheng Zhen,China
47,Cheng Zhengguan,China
48,Chengchenyuan,China
49,Chengguangshui,China
50,Chengjiao,China
51,Chengyuangbang,China
52,Chenyuan,China
53,Chenzheng,China
54,Chua,China
55,Chuan,China
56,Chuangchenyuank,China
57,Chuanghe,China
58,Chuankou,China
59,Chuanzhou,China
60,Chunhe,China
61,Ciang,China
62,Diang,China
63,Dianhua,China
64,Dianjiachuangji,China
65,Dong,China
66,Drnnan,China
67,Dsheng Cheng,China
68,Dshu,China
69,Eiba,China
70,Eibao,China
71,Einan,China
72,Eing,China
73,Eiyang,China
74,Eiyangcun,China
75,Eng,China
76,Engguan,China
77,Fangchunhuandu,China
78,Fangshanqu,China
79,Feng,China
80,Feng Cheng,China
81,Fenhe,China
82,G Eiwu,China
83,G Zheng,China
84,Gang,China
85,Gangchen,China
86,Gangpingshang,China
87,Gcha,China
88,Ggou,China
89,Ghai,China
90,Ghe,China
91,Gjiangcheng Che,China
92,Gjinghe,China
93,Gkou,China
94,Gmeng,China
95,Gngcheng,China
96,Gngning,China
97,Gong,China
98,Gpan,China
99,Gping,China
100,Gqu,China
101,Gren,China
102,Gtangchan,China
103,Guan,China
104,Guangpingzhu,China
105,Guo,China
106,Gxi,China
107,Gxiang,China
108,Gyang,China
109,Hagangqingbu,China
110,Hai,China
111,Halai,China
112,Han,China
113,Hanqu,China
114,Haozheng,China
115,Heng,China
116,Heo,China
117,Heoliangshankes,China
118,Heoliu,China
119,Heozheng,China
120,Heozhou,China
121,Heozhoucheng Ch,China
122,Heozhu,China
123,Heozhua,China
124,Heozhuan,China
125,Heozhuanbao,China
126,Hfouo,China
127,Hhi,China
128,Hichunhuan,China
129,Hidongsha,China
130,Hihuangsha,China
131,Hou,China
132,Hua,China
133,Huan,China
134,Huang,China
135,Huangxing,China
136,Hui,China
137,Ian,China
138,Ian Chengchuand,China
139,Iang,China
140,Iang'Anxiangche,China
141,Iangguanshi,China
142,Iangping,China
143,Iangqin,China
144,Ianshi,China
145,Ianzheng,China
146,Iaolou,China
147,Iaoti,China
148,Igaosha,China
149,Ihai,China
150,Ihama,China
151,Ihar,China
152,Ihe,China
153,Ihu,China
154,Ihua,China
155,Ing,China
156,Ingchan,China
157,Ingfeng,China
158,Ingshan,China
159,Innan,China
160,Inshi,China
161,Inyu,China
162,Inzheng,China
163,Iping,China
164,Ipingcun,China
165,Ipinglongzhuan,China
166,Ipingzhai,China
167,Iujia,China
168,Iupu,China
169,Jia,China
170,Jiachenghe,China
171,Jiachuanshan,China
172,Jiachun,China
173,Jiahe,China
174,Jiajian,China
175,Jiajiang,China
176,Jian,China
177,Jian Chefushui,China
178,Jiancheng,China
179,Jiang,China
180,Jiangchen,China
181,Jiangchuanzheng,China
182,Jiangping,China
183,Jiangqingdu,China
184,Jiangsheng,China
185,Jianjiang,China
186,Jianjianta,China
187,Jianjiaowu,China
188,Jianshuo,China
189,Jiantang,China
190,Jianzhou,China
191,Jianzhu,China
192,Jiao,China
193,Jiaozhu,China
194,Jiashui,China
195,Jiatun,China
196,Kou,China
197,Lian,China
198,Lianbo,China
199,Liancheng,China
200,Liang,China
201,Liangdu,China
202,Liangguan,China
203,Liangkou,China
204,Liangxiang,China
205,Lianshili,China
206,Lianshui,China
207,Lianzheng,China
208,Lin,China
209,Ling,China
210,Long'Anshan,China
211,Lou,China
212,Mei,China
213,Men,China
214,Meng,China
215,Menkou,China
216,Ming,China
217,Munmingzuo,China
218,Naa,China
219,Nan,China
220,Nanyang,China
221,Nanyi,China
222,Nanyin,China
223,Nanyu,China
224,Nanyuan,China
225,Nbo,China
226,Ncangkou,China
227,Ncheng Chenggou,China
228,Nchengzhai,China
229,Ndu,China
230,Nghe,China
231,Ngjian,China
232,Ngling,China
233,Ngqu,China
234,Ngtan,China
235,Ngtan Chengjing,China
236,Ngtangshan,China
237,Nhe,China
238,Nhi,China
239,Nhu,China
240,Nhuang,China
241,Nichuangning,China
242,Nihe,China
243,Ning,China
244,Nji,China
245,Njia,China
246,Njiabai,China
247,Njiahe,China
248,Njiajiachun,China
249,Njiancheng,China
250,Njiangjia,China
251,Njiao,China
252,Njiashandan,China
253,Nlianjia,China
254,Nlin,China
255,Nling,China
256,Nliu,China
257,Nn Chefushan,China
258,Nngu,China
259,Npiao,China
260,Nta,China
261,Nyu,China
262,Nyuangkou,China
263,Nzhi,China
264,Ong,China
265,Ongba,China
266,Ongbang,China
267,Ongcun,China
268,Onghe,China
269,Ongji,China
270,Ongqin,China
271,Ongqing,China
272,Ongquan,China
273,Ongquanggang,China
274,Ongquanzhouchen,China
275,Ongrao,China
276,Ongshan,China
277,Ongshandiang,China
278,Ongxianshan,China
279,Ongzhai,China
280,Ongzhou,China
281,Piao,China
282,Ping,China
283,Pingba,China
284,Pingbang,China
285,Pingchuanyi,China
286,Pingfeng,China
287,Pingguan,China
288,Pinghe,China
289,Pinglianjiahe,China
290,Pingshang,China
291,Pingshu,China
292,Pingyang,China
293,Pingyuang,China
294,Pingzuo,China
295,Qiao,China
296,Qiaoji,China
297,Qiaoliu,China
298,Qin,China
299,Qing,China
300,Qingfeng,China
301,Qingguan,China
302,Qinglinghe,China
303,Quan,China
304,Quangpu,China
305,Quanyi,China
306,Ren,China
307,Rnnan,China
308,Rnnghai,China
309,Rnngshangrao,China
310,Rnngu,China
311,Rnniu,China
312,Rnnji,China
313,Sha,China
314,Shahe,China
315,Shan,China
316,Shang,China
317,Shangyang,China
318,Sheng,China
319,Shi,China
320,Shihuan,China
321,Shihuangshan,China
322,Shiqiao,China
323,Shiqiaowu,China
324,Shiqihar,China
325,Shitu,China
326,Shituo,China
327,Shou,China
328,Shu,China
329,Shui,China
330,Shuiao,China
331,Shunhoushu,China
332,Tai,China
333,Tan,China
334,Tan Chen,China
335,Tang,China
336,Tanggangyi,China
337,Tangji,China
338,U'An,China
339,Uan,China
340,Uang,China
341,Uchengyi,China
342,Uengguan,China
343,Uhu,China
344,Uihama,China
345,Uihuangu,China
346,Uirsonghai,China
347,Uitai,China
348,Ujiancheng,China
349,Ujiao,China
350,Ujing,China
351,Uli,China
352,Uling,China
353,Unhou,China
354,Uoshandan,China
355,Uoshanquang,China
356,Uouang,China
357,Ushan,China
358,Uzhou,China
359,Wang,China
360,Wangtai,China
361,Wenzheng,China
362,Widu,China
363,Wilong,China
364,Wngjiang,China
365,Wngou,China
366,Xian,China
367,Xin,China
368,Xing,China
369,Xinghai,China
370,Xinghe,China
371,Xingyuan,China
372,Yan,China
373,Yang,China
374,Yangmei,China
375,Yangshan,China
376,Yanhwanggu,China
377,Yao,China
378,Yaobu,China
379,Yin Cheng,China
380,Yuan,China
381,Yuanbao,China
382,Yuancheng,China
383,Yuang,China
384,Yuankesha,China
385,Zangyuangji,China
386,Zhai,China
387,Zhalai,China
388,Zhaozhou,China
389,Zheng,China
390,Zhengchuan,China
391,Zhenggu,China
392,Zhengguan,China
393,Zhentuan,China
394,Zhenzhu,China
395,Zhong,China
396,Zhongxin,China
397,Zhou,China
398,Zhouchen,China
399,Zhoucheng,China
400,Zhouchenlong,China
401,Zhouling,China
402,Zhua,China
403,Zhuan,China
404,Zhuang,China
405,Zhuang Chen,China
406,Zhuangrao,China
407,Zhuankeshunyin ,China
408,Zhuanzheng,China
409,Zhutan,China
