,Name,Origin
0,-Dihli,Cote d'Ivoire
1,-Edoukoue,Cote d'Ivoire
2,-Edoukrou,Cote d'Ivoire
3,-Endoukou,Cote d'Ivoire
4,-Ipdra,Cote d'Ivoire
5,-Le,Cote d'Ivoire
6,-Lphoro,Cote d'Ivoire
7,-Nyame,Cote d'Ivoire
8,-Pedoukoumodi,Cote d'Ivoire
9,-Pedro,Cote d'Ivoire
10,-Rah,Cote d'Ivoire
11,-Rrhhgou,Cote d'Ivoire
12,-Shdu,Cote d'Ivoire
13,-Yama,Cote d'Ivoire
14,-Yame,Cote d'Ivoire
15,Abekou,Cote d'Ivoire
16,Acand-Lahou,Cote d'Ivoire
17,Acanda,Cote d'Ivoire
18,Aenoula,Cote d'Ivoire
19,Agiankoue,Cote d'Ivoire
20,Aimbokro,Cote d'Ivoire
21,Ake,Cote d'Ivoire
22,Akoupe,Cote d'Ivoire
23,Ale,Cote d'Ivoire
24,Amo,Cote d'Ivoire
25,Anyama,Cote d'Ivoire
26,Anyame,Cote d'Ivoire
27,Aoua,Cote d'Ivoire
28,Aouake,Cote d'Ivoire
29,Aoukoue,Cote d'Ivoire
30,Aoukoupe,Cote d'Ivoire
31,Arrah,Cote d'Ivoire
32,Aue,Cote d'Ivoire
33,Ayama,Cote d'Ivoire
34,Ayame,Cote d'Ivoire
35,B-Ldhoko,Cote d'Ivoire
36,Bcyanane,Cote d'Ivoire
37,Begoe,Cote d'Ivoire
38,Begou,Cote d'Ivoire
39,Begourou,Cote d'Ivoire
40,Bengou,Cote d'Ivoire
41,Bimjo,Cote d'Ivoire
42,Bingerville,Cote d'Ivoire
43,Biville,Cote d'Ivoire
44,Bla,Cote d'Ivoire
45,Ble,Cote d'Ivoire
46,Bndna,Cote d'Ivoire
47,Bnyama,Cote d'Ivoire
48,Bnyame,Cote d'Ivoire
49,Bobo,Cote d'Ivoire
50,Bocand-Lahou,Cote d'Ivoire
51,Bocanda,Cote d'Ivoire
52,Botro,Cote d'Ivoire
53,Bou,Cote d'Ivoire
54,Brrah,Cote d'Ivoire
55,Btnane,Cote d'Ivoire
56,Btro,Cote d'Ivoire
57,Bundiake,Cote d'Ivoire
58,Bville,Cote d'Ivoire
59,Cand-Lahou,Cote d'Ivoire
60,Canda,Cote d'Ivoire
61,Candra,Cote d'Ivoire
62,Ccndiali,Cote d'Ivoire
63,Cengourou,Cote d'Ivoire
64,Cengourouafle,Cote d'Ivoire
65,Cengrela,Cote d'Ivoire
66,Cinde,Cote d'Ivoire
67,Cnyame,Cote d'Ivoire
68,Coua,Cote d'Ivoire
69,Cranda,Cote d'Ivoire
70,Cviali,Cote d'Ivoire
71,Dakksssla,Cote d'Ivoire
72,Dbikjo,Cote d'Ivoire
73,Degkela,Cote d'Ivoire
74,Denoula,Cote d'Ivoire
75,Diake,Cote d'Ivoire
76,Diali,Cote d'Ivoire
77,Divlla,Cote d'Ivoire
78,Divo,Cote d'Ivoire
79,Dkoko,Cote d'Ivoire
80,Dle,Cote d'Ivoire
81,Dmbokrou,Cote d'Ivoire
82,Dnyama,Cote d'Ivoire
83,Dnyame,Cote d'Ivoire
84,Dobo,Cote d'Ivoire
85,Douo,Cote d'Ivoire
86,Dra,Cote d'Ivoire
87,Drrah,Cote d'Ivoire
88,Dyabe,Cote d'Ivoire
89,Eggelv,Cote d'Ivoire
90,Eggovroa,Cote d'Ivoire
91,Egnerouafle,Cote d'Ivoire
92,Egoe,Cote d'Ivoire
93,Egoerou,Cote d'Ivoire
94,Egou,Cote d'Ivoire
95,Egourou,Cote d'Ivoire
96,Egouroua,Cote d'Ivoire
97,Egourouake,Cote d'Ivoire
98,Epe,Cote d'Ivoire
99,Erou,Cote d'Ivoire
100,Eyae,Cote d'Ivoire
101,Eyaeake,Cote d'Ivoire
102,Eyale,Cote d'Ivoire
103,Eyge,Cote d'Ivoire
104,Eyoumodi,Cote d'Ivoire
105,Fale,Cote d'Ivoire
106,Fbokro,Cote d'Ivoire
107,Fdi,Cote d'Ivoire
108,Fivk,Cote d'Ivoire
109,Fla,Cote d'Ivoire
110,Fmikkospe,Cote d'Ivoire
111,Fnyama,Cote d'Ivoire
112,Fnyame,Cote d'Ivoire
113,Fpe,Cote d'Ivoire
114,Fra,Cote d'Ivoire
115,Frrhhgou,Cote d'Ivoire
116,Frrhhgouroua,Cote d'Ivoire
117,Frrkhsou,Cote d'Ivoire
118,Frrkhssale,Cote d'Ivoire
119,Frrkhssand-Laho,Cote d'Ivoire
120,Frrkhssanda,Cote d'Ivoire
121,Fville,Cote d'Ivoire
122,G-Ggov,Cote d'Ivoire
123,Gala,Cote d'Ivoire
124,Gbelg,Cote d'Ivoire
125,Gboville,Cote d'Ivoire
126,Gggnvala,Cote d'Ivoire
127,Gggnvouake,Cote d'Ivoire
128,Giabe,Cote d'Ivoire
129,Giabiajko,Cote d'Ivoire
130,Giagsoa,Cote d'Ivoire
131,Giankono,Cote d'Ivoire
132,Gignoa,Cote d'Ivoire
133,Gle,Cote d'Ivoire
134,Gnyama,Cote d'Ivoire
135,Gnyame,Cote d'Ivoire
136,Grandra,Cote d'Ivoire
137,Gtro,Cote d'Ivoire
138,Gtrvlla,Cote d'Ivoire
139,Hmbikjo,Cote d'Ivoire
140,Hnyama,Cote d'Ivoire
141,Hnyame,Cote d'Ivoire
142,Hrou,Cote d'Ivoire
143,Hrrah,Cote d'Ivoire
144,Hsngne,Cote d'Ivoire
145,I-Sid,Cote d'Ivoire
146,Iankono,Cote d'Ivoire
147,Iegiele,Cote d'Ivoire
148,Iksih,Cote d'Ivoire
149,Ilei,Cote d'Ivoire
150,Ileirerae,Cote d'Ivoire
151,Ilekro,Cote d'Ivoire
152,Imbokro,Cote d'Ivoire
153,Imbokrou,Cote d'Ivoire
154,Imbokroua,Cote d'Ivoire
155,Imbokrouafle,Cote d'Ivoire
156,Imbokrouake,Cote d'Ivoire
157,Imeroua,Cote d'Ivoire
158,Inyema,Cote d'Ivoire
159,Inyymehou,Cote d'Ivoire
160,Inyymekoue,Cote d'Ivoire
161,Inyympe,Cote d'Ivoire
162,Iosid,Cote d'Ivoire
163,Irrihgou,Cote d'Ivoire
164,Irsia,Cote d'Ivoire
165,Issia,Cote d'Ivoire
166,Itiilekro,Cote d'Ivoire
167,Itiilekrou,Cote d'Ivoire
168,Iueioua,Cote d'Ivoire
169,Iuiyerou,Cote d'Ivoire
170,Iville,Cote d'Ivoire
171,Jan,Cote d'Ivoire
172,Jen,Cote d'Ivoire
173,Jia,Cote d'Ivoire
174,Jna,Cote d'Ivoire
175,Jra,Cote d'Ivoire
176,Katiola,Cote d'Ivoire
177,Kbe,Cote d'Ivoire
178,Kegsela,Cote d'Ivoire
179,Kengrela,Cote d'Ivoire
180,Kkuehou,Cote d'Ivoire
181,Knyama,Cote d'Ivoire
182,Knyame,Cote d'Ivoire
183,Kocondougouroua,Cote d'Ivoire
184,Kommakkou,Cote d'Ivoire
185,Korhegourou,Cote d'Ivoire
186,Kou,Cote d'Ivoire
187,Koue,Cote d'Ivoire
188,Kouma,Cote d'Ivoire
189,Koupe,Cote d'Ivoire
190,Krrhhggovroa,Cote d'Ivoire
191,Krrhhgouroua,Cote d'Ivoire
192,Ljro,Cote d'Ivoire
193,Lnyama,Cote d'Ivoire
194,Lpe,Cote d'Ivoire
195,Lperrehgouroua,Cote d'Ivoire
196,Lrroh,Cote d'Ivoire
197,Ltoomo,Cote d'Ivoire
198,Ltro,Cote d'Ivoire
199,Mabikjo,Cote d'Ivoire
200,Mabiojan,Cote d'Ivoire
201,Mali,Cote d'Ivoire
202,Maninyema,Cote d'Ivoire
203,Mankou,Cote d'Ivoire
204,Mbikjo,Cote d'Ivoire
205,Mbikjou,Cote d'Ivoire
206,Mbokro,Cote d'Ivoire
207,Megkela,Cote d'Ivoire
208,Megouroua,Cote d'Ivoire
209,Mengou,Cote d'Ivoire
210,Mhikersedougour,Cote d'Ivoire
211,Midiali,Cote d'Ivoire
212,Mimbokro,Cote d'Ivoire
213,Mmakilekrou,Cote d'Ivoire
214,Mmbikjo,Cote d'Ivoire
215,Mnyame,Cote d'Ivoire
216,Mobi,Cote d'Ivoire
217,Modi,Cote d'Ivoire
218,Moiisso,Cote d'Ivoire
219,Moui,Cote d'Ivoire
220,Mtro,Cote d'Ivoire
221,Muikersedoukrou,Cote d'Ivoire
222,Nyama,Cote d'Ivoire
223,Nyame,Cote d'Ivoire
224,Oame,Cote d'Ivoire
225,Ocanda,Cote d'Ivoire
226,Ocandra,Cote d'Ivoire
227,Oemouiali,Cote d'Ivoire
228,Ofroka,Cote d'Ivoire
229,Ogn,Cote d'Ivoire
230,Omme,Cote d'Ivoire
231,Ondougou,Cote d'Ivoire
232,Ondougourou,Cote d'Ivoire
233,Onyama,Cote d'Ivoire
234,Oou,Cote d'Ivoire
235,Ormedko,Cote d'Ivoire
236,Otro,Cote d'Ivoire
237,Ou-,Cote d'Ivoire
238,Oua,Cote d'Ivoire
239,Ouake,Cote d'Ivoire
240,Ouioekou,Cote d'Ivoire
241,Ouma,Cote d'Ivoire
242,Ouu,Cote d'Ivoire
243,Oville,Cote d'Ivoire
244,Pberou,Cote d'Ivoire
245,Perrehgou,Cote d'Ivoire
246,Perrehgourou,Cote d'Ivoire
247,Pnyama,Cote d'Ivoire
248,Pnyame,Cote d'Ivoire
249,Prrrhhgou,Cote d'Ivoire
250,Pville,Cote d'Ivoire
251,Raedoukoue,Cote d'Ivoire
252,Randa,Cote d'Ivoire
253,Rle,Cote d'Ivoire
254,Rlvala,Cote d'Ivoire
255,Rnyama,Cote d'Ivoire
256,Rnyame,Cote d'Ivoire
257,Rou,Cote d'Ivoire
258,Rrah,Cote d'Ivoire
259,Rrhhgooro,Cote d'Ivoire
260,Rrhhgou,Cote d'Ivoire
261,Rrhhgourou,Cote d'Ivoire
262,Rrrhhgboville,Cote d'Ivoire
263,Rrrhhgiovola,Cote d'Ivoire
264,Rrrhhgo,Cote d'Ivoire
265,Rrrhhgoo,Cote d'Ivoire
266,Rrrhhgooro,Cote d'Ivoire
267,Rrrhhgou,Cote d'Ivoire
268,Rrrhhgourou,Cote d'Ivoire
269,Rrrhhgouroua,Cote d'Ivoire
270,Rrrhhgourouake,Cote d'Ivoire
271,Rtra,Cote d'Ivoire
272,Sbo,Cote d'Ivoire
273,Scanda,Cote d'Ivoire
274,Sgnda,Cote d'Ivoire
275,Ske,Cote d'Ivoire
276,Skn-Pedougourou,Cote d'Ivoire
277,Sknue,Cote d'Ivoire
278,Skrrhhgou,Cote d'Ivoire
279,Snyama,Cote d'Ivoire
280,Snyame,Cote d'Ivoire
281,Srn-Nyamm,Cote d'Ivoire
282,Stro,Cote d'Ivoire
283,Sun-Pedro,Cote d'Ivoire
284,Sviali,Cote d'Ivoire
285,Svouake,Cote d'Ivoire
286,Tanda,Cote d'Ivoire
287,Tandra,Cote d'Ivoire
288,Tille,Cote d'Ivoire
289,Tiola,Cote d'Ivoire
290,Tivl,Cote d'Ivoire
291,Tnane,Cote d'Ivoire
292,Tou,Cote d'Ivoire
293,Trasda,Cote d'Ivoire
294,Trassale,Cote d'Ivoire
295,Tro,Cote d'Ivoire
296,Uanda,Cote d'Ivoire
297,Ube,Cote d'Ivoire
298,Uegoe,Cote d'Ivoire
299,Uegou,Cote d'Ivoire
300,Uegourou,Cote d'Ivoire
301,Uegourouafle,Cote d'Ivoire
302,Uela,Cote d'Ivoire
303,Uenoula,Cote d'Ivoire
304,Ufe,Cote d'Ivoire
305,Ugboville,Cote d'Ivoire
306,Ule,Cote d'Ivoire
307,Uma,Cote d'Ivoire
308,Ume,Cote d'Ivoire
309,Unyame,Cote d'Ivoire
310,Urou,Cote d'Ivoire
311,Urouake,Cote d'Ivoire
312,Use,Cote d'Ivoire
313,Utouma,Cote d'Ivoire
314,Utro,Cote d'Ivoire
315,Uveoope,Cote d'Ivoire
316,Ville,Cote d'Ivoire
317,Vle,Cote d'Ivoire
318,Vnvoua,Cote d'Ivoire
319,Vnvouafle,Cote d'Ivoire
320,Vnvouake,Cote d'Ivoire
321,Vnyvmla,Cote d'Ivoire
322,Vola,Cote d'Ivoire
323,Voua,Cote d'Ivoire
324,Vouafle,Cote d'Ivoire
325,Vouake,Cote d'Ivoire
326,Vuvoua,Cote d'Ivoire
327,Vvoba,Cote d'Ivoire
328,Vvovala,Cote d'Ivoire
329,Vvville,Cote d'Ivoire
330,Vvvola,Cote d'Ivoire
331,Y-Mahioga,Cote d'Ivoire
332,Yabe,Cote d'Ivoire
333,Yae,Cote d'Ivoire
334,Yala,Cote d'Ivoire
335,Yale,Cote d'Ivoire
336,Yama,Cote d'Ivoire
337,Yame,Cote d'Ivoire
338,Yanane,Cote d'Ivoire
339,Yane,Cote d'Ivoire
340,Yape,Cote d'Ivoire
341,Yauake,Cote d'Ivoire
342,Yaue,Cote d'Ivoire
343,Ycamd,Cote d'Ivoire
344,Yema,Cote d'Ivoire
345,Ymmaikoupe,Cote d'Ivoire
346,Ynyama,Cote d'Ivoire
347,Ynyame,Cote d'Ivoire
348,Zbengourouafle,Cote d'Ivoire
349,Zegnebou,Cote d'Ivoire
350,Zegnerou,Cote d'Ivoire
351,Zengou,Cote d'Ivoire
352,Zkou,Cote d'Ivoire
353,Zle,Cote d'Ivoire
354,Zmengourouake,Cote d'Ivoire
355,Znyame,Cote d'Ivoire
356,Zrengrela,Cote d'Ivoire
357,Zyanane,Cote d'Ivoire
