,Name,Origin
0, Ca,Croatia
1, Gorica,Croatia
2, Grad,Croatia
3, Gradiska,Croatia
4, Kambeloka,Croatia
5, Kambelova Gori,Croatia
6, Kambelovar,Croatia
7, Ksmbelovar,Croatia
8, Lovar,Croatia
9, Moru,Croatia
10, Novar,Croatia
11, Orac,Croatia
12, Ssar,Croatia
13, Vor,Croatia
14,-Blovar,Croatia
15,-Gradiska,Croatia
16,-Jarazdin,Croatia
17,-Klatija,Croatia
18,-Kovar,Croatia
19,-La Moru,Croatia
20,-Lova Gradiska,Croatia
21,-Nlatija,Croatia
22,-Olatija,Croatia
23,-Plotei Grad,Croatia
24,Aetrinja,Croatia
25,Alasice,Croatia
26,Astir,Croatia
27,Azdin,Croatia
28,Azec,Croatia
29,Azen,Croatia
30,Azenca,Croatia
31,Azet,Croatia
32,Azin,Croatia
33,B-Ora,Croatia
34,B-Orac,Croatia
35,Balsoce,Croatia
36,Barsko,Croatia
37,Basseel Kambelo,Croatia
38,Beli Manastel K,Croatia
39,Belika Gorica,Croatia
40,Belika Gradiska,Croatia
41,Belisce,Croatia
42,Belova Grad Na ,Croatia
43,Beovarazdin,Croatia
44,Betrinj,Croatia
45,Bgred,Croatia
46,Bin,Croatia
47,Biograd,Croatia
48,Bis,Croatia
49,Bjevac,Croatia
50,Bkovci,Croatia
51,Bkovo,Croatia
52,Blova Gorica,Croatia
53,Bolin,Croatia
54,Bplit,Croatia
55,Bred,Croatia
56,Bulovar,Croatia
57,Buzet,Croatia
58,Bzevci,Croatia
59,C-Grad,Croatia
60,C-Gradiska,Croatia
61,Canic-Grad Na M,Croatia
62,Cdpnstel Stari,Croatia
63,Cgnnja,Croatia
64,Cknit,Croatia
65,Cknnovac,Croatia
66,Clpina,Croatia
67,Clptva,Croatia
68,Cnpova Grad Na ,Croatia
69,Cpina,Croatia
70,Cpntar,Croatia
71,Cpntari,Croatia
72,Cppin,Croatia
73,Cppina,Croatia
74,Cppisak,Croatia
75,Cppoaaski Brod,Croatia
76,Cppovac,Croatia
77,Cpstir,Croatia
78,D Kambelovar,Croatia
79,D Na Io,Croatia
80,D Na Moru,Croatia
81,Dasice,Croatia
82,Dastir,Croatia
83,Dbero,Croatia
84,Dbrovnik,Croatia
85,Dbrrvlnkovo,Croatia
86,Dbrrvnjkvocs,Croatia
87,Dek,Croatia
88,Derr,Croatia
89,Diska,Croatia
90,Dkasgiena,Croatia
91,Dkovaca,Croatia
92,Dlktvci,Croatia
93,Dlktvo,Croatia
94,Dmsllet,Croatia
95,Dnski Brod,Croatia
96,Dnssie,Croatia
97,Dra,Croatia
98,Drenova,Croatia
99,Drenovar,Croatia
100,Dstrana,Croatia
101,Dstranastel Kam,Croatia
102,Dstranastel Nov,Croatia
103,Dstranastel Sta,Croatia
104,Dstranastir,Croatia
105,Dstrebarsko,Croatia
106,Dstrinj,Croatia
107,Dti,Croatia
108,Eelika Gorica,Croatia
109,Ekloce,Croatia
110,El Kambelova Gr,Croatia
111,Ela Moru,Croatia
112,Elakooo,Croatia
113,Elika Gorica,Croatia
114,Elika Grad Na ,Croatia
115,Elk Vc Gradiska,Croatia
116,Elnkatgjniv-Gpa,Croatia
117,Elova,Croatia
118,Elovac,Croatia
119,Elovar,Croatia
120,Enaaminu,Croatia
121,Enkavgniva,Croatia
122,Eolin,Croatia
123,Eplit,Croatia
124,Eslit,Croatia
125,Etlin,Croatia
126,G Manastel Star,Croatia
127,Ganic-Grad,Croatia
128,Gda,Croatia
129,Gdni,Croatia
130,Gdsntet R,Croatia
131,Gdstranastel No,Croatia
132,Gdstranastel St,Croatia
133,Gelakooo,Croatia
134,Gelakova Gorica,Croatia
135,Geniv-Gradiska,Croatia
136,Ggdana,Croatia
137,Ginja,Croatia
138,Gjuagija,Croatia
139,Gkavgnkavgnkvvc,Croatia
140,Gknit,Croatia
141,Glavonski Brod,Croatia
142,Glovar,Croatia
143,Gmar,Croatia
144,Gnavinkovo,Croatia
145,Gnja,Croatia
146,Gnnja,Croatia
147,Godiska,Croatia
148,Gpavine,Croatia
149,Gpavini,Croatia
150,Gpniv-Grad Na M,Croatia
151,Gpniva,Croatia
152,Gprivnik,Croatia
153,Grad,Croatia
154,Grad Na Moru,Croatia
155,Gradiska,Croatia
156,Grud,Croatia
157,Gsari,Croatia
158,Gslavonski Brod,Croatia
159,Gsnie,Croatia
160,Gsnir-Grad,Croatia
161,Gtrinja,Croatia
162,Guaadiska,Croatia
163,Gunja,Croatia
164,I-Anastrana,Croatia
165,Iaapin,Croatia
166,Ija,Croatia
167,Ilanoca,Croatia
168,Ilasice,Croatia
169,Imanastel Star,Croatia
170,Ina,Croatia
171,Inajmopuna,Croatia
172,Inanoca,Croatia
173,Inj,Croatia
174,Inja,Croatia
175,Ioanjovac,Croatia
176,Ipanica,Croatia
177,Isajek,Croatia
178,Isan,Croatia
179,Isine,Croatia
180,Iska,Croatia
181,Izan,Croatia
182,J#Lovac,Croatia
183,J-Grad Na Moru,Croatia
184,Jdstranastrebar,Croatia
185,Jdstrebarsko,Croatia
186,Jelokacg,Croatia
187,Jelova Gorica,Croatia
188,Jgkovci,Croatia
189,Jiska,Croatia
190,Jnkovac,Croatia
191,Jnvaiska,Croatia
192,Jolajo,Croatia
193,Jpstieakisbkevc,Croatia
194,Jrstrebarsko,Croatia
195,Jslatija,Croatia
196,Jsstel Stari,Croatia
197,Jsttrinja,Croatia
198,Julogarazdin,Croatia
199,Jusgela Moru,Croatia
200,Jusgelakocc,Croatia
201,Jusgelakova Gor,Croatia
202,Jusgelakovac,Croatia
203,Jusgelasice,Croatia
204,Jusgelasoeli Ma,Croatia
205,Jusgrrd,Croatia
206,Justel Kambelov,Croatia
207,Justel Nova Gor,Croatia
208,Justel Novar,Croatia
209,Justel Novi,Croatia
210,Justel Stari,Croatia
211,Justir,Croatia
212,Justrana,Croatia
213,Justranastel Ka,Croatia
214,Justrebarsko,Croatia
215,Kastel Stari,Croatia
216,Kazgnca,Croatia
217,Kevci,Croatia
218,Kkapbetar,Croatia
219,Kkatgnnjt,Croatia
220,Klatina,Croatia
221,Klit,Croatia
222,Kloce,Croatia
223,Kmocu,Croatia
224,Knar,Croatia
225,Knit,Croatia
226,Knoov,Croatia
227,Knstir,Croatia
228,Koprivnik,Croatia
229,Kova,Croatia
230,Kovci,Croatia
231,Kovo,Croatia
232,Kpit,Croatia
233,Kpitari,Croatia
234,Krapina,Croatia
235,Ksit,Croatia
236,Ksiteb Ronnkvvc,Croatia
237,Ksiteb Rop,Croatia
238,Ksiteb Ropniv-G,Croatia
239,Ksiteb Ropnivc,Croatia
240,Ksiteb Ror,Croatia
241,Ksiteb Rovnic-G,Croatia
242,Ksiteb Rovnica,Croatia
243,Ksiteb Rovnik,Croatia
244,Ksitej Srari,Croatia
245,Ksiter ,Croatia
246,L Kambelova,Croatia
247,L Novac,Croatia
248,L Star,Croatia
249,L Stari,Croatia
250,Lasic,Croatia
251,Lasice,Croatia
252,Lastel Nova,Croatia
253,Lastir,Croatia
254,Lazin,Croatia
255,Lbbboosi,Croatia
256,Lbbbossice,Croatia
257,Lbbbovar,Croatia
258,Lbbbovo,Croatia
259,Lbbbovsice,Croatia
260,Lbbbrsvo,Croatia
261,Lbbbsorec,Croatia
262,Lbbbsrelova,Croatia
263,Lbbbstranastel ,Croatia
264,Lbbvovsic,Croatia
265,Let,Croatia
266,Lin,Croatia
267,Lisce,Croatia
268,Lja,Croatia
269,Ljbboosi,Croatia
270,Ljbboosic,Croatia
271,Ljeca,Croatia
272,Ljsttli Manasti,Croatia
273,Lksttrinja,Croatia
274,Lmo,Croatia
275,Lnova,Croatia
276,Lnovar,Croatia
277,Lnovi,Croatia
278,Lontjr,Croatia
279,Lova,Croatia
280,Lova Gorica,Croatia
281,Lova Grad,Croatia
282,Lova Grad Na Mo,Croatia
283,Lova Gradiska,Croatia
284,Lovac,Croatia
285,Lovaca,Croatia
286,Lovar,Croatia
287,Lpova Gorica,Croatia
288,Lpovo,Croatia
289,Lsetina,Croatia
290,Lsna,Croatia
291,Lstir,Croatia
292,Luka,Croatia
293,Lun,Croatia
294,Masai,Croatia
295,Mbelova,Croatia
296,Mbelovac,Croatia
297,Mbelovar,Croatia
298,Mela Moru,Croatia
299,Min,Croatia
300,Mko,Croatia
301,Mlouarazdin,Croatia
302,Mmauazin,Croatia
303,Molun,Croatia
304,Moluna,Croatia
305,Moru,Croatia
306,Mplatija,Croatia
307,Msula,Croatia
308,Muka,Croatia
309,Mukavgnija,Croatia
310,N Mana,Croatia
311,N-Lv Mana,Croatia
312,Nal Ovo,Croatia
313,Naloce,Croatia
314,Nalooetrinja,Croatia
315,Nasic,Croatia
316,Nasice,Croatia
317,Nastel Novi,Croatia
318,Nastel Star,Croatia
319,Nastranastel Ka,Croatia
320,Nel,Croatia
321,Ni Mana,Croatia
322,Nisak,Croatia
323,Nisikevci,Croatia
324,Nja,Croatia
325,Nju,Croatia
326,Nkovac,Croatia
327,Nkovaca,Croatia
328,Nkovci,Croatia
329,Nkovo,Croatia
330,Nlit,Croatia
331,Nlova,Croatia
332,Nlova Gorica,Croatia
333,Nlovac,Croatia
334,Nlovar,Croatia
335,Nma,Croatia
336,Nnovac,Croatia
337,Nnovi,Croatia
338,Nolatija,Croatia
339,Nova Grad,Croatia
340,Novac,Croatia
341,Novar,Croatia
342,Novi,Croatia
343,Npova,Croatia
344,Npovo,Croatia
345,Npstel Kambelov,Croatia
346,Nra,Croatia
347,Nsii,Croatia
348,Nssieek,Croatia
349,Nssirekova,Croatia
350,Nssirekova Grad,Croatia
351,Nstir,Croatia
352,Ntrrna,Croatia
353,Nva,Croatia
354,O Ajazai,Croatia
355,Oastel Novi,Croatia
356,Odiska,Croatia
357,Odstrebarsko,Croatia
358,Oiajasar,Croatia
359,Oka,Croatia
360,Olatija,Croatia
361,Olatina,Croatia
362,Olovac,Croatia
363,Olovar,Croatia
364,Olpnvat,Croatia
365,Onaa,Croatia
366,Onajmasar,Croatia
367,Ono,Croatia
368,Oplit,Croatia
369,Opovar,Croatia
370,Opovo,Croatia
371,Oprivnic-Grad ,Croatia
372,Orec,Croatia
373,Osa,Croatia
374,Osijek,Croatia
375,Osijeka,Croatia
376,Oupitar,Croatia
377,P Grad,Croatia
378,Pari,Croatia
379,Pasic,Croatia
380,Pasice,Croatia
381,Pbred,Croatia
382,Pd Na Moru,Croatia
383,Pdstranastel Ka,Croatia
384,Petaiic,Croatia
385,Petari,Croatia
386,Pgnar,Croatia
387,Pgvar,Croatia
388,Pin,Croatia
389,Pizenca,Croatia
390,Pjnovaca,Croatia
391,Pkovac,Croatia
392,Pkovci,Croatia
393,Pkovo,Croatia
394,Ploce,Croatia
395,Plorica,Croatia
396,Plotari,Croatia
397,Plotei Grad,Croatia
398,Plotei Grad Na ,Croatia
399,Plotei Gradiska,Croatia
400,Plotei Kambelov,Croatia
401,Plotei Mana,Croatia
402,Ploter ,Croatia
403,Ploter Gorica,Croatia
404,Plteb Rop,Croatia
405,Pnovac,Croatia
406,Pnovaca,Croatia
407,Pnovar,Croatia
408,Pnovi,Croatia
409,Popovo,Croatia
410,Porec,Croatia
411,Posajek,Croatia
412,Pova,Croatia
413,Pova Grad Na Mo,Croatia
414,Povac,Croatia
415,Povar,Croatia
416,Povo,Croatia
417,Ppovo,Croatia
418,Prasic,Croatia
419,Prec,Croatia
420,Presic,Croatia
421,Presice,Croatia
422,Privnic-Grad,Croatia
423,Pstari,Croatia
424,Pstir,Croatia
425,Pstranastranast,Croatia
426,Pstrebarsko,Croatia
427,Pstrinj,Croatia
428,Pzdin,Croatia
429,Pzntrrbansci,Croatia
430,R-Gradiska,Croatia
431,Razdin,Croatia
432,Razin,Croatia
433,Rebarsko,Croatia
434,Rekovo,Croatia
435,Relovar,Croatia
436,Resic,Croatia
437,Rgjevaca,Croatia
438,Rijek,Croatia
439,Rijeka,Croatia
440,Risnjevaca,Croatia
441,Rjee,Croatia
442,Rjeea Grad,Croatia
443,Rjeealio,Croatia
444,Rjelova,Croatia
445,Rjelovar,Croatia
446,Rju,Croatia
447,Rla,Croatia
448,Roa,Croatia
449,Rpelika Grad Na,Croatia
450,Rpovo,Croatia
451,Rred,Croatia
452,Rselika Grad,Croatia
453,Rsie,Croatia
454,Rsjelova Gorica,Croatia
455,Rsko,Croatia
456,Rspolovar,Croatia
457,Runagmoru,Croatia
458,Rvd Na Moru,Croatia
459,Rveniv-Grad,Croatia
460,Rzddnski Brod,Croatia
461,Rzenca,Croatia
462,Rzpprivnica,Croatia
463,S#Repina,Croatia
464,Salic,Croatia
465,Salica,Croatia
466,Sar,Croatia
467,Sbelovac,Croatia
468,Sce,Croatia
469,Sdel,Croatia
470,Selika Gorica,Croatia
471,Setei Sralic,Croatia
472,Sglavonski Brod,Croatia
473,Sic,Croatia
474,Sice,Croatia
475,Sinek,Croatia
476,Sjalasic,Croatia
477,Sjalasice,Croatia
478,Sjarazdin,Croatia
479,Sjelova,Croatia
480,Ska,Croatia
481,Ske,Croatia
482,Skeltka Gorica,Croatia
483,Skeltkovar,Croatia
484,Sklvce,Croatia
485,Sko,Croatia
486,Skrapina,Croatia
487,Slatija,Croatia
488,Slatina,Croatia
489,Slavonski Brod,Croatia
490,Slbbboosi,Croatia
491,Slo,Croatia
492,Smel,Croatia
493,Smlanoca,Croatia
494,Snar,Croatia
495,Snel,Croatia
496,Sneli Mana,Croatia
497,Snlatija,Croatia
498,Sno,Croatia
499,Sntar,Croatia
500,Spelova Gorica,Croatia
501,Spkenovac,Croatia
502,Splet,Croatia
503,Split,Croatia
504,Ssli Mana,Croatia
505,Sslic,Croatia
506,Ssliec,Croatia
507,Ssnlevaca,Croatia
508,Stel Star,Croatia
509,Strana,Croatia
510,Stranastir,Croatia
511,Strebarsko,Croatia
512,Strej,Croatia
513,T Nja,Croatia
514,T#Nnja,Croatia
515,Tanjc,Croatia
516,Tdin,Croatia
517,Tgnja,Croatia
518,Tnjja,Croatia
519,Tnjjva,Croatia
520,Tpnja,Croatia
521,Trinja,Croatia
522,Tsnjevac,Croatia
523,Tvn Ia Gradin,Croatia
524,Uastrebarsko,Croatia
525,Ubagica,Croatia
526,Uca,Croatia
527,Uelgvar,Croatia
528,Uka,Croatia
529,Ukastel Kambelo,Croatia
530,Ukova,Croatia
531,Ukovac,Croatia
532,Ukovar,Croatia
533,Ukovci,Croatia
534,Ukovo,Croatia
535,Ulagora,Croatia
536,Ulagorac,Croatia
537,Ulazin,Croatia
538,Unaa,Croatia
539,Unaamazanica,Croatia
540,Unaatija,Croatia
541,Upari,Croatia
542,Usag,Croatia
543,Usagica,Croatia
544,Usar,Croatia
545,Uzad,Croatia
546,V#Ka Gorica,Croatia
547,V#Lpova Gorica,Croatia
548,Vac,Croatia
549,Valic,Croatia
550,Vclptatina,Croatia
551,Vdrrnjvvnkovo,Croatia
552,Vinkovo,Croatia
553,Vkrapin,Croatia
554,Vla,Croatia
555,Vlanoca,Croatia
556,Vlbeborsce,Croatia
557,Vlopaiska,Croatia
558,Vlopari,Croatia
559,Vlova Gorica,Croatia
560,Vnkovar,Croatia
561,Vnlatija,Croatia
562,Vplit,Croatia
563,Vpresice,Croatia
564,Vsine,Croatia
565,Vski Brod,Croatia
566,Vskkvoc,Croatia
567,Vtnij-Grad,Croatia
568,Vtnkovo,Croatia
569,Vupatina,Croatia
570,Zapresic,Croatia
571,Zapresice,Croatia
572,Zbansce,Croatia
573,Zbansci,Croatia
574,Zbpntar,Croatia
575,Zdenra,Croatia
576,Zdin,Croatia
577,Zen,Croatia
578,Zepci,Croatia
579,Zet,Croatia
580,Zgnnja,Croatia
581,Zin,Croatia
582,Ziprovnik,Croatia
583,Znica,Croatia
584,Zpeniva,Croatia
585,Zpenova,Croatia
586,Zpin,Croatia
587,Zpina,Croatia
588,Zpovo,Croatia
589,Zpprasic,Croatia
590,Zpprasice,Croatia
591,Zpprivnic-Gradi,Croatia
592,Zpprivnica,Croatia
593,Zpprivnik,Croatia
594,Zpprovnica,Croatia
595,Zpprvsnkevac,Croatia
596,Zrenova,Croatia
597,Zrenova Grad N,Croatia
598,Zrenovar,Croatia
599,Zsice,Croatia
600,Zspresic,Croatia
601,Zspresice,Croatia
602,Zun,Croatia
603,Zzec,Croatia
604,Zzen,Croatia
605,Zzenca,Croatia
