,Name,Origin
0, Ablod,Czech Republic
1, Bram,Czech Republic
2, Chlabi,Czech Republic
3, Hcadlonec,Czech Republic
4, Hora,Czech Republic
5, Horany,Czech Republic
6, Hvletov,Czech Republic
7, Mnrachovice,Czech Republic
8, Mradedem,Czech Republic
9, Npsstek,Czech Republic
10, Orebechovo Hra,Czech Republic
11, Pod Horice,Czech Republic
12, Pod Pradec,Czech Republic
13, Radec,Czech Republic
14, Radhoste,Czech Republic
15, Skalice,Czech Republic
16,-Ermchatice,Czech Republic
17,-Ov,Czech Republic
18,-Ovosice Pod Ra,Czech Republic
19,-Stare Mesto,Czech Republic
20,-Zns Aavou,Czech Republic
21,A Nad Sazavou,Czech Republic
22,A Trebon,Czech Republic
23,Aba Boleslav,Czech Republic
24,Aba Boleslavkov,Czech Republic
25,Abem,Czech Republic
26,Abom,Czech Republic
27,Abov,Czech Republic
28,Abrod,Czech Republic
29,Achatice,Czech Republic
30,Achov,Czech Republic
31,Aclod,Czech Republic
32,Agternberk,Czech Republic
33,Ague,Czech Republic
34,Ajdvkov U Brod,Czech Republic
35,Alhovosice,Czech Republic
36,Alov,Czech Republic
37,Alssvedem,Czech Republic
38,Amon,Czech Republic
39,Ani,Czech Republic
40,Ant,Czech Republic
41,Any,Czech Republic
42,Ao Nod,Czech Republic
43,Aomnra,Czech Republic
44,Aostraseci,Czech Republic
45,Aostribro,Czech Republic
46,Aphostyne,Czech Republic
47,Ara Boleslav,Czech Republic
48,Ara Bolesov,Czech Republic
49,Ara Bor,Czech Republic
50,Arice Pod Hoste,Czech Republic
51,Arice Pod Prade,Czech Republic
52,Arichov,Czech Republic
53,Arichuv Hradist,Czech Republic
54,Arokycany,Czech Republic
55,Aromerice,Czech Republic
56,Arsmerice,Czech Republic
57,Arvinou,Czech Republic
58,Asov,Czech Republic
59,Av Sazavou,Czech Republic
60,Avice Pod Ultnt,Czech Republic
61,Avou,Czech Republic
62,Avska Trebon,Czech Republic
63,Avsttahecsyni,Czech Republic
64,Avsttraseci,Czech Republic
65,Ayskov,Czech Republic
66,Azgovice,Czech Republic
67,Bany,Czech Republic
68,Bclduv,Czech Republic
69,Bely,Czech Republic
70,Bem,Czech Republic
71,Bem-Stara Boles,Czech Republic
72,Bem-Stara Bor,Czech Republic
73,Bem-Stare Mesto,Czech Republic
74,Berk,Czech Republic
75,Bir,Czech Republic
76,Blonec,Czech Republic
77,Blstvinou,Czech Republic
78,Bnin,Czech Republic
79,Boh,Czech Republic
80,Boo,Czech Republic
81,Bor,Czech Republic
82,Bram,Czech Republic
83,Brandys Nad Saz,Czech Republic
84,Bro,Czech Republic
85,Bystravska Skal,Czech Republic
86,Cchovosice,Czech Republic
87,Ceb,Czech Republic
88,Cec,Czech Republic
89,Cel,Czech Republic
90,Cen,Czech Republic
91,Cep,Czech Republic
92,Chlabi,Czech Republic
93,Chocen,Czech Republic
94,Chod,Czech Republic
95,Chodonin,Czech Republic
96,Chodov,Czech Republic
97,Chov,Czech Republic
98,Chovice,Czech Republic
99,Chovice Pod Hos,Czech Republic
100,Chovice Pod Ost,Czech Republic
101,Chovice Pod Pra,Czech Republic
102,Chovici,Czech Republic
103,Chovicin,Czech Republic
104,Chovo Hradec,Czech Republic
105,Chovo Hradedem,Czech Republic
106,Chovo Hradiste,Czech Republic
107,Chovo Hradistej,Czech Republic
108,Chovo Hradistem,Czech Republic
109,Chovosice,Czech Republic
110,Chovosice Pod H,Czech Republic
111,Cin,Czech Republic
112,Clod,Czech Republic
113,Cosko,Czech Republic
114,Cpod Prague,Czech Republic
115,Csravou,Czech Republic
116,Dceska Skalice,Czech Republic
117,Dceska Trebova,Czech Republic
118,Dckraluv Hraded,Czech Republic
119,Dctrynlud Nad C,Czech Republic
120,Dec,Czech Republic
121,Dichuv Hradedem,Czech Republic
122,Djicin,Czech Republic
123,Dkkrou,Czech Republic
124,Dlany,Czech Republic
125,Dnice,Czech Republic
126,Dobrany,Czech Republic
127,Dobro,Czech Republic
128,Dolisou,Czech Republic
129,Drice,Czech Republic
130,Duchcov,Czech Republic
131,Dyr Nad Vltavou,Czech Republic
132,Ebechodonin,Czech Republic
133,Ebem-Stare Mest,Czech Republic
134,Ebic,Czech Republic
135,Ebova,Czech Republic
136,Ec Nad Cidlinov,Czech Republic
137,Ece,Czech Republic
138,Echovo Hradec,Czech Republic
139,Echyne,Czech Republic
140,Ecj,Czech Republic
141,Eclav,Czech Republic
142,Edonin,Czech Republic
143,Ejdek,Czech Republic
144,Ejdek-Miste,Czech Republic
145,Ejdek-Mistejov,Czech Republic
146,Ejlavkov U Brod,Czech Republic
147,Ejov,Czech Republic
148,Ekou Nad Orebic,Czech Republic
149,Ekou Prd Nad Ji,Czech Republic
150,Ekou Yrek,Czech Republic
151,Eks-,Czech Republic
152,Eks-Ov,Czech Republic
153,Eksa,Czech Republic
154,Ekst,Czech Republic
155,Eksy,Czech Republic
156,Elezny Boleslav,Czech Republic
157,Elezny Brod,Czech Republic
158,Elezny Bydzov,Czech Republic
159,Elnice,Czech Republic
160,Elnichodov,Czech Republic
161,Eostrichuv Brna,Czech Republic
162,Eplice,Czech Republic
163,Eplice Pod Prag,Czech Republic
164,Eplickuv Brod,Czech Republic
165,Epos Horice,Czech Republic
166,Epos Hradedem,Czech Republic
167,Erb,Czech Republic
168,Erculenou,Czech Republic
169,Erk,Czech Republic
170,Erpbd Hor,Czech Republic
171,Eseli Nad Vltav,Czech Republic
172,Eslav,Czech Republic
173,Eslavkov U Brna,Czech Republic
174,Esstejov,Czech Republic
175,Esstem,Czech Republic
176,Fyydrachovice,Czech Republic
177,Gau Prd Orov,Czech Republic
178,Goui,Czech Republic
179,Gte Nad Sazavou,Czech Republic
180,Gtec,Czech Republic
181,Gtec Nad Labem-,Czech Republic
182,Gtec Nad Vltavo,Czech Republic
183,Gtechov,Czech Republic
184,Gten,Czech Republic
185,Gternberk,Czech Republic
186,Gtrckla,Czech Republic
187,Gtumec Nad Mora,Czech Republic
188,Hedonin,Czech Republic
189,Helezny Brna,Czech Republic
190,Helezny Brod,Czech Republic
191,Hemste,Czech Republic
192,Hlibor,Czech Republic
193,Hodov,Czech Republic
194,Holov,Czech Republic
195,Homov,Czech Republic
196,Horovice,Czech Republic
197,Hov,Czech Republic
198,Hovice,Czech Republic
199,Hovicin,Czech Republic
200,Hovosice,Czech Republic
201,Hronov,Czech Republic
202,Hslinou,Czech Republic
203,Hydek,Czech Republic
204,Imlnou,Czech Republic
205,Imon,Czech Republic
206,Imov,Czech Republic
207,Jbrany,Czech Republic
208,Jbro,Czech Republic
209,Jcrod,Czech Republic
210,Jcrov,Czech Republic
211,Jd Kadtlvvicin,Czech Republic
212,Jd Kos,Czech Republic
213,Jdek-Mistejov,Czech Republic
214,Jdek-Mistem,Czech Republic
215,Jdokf,Czech Republic
216,Jdrkchovice,Czech Republic
217,Jdzov,Czech Republic
218,Jerk,Czech Republic
219,Jgte Ntdov,Czech Republic
220,Jgtec,Czech Republic
221,Jgternberk,Czech Republic
222,Jgtumec Nad Ore,Czech Republic
223,Jlrbno Pod Ostr,Czech Republic
224,Jnvksvancice,Czech Republic
225,Jorekst,Czech Republic
226,Jov,Czech Republic
227,Jura,Czech Republic
228,K Moravice,Czech Republic
229,Ka Trebem-Stare,Czech Republic
230,Ka Trebon,Czech Republic
231,Kbo,Czech Republic
232,Kcou,Czech Republic
233,Ke Klobouky,Czech Republic
234,Kernberk,Czech Republic
235,Kjavkovice Pod ,Czech Republic
236,Kko,Czech Republic
237,Klabi,Czech Republic
238,Knark Ntd,Czech Republic
239,Knv Nad Labem-S,Czech Republic
240,Kov,Czech Republic
241,Kov U Brna,Czech Republic
242,Kov U Brod,Czech Republic
243,Kov U Brou,Czech Republic
244,Kov U Broumov,Czech Republic
245,Kov U Broun,Czech Republic
246,Kovice,Czech Republic
247,Kovice Pod Oreb,Czech Republic
248,Kovice Pod Radh,Czech Republic
249,Kovici,Czech Republic
250,Kovicin,Czech Republic
251,Kra-Hvllant Nad,Czech Republic
252,Kriurenstat Pod,Czech Republic
253,Kvlice,Czech Republic
254,Ky Bydzov,Czech Republic
255,La Nad Jici,Czech Republic
256,Labndcin,Czech Republic
257,Lanskroun,Czech Republic
258,Lant,Czech Republic
259,Lant Nad Cidlin,Czech Republic
260,Lant Nad Labem-,Czech Republic
261,Lant Nad Vltavo,Czech Republic
262,Lany,Czech Republic
263,Lara Bolesov,Czech Republic
264,Lara Bor,Czech Republic
265,Lark N,Czech Republic
266,Lav,Czech Republic
267,Lavkovice,Czech Republic
268,Lhov,Czech Republic
269,Lhovici,Czech Republic
270,Lhovo Hradiste,Czech Republic
271,Lhovosice,Czech Republic
272,Libor,Czech Republic
273,Lice,Czech Republic
274,Lim,Czech Republic
275,Limov,Czech Republic
276,Lkovice,Czech Republic
277,Lovosice,Czech Republic
278,Ltavou,Czech Republic
279,Ltesna,Czech Republic
280,Ltov,Czech Republic
281,Ltvosice,Czech Republic
282,Ltvov,Czech Republic
283,Lud Hbro,Czech Republic
284,Luv Brod,Czech Republic
285,Mano,Czech Republic
286,Mcnice,Czech Republic
287,Mebic,Czech Republic
288,Mej,Czech Republic
289,Mejin,Czech Republic
290,Mejinku,Czech Republic
291,Meminov,Czech Republic
292,Menice,Czech Republic
293,Menichuv Hradis,Czech Republic
294,Mer,Czech Republic
295,Merice,Czech Republic
296,Merichuv Hradec,Czech Republic
297,Morare Mesto,Czech Republic
298,Mov,Czech Republic
299,Mperk,Czech Republic
300,Mrnod,Czech Republic
301,Mum,Czech Republic
302,Mvvinou,Czech Republic
303,Ncice,Czech Republic
304,Ndys Nad Morava,Czech Republic
305,Nec,Czech Republic
306,Nec Nad Sazavou,Czech Republic
307,Nejdek,Czech Republic
308,Nejdek-Miste,Czech Republic
309,Nejdek-Mistejov,Czech Republic
310,Nejdek-Mistek,Czech Republic
311,Nice,Czech Republic
312,Nice Pod Orebon,Czech Republic
313,Nichovosice,Czech Republic
314,Nico,Czech Republic
315,Nrece,Czech Republic
316,Ntchovosice,Czech Republic
317,Ntchvald,Czech Republic
318,Ntysek,Czech Republic
319,Nuz,Czech Republic
320,Oarov,Czech Republic
321,Obouky,Czech Republic
322,Ochovice,Czech Republic
323,Ojd Nad Cidlin,Czech Republic
324,Okolov,Czech Republic
325,Okov,Czech Republic
326,Okov U Brna,Czech Republic
327,Okov U Brod,Czech Republic
328,Okovice,Czech Republic
329,Okovice Pod Rad,Czech Republic
330,Okovici,Czech Republic
331,Onichov,Czech Republic
332,Oorob,Czech Republic
333,Oorov,Czech Republic
334,Opor Nad Cidlin,Czech Republic
335,Opor Nad Vltavo,Czech Republic
336,Orare Mesto,Czech Republic
337,Orbro,Czech Republic
338,Orrokov U Brod,Czech Republic
339,Ostrava,Czech Republic
340,Ostravice,Czech Republic
341,Ostravici,Czech Republic
342,Ostrichuv Brna,Czech Republic
343,Pchovice,Czech Republic
344,Pelhrimov,Czech Republic
345,Plachov,Czech Republic
346,Pllany,Czech Republic
347,Pllnec Nad Jici,Czech Republic
348,Ploste,Czech Republic
349,Plostejov,Czech Republic
350,Plostek,Czech Republic
351,Plostynem,Czech Republic
352,Plrbulhnice,Czech Republic
353,Poc Nad Labem,Czech Republic
354,Pod Hora,Czech Republic
355,Pod Horazgovice,Czech Republic
356,Pod Horice,Czech Republic
357,Pod Hostem,Czech Republic
358,Pod Orebem-Star,Czech Republic
359,Pod Orebon,Czech Republic
360,Pod Orebova,Czech Republic
361,Pod Pradedem,Czech Republic
362,Pod Radhoste,Czech Republic
363,Polor,Czech Republic
364,Pov U Brna,Czech Republic
365,Pov U Brod,Czech Republic
366,Pov U Broumov,Czech Republic
367,Psibor,Czech Republic
368,R-Miste,Czech Republic
369,R-Taa Nad Vltav,Czech Republic
370,Rachodov,Czech Republic
371,Rachovice,Czech Republic
372,Rajedov,Czech Republic
373,Rakeplice,Czech Republic
374,Ram,Czech Republic
375,Rany,Czech Republic
376,Raoice,Czech Republic
377,Rarice,Czech Republic
378,Rava,Czech Republic
379,Ravou,Czech Republic
380,Ravska Trebic,Czech Republic
381,Raysky Bydzov,Czech Republic
382,Razgovice,Czech Republic
383,Razgovicin,Czech Republic
384,Rcem,Czech Republic
385,Rchlabi,Czech Republic
386,Rcice,Czech Republic
387,Rckdalasske Hra,Czech Republic
388,Rebon,Czech Republic
389,Rebova,Czech Republic
390,Rejov,Czech Republic
391,Rem,Czech Republic
392,Reminou,Czech Republic
393,Remova,Czech Republic
394,Rerechovice Pod,Czech Republic
395,Reseli Nad Niso,Czech Republic
396,Reseli Nad Vlta,Czech Republic
397,Resste,Czech Republic
398,Rgtd Lov,Czech Republic
399,Rgue,Czech Republic
400,Rgul,Czech Republic
401,Rgulin,Czech Republic
402,Rimon,Czech Republic
403,Rimov,Czech Republic
404,Rkchod,Czech Republic
405,Rkkk Tteblany,Czech Republic
406,Rkou Nad Vltavo,Czech Republic
407,Rkovice,Czech Republic
408,Rkzhvolis,Czech Republic
409,Rnesste,Czech Republic
410,Rntayskroun,Czech Republic
411,Rob,Czech Republic
412,Roeseli Nad Jic,Czech Republic
413,Rokolov,Czech Republic
414,Rolov,Czech Republic
415,Roorovice,Czech Republic
416,Rov,Czech Republic
417,Rrchynem,Czech Republic
418,Rtchvald,Czech Republic
419,Rtraseci,Czech Republic
420,Rynem,Czech Republic
421,Rzerou,Czech Republic
422,Sce,Czech Republic
423,Sek,Czech Republic
424,Sgar Nad Vltavo,Czech Republic
425,Sherice,Czech Republic
426,Skelhronov,Czech Republic
427,Skolov,Czech Republic
428,Skovice,Czech Republic
429,Slav,Czech Republic
430,Sna,Czech Republic
431,Soerou,Czech Republic
432,Ste,Czech Republic
433,Stejov,Czech Republic
434,Stek,Czech Republic
435,Stem,Czech Republic
436,Suazkvoliska Sk,Czech Republic
437,Syek,Czech Republic
438,T Brod,Czech Republic
439,Ta Peahlomerice,Czech Republic
440,Tara Boleslavko,Czech Republic
441,Tare Mesto,Czech Republic
442,Tbely,Czech Republic
443,Tberk,Czech Republic
444,Tcen,Czech Republic
445,Te Nad Nisou,Czech Republic
446,Te Nad Vltavou,Czech Republic
447,Teh,Czech Republic
448,Tejov,Czech Republic
449,Tek,Czech Republic
450,Telc,Czech Republic
451,Telnice,Czech Republic
452,Tem,Czech Republic
453,Tga  Mora,Czech Republic
454,Tgerichovo Hrad,Czech Republic
455,Thelezny Boleso,Czech Republic
456,Thoste,Czech Republic
457,Thov,Czech Republic
458,Thrdolivov,Czech Republic
459,Tim,Czech Republic
460,Tleblany,Czech Republic
461,Tlebon,Czech Republic
462,Tmon,Czech Republic
463,Tmov,Czech Republic
464,Tnice,Czech Republic
465,Tok,Czech Republic
466,Tokycany,Czech Republic
467,Torazgovice,Czech Republic
468,Tosfydek-Miste,Czech Republic
469,Tpo ,Czech Republic
470,Tpo  Radiste,Czech Republic
471,Tpov U Brod,Czech Republic
472,Tramhnrichov,Czech Republic
473,Traseci,Czech Republic
474,Trava,Czech Republic
475,Travice,Czech Republic
476,Travice Pod Rad,Czech Republic
477,Travou,Czech Republic
478,Travska Kamenic,Czech Republic
479,Travska Trebic,Czech Republic
480,Travska Trebon,Czech Republic
481,Travska Trebova,Czech Republic
482,Trebem-Stara Bo,Czech Republic
483,Trebic,Czech Republic
484,Trebova,Czech Republic
485,Tribor,Czech Republic
486,Tribram,Czech Republic
487,Tribrany,Czech Republic
488,Trice,Czech Republic
489,Trichuv Hradec,Czech Republic
490,Trinec,Czech Republic
491,Trinec Nad Saza,Czech Republic
492,Trokolov,Czech Republic
493,Trokovice,Czech Republic
494,Trokovici,Czech Republic
495,Ttrebem,Czech Republic
496,Tucechynem,Czech Republic
497,Tuke-Ezny Boles,Czech Republic
498,Tuke-Ezny Broun,Czech Republic
499,Tulenla,Czech Republic
500,Tvina,Czech Republic
501,Uchcov,Czech Republic
502,Uchcovice,Czech Republic
503,Uchcovice Pod O,Czech Republic
504,Uchcovici,Czech Republic
505,Umacovice,Czech Republic
506,Umec Nad Sazavo,Czech Republic
507,Umec Nad Vltavo,Czech Republic
508,Umov,Czech Republic
509,Vald,Czech Republic
510,Vancice Pod Ost,Czech Republic
511,Vblant Nad Cidl,Czech Republic
512,Vcen,Czech Republic
513,Vcet,Czech Republic
514,Vchatice,Czech Republic
515,Vchovice,Czech Republic
516,Vchvald,Czech Republic
517,Ve Stribro,Czech Republic
518,Velezny Bor,Czech Republic
519,Velezny Brod,Czech Republic
520,Velezny Bydzov,Czech Republic
521,Vice,Czech Republic
522,Vimperk,Czech Republic
523,Vina,Czech Republic
524,Vinou,Czech Republic
525,Vinov,Czech Republic
526,Vlstnice,Czech Republic
527,Vornberk,Czech Republic
528,Vosice,Czech Republic
529,Vov,Czech Republic
530,Vpla Nad Sazavo,Czech Republic
531,Vulav,Czech Republic
532,Y Boleslav,Czech Republic
533,Ycen,Czech Republic
534,Ychvald,Czech Republic
535,Ymcrnvslav,Czech Republic
536,Yna,Czech Republic
537,Yne,Czech Republic
538,Yno,Czech Republic
539,Zerou,Czech Republic
540,Zeroun,Czech Republic
541,Zgesice,Czech Republic
542,Zgovice,Czech Republic
543,Zgovicin,Czech Republic
544,Zov,Czech Republic
545,Zrimov,Czech Republic
546,Zrinec Nad Saza,Czech Republic
547,Zyno,Czech Republic
