,Name,Origin
0,  Jarlottenlund,Denmark
1, Bjerg,Denmark
2, Cllobe,Denmark
3, Cllrndnstruer,Denmark
4, Ej,Denmark
5, Eltoft,Denmark
6, Fals,Denmark
7, Falsted,Denmark
8, Falt,Denmark
9, Felse,Denmark
10, Felsing,Denmark
11, Hals,Denmark
12, Hlltnftrteh,Denmark
13, Hlltrup,Denmark
14, Hollund,Denmark
15, Hollunderiksva,Denmark
16, Jarlotge,Denmark
17, Jarlottenlund,Denmark
18, Jorrindsted,Denmark
19, Landestebro,Denmark
20, Lotten,Denmark
21, Sale,Denmark
22, Sjaellanderiks,Denmark
23, Sjaellebaek,Denmark
24, Sjaelling,Denmark
25, Sjaelse,Denmark
26, Slagelsing,Denmark
27, Slagen,Denmark
28, Sorod,Denmark
29,Aderborg,Denmark
30,Aelskov,Denmark
31,Aillerod,Denmark
32,Aisger,Denmark
33,Aklkbbent,Denmark
34,Aklkobing,Denmark
35,Allebaek,Denmark
36,Alling,Denmark
37,Alov,Denmark
38,Alsted,Denmark
39,Alund,Denmark
40,Alundborg,Denmark
41,Alvingborg,Denmark
42,Amhglong,Denmark
43,Araeblose,Denmark
44,Aribo,Denmark
45,Arlose,Denmark
46,Avisov,Denmark
47,Baek,Denmark
48,Bjerg,Denmark
49,Bjerrindsense,Denmark
50,Bjerrindsted,Denmark
51,Bjerring,Denmark
52,Bjerring Fals,Denmark
53,Borg,Denmark
54,Bro,Denmark
55,Bun,Denmark
56,Cae,Denmark
57,Cbark,Denmark
58,Ccperhaslev,Denmark
59,Cfa,Denmark
60,Cic,Denmark
61,Cil,Denmark
62,Cin,Denmark
63,Cjerg,Denmark
64,Claedlundborg,Denmark
65,Cland,Denmark
66,Cle,Denmark
67,Clpnnhosm,Denmark
68,Cor,Denmark
69,Cperhaslund,Denmark
70,Cperhistebro,Denmark
71,Cperhisted,Denmark
72,Cperhisten,Denmark
73,Cperhisterup,Denmark
74,Cperhostrup,Denmark
75,Cpprhhsted,Denmark
76,Daalling,Denmark
77,Daalov,Denmark
78,Dalby,Denmark
79,Dalger,Denmark
80,Dalt,Denmark
81,Dbagknborg,Denmark
82,Delfart,Denmark
83,Deltoft,Denmark
84,Denstrup,Denmark
85,Der,Denmark
86,Derborg,Denmark
87,Dericia,Denmark
88,Deriksbertslund,Denmark
89,Deriksvaerk,Denmark
90,Ders,Denmark
91,Derslev,Denmark
92,Dilfbrt,Denmark
93,Dilfertshals,Denmark
94,Dilfertshalsted,Denmark
95,Dilfertslund,Denmark
96,Dingsted,Denmark
97,Dirg,Denmark
98,Dlagen,Denmark
99,Dlunderiksvaerl,Denmark
100,Dmaglnng,Denmark
101,Dor,Denmark
102,Dorg,Denmark
103,Drenaa,Denmark
104,Dsten,Denmark
105,E Se,Denmark
106,Ebeltoft,Denmark
107,Edhalstenlundbo,Denmark
108,Eebjerg,Denmark
109,Eebjerrindsted,Denmark
110,Eebjerrindstenl,Denmark
111,Eebjerring,Denmark
112,Egelse,Denmark
113,Ehiatstuddelfar,Denmark
114,Ejeen,Denmark
115,Ejle,Denmark
116,Ekblorederborg,Denmark
117,Elakdensborg,Denmark
118,Elbertshals,Denmark
119,Elbirg,Denmark
120,Elkibde,Denmark
121,Elkibe,Denmark
122,Elland,Denmark
123,Ellander,Denmark
124,Elpinh Felskov,Denmark
125,Else,Denmark
126,Elsing,Denmark
127,Elsingor,Denmark
128,Emlibg,Denmark
129,Eolong,Denmark
130,Esland,Denmark
131,F En,Denmark
132,F Rnderborg,Denmark
133,F Rulo,Denmark
134,F Rund,Denmark
135,Falt,Denmark
136,Fart,Denmark
137,Farum,Denmark
138,Fers,Denmark
139,Ferup,Denmark
140,Flong,Denmark
141,Flotter,Denmark
142,Forning,Denmark
143,Gaelskov,Denmark
144,Gand,Denmark
145,Gbjerring,Denmark
146,Gborg,Denmark
147,Gen,Denmark
148,Ger,Denmark
149,Gfedsted,Denmark
150,Ghiltef,Denmark
151,Gibdron Slagen,Denmark
152,Giegse,Denmark
153,Ging,Denmark
154,Girgvp,Denmark
155,Gjerg,Denmark
156,Gkobinge,Denmark
157,Gkobingsted,Denmark
158,Glostrup,Denmark
159,Glund,Denmark
160,Gor,Denmark
161,Gorsor,Denmark
162,Greder,Denmark
163,Gsted,Denmark
164,Gund,Denmark
165,Hals,Denmark
166,Hfort,Denmark
167,Hhlttfndtrup,Denmark
168,Hhstenlostrup,Denmark
169,Hide,Denmark
170,Hidten,Denmark
171,Hij,Denmark
172,Hilt,Denmark
173,Hiltef,Denmark
174,Hilteflatders,Denmark
175,Hilteftorring,Denmark
176,Hilteftrteh,Denmark
177,Hilteftrtnhng,Denmark
178,Hilteftrtrlette,Denmark
179,Hiltufn,Denmark
180,Hiltufr,Denmark
181,Hiltuft,Denmark
182,Hirtslund,Denmark
183,Histed,Denmark
184,Hlotten,Denmark
185,Hlotter,Denmark
186,Hlotterup,Denmark
187,Hosmilge,Denmark
188,Hribo,Denmark
189,Iale,Denmark
190,Iare,Denmark
191,Iba,Denmark
192,Idberg,Denmark
193,Idbertslund,Denmark
194,Iddelfart,Denmark
195,Idevi,Denmark
196,Idge,Denmark
197,Idiby,Denmark
198,Idivg,Denmark
199,Idsensbaek,Denmark
200,Idsenstebro,Denmark
201,Idsenstruer,Denmark
202,Idsenstrup,Denmark
203,Iedsringe,Denmark
204,Ihgkjbrrod Stra,Denmark
205,Ihhhgelse,Denmark
206,Ihhhlsterup,Denmark
207,Ihhhlttfn,Denmark
208,Ihhhtttrkpenhag,Denmark
209,Ihibtrgn,Denmark
210,Ihihtstrup,Denmark
211,Ihihtstunj,Denmark
212,Iidsensborg,Denmark
213,Iidsveesbaek,Denmark
214,Iige,Denmark
215,Ijjenge,Denmark
216,Ilaed,Denmark
217,Ilberg,Denmark
218,Ilebaek,Denmark
219,Ilfens,Denmark
220,Illensund,Denmark
221,Illerod,Denmark
222,Illuf,Denmark
223,Illund,Denmark
224,Iloe,Denmark
225,Ilrederiksberg,Denmark
226,Ilsted,Denmark
227,Ilued,Denmark
228,Ilund,Denmark
229,Imse,Denmark
230,Indsted,Denmark
231,Iphhhlttfn,Denmark
232,Irg,Denmark
233,Iriborg,Denmark
234,Iricia,Denmark
235,Iriksbertshals,Denmark
236,Iristed,Denmark
237,Irivg,Denmark
238,Irivo,Denmark
239,Irjerg,Denmark
240,Irnborg,Denmark
241,Irnssensbaek,Denmark
242,Irup,Denmark
243,Is Er,Denmark
244,Issensted,Denmark
245,Isted,Denmark
246,Ivb,Denmark
247,J Elland,Denmark
248,Jaellerod Stran,Denmark
249,Jerg,Denmark
250,Jhrlotterup,Denmark
251,Jorrindsted,Denmark
252,Jorring,Denmark
253,Jorringbro,Denmark
254,Jorringor,Denmark
255,K Fals,Denmark
256,Kalde,Denmark
257,Kalling,Denmark
258,Kcvi,Denmark
259,Keborg,Denmark
260,Kflund,Denmark
261,Khlltnftrtnhnge,Denmark
262,Kibd,Denmark
263,Kibders,Denmark
264,Kibe,Denmark
265,Kjerg,Denmark
266,Kjerrindsted,Denmark
267,Kjerringbro,Denmark
268,Kjlu,Denmark
269,Kjorring,Denmark
270,Klluf,Denmark
271,Klong,Denmark
272,Kov,Denmark
273,Kpbehgalding,Denmark
274,Krge,Denmark
275,Krilge,Denmark
276,Ksberg,Denmark
277,Ksbertshalsted,Denmark
278,Ksbertshalsten,Denmark
279,Ksbertslund,Denmark
280,Ktborg,Denmark
281,Kund,Denmark
282,Laed,Denmark
283,Lakek,Denmark
284,Land,Denmark
285,Lande,Denmark
286,Landeriksvaerk,Denmark
287,Ldssenstebro,Denmark
288,Lebaek,Denmark
289,Lgsnensbaek,Denmark
290,Libg,Denmark
291,Ling,Denmark
292,Lingborg,Denmark
293,Lluf,Denmark
294,Lmhgtruer,Denmark
295,Lmhklanderborg,Denmark
296,Lobe,Denmark
297,Lokee,Denmark
298,Long,Denmark
299,Lore,Denmark
300,Lorederborg,Denmark
301,Loredericia,Denmark
302,Lorederiksvaerk,Denmark
303,Lose,Denmark
304,Lostrup,Denmark
305,Lov,Denmark
306,Lreder Holluf,Denmark
307,Lsbaek,Denmark
308,Lsmer,Denmark
309,Lsted,Denmark
310,Lsten,Denmark
311,Ltoft,Denmark
312,Ltrup,Denmark
313,Lund,Denmark
314,Lundborg,Denmark
315,Lunderiksvaerk,Denmark
316,Lunderiksvaerlo,Denmark
317,Lving,Denmark
318,M Rilse,Denmark
319,Mallens,Denmark
320,Med,Denmark
321,Mel,Denmark
322,Mhalsted,Denmark
323,Mhalsten,Denmark
324,Mheltoft,Denmark
325,Mhiltef,Denmark
326,Mhilteflotter,Denmark
327,Mhllebaek,Denmark
328,Mhllmne,Denmark
329,Mhlltnfngtruer,Denmark
330,Mhlltnfutterup,Denmark
331,Mhlltrindsted,Denmark
332,Middelfart,Denmark
333,Mlbbro,Denmark
334,Mloinibo,Denmark
335,Mlsingborg,Denmark
336,Mor,Denmark
337,Mrod,Denmark
338,Mrod Strand,Denmark
339,Mrring,Denmark
340,Msring,Denmark
341,Mvisoe,Denmark
342,N Jern,Denmark
343,Ndev,Denmark
344,Nfart,Denmark
345,Nge,Denmark
346,Ngnstebro,Denmark
347,Ngor,Denmark
348,Nhlottenlose,Denmark
349,Njerg,Denmark
350,Nkborg,Denmark
351,Nkebo,Denmark
352,Nkibd,Denmark
353,Nkkberg,Denmark
354,Nkkbertslund,Denmark
355,Nklund,Denmark
356,Nmun,Denmark
357,Nskor,Denmark
358,Nsloge,Denmark
359,Nsrenaa,Denmark
360,Nstranbjerg,Denmark
361,Nulo,Denmark
362,Odrenaa,Denmark
363,Oelokee,Denmark
364,Ofeeloke,Denmark
365,Ohg,Denmark
366,Ohing,Denmark
367,Olding,Denmark
368,Olg,Denmark
369,Olo,Denmark
370,Olrod,Denmark
371,Olt,Denmark
372,Oltef,Denmark
373,Oltnftrup,Denmark
374,Onderiksvaerk,Denmark
375,Ondesterup,Denmark
376,Onlunderslev,Denmark
377,Onlundested,Denmark
378,Onne,Denmark
379,Oote,Denmark
380,Or E,Denmark
381,Or Ibtrgp,Denmark
382,Or Illedsreder,Denmark
383,Orborg,Denmark
384,Orningkobingste,Denmark
385,Oro,Denmark
386,Orod Struer,Denmark
387,Orod Strup,Denmark
388,Orsholm,Denmark
389,Ortelring Sjael,Denmark
390,Osrindsted,Denmark
391,Ostruer,Denmark
392,Ovre,Denmark
393,Pceh,Denmark
394,Pcer,Denmark
395,Pcphrhosm,Denmark
396,Pehhals,Denmark
397,Pehhalsted,Denmark
398,Pehhalstenlose,Denmark
399,Phhhlling,Denmark
400,Phhhllsnan,Denmark
401,Phhhlltnftrtplu,Denmark
402,Phhhlstebro,Denmark
403,Phhhlsted,Denmark
404,Phhhlsterup,Denmark
405,Phhhlttftrup,Denmark
406,Phihl,Denmark
407,Phihtstudrebo,Denmark
408,Pihhbjern,Denmark
409,Pihhsted,Denmark
410,Pkphnhtge,Denmark
411,Pkphnhtrup,Denmark
412,Pluhd,Denmark
413,Pmhhlttfnntrup,Denmark
414,Porhisted,Denmark
415,R Holsten,Denmark
416,Radbre,Denmark
417,Raddum,Denmark
418,Ragor,Denmark
419,Rand,Denmark
420,Raose,Denmark
421,Rcin,Denmark
422,Rcio,Denmark
423,Rdjorrindsted,Denmark
424,Rdsningborg,Denmark
425,Redens,Denmark
426,Redericia,Denmark
427,Reloinibo,Denmark
428,Reloke,Denmark
429,Rfndur,Denmark
430,Rhaslinge,Denmark
431,Rhistebro,Denmark
432,Rhisted,Denmark
433,Rhistenlostrup,Denmark
434,Rhistern,Denmark
435,Rhlstebro,Denmark
436,Rhlsten,Denmark
437,Rhnstebro,Denmark
438,Rhos,Denmark
439,Rhosm,Denmark
440,Rhosminge,Denmark
441,Rhostruer,Denmark
442,Rhostrup,Denmark
443,Ribo,Denmark
444,Riborg,Denmark
445,Ridge,Denmark
446,Riloe,Denmark
447,Rilse,Denmark
448,Rilund,Denmark
449,Rindsted,Denmark
450,Ring,Denmark
451,Ringstebro,Denmark
452,Rirg,Denmark
453,Risterup,Denmark
454,Rkberg,Denmark
455,Rksbertslund,Denmark
456,Rlose,Denmark
457,Rorod,Denmark
458,Roskilde,Denmark
459,Rslev,Denmark
460,Rup,Denmark
461,S Allingor,Denmark
462,Saelskov,Denmark
463,Saenlose,Denmark
464,Saerlotter,Denmark
465,Saraedlutderiks,Denmark
466,Sbaek,Denmark
467,Sble,Denmark
468,Sborg,Denmark
469,Scil,Denmark
470,Scle,Denmark
471,Sdagen,Denmark
472,Sdenstrup,Denmark
473,Sder Hollundbor,Denmark
474,Sderborg,Denmark
475,Seenborg,Denmark
476,Sej,Denmark
477,Selaadirg,Denmark
478,Seloke,Denmark
479,Selsing,Denmark
480,Sfaelsing,Denmark
481,Sfagtrup,Denmark
482,Sferup,Denmark
483,Silkebo,Denmark
484,Silkeborg,Denmark
485,Sjaellerod Stra,Denmark
486,Sjeen,Denmark
487,Sjeenaa,Denmark
488,Slagelsing,Denmark
489,Slagelskov,Denmark
490,Slagen,Denmark
491,Sland,Denmark
492,Slanderiksvaerk,Denmark
493,Slund,Denmark
494,Smen,Denmark
495,Smer,Denmark
496,Sningor,Denmark
497,Soeloig,Denmark
498,Solrod Strup,Denmark
499,Sor,Denmark
500,Spenhagelskov,Denmark
501,Srenaa,Denmark
502,Sring,Denmark
503,Sringkobinge,Denmark
504,Sringsted,Denmark
505,Srundested,Denmark
506,Ssaensbaek,Denmark
507,Ssaerlose,Denmark
508,Ssonde,Denmark
509,Ssted,Denmark
510,Stebro,Denmark
511,Sted,Denmark
512,Stenlose,Denmark
513,Ster,Denmark
514,Sterup,Denmark
515,Strup,Denmark
516,Sund,Denmark
517,Sunkebo,Denmark
518,Sveeseise,Denmark
519,Tarnby,Denmark
520,Ted,Denmark
521,Tel,Denmark
522,Tensborg,Denmark
523,Teriksbertshals,Denmark
524,Thknlund,Denmark
525,Ting,Denmark
526,Tjorringborg,Denmark
527,Tlanderiksvaerl,Denmark
528,Tonderslev,Denmark
529,Torringe,Denmark
530,Tovre,Denmark
531,Tpenhagen,Denmark
532,Tring Falsted,Denmark
533,Truer,Denmark
534,Trup,Denmark
535,Tstudrenaa,Denmark
536,Tverod,Denmark
537,Uft,Denmark
538,Und,Denmark
539,Vborg,Denmark
540,Vedsten,Denmark
541,Vefs,Denmark
542,Verslev,Denmark
543,Vif,Denmark
544,Viloe,Denmark
545,Viloeg,Denmark
546,Vingborg,Denmark
547,Vinge,Denmark
548,Virod Strup,Denmark
549,Viros,Denmark
550,Viros Illenstru,Denmark
551,Virov,Denmark
552,Vlore,Denmark
553,Vordingsted,Denmark
554,Yaerlose,Denmark
555,Yborg,Denmark
