,Name,Origin
0,  Al Kabir,Egypt
1,  Aw Dmayn,Egypt
2, -Thrlkha,Egypt
3, -Tro,Egypt
4, Al Khaykh,Egypt
5, Al Kubra,Egypt
6, Al Qanatir Ad ,Egypt
7, As Gharjah,Egypt
8, As Saqr,Egypt
9, As Suq,Egypt
10, Balyub,Egypt
11, Baraskur,Egypt
12, Dfa,Egypt
13, Fanatir Al Qur,Egypt
14, Fayyum,Egypt
15, Gouna,Egypt
16, Hammaliyah,Egypt
17, Kabir,Egypt
18, Kubra,Egypt
19, Labir,Egypt
20, Lal Qurayn,Egypt
21, Lam,Egypt
22, Lawiti,Egypt
23, Lewac,Egypt
24, Llawiti,Egypt
25, Matarib,Egypt
26, Nasr,Egypt
27, Qgrarnas,Egypt
28, Qurahimiyah,Egypt
29, S Lam,Egypt
30, S`Ayyat Sitta,Egypt
31, Sallawiti,Egypt
32, Sallum,Egypt
33, Sdar,Egypt
34, Sffagazig,Egypt
35, Sharjah,Egypt
36, Sitta,Egypt
37, Skha,Egypt
38, Slqas,Egypt
39, Suburthkan,Egypt
40, Sukh,Egypt
41, Sulwan,Egypt
42, Suq,Egypt
43, Swan,Egypt
44, Swar,Egypt
45, Tani,Egypt
46, Tllawi,Egypt
47, Uktubar,Egypt
48, Utha,Egypt
49, Wasis,Egypt
50, Wsh Sharm El-S,Egypt
51, `Ayyat An Naja,Egypt
52, `Ayyat Sitta,Egypt
53,-Tor,Egypt
54,-Tro,Egypt
55,A -Frbrnhiwi In,Egypt
56,A Gouna,Egypt
57,A Mhndria,Egypt
58,Adkh,Egypt
59,Ahmaliyah,Egypt
60,Aja' Hawsh `Isa,Egypt
61,Ak Awamietta,Egypt
62,Al Khankah,Egypt
63,Allum,Egypt
64,Ameatur,Egypt
65,Anbudtka,Egypt
66,Anfalut,Egypt
67,Ankah,Egypt
68,Anzala,Egypt
69,Arm El-Sheikh,Egypt
70,As Gharm El-She,Egypt
71,At Sitta,Egypt
72,Auntur,Egypt
73,Awkh,Egypt
74,Bnha,Egypt
75,Bnub,Egypt
76,Buet,Egypt
77,Bunka,Egypt
78,Bunkf,Egypt
79,Bunt,Egypt
80,D Dawwah,Egypt
81,D Dawwar,Egypt
82,Dah,Egypt
83,Dfa,Egypt
84,Dina,Egypt
85,Dn Al Kabir,Egypt
86,Dn Al Khankah,Egypt
87,Dn Al Kubrah,Egypt
88,Dn Al Qusiyah,Egypt
89,Dshawamietta,Egypt
90,Duk,Egypt
91,Dut,Egypt
92,Dwa,Egypt
93,Er As Ghariyah,Egypt
94,Erga,Egypt
95,Ersa Alam,Egypt
96,Ersa Mahallah,Egypt
97,Ersa Matruh,Egypt
98,Ersa Minyat Sit,Egypt
99,Erta,Egypt
100,Ewscairo,Egypt
101,Exandria,Egypt
102,Exsanja,Egypt
103,Exsnna,Egypt
104,Ez Aah Al Kharm,Egypt
105,F Sallawi,Egypt
106,Fagazig,Egypt
107,Falut,Egypt
108,Fd Gandria,Egypt
109,Fd Saqr,Egypt
110,Ffqra,Egypt
111,Ffrua,Egypt
112,Ffrus,Egypt
113,Fglur,Egypt
114,Fglut,Egypt
115,Fgluu,Egypt
116,Fkha,Egypt
117,Fnfalut,Egypt
118,Fr Ad Dawwah,Egypt
119,Fr Ad Dawwar,Egypt
120,Fr Al Kabir,Egypt
121,Fr Al Kharjah,Egypt
122,Fr Al Kubra,Egypt
123,Fr Safaga,Egypt
124,Fr Sallawiti,Egypt
125,Fs Al Khaykh,Egypt
126,Fs At An Naja' ,Egypt
127,Fs Saulua,Egypt
128,Fshaway,Egypt
129,Funua,Egypt
130,Funut,Egypt
131,Furuy,Egypt
132,Fz Ganzalah,Egypt
133,G Ercairo,Egypt
134,G-Rro,Egypt
135,Gbrghadah,Egypt
136,Gdrga,Egypt
137,Gfrga,Egypt
138,Gfzaga,Egypt
139,Gfzagazig,Egypt
140,Ggzarani,Egypt
141,Ggzaraskur,Egypt
142,Gjar,Egypt
143,Gkhrim,Egypt
144,Glrani,Egypt
145,Gmarh El-Sheikh,Egypt
146,Gmarh Kha,Egypt
147,Gmir,Egypt
148,Gmzala,Egypt
149,Gqra,Egypt
150,Grra,Egypt
151,Grza,Egypt
152,Gshawamidiyah,Egypt
153,Gsza,Egypt
154,Gszahallawiti,Egypt
155,Gwmahimiyah,Egypt
156,Gzzaga,Egypt
157,H Glar,Egypt
158,H Il Al Kawm,Egypt
159,H Shariyah,Egypt
160,H Shaynah,Egypt
161,H Shayriyah,Egypt
162,H `Isa,Egypt
163,Hada,Egypt
164,Hallah Al Khayr,Egypt
165,Hallum,Egypt
166,Halwan,Egypt
167,Hewkh,Egypt
168,Himiyah,Egypt
169,Himiyarb Najm,Egypt
170,Himiyarb Nasr,Egypt
171,Hllyanatir Al K,Egypt
172,Hswar,Egypt
173,Idfu,Egypt
174,Ijn,Egypt
175,In Al Kabir,Egypt
176,In Al Khayn,Egypt
177,In Al Quraynah,Egypt
178,In Sultani,Egypt
179,Inaa,Egypt
180,Indsial Kabir,Egypt
181,Inm,Egypt
182,Insaff,Egypt
183,Insal Kawm Hamm,Egypt
184,Insh,Egypt
185,Inta,Egypt
186,Inya,Egypt
187,Inyat,Egypt
188,Inyat Sitta,Egypt
189,Inzala,Egypt
190,Inzalah Al Kubr,Egypt
191,Is Sallum,Egypt
192,Is Sawf,Egypt
193,Is Sukhna,Egypt
194,Ishna,Egypt
195,Isinatir,Egypt
196,Ismailia,Egypt
197,Ja' Hamada,Egypt
198,Ja' Hamadina,Egypt
199,Ja' Hamadinat A,Egypt
200,Ja' Hamanha,Egypt
201,Ja' Hamanhur,Egypt
202,Ja' Hamannud,Egypt
203,Ja' Hammada,Egypt
204,Ja' Hammadah,Egypt
205,Ja' Hammadi,Egypt
206,Ja' Hammadina,Egypt
207,Ja' Hammaliyah,Egypt
208,Ja' Hammaliyarb,Egypt
209,Ja' Hawamidi Ba,Egypt
210,Ja' Hawamidiyah,Egypt
211,Ja' Hawsh Shari,Egypt
212,Ja' Hawsh Shayk,Egypt
213,Ja' Hawsh Shayn,Egypt
214,Ja' Hawsh Shayr,Egypt
215,Ja' Hawsh `Isa,Egypt
216,Jah,Egypt
217,Jahmaliyah,Egypt
218,Jan,Egypt
219,Jat,Egypt
220,Jnha,Egypt
221,K Frah,Egypt
222,Kffrua,Egypt
223,Kha,Egypt
224,Khmim,Egypt
225,Khna,Egypt
226,Ktinta,Egypt
227,L Al Kharjah,Egypt
228,L Barani,Egypt
229,L Gouna,Egypt
230,L Kamidi Bawi,Egypt
231,L Kawiti,Egypt
232,L Khankah,Egypt
233,L Qanatir,Egypt
234,L Wasis,Egypt
235,L `Ayyat,Egypt
236,L `Ayyat An Naj,Egypt
237,L-Tor,Egypt
238,Lal Khaykh,Egypt
239,Las,Egypt
240,Lexandria,Egypt
241,Lina,Egypt
242,M El-Sheikh,Egypt
243,M Saff,Egypt
244,M Sall Al Kabir,Egypt
245,M Saqr,Egypt
246,Midi Bajur,Egypt
247,Midiyah,Egypt
248,Midiyarb Najm,Egypt
249,Mietta,Egypt
250,Min,Egypt
251,Minya,Egypt
252,Mlnus,Egypt
253,N Nasr,Egypt
254,N`A,Egypt
255,Naa,Egypt
256,Naja' Hamanhur,Egypt
257,Natir Ad Dawwah,Egypt
258,Ndai,Egypt
259,Nddi Bawiti,Egypt
260,Ndfa,Egypt
261,Ndfi,Egypt
262,Ndi,Egypt
263,Ndnua,Egypt
264,Ndria,Egypt
265,Ner,Egypt
266,Nesta As Saqr,Egypt
267,Netta,Egypt
268,Nfalut,Egypt
269,Nha,Egypt
270,Nin,Egypt
271,Nkah,Egypt
272,Nmur,Egypt
273,Nnud,Egypt
274,Nsudraana,Egypt
275,Nsurah,Egypt
276,Nsurahimiyarb N,Egypt
277,Nsurayn,Egypt
278,Nsuraynah,Egypt
279,Nsuruh,Egypt
280,Nsuruy,Egypt
281,Nsutur,Egypt
282,Nsuutaa,Egypt
283,Nsuza,Egypt
284,Nuf,Egypt
285,Nwa,Egypt
286,Nzala,Egypt
287,Nzalah,Egypt
288,Q Sna,Egypt
289,Qas,Egypt
290,Qdiab,Egypt
291,Qgharm El-Sheik,Egypt
292,Qglar,Egypt
293,Qglariyah,Egypt
294,Qllawi,Egypt
295,Qraynah,Egypt
296,R-Jat,Egypt
297,Raskur,Egypt
298,Rbhnajm,Egypt
299,Rib,Egypt
300,Rin,Egypt
301,Rinatir As Ghar,Egypt
302,Ris,Egypt
303,Riyah,Egypt
304,Riyarb Naja' Ha,Egypt
305,Riyarb Najm,Egypt
306,Rjah,Egypt
307,Rl As Sultani,Egypt
308,Rm El-Sheikh,Egypt
309,Rmietta,Egypt
310,Rna,Egypt
311,Rnanruh,Egypt
312,Rnas,Egypt
313,Rsa Mansuraynah,Egypt
314,Rsn Al Kawm Ham,Egypt
315,Rsn Al Kharm El,Egypt
316,Ruk,Egypt
317,Rukhna,Egypt
318,Rwah,Egypt
319,Rwan,Egypt
320,Rwsh Shaynah,Egypt
321,Ryah,Egypt
322,S Gharib,Egypt
323,S Ghariyah,Egypt
324,S Gharjah,Egypt
325,S Gharm El-Shei,Egypt
326,S In Sukhna,Egypt
327,S Safaga,Egypt
328,S Safagazig,Egypt
329,S Saff,Egypt
330,S Sall Al Kharj,Egypt
331,S Sallah,Egypt
332,S Saqr,Egypt
333,S Sultani,Egypt
334,S Suq,Egypt
335,Samannud,Egypt
336,Sd Sallum,Egypt
337,Sdfa,Egypt
338,Selah Al Kawm,Egypt
339,Sfafuraynah,Egypt
340,Sfaqus,Egypt
341,Sffauurah,Egypt
342,Sffqas,Egypt
343,Sh Sharib,Egypt
344,Sh Shayn,Egypt
345,Sh Shayrut,Egypt
346,Sh `Isa,Egypt
347,Sharjah,Egypt
348,Sidi Bahyal Kha,Egypt
349,Sidi Balyanatir,Egypt
350,Sidiyah,Egypt
351,Sinatir Ash Sha,Egypt
352,Skhraliyah,Egypt
353,Smiban,Egypt
354,Sn Al Khankah,Egypt
355,Sn Al Khayriyah,Egypt
356,Snfalut,Egypt
357,Snfulayn,Egypt
358,Snkah,Egypt
359,Snwaysinatir,Egypt
360,Ssiwa Oasitah,Egypt
361,Ssmailia,Egypt
362,Starib,Egypt
363,Sumusta Ash Sha,Egypt
364,Swan,Egypt
365,Swini,Egypt
366,Swmidiyah,Egypt
367,Swsim,Egypt
368,Swsn Al Kabir,Egypt
369,Swsn Al Kharjah,Egypt
370,Swsn Al Khayrut,Egypt
371,Swsn Al Qurayna,Egypt
372,Swta,Egypt
373,T An Nasr,Egypt
374,T Gnar,Egypt
375,T Gnarib,Egypt
376,T Naq,Egypt
377,T Sitta,Egypt
378,T Talah,Egypt
379,T Talah Al Khar,Egypt
380,T Talah Uktubar,Egypt
381,T Talkha,Egypt
382,T Tall As Safag,Egypt
383,T Tallum,Egypt
384,T-Tor,Egypt
385,Tani,Egypt
386,Tdku,Egypt
387,Tdna,Egypt
388,Texandria,Egypt
389,Tflkha,Egypt
390,Trih,Egypt
391,Tsnatir Al Khar,Egypt
392,Tt Hawaysina,Egypt
393,Tur,Egypt
394,Twa,Egypt
395,Udraaiza,Egypt
396,Uez,Egypt
397,Ukh,Egypt
398,Ukhna,Egypt
399,Uksum,Egypt
400,Uktubar,Egypt
401,Una,Egypt
402,Unta,Egypt
403,Urghada,Egypt
404,Urghadah,Egypt
405,Ush,Egypt
406,Usta Ashtul Al ,Egypt
407,Utur,Egypt
408,Uwsyanatir As S,Egypt
409,W Ah Al Khaykh,Egypt
410,W Haway,Egypt
411,War,Egypt
412,Wasis,Egypt
413,Waw,Egypt
414,Wm Hawaysina,Egypt
415,Wrir,Egypt
416,Ws Hamanhur,Egypt
417,Ws Hammadi,Egypt
418,Ws Hammaliyarb ,Egypt
419,Ws Hawamidi Baj,Egypt
420,Ws Humgaliyah,Egypt
421,Ws Saff,Egypt
422,Wsh Sharib,Egypt
423,Wsh Sharjah,Egypt
424,Wsh Sharm El-Sh,Egypt
425,Wsh Shaykh,Egypt
426,Wsh Shayn,Egypt
427,Wsh Shaynah,Egypt
428,Wsh Shayriyah,Egypt
429,Wsh Shayrut,Egypt
430,Wsh Shyriyarb N,Egypt
431,Wsh `Isa,Egypt
432,Wsim,Egypt
433,Wsn Al Kabir,Egypt
434,Wsn Al Kharm El,Egypt
435,Wsn Al Khaynah,Egypt
436,Wsn Al Khayriya,Egypt
437,Wsn Al Qus,Egypt
438,Wsna,Egypt
439,Wss Af Galsukhn,Egypt
440,Wt Hammadah,Egypt
441,Wwah,Egypt
442,Wwirii,Egypt
443,Ydi,Egypt
444,Ynah,Egypt
445,Z Ganzala,Egypt
446,Z Najm,Egypt
447,Z Safagazig,Egypt
448,Z San Nasr,Egypt
449,Z Sawsh Shaykh,Egypt
450,Z Sawsh `Isa,Egypt
451,Z Zarqa,Egypt
452,`Ayyat,Egypt
453,`Ayyat An Naja',Egypt
454,`Ayyat An Nasr,Egypt
455,`Ayyat Sitta,Egypt
456,`Isa,Egypt
