,Name,Origin
0, Birhan,Ethiopia
1, Bolcha,Ethiopia
2, Dir Dar,Ethiopia
3, Ebre Birhan,Ethiopia
4, Lum,Ethiopia
5, Lumbsa,Ethiopia
6, Nda Silase,Ethiopia
7, Rba Minch,Ethiopia
8, Sdlsa,Ethiopia
9, Smlay,Ethiopia
10, Tabomsa,Ethiopia
11, Tffliso,Ethiopia
12, Tnefar,Ethiopia
13, Tu,Ethiopia
14, Utu,Ethiopia
15, `Alem,Ethiopia
16, `Alemso,Ethiopia
17,'Olito,Ethiopia
18,A`Aeebre Gurach,Ethiopia
19,Abomsa,Ethiopia
20,Abor,Ethiopia
21,Adet,Ethiopia
22,Agaro,Ethiopia
23,Ajoka,Ethiopia
24,Al'Se,Ethiopia
25,Alb,Ethiopia
26,Albbe Mendo,Ethiopia
27,Albbe Tabor,Ethiopia
28,Alibelo,Ethiopia
29,Aliso,Ethiopia
30,Ambi,Ethiopia
31,Amigcan,Ethiopia
32,Anbor,Ethiopia
33,Ashash,Ethiopia
34,Atbe Teferi,Ethiopia
35,Aubai,Ethiopia
36,Awdiliso,Ethiopia
37,Aylut,Ethiopia
38,Aywtt,Ethiopia
39,Balabelo,Ethiopia
40,Bbalase,Ethiopia
41,Bbo,Ethiopia
42,Bbo Saba,Ethiopia
43,Bbo Tufulidoso,Ethiopia
44,Bbolcha,Ethiopia
45,Bcha,Ethiopia
46,Bddis Ababa,Ethiopia
47,Bddis `Alem,Ethiopia
48,Bdis `Alemso,Ethiopia
49,Bishoftu,Ethiopia
50,Bja ,Ethiopia
51,Bjo,Ethiopia
52,Bliso,Ethiopia
53,Bmdi,Ethiopia
54,Bmdis `Alem,Ethiopia
55,Bmdis `Alemso,Ethiopia
56,Bndafa,Ethiopia
57,Bndi,Ethiopia
58,Bodcgrat,Ethiopia
59,Bodcha,Ethiopia
60,Bodche,Ethiopia
61,Bodchena,Ethiopia
62,Bodcla,Ethiopia
63,Bodcr,Ethiopia
64,Boditi,Ethiopia
65,Bofcli,Ethiopia
66,Bojs,Ethiopia
67,Bolcha,Ethiopia
68,Bomsa,Ethiopia
69,Bon,Ethiopia
70,Bonc,Ethiopia
71,Bonca,Ethiopia
72,Bonch,Ethiopia
73,Bonga,Ethiopia
74,Bor,Ethiopia
75,Boscha,Ethiopia
76,Bro,Ethiopia
77,Bso,Ethiopia
78,Bti,Ethiopia
79,Bwdir Dawassa,Ethiopia
80,Cbo,Ethiopia
81,Cboeta,Ethiopia
82,Cele,Ethiopia
83,Cfbula Eirna,Ethiopia
84,Cha,Ethiopia
85,Cin,Ethiopia
86,Cnde,Ethiopia
87,Csa,Ethiopia
88,Daba,Ethiopia
89,Dawa,Ethiopia
90,Dbba,Ethiopia
91,Dbor,Ethiopia
92,Dbosc,Ethiopia
93,Dboscha,Ethiopia
94,Dbot,Ethiopia
95,Dddele,Ethiopia
96,Dddrsa,Ethiopia
97,Ddesa,Ethiopia
98,Ddgaro,Ethiopia
99,Ddis Ababa,Ethiopia
100,Ddis Ababat,Ethiopia
101,Ddis Zemen,Ethiopia
102,Ddis Zemene,Ethiopia
103,Ddis Zemera,Ethiopia
104,Ddis `Alemso,Ethiopia
105,Dele,Ethiopia
106,Dem,Ethiopia
107,Der,Ethiopia
108,Dgaro,Ethiopia
109,Dhbawa,Ethiopia
110,Dhdawa,Ethiopia
111,Dichena,Ethiopia
112,Dir Dar,Ethiopia
113,Dir Dawa,Ethiopia
114,Dis Ababa,Ethiopia
115,Dis Ababat,Ethiopia
116,Dis Zemen,Ethiopia
117,Djo,Ethiopia
118,Dkbre Guracha,Ethiopia
119,Dla,Ethiopia
120,Dlbalat,Ethiopia
121,Dldssa,Ethiopia
122,Dliso,Ethiopia
123,Dlo,Ethiopia
124,Dmba,Ethiopia
125,Dola,Ethiopia
126,Dolet,Ethiopia
127,Drba Minch,Ethiopia
128,Drbabat,Ethiopia
129,Dtbe Tabor,Ethiopia
130,Dtbre Ilu,Ethiopia
131,Dur,Ethiopia
132,Dwashemene,Ethiopia
133,Ebot,Ethiopia
134,Edmsa,Ethiopia
135,Egn,Ethiopia
136,Elo,Ethiopia
137,Emso,Ethiopia
138,Endo,Ethiopia
139,Enji,Ethiopia
140,Esa,Ethiopia
141,Esjina,Ethiopia
142,Ewane,Ethiopia
143,Fbor,Ethiopia
144,Fchin Ti,Ethiopia
145,Fcl'En,Ethiopia
146,Fele,Ethiopia
147,Fhir Dar,Ethiopia
148,File,Ethiopia
149,Fjo,Ethiopia
150,Flu,Ethiopia
151,Fmle,Ethiopia
152,Fnda Sila,Ethiopia
153,Fre,Ethiopia
154,Fri,Ethiopia
155,Fti,Ethiopia
156,Ftu,Ethiopia
157,Fwassa,Ethiopia
158,G'Di,Ethiopia
159,Ganii,Ethiopia
160,Gar`R,Ethiopia
161,Garo,Ethiopia
162,Gbba Minch,Ethiopia
163,Gbbr  Way,Ethiopia
164,Gbbr Dar,Ethiopia
165,Gbmb Lcfa,Ethiopia
166,Gbmba,Ethiopia
167,Gbne,Ethiopia
168,Gbwa,Ethiopia
169,Gddis Ababat,Ethiopia
170,Gddis Zemera,Ethiopia
171,Gdni,Ethiopia
172,Gmbolcha,Ethiopia
173,Gmdo,Ethiopia
174,Gmni,Ethiopia
175,Gndi,Ethiopia
176,Gndo,Ethiopia
177,Gndo Ele,Ethiopia
178,Gnni,Ethiopia
179,Gondar,Ethiopia
180,Hawashemenet,Ethiopia
181,Hbr Dar,Ethiopia
182,Hbra Birhan,Ethiopia
183,Hbrg  Newane,Ethiopia
184,Hbrw Ner,Ethiopia
185,Hdaw,Ethiopia
186,Hdew,Ethiopia
187,Hdi Solo,Ethiopia
188,Hdir Dar,Ethiopia
189,Hdis `Alem,Ethiopia
190,Hdre Hiywet,Ethiopia
191,Hemenet,Ethiopia
192,Heway,Ethiopia
193,Hgaro,Ethiopia
194,Hhambu,Ethiopia
195,Hirna,Ethiopia
196,Hiru,Ethiopia
197,Hk'Ele,Ethiopia
198,Hlam,Ethiopia
199,Hllu Bolo,Ethiopia
200,Hlrwa,Ethiopia
201,Hnge,Ethiopia
202,Hngwaeere Dar,Ethiopia
203,Hnsa,Ethiopia
204,Hojt,Ethiopia
205,Hra Sila,Ethiopia
206,Hre Mendi,Ethiopia
207,Hrg  Nrwane,Ethiopia
208,Hrga `Alem,Ethiopia
209,Hsa,Ethiopia
210,Hsmba Minch,Ethiopia
211,Hso,Ethiopia
212,Hsraka,Ethiopia
213,Hta,Ethiopia
214,Hwawssh,Ethiopia
215,Hwr Ra,Ethiopia
216,Iababa,Ethiopia
217,Ibolcha,Ethiopia
218,Icbe,Ethiopia
219,Ichena,Ethiopia
220,Iddliso,Ethiopia
221,Idhla Eire,Ethiopia
222,Ieder,Ethiopia
223,Ik'Elege Newane,Ethiopia
224,Ila,Ethiopia
225,Ilb,Ethiopia
226,Ilcsa,Ethiopia
227,Ild,Ethiopia
228,Iliso,Ethiopia
229,Ilo,Ethiopia
230,Ilu,Ethiopia
231,Inda Sila,Ethiopia
232,Indi,Ethiopia
233,Irb,Ethiopia
234,Irba Minch,Ethiopia
235,Ire,Ethiopia
236,Ire Mendi,Ethiopia
237,Isa,Ethiopia
238,Ita,Ethiopia
239,Jbemonet,Ethiopia
240,Jda,Ethiopia
241,Jola,Ethiopia
242,Jon,Ethiopia
243,Joram,Ethiopia
244,Jore,Ethiopia
245,Jta,Ethiopia
246,K'Le,Ethiopia
247,K'Li,Ethiopia
248,K'Lin,Ethiopia
249,K'Lla,Ethiopia
250,K'Olito,Ethiopia
251,Kcbela,Ethiopia
252,Knmi,Ethiopia
253,L#Kilose'Ina,Ethiopia
254,L'A,Ethiopia
255,L'O,Ethiopia
256,Lam,Ethiopia
257,Lbre Guracha,Ethiopia
258,Lcha,Ethiopia
259,Lga,Ethiopia
260,Lhmsa,Ethiopia
261,Likiso,Ethiopia
262,Liliso,Ethiopia
263,Lim,Ethiopia
264,Llu Bolo,Ethiopia
265,Llula Birhan,Ethiopia
266,Llula Eir,Ethiopia
267,Lmki,Ethiopia
268,Lum,Ethiopia
269,Lumbo,Ethiopia
270,Lur,Ethiopia
271,Lure,Ethiopia
272,Lut,Ethiopia
273,Mbelo,Ethiopia
274,Mbga `Alem,Ethiopia
275,Mbi,Ethiopia
276,Mbi Dolo,Ethiopia
277,Mbojc,Ethiopia
278,Mbojcha,Ethiopia
279,Mbolcha,Ethiopia
280,Mbta,Ethiopia
281,Mbycw'E,Ethiopia
282,Mcha,Ethiopia
283,Mcta,Ethiopia
284,Mddis Ababat,Ethiopia
285,Mdi,Ethiopia
286,Mdiche,Ethiopia
287,Miccha,Ethiopia
288,Mjo,Ethiopia
289,Mjon,Ethiopia
290,Mjych'Ew,Ethiopia
291,Mlk'Ele,Ethiopia
292,Mlk'Li,Ethiopia
293,Mlu,Ethiopia
294,Mmbela,Ethiopia
295,Mmbu,Ethiopia
296,Mndo,Ethiopia
297,Mnga,Ethiopia
298,Mntcha,Ethiopia
299,Ms Ibu,Ethiopia
300,Msa,Ethiopia
301,Ndafa,Ethiopia
302,Ndar,Ethiopia
303,Nddf Silase,Ethiopia
304,Nde,Ethiopia
305,Nde Agaro,Ethiopia
306,Ndi,Ethiopia
307,Ndir Dmre Ilu,Ethiopia
308,Ndo,Ethiopia
309,Nga,Ethiopia
310,Nji,Ethiopia
311,Njo,Ethiopia
312,Nla Birha Hir D,Ethiopia
313,Nmjo,Ethiopia
314,Nta,Ethiopia
315,Nzjota,Ethiopia
316,Obo,Ethiopia
317,Od`,Ethiopia
318,Odb,Ethiopia
319,Odd,Ethiopia
320,Oddliso,Ethiopia
321,Odg,Ethiopia
322,Oditi,Ethiopia
323,Odjli,Ethiopia
324,Odo,Ethiopia
325,Ondafa,Ethiopia
326,Onjo,Ethiopia
327,Pis,Ethiopia
328,Rba Minch,Ethiopia
329,Rbabat,Ethiopia
330,Rbark',Ethiopia
331,Rbbe Teferi,Ethiopia
332,Rbbr Dawa,Ethiopia
333,Rbbra Dire,Ethiopia
334,Rbbra Hir Dawas,Ethiopia
335,Rbr Dawashemen,Ethiopia
336,Re Sela,Ethiopia
337,Reb,Ethiopia
338,Rebhraa,Ethiopia
339,Rebwrdcha,Ethiopia
340,Rem,Ethiopia
341,Ren,Ethiopia
342,Rmsa,Ethiopia
343,Rrbi Dolo,Ethiopia
344,Rwane,Ethiopia
345,Saata,Ethiopia
346,Saba,Ethiopia
347,Sabat,Ethiopia
348,Sabir,Ethiopia
349,Sba Minch,Ethiopia
350,Sbaba,Ethiopia
351,Sbaka,Ethiopia
352,Sbam,Ethiopia
353,Sbo Sabir,Ethiopia
354,Sboa,Ethiopia
355,Sbofcli,Ethiopia
356,Sbofcline,Ethiopia
357,Sbomsa,Ethiopia
358,Sbot,Ethiopia
359,Sddsa,Ethiopia
360,Sdes,Ethiopia
361,Sdesa,Ethiopia
362,Sdis Ababat,Ethiopia
363,Sdis Zemera,Ethiopia
364,Sebeta,Ethiopia
365,Sebetaharar,Ethiopia
366,Sendi,Ethiopia
367,Sendo,Ethiopia
368,Sfasi,Ethiopia
369,Shafh,Ethiopia
370,Shasa,Ethiopia
371,Shasheferi,Ethiopia
372,Sina,Ethiopia
373,Sire,Ethiopia
374,Sjo,Ethiopia
375,Sk'Ele,Ethiopia
376,Sk'So,Ethiopia
377,Slam,Ethiopia
378,Slase,Ethiopia
379,Smba,Ethiopia
380,Snda Silase,Ethiopia
381,Sndi,Ethiopia
382,Sndo,Ethiopia
383,Snraa,Ethiopia
384,Soda,Ethiopia
385,Sodat,Ethiopia
386,Som,Ethiopia
387,Ssa,Ethiopia
388,Ssasa,Ethiopia
389,Sso,Ethiopia
390,Stamie,Ethiopia
391,Stasa,Ethiopia
392,Staso,Ethiopia
393,Swa,Ethiopia
394,T Dylet,Ethiopia
395,T'Elem,Ethiopia
396,T`Alem,Ethiopia
397,T`Alemso,Ethiopia
398,Talo,Ethiopia
399,Tapir,Ethiopia
400,Tapis,Ethiopia
401,Tapis Zemera,Ethiopia
402,Tapis `Alem,Ethiopia
403,Tapis `Alemso,Ethiopia
404,Tbofcla,Ethiopia
405,Tbofcli,Ethiopia
406,Tbofsl,Ethiopia
407,Tboftu,Ethiopia
408,Tbolcha,Ethiopia
409,Tbpi,Ethiopia
410,Tcd'Elege Newan,Ethiopia
411,Tcd'Elem,Ethiopia
412,Tepi,Ethiopia
413,Tfll Eengist,Ethiopia
414,Tgaro,Ethiopia
415,Thpi  Olu,Ethiopia
416,Thpi Dolo,Ethiopia
417,Thpi Gorem,Ethiopia
418,Thyfet,Ethiopia
419,Tjola,Ethiopia
420,Tkpir,Ethiopia
421,Tl'Pi,Ethiopia
422,Tlcfa,Ethiopia
423,Tlofelege Neway,Ethiopia
424,Tlpi,Ethiopia
425,Tlpis,Ethiopia
426,Tlpis `Alem,Ethiopia
427,Tluf,Ethiopia
428,Tlufelemso,Ethiopia
429,Tmpi,Ethiopia
430,Tndi,Ethiopia
431,Todu,Ethiopia
432,Topic,Ethiopia
433,Tpi,Ethiopia
434,Tpisa,Ethiopia
435,Tref,Ethiopia
436,Tspis,Ethiopia
437,Ttpi,Ethiopia
438,Ttppi,Ethiopia
439,Tulu Bolo,Ethiopia
440,Twpil,Ethiopia
441,Tylet,Ethiopia
442,Tzemera,Ethiopia
443,Tzle,Ethiopia
444,Tzlnrea,Ethiopia
445,Tzpia,Ethiopia
446,Ubo,Ethiopia
447,Ure,Ethiopia
448,Urichena,Ethiopia
449,Urkc,Ethiopia
450,Urky,Ethiopia
451,Urojo,Ethiopia
452,Uta,Ethiopia
453,Utj,Ethiopia
454,Wales,Ethiopia
455,Wameuet,Ethiopia
456,Wane,Ethiopia
457,Wash,Ethiopia
458,Washemenet,Ethiopia
459,Wassa,Ethiopia
460,Wawss,Ethiopia
461,Way,Ethiopia
462,Wden,Ethiopia
463,Wdi,Ethiopia
464,Wlnde Eere Dawa,Ethiopia
465,Wlnji,Ethiopia
466,Wlnle,Ethiopia
467,Wrbr Dar,Ethiopia
468,Wrbr Dawash,Ethiopia
469,Wtlam,Ethiopia
470,Wtlcpa,Ethiopia
471,Wtlem,Ethiopia
472,Wtlofele,Ethiopia
473,Wtlufe Iere Men,Ethiopia
474,Wttu,Ethiopia
475,Wxu,Ethiopia
476,Xum,Ethiopia
477,Yabt,Ethiopia
478,Yabtr,Ethiopia
479,Ybeta,Ethiopia
480,Yboesu,Ethiopia
481,Yboga,Ethiopia
482,Ybot,Ethiopia
483,Ybre Mendar,Ethiopia
484,Yce'En,Ethiopia
485,Ylcga,Ethiopia
486,Yle'En,Ethiopia
487,Ywat,Ethiopia
488,Zewen,Ethiopia
489,Zewendi,Ethiopia
490,Zewey,Ethiopia
491,Zla,Ethiopia
492,Zreegkondar,Ethiopia
493,Zret,Ethiopia
494,Ztet,Ethiopia
495,Zwaahara,Ethiopia
496,Zwaee,Ethiopia
497,Zwase,Ethiopia
498,Zwashemene,Ethiopia
499,`Alem,Ethiopia
500,`Alemso,Ethiopia
501,`Ure,Ethiopia
502,`Ylet,Ethiopia
