,Name,Origin
0, 'U-Iule,France
1, Beron,France
2, Camarite-Sur-S,France
3, Champs,France
4, El,France
5, Fenten,France
6, Le-Saint-L'Abb,France
7, Ouvroy,France
8, Pontainvillone,France
9, Yval,France
10, Zenheim,France
11,'E Trassous-Leg,France
12,'Union,France
13,-'Errenne,France
14,-Coteaux,France
15,-De-Tyrosse-Sur,France
16,-Deve,France
17,-En-Fallavier,France
18,-Evequet-Deve,France
19,-Haillon,France
20,-Ie,France
21,-L'Abbe,France
22,-La-Canedan,France
23,-La-Papellers,France
24,-La-Pault,France
25,-La-Pont,France
26,-La-Pontagnes,France
27,-La-Pontger,France
28,-La-Pouillin,France
29,-La-Prie,France
30,-La-Primaubrian,France
31,-La-Primaur-Mau,France
32,-La-Saint-Senes,France
33,-La-Sarts,France
34,-Les,France
35,-Les-Des,France
36,-Les-Sur-Mery,France
37,-Mesmin,France
38,-Morendarguemas,France
39,-Saint-Denis,France
40,-Silvanguidic,France
41,0Uinne,France
42,1Le,France
43,2-Le-Saintes,France
44,2Ivhois,France
45,5Drands Carment,France
46,5Ray,France
47,Aalas,France
48,Aignon,France
49,An-Laye,France
50,Anc,France
51,Aneda,France
52,Arith-Sartin-Le,France
53,Arly,France
54,Arneau-Du-Gone,France
55,Arnefondoumelli,France
56,Artin-Fallanzy,France
57,Artin-Fallaumin,France
58,Arts,France
59,Aude,France
60,Ausheim,France
61,Aux,France
62,Aux-Roi,France
63,B 5Lles-Mont,France
64,B Jallas,France
65,B U5-Sur-Loir,France
66,Bgnvy-En-Sur-Se,France
67,Biscarne,France
68,Blan-D'Anthe,France
69,Bussy-Saint-Gil,France
70,C-Sur-Loint-Jul,France
71,Ciqlon,France
72,Cnet-Cuire,France
73,Cnre,France
74,Crebiers-Sebach,France
75,Crebieu-Chapell,France
76,Cres,France
77,Cres-Dijon,France
78,Cres-Minesterig,France
79,Cres-Remin-Les-,France
80,Csislas,France
81,Cssrssenay-Sous,France
82,Del,France
83,Delanc,France
84,Delecq-En-Gohel,France
85,Deln,France
86,Delys,France
87,Des-La-Jolierra,France
88,Des-Lez-Lillera,France
89,Des-Mant,France
90,Det,France
91,Dette-Bel,France
92,Dit,France
93,Dives-Des-Les-D,France
94,Divette,France
95,Drange-Saint-Pi,France
96,Dtkaroeul,France
97,Duc,France
98,Duille 14,France
99,Dun,France
100,Duve-Sur-Loirem,France
101,E-Des,France
102,E-Hailles-Mitry,France
103,Ehaut,France
104,Elan-En-Gohelle,France
105,Emeur,France
106,Emombery,France
107,Encourg,France
108,Ens,France
109,Er-Sur-Rhoneour,France
110,Erac,France
111,Erau-Du-Roi,France
112,Eray,France
113,Eraz,France
114,Ereaux,France
115,Eriguemire,France
116,Ermainte-Mery,France
117,Errenay-Aux,France
118,Ers,France
119,Ers-Le-Vie,France
120,Ert,France
121,Escarne,France
122,Escres,France
123,Ettel,France
124,Evron-Soussing,France
125,Faires-Elbeuf,France
126,Feigny-Sur-Orge,France
127,Feyzin,France
128,Fhesmin,France
129,Fleuve-Sur-Loir,France
130,Fndce,France
131,Fndfens,France
132,Fre,France
133,Frelanc,France
134,Fron,France
135,Geispolsheim,France
136,Ger,France
137,Geran-D'Angles-,France
138,Gerand,France
139,Gex,France
140,Gey,France
141,Gn-Les-Vieillan,France
142,Gne,France
143,Gne-Colomberges,France
144,Gne-Comberger,France
145,Gne-Sur-Alliers,France
146,Gnes,France
147,Gnes-Mitry-Moni,France
148,Gneuillangon,France
149,Gneuses,France
150,Gneuvevillers,France
151,Gneuvevillonc,France
152,Gneux,France
153,Gney,France
154,Gnne,France
155,Heronne-Sur-Org,France
156,Hours,France
157,Hrmbier,France
158,Idhs,France
159,Iehs,France
160,Iers-Les-Villie,France
161,Ighelle,France
162,Ighelletan,France
163,Ighesse,France
164,Ighesson,France
165,Igy,France
166,Illanconvillang,France
167,Ille,France
168,Ille-D'Ascq,France
169,Illes-Mezin,France
170,Illiette,France
171,Ine,France
172,Ineauberolsheim,France
173,Inesse,France
174,Ing,France
175,Innefondelailla,France
176,Int-Hilaiseau,France
177,Ire,France
178,Is-Poing,France
179,Iseau-Le-De-Vil,France
180,Ison-Plage,France
181,Isonnemas,France
182,Isonnes,France
183,Isonnevillier-S,France
184,Issous-Leu,France
185,Isy-Les-Elbeuf,France
186,Isy-Saintenay-M,France
187,It-Marcellevill,France
188,Itage,France
189,Itagne,France
190,Itagne-Sur-Orge,France
191,Itagnes,France
192,Itagney,France
193,Itagnoletaneuve,France
194,Ite-Saint-Maure,France
195,Its,France
196,Itve-Les,France
197,Itvernouilley,France
198,Itvillemond-Cro,France
199,Itvillonne,France
200,Ive-Saint-Germi,France
201,Izy-Vie,France
202,Izy-Vieilletal,France
203,Izy-Vieillon,France
204,Izy-Vignac,France
205,Izy-Vignan-Sur-,France
206,Izy-Ville,France
207,Izy-Ville-Sur-S,France
208,Izy-Villonne,France
209,Izy-Vince,France
210,Izy-Vincennes,France
211,Izy-Vincennevil,France
212,Izy-Vincy,France
213,J'Jogser,France
214,Jau,France
215,Keuhdellien,France
216,Koufle,France
217,Koufleury,France
218,Koufleuveville-,France
219,Kserlebon-Mer,France
220,L-Maxencourgenv,France
221,Laiseaux,France
222,Lanc,France
223,Lancy,France
224,Las,France
225,Laumontron-Sevr,France
226,Laviry-Margues-,France
227,Ldhieresnil-Sur,France
228,Lecq-Kerhuon,France
229,Ledieux,France
230,Les-Ponte-Sur-L,France
231,Lien,France
232,Lier-Sur-Seneus,France
233,Lies-Les,France
234,Limosas,France
235,Lines,France
236,Lle,France
237,Lle 02,France
238,Lle-Roi,France
239,Llence,France
240,Ller,France
241,Lles-La-Saint-F,France
242,Lles-Soussille,France
243,Llevillargis,France
244,Lon,France
245,Loncarre-Sur-Lo,France
246,Lonnes,France
247,Lonnetal,France
248,Lonnezier,France
249,Lrssel,France
250,Lskrrieaux,France
251,Lsspnon,France
252,Lwendele,France
253,Mac,France
254,Macreutzwald,France
255,Mapbaulx-En-Fal,France
256,Mapnant,France
257,Mapneuil,France
258,Mapretignaux,France
259,Mart,France
260,Marthe,France
261,Masson-Ptien-Go,France
262,Meray,France
263,Met,France
264,Mien-Plage,France
265,Miens,France
266,Min-L'Hermontmo,France
267,Mires-Sur-Saint,France
268,Mitagny-Les-Elb,France
269,Mond,France
270,Montbelin,France
271,Mpradette,France
272,Mrne,France
273,Mvntron-Sur-L'H,France
274,N-Barennezier,France
275,N-Brioudaint-Ma,France
276,N-Croison-Sous-,France
277,N-Devangols,France
278,N-Godauban,France
279,N-Goele,France
280,N-Goelecres,France
281,N-Jarez,France
282,N-Le-En-Leyssil,France
283,N-Le-Sur-Mezin,France
284,N-Les-Tourt,France
285,N-Mer,France
286,N-Mesming-Wenda,France
287,N-Peve,France
288,N-Planzy,France
289,N-Sur-Orgent-Av,France
290,N-Ville,France
291,N-Yvet,France
292,Nas,France
293,Nce,France
294,Ncebne,France
295,Ncentouvron,France
296,Ncon,France
297,Ncourt,France
298,Ndel,France
299,Ndely,France
300,Ndin,France
301,Ndou,France
302,Ne'Aire,France
303,Ne-Les-Sur-Sec,France
304,Ne-Sur-En-Laye,France
305,Ne-Sur-Esnil-Su,France
306,Nemasse,France
307,Neourcourcel,France
308,Nes,France
309,Nes-Fosse,France
310,Nessonne,France
311,Neteaume,France
312,Neteaux,France
313,Neuve-Senay-Lez,France
314,Neuvigneuse,France
315,Neuvre,France
316,Neux,France
317,Neux-Rous-Saint,France
318,Nevillencenne-L,France
319,Ng'Escenne,France
320,Nge,France
321,Nge-Saintes,France
322,Ngeau,France
323,Ngeaux,France
324,Ngis,France
325,Ngolsheim,France
326,Nguidic,France
327,Niesteresnil-Es,France
328,Nle-Mestras,France
329,Nnce,France
330,Nne,France
331,Nne-Sur-Yvele,France
332,Nnecy,France
333,Nnefens,France
334,Nnefense,France
335,Nnefonds,France
336,Nnes,France
337,Nnes-Moren,France
338,Nneuvergeron,France
339,Nnevillaume,France
340,Nneville-Royal,France
341,Nnevillenton,France
342,Nnevillet,France
343,Nnezier,France
344,Non,France
345,Nont,France
346,Noyelle-Roi,France
347,Nran,France
348,Nrand,France
349,Nremombelle-Fle,France
350,Nres,France
351,Nri,France
352,Nt-Audengelys,France
353,Nt-Avold,France
354,Nt-Cuqueux,France
355,Nt-Ferre,France
356,Nt-Jean-Mitry-S,France
357,Nt-Juline,France
358,Nt-Lens,France
359,Nt-Maur-Mesnil-,France
360,Nt-Nazamet,France
361,Ntaint-Blan-Men,France
362,Ntaint-Marne,France
363,Ntaint-Peve,France
364,Ntan,France
365,Ntanejan-En-Lay,France
366,Ntargis,France
367,Ntaris-Pouilley,France
368,Ntras,France
369,Ntrasses,France
370,Nucou,France
371,Nue,France
372,Nuincenton,France
373,Nvilly,France
374,Oisse,France
375,Omme,France
376,On-Planconville,France
377,Onne,France
378,Onnefondel,France
379,Onnes,France
380,Onsorbier-Sur-R,France
381,Ont-Avold,France
382,Ont-La-Saint-Ge,France
383,Orges,France
384,Orsannes-Lense,France
385,Orsay,France
386,Orte,France
387,Oudaintenardill,France
388,Ouillan-Mer,France
389,Oume,France
390,Oux-Roi,France
391,Pnon,France
392,Ppes-Mirand,France
393,Ppes-Sur-L'Esta,France
394,Ppi,France
395,Qengelys,France
396,Quevante-Saint-,France
397,R-Erdresse,France
398,R-Loir,France
399,R-Loire,France
400,R-Maxence,France
401,R-Ndy-En-Brioud,France
402,R-Plage,France
403,R-Planc,France
404,Raint-Garez,France
405,Raint-Gillonc,France
406,Rancourg-Hain,France
407,Rargis,France
408,Rassonnes,France
409,Rbastierrenay-A,France
410,Rbierras,France
411,Rcasse-Sur-L'He,France
412,Rdeaumond,France
413,Rdenis-Plage,France
414,Rdres-Sur-La-Pr,France
415,Re-En-Boisiel,France
416,Re-Sur-Loint-Ma,France
417,Reau,France
418,Reaux,France
419,Reaux-La-Parith,France
420,Regueloncarnene,France
421,Reilles-Merleba,France
422,Remombours,France
423,Repas,France
424,Rer,France
425,Rert,France
426,Res,France
427,Res-Sous-Sebach,France
428,Res-Valogneuve-,France
429,Resnes,France
430,Resson-Sur-La-C,France
431,Ret,France
432,Rets,France
433,Reutzwaldoie,France
434,Reux,France
435,Reux-Roi,France
436,Reville,France
437,Reville-Fleur,France
438,Rgendin,France
439,Rgentin-La-Poui,France
440,Rges,France
441,Rguerol,France
442,Rgues,France
443,Rgues-Sur-En-Yv,France
444,Rhuon,France
445,Rie,France
446,Rieretigny,France
447,Rierren,France
448,Riers,France
449,Ries-Fossel,France
450,Ries-Montenoy-L,France
451,Rith,France
452,Rith-Sain,France
453,Rive,France
454,Rkesyerral,France
455,Rlat-La-Joliest,France
456,Rlatt,France
457,Rles,France
458,Rlmosas,France
459,Rlouvroil,France
460,Rmonial,France
461,Rmont-Des-La-Po,France
462,Rmont-Evequevan,France
463,Rmont-Marsanne,France
464,Rmontaint-Avold,France
465,Rmorenay,France
466,Rmorenne,France
467,Rn-Les-Les-Sur-,France
468,Rn-Mery,France
469,Rne,France
470,Rneaubrry,France
471,Rnetany,France
472,Ron,France
473,Roncarrelan-Des,France
474,Ronnecy,France
475,Roux-Bondelaise,France
476,Rrade,France
477,Rradon,France
478,Rraint-Paul,France
479,Rran,France
480,Rrand-Croix,France
481,Rrandelaix,France
482,Rrange,France
483,Rrasse,France
484,Rre,France
485,Rre-Sur-La-Pryv,France
486,Rre-Sur-Neres-M,France
487,Rre-Sur-Senay,France
488,Rrebiers,France
489,Rrebieu-Chatell,France
490,Rrefittel,France
491,Rrefitteritz,France
492,Rreguerol,France
493,Rregues,France
494,Rregues-Plage,France
495,Rriers-Senay-Au,France
496,Rs-En-Yvet,France
497,Rseille,France
498,Rseilly,France
499,Rsses,France
500,Rt-De-Buch,France
501,Rt-De-Moneourge,France
502,Rt-Sur-Orges,France
503,Rte,France
504,Rtenvillicouron,France
505,Rtenvillon,France
506,Rtvieu-Chauny,France
507,Ru0S,France
508,Ruthe,France
509,Rutherol,France
510,Ruvmerlevillet,France
511,Rville-Mesnes,France
512,S-Aude,France
513,S-Chateau,France
514,S-Orges,France
515,S-Riorge,France
516,S-Ville,France
517,Sains,France
518,Sdis,France
519,Seauban-Meziers,France
520,Seault-Cuire,France
521,Seaulx-En-Falli,France
522,Seil,France
523,Sembourgent-Mer,France
524,Sembouronne,France
525,Ses,France
526,Sheim,France
527,Simosas,France
528,Sn-Haut-En-Yvel,France
529,Snes,France
530,Snesselley,France
531,Snsson-Sur-De-M,France
532,Sollies-Le-Sur-,France
533,Srades-Colombes,France
534,Sren,France
535,Srendin,France
536,Srrles,France
537,Ssadette,France
538,Sse,France
539,Sse-Sur-La-Pryv,France
540,Sse-Sur-Orge,France
541,Ssel,France
542,Sselle,France
543,Ssellers,France
544,Sses,France
545,Sson,France
546,Statte,France
547,T-Du-Gaudenge-S,France
548,T-La-Saint-Du-L,France
549,T-Mauries,France
550,T-Nire,France
551,T-Pape,France
552,T-Pathune,France
553,T-Sur-Loire,France
554,T-Vallacours,France
555,T-Vieilliens,France
556,Tagny-Sur-En-Fe,France
557,Te-Sur-Lavier,France
558,Teau,France
559,Temontceaux,France
560,Tenas,France
561,Tenay-Sur-Yveli,France
562,Terbastien-Barr,France
563,Terol,France
564,Terral,France
565,Terregueugnes,France
566,Terrency,France
567,Teuil,France
568,Tras,France
569,Trassel,France
570,Tre-Sur-Y,France
571,Tt-05Hlenes,France
572,Tte,France
573,Tte-Marseillet,France
574,Tterral,France
575,U-Le-Beaux,France
576,U-Les,France
577,U-Les-Legerger,France
578,Ubery-Sous-Mine,France
579,Ucrebon-Sur-Ner,France
580,Ude,France
581,Udenge-Des-Mont,France
582,Uemire De Talmo,France
583,Uenton,France
584,Ugenville-Du-Bo,France
585,Ugeve,France
586,Ugival,France
587,Ugnes,France
588,Uillanzy,France
589,Uilles-Lens,France
590,Uines,France
591,Uire,France
592,Ul Talmontaul-T,France
593,Ul-Troix,France
594,Ulan-D'Ascq,France
595,Ule,France
596,Ulet,France
597,Ulinestras,France
598,Ult,France
599,Untouvroisy-Le-,France
600,Ure,France
601,Ury,France
602,Use,France
603,Uses,France
604,Ussans-En-Velin,France
605,Ussing-Merlevil,France
606,Ut-Yvelizy-Vill,France
607,Uvevilley,France
608,Uvillon,France
609,Uvisons-Rempart,France
610,Ux-La-Saint-Mal,France
611,Ux-Rosse,France
612,Vierray,France
613,Villange,France
614,Villargues,France
615,Ville,France
616,Ville 02,France
617,Ville Coteau,France
618,Villencentignac,France
619,Viller,France
620,Villers,France
621,Villes-Sur-Rhon,France
622,Villes-Vie,France
623,Villiens,France
624,Villierrelat-L',France
625,Villies-Chamoni,France
626,Villones,France
627,Vitteronnevilli,France
628,Vrand,France
629,Vre,France
630,Vres,France
631,Vreutzwald,France
632,X-Bois,France
633,X-Cormes,France
634,X-De-Mer,France
635,X-En-Baume,France
636,X-Mondoufleur,France
637,X-Mont,France
638,X-Mont-Marcelle,France
639,X-Montaris-Croi,France
640,X-Montceaux,France
641,X-Montieres,France
642,X-Montigny-Sur-,France
643,X-Mors,France
644,X-Rossel,France
645,X-Sur-Oise,France
646,Xtovieu,France
647,Y-Soudun,France
648,Y-Sous-Bordeau,France
649,Y-Sous-Botterra,France
650,Y-Sous-Monsorbe,France
651,Y-Sur-Lange,France
652,Yelle,France
653,Yes,France
654,Ymaubriant,France
655,Ymin,France
656,Yminegaranne,France
657,Yon,France
658,Yous-Boisy-Sur-,France
659,Yous-Borde,France
660,Ysenay-Aux,France
661,Ysines,France
662,Ysins,France
663,Yssillines,France
664,Zan,France
665,Zanne,France
666,Zannes,France
667,Zier-Sur-Orges,France
668,Zin,France
669,Zir,France
670,Zon,France
