,Name,Origin
0, An Derahw Am M,Germany
1, Duern,Germany
2, Duernsberg,Germany
3, Muelheim,Germany
4, Muencheid,Germany
5, Murr,Germany
6, Rennweg,Germany
7,(Uden,Germany
8,(Uenbrueckenbac,Germany
9,(Uensen,Germany
10,(Uesdorf,Germany
11,(Ueseke,Germany
12,(Uesenbergneust,Germany
13,(Ueshain,Germany
14,(Uessenludersdo,Germany
15,(Urschaushagenh,Germany
16,-Endel,Germany
17,-Enden,Germany
18,-Endenau Am Nec,Germany
19,-Enderstaedt,Germany
20,-Hingen,Germany
21,-Hohemnitz,Germany
22,-Hohz,Germany
23,-Huderweheim,Germany
24,-Huhn,Germany
25,-Irunn,Germany
26,-Ramstadt,Germany
27,-Rochlerth,Germany
28,-Sarkt Inn,Germany
29,-Schonburg,Germany
30,-Schopfheide,Germany
31,-Schwaldkraibur,Germany
32,-Schweig,Germany
33,-Sraublitze,Germany
34,-Traben,Germany
35,-Worb,Germany
36,-Worbisfeld,Germany
37,. Aamlen,Germany
38,. Hagen,Germany
39,. Laghaus Am Ma,Germany
40,. Langwedt,Germany
41,. Nau,Germany
42,. Vast,Germany
43,.Uensalz,Germany
44,.Urrharlsruhe,Germany
45,/Aierna,Germany
46,/Aurach,Germany
47,/Vig,Germany
48,/Vugstrasslegg,Germany
49,/Vugstrhagen,Germany
50,/Vugtehe,Germany
51,/Vugteheim,Germany
52,Aalle,Germany
53,Abenheim,Germany
54,Abnetel,Germany
55,Ach/Vogtlangen,Germany
56,Agell,Germany
57,Ahle,Germany
58,Ain,Germany
59,Alachtberg,Germany
60,Ald,Germany
61,Aldbuttlingen,Germany
62,Alde,Germany
63,Alica,Germany
64,Alich,Germany
65,Alle,Germany
66,Alonnweg,Germany
67,Alsbach,Germany
68,Alsberhausen,Germany
69,Alstedt,Germany
70,Alsteinshagen,Germany
71,Alter,Germany
72,Altersbach,Germany
73,Altomund,Germany
74,Altstadt,Germany
75,Am Hagen,Germany
76,Am Harzwalk,Germany
77,Ampfingen,Germany
78,Ardorf,Germany
79,Ardowick,Germany
80,Ardswalb,Germany
81,Ardswaldbrunn,Germany
82,Ardswalen,Germany
83,Ardt,Germany
84,Arn,Germany
85,Arnsbek,Germany
86,Arnsberbach,Germany
87,Arnsheim,Germany
88,Aroth,Germany
89,Arsen,Germany
90,Artenstal,Germany
91,Artenthal,Germany
92,Arxtsel,Germany
93,Arzberg,Germany
94,Arzberharlouis,Germany
95,Arzwalbad,Germany
96,Arzwalen,Germany
97,As-Eidbertinger,Germany
98,Asch,Germany
99,Aschenbach,Germany
100,Aspach,Germany
101,Aswurschausen,Germany
102,Atwinnepetal,Germany
103,Au Am Necklinge,Germany
104,Au An Derfelde-,Germany
105,Auer-Schonburgh,Germany
106,Auerbeck,Germany
107,Auerbergen,Germany
108,Auerren,Germany
109,Augustadt,Germany
110,Aunstadt Schaus,Germany
111,Bachnow,Germany
112,Bad Arold,Germany
113,Bad Emstedt,Germany
114,Bad Heilingen,Germany
115,Bad Lankstadt S,Germany
116,Bad Lauchen,Germany
117,Bad Lauterhagen,Germany
118,Bad Loben,Germany
119,Bad Strassen,Germany
120,Bbergedorf,Germany
121,Bcanburg,Germany
122,Berbog,Germany
123,Berg,Germany
124,Berg An Der-Erk,Germany
125,Bernheim,Germany
126,Bheidberbach,Germany
127,Bheim,Germany
128,Bick,Germany
129,Bprfehmarsewisc,Germany
130,Brauli,Germany
131,Burg,Germany
132,Burghausen,Germany
133,C.Hausen,Germany
134,Cappeln,Germany
135,Cberg,Germany
136,Chardorf,Germany
137,Chardt,Germany
138,Charlsruhe,Germany
139,Chelseckpin,Germany
140,Chembach,Germany
141,Chembachtensalz,Germany
142,Chen,Germany
143,Chenau Am Neck,Germany
144,Chhain,Germany
145,Chnow,Germany
146,Chpenkamp,Germany
147,Cnderschlentann,Germany
148,D/Eicher,Germany
149,Dberg Auf Fehma,Germany
150,Dchiemgau,Germany
151,Dching,Germany
152,Dchingen,Germany
153,Delitz,Germany
154,Delitzwaldheide,Germany
155,Delmbrechtenhei,Germany
156,Den,Germany
157,Den-Bad Hein,Germany
158,Denheim,Germany
159,Der-Ramsten,Germany
160,Derath,Germany
161,Detmold,Germany
162,Dheim,Germany
163,Dietzenbek,Germany
164,Diez,Germany
165,Disse,Germany
166,Dorf,Germany
167,Dorf-Pfalza,Germany
168,Dreichenberth,Germany
169,Dstrhagen,Germany
170,Duis,Germany
171,Duisburg,Germany
172,E(Urenden,Germany
173,E-Enden Mainich,Germany
174,Ebad,Germany
175,Eck,Germany
176,Eckargenterdowi,Germany
177,Ecklingen,Germany
178,Ecklinghauder D,Germany
179,Ed-Iarfelsdorf,Germany
180,Ee-Cwberg Am In,Germany
181,Ee-Cwitzach,Germany
182,Eebeul,Germany
183,Eechtenberg,Germany
184,Eeck,Germany
185,Eerer,Germany
186,Eersmold,Germany
187,Eesdorf,Germany
188,Eeslaufelde,Germany
189,Eesreiter,Germany
190,Efelstein,Germany
191,Efhainburg,Germany
192,Ehoerth,Germany
193,Ei Murr,Germany
194,Eilbach,Germany
195,Eilburghaus Am ,Germany
196,Eiligheim,Germany
197,Eilnbad Fussted,Germany
198,Ein,Germany
199,Einau,Germany
200,Ekae,Germany
201,Eke,Germany
202,Ekelheim-Mitter,Germany
203,Elheim,Germany
204,Ellingenholzbac,Germany
205,Elnharlshoop,Germany
206,Elnhausen,Germany
207,Elp,Germany
208,Elsdorf,Germany
209,Elstedt,Germany
210,Emkorn,Germany
211,Emrestwig,Germany
212,En Main,Germany
213,Enau,Germany
214,Enau Im Schause,Germany
215,Enberg An Der B,Germany
216,Enburg,Germany
217,Endenkoben-Schi,Germany
218,Endorf Am Koch,Germany
219,Enhain,Germany
220,Enham,Germany
221,Enhardswalksmue,Germany
222,Enhaudenhausen,Germany
223,Enhausel,Germany
224,Enhausendorf,Germany
225,Enkau,Germany
226,Ennigsfeld,Germany
227,Ennigsfelde,Germany
228,Eoeld,Germany
229,Eoriesdorf,Germany
230,Eppach,Germany
231,Erdiez,Germany
232,Erenbrueck,Germany
233,Erenzenbrunn,Germany
234,Erfurt,Germany
235,Erg,Germany
236,Ering,Germany
237,Eringen,Germany
238,Erlebad,Germany
239,Ermert,Germany
240,Ermsdorf,Germany
241,Ern,Germany
242,Erna,Germany
243,Ernheim,Germany
244,Erren,Germany
245,Ersbach,Germany
246,Erstedt,Germany
247,Esbachts,Germany
248,Esdorf,Germany
249,Esg,Germany
250,Esheim,Germany
251,Eskasteig,Germany
252,Essingen,Germany
253,Essingenstorf,Germany
254,Essingsburgstad,Germany
255,Esslingen,Germany
256,Estfalza,Germany
257,Esthal,Germany
258,Esthalk,Germany
259,Ettingen,Germany
260,Euauhlen,Germany
261,Euenbruenzelleb,Germany
262,Eum,Germany
263,Eusen,Germany
264,Euster,Germany
265,Ev-Hlsterg,Germany
266,Ev-Reichtenhau ,Germany
267,Ev-Rsheim,Germany
268,Ev-Rsheinmach A,Germany
269,Ewenzackenhause,Germany
270,Fbei Coburg Bez,Germany
271,Fchsthallebadeb,Germany
272,Fehmarn,Germany
273,Feld,Germany
274,Felde,Germany
275,Felden,Germany
276,Fels,Germany
277,Felstedt,Germany
278,Felstingen,Germany
279,Fen,Germany
280,Fering,Germany
281,Filde,Germany
282,Filden Am Main,Germany
283,Fildenkirchinge,Germany
284,Friedrich,Germany
285,Fuderwehe,Germany
286,Fuhlersdorf,Germany
287,Fuhr,Germany
288,Fuhringen,Germany
289,Furscheessen,Germany
290,Gchtberhausenlu,Germany
291,Gen,Germany
292,Gersbach,Germany
293,Gladbach,Germany
294,Gren,Germany
295,H(Ozorgenthal,Germany
296,Hain,Germany
297,Hainaschal,Germany
298,Halksmuenbek,Germany
299,Ham,Germany
300,Harzwalde,Germany
301,Hauder Strassen,Germany
302,Hausen,Germany
303,Hausendorf,Germany
304,Haushausenbuch,Germany
305,Hbneinsteig,Germany
306,Hegen,Germany
307,Hehmarsewistras,Germany
308,Heid,Germany
309,Heide,Germany
310,Heim,Germany
311,Heim Segebeul,Germany
312,Heimenhausen,Germany
313,Heinsteil Im Be,Germany
314,Helmen,Germany
315,Helmerne,Germany
316,Hemmingenring,Germany
317,Hemnitz,Germany
318,Hernau,Germany
319,Herode,Germany
320,Herzogen,Germany
321,Heumuehleichsto,Germany
322,Heustaedt,Germany
323,Hez,Germany
324,Hheiden Main,Germany
325,Hirichtruppiche,Germany
326,Hnimgen,Germany
327,Hnrsbergstaette,Germany
328,Hofen,Germany
329,Horsteinstadt,Germany
330,Hroosburg,Germany
331,Iach,Germany
332,Ielburg,Germany
333,Ienstadt Bei Mu,Germany
334,Ientannstein,Germany
335,Ienthallstadt,Germany
336,Ierne,Germany
337,Iernigerstein,Germany
338,Iesbach,Germany
339,Ietze,Germany
340,Ietzendorf,Germany
341,Ietzow,Germany
342,Igsfeldeck,Germany
343,Igunzburg,Germany
344,Ihaff,Germany
345,Ilher,Germany
346,Imgen,Germany
347,Imssheim,Germany
348,Imusham,Germany
349,Inabuettendorf,Germany
350,Ing,Germany
351,Ingberg,Germany
352,Ingen,Germany
353,Inn,Germany
354,Innendorf-Pfalz,Germany
355,Irarbach-Hasse,Germany
356,Iraublingenburg,Germany
357,Irkogensen,Germany
358,Irkorst,Germany
359,Irlingenbergen,Germany
360,Irunkenstadt/Su,Germany
361,Isstadt Bei Mue,Germany
362,Isstein,Germany
363,Itch,Germany
364,Itten,Germany
365,Ittt,Germany
366,Itz,Germany
367,Itzhemnitz,Germany
368,Ka Neck,Germany
369,Kal,Germany
370,Kaonreieichten ,Germany
371,Karlouisbergstr,Germany
372,Kassen,Germany
373,Kau-Hahnsdorf,Germany
374,Kell,Germany
375,Kelstek,Germany
376,Kelstersdorf,Germany
377,Keve,Germany
378,Kheidenkirchena,Germany
379,Kheim,Germany
380,Kheinstein,Germany
381,Kkaneder Murr,Germany
382,Kmelitten Main,Germany
383,Konigsfeld Im H,Germany
384,Kor,Germany
385,Korgedorf,Germany
386,Koruwne(,Germany
387,Kreicheppach,Germany
388,Ksel,Germany
389,Ksen,Germany
390,Ksheim,Germany
391,Kslher,Germany
392,Kslingen,Germany
393,Kslingsdorf,Germany
394,Ksreifswalksmue,Germany
395,Kstett,Germany
396,Ladbach,Germany
397,Ladbachnow,Germany
398,Lam,Germany
399,Langwedt (Odera,Germany
400,Lankt Ingbergem,Germany
401,Lcinugg,Germany
402,Lcowuch,Germany
403,Ldietzow,Germany
404,Leck,Germany
405,Leckzing,Germany
406,Leenluder),Germany
407,Leiden,Germany
408,Leim,Germany
409,Lein,Germany
410,Leinblingen,Germany
411,Len,Germany
412,Lendorf,Germany
413,Lereuenem,Germany
414,Lersdorf,Germany
415,Lerst,Germany
416,Leswig,Germany
417,Lfbei Murr,Germany
418,Lfehmarn,Germany
419,Lfeiliesdorf,Germany
420,Lfnirsch,Germany
421,Lhein,Germany
422,Lhnroben-Schlan,Germany
423,Lichstadt,Germany
424,Lichtruppin,Germany
425,Littauf Feilbac,Germany
426,Litz,Germany
427,Llberg,Germany
428,Lmankstadt,Germany
429,Loch,Germany
430,Lochelheim,Germany
431,Loettingen Am S,Germany
432,Loetzow,Germany
433,Lorn,Germany
434,Lotthain,Germany
435,Lsthalksmuenzen,Germany
436,Luende,Germany
437,Luner,Germany
438,Malen,Germany
439,Mberg,Germany
440,Mer,Germany
441,Meroda,Germany
442,Metal,Germany
443,Mieskaster,Germany
444,Mittau,Germany
445,Mitte,Germany
446,Mrorst,Germany
447,Muendorf,Germany
448,Nabburg,Germany
449,Nau Am Main Der,Germany
450,Nauen,Germany
451,Neechts,Germany
452,Nfelden,Germany
453,Nguerren,Germany
454,Nhausen,Germany
455,Nhausenluders,Germany
456,Nheide,Germany
457,Nheieich,Germany
458,Nheim,Germany
459,Nheim-Mittenbek,Germany
460,Niach,Germany
461,Nitz,Germany
462,Nn Bezirk,Germany
463,Nnfehmarsen,Germany
464,Nnfeilieskow,Germany
465,Nnfels,Germany
466,Nnfhlitz,Germany
467,Nnhorn,Germany
468,Nraunussheiden,Germany
469,Nroeilbach,Germany
470,Nrsbach,Germany
471,Nshausenbad,Germany
472,Nsheim,Germany
473,Nwarz,Germany
474,Nweg,Germany
475,Oberg,Germany
476,Oebis,Germany
477,Oeder Stadt,Germany
478,Oer-Heidenheim ,Germany
479,Oer-Heiligen,Germany
480,Oer-Heng,Germany
481,Oer-Schelheinst,Germany
482,Olp,Germany
483,Olpnwilkau,Germany
484,Onberg,Germany
485,Onburg,Germany
486,Onterst,Germany
487,Orassen,Germany
488,Orf,Germany
489,Ornhardt,Germany
490,Ornheimen,Germany
491,Orntal,Germany
492,Orntannsteinmac,Germany
493,Orten,Germany
494,Ortenau Am Kalt,Germany
495,Ortenburg,Germany
496,Ortenschen,Germany
497,Ortenschler,Germany
498,Otte,Germany
499,Otten,Germany
500,Ottendau,Germany
501,Paldheim Chiemg,Germany
502,Pasingen,Germany
503,Pasingerwiesenk,Germany
504,Pausen,Germany
505,Pec/Ennweg,Germany
506,Peirsch,Germany
507,Per/Oegen,Germany
508,Perath,Germany
509,Petal,Germany
510,Petel,Germany
511,Peter,Germany
512,Peterbach,Germany
513,Peterbergischwz,Germany
514,Pnitzwaldkraibl,Germany
515,Pritzschlendels,Germany
516,Prueck,Germany
517,Rach,Germany
518,Rahdenham,Germany
519,Raula,Germany
520,Raunstadt (Oder,Germany
521,Rbeckenhorsbach,Germany
522,Rchen,Germany
523,Rcheppach,Germany
524,Rechzellingen,Germany
525,Reck,Germany
526,Rednitz,Germany
527,Rednitzhemnitz,Germany
528,Regen,Germany
529,Reich,Germany
530,Reichen,Germany
531,Reichterst,Germany
532,Reieich,Germany
533,Reieichten,Germany
534,Reifswalksmuenc,Germany
535,Reilburg,Germany
536,Reilshofenburg,Germany
537,Reital,Germany
538,Reithain,Germany
539,Reithalksmueneb,Germany
540,Reitsbronsheide,Germany
541,Rell,Germany
542,Rietze,Germany
543,Rietzenberg,Germany
544,Rleide,Germany
545,Rmallersheim,Germany
546,Rnendeberg,Germany
547,Rnnen,Germany
548,Roch,Germany
549,Ronsheim,Germany
550,Rraunussheide,Germany
551,Rraunussingen,Germany
552,Rta Wessen,Germany
553,Rvsdorf,Germany
554,Rvstavsburg Auf,Germany
555,Rzwaldkraiburg,Germany
556,Salza,Germany
557,Sasse,Germany
558,Sbach,Germany
559,Sberg,Germany
560,Schlugersbach,Germany
561,Schonburg,Germany
562,Schonungen,Germany
563,Schwaben,Germany
564,Schwabenbach,Germany
565,Schwaldheim,Germany
566,Schwarzwalen,Germany
567,Sehn,Germany
568,Sehnden,Germany
569,Sen,Germany
570,Senbad,Germany
571,Senbuchhammern,Germany
572,Sham,Germany
573,Shausen,Germany
574,Sheim,Germany
575,Sheim Bei Cobur,Germany
576,Sick,Germany
577,Simmeragberbach,Germany
578,Sing,Germany
579,Sreich,Germany
580,Sreienster,Germany
581,Sreiental,Germany
582,Sstadt,Germany
583,Stadt,Germany
584,Stadt An Der Br,Germany
585,Stadt Bei Cobur,Germany
586,Stadt Schwaldbu,Germany
587,Stadt-Endelstek,Germany
588,Stadtroda,Germany
589,Staedt,Germany
590,Steinefeldenham,Germany
591,Steinsberbach,Germany
592,Stel,Germany
593,Ster,Germany
594,Sterding,Germany
595,Sterstedt,Germany
596,Sterswisch,Germany
597,Stettel,Germany
598,Sthal,Germany
599,Suerbeckingen,Germany
600,Sulzbach,Germany
601,Swig,Germany
602,Tadt,Germany
603,Tadt An Dersbac,Germany
604,Tadt-Schonburg,Germany
605,Tal,Germany
606,Tamund,Germany
607,Taunfelden,Germany
608,Taunstersewinke,Germany
609,Tchalmund,Germany
610,Tchiederweheim ,Germany
611,Tchiemsee,Germany
612,Tchingen,Germany
613,Tdnfelstersbach,Germany
614,Tek,Germany
615,Tel,Germany
616,Telbrunn,Germany
617,Telen,Germany
618,Ten,Germany
619,Ten Mainau,Germany
620,Tenau,Germany
621,Ter,Germany
622,Tesham,Germany
623,Thagen,Germany
624,Thainburg,Germany
625,Thal,Germany
626,Thalleburg,Germany
627,Thallenbachnow,Germany
628,Thallersbach,Germany
629,The,Germany
630,Then,Germany
631,Thenberloh,Germany
632,Thof,Germany
633,Tingen,Germany
634,Tnnne,Germany
635,Tnnnhain,Germany
636,Tnnnweg,Germany
637,Tnungen,Germany
638,Togingen,Germany
639,Tow-Oberhausen,Germany
640,Trassen,Germany
641,Trauli,Germany
642,Traunstadt,Germany
643,Ttal,Germany
644,Ttette,Germany
645,Ttobeul,Germany
646,Tuntenbek-Nord,Germany
647,Tuntenstedt,Germany
648,Tunterfehndenbe,Germany
649,Twist,Germany
650,Txettelbrunn,Germany
651,Tzendeburg,Germany
652,Uamberg,Germany
653,Uen,Germany
654,Uenstein,Germany
655,Uenstelbruensha,Germany
656,Uer-Schopfheim,Germany
657,Uern,Germany
658,Uernheim-Gustek,Germany
659,Unstadt,Germany
660,Unstein,Germany
661,Unsteinaschen,Germany
662,Urschen,Germany
663,Uustadt,Germany
664,Veehemnitz,Germany
665,Velheid,Germany
666,Velheim,Germany
667,Velheim-Mittenb,Germany
668,Velhein,Germany
669,Veshagen,Germany
670,Vesheidberg,Germany
671,Waren,Germany
672,Weide,Germany
673,Whroos,Germany
674,Wiesoythe,Germany
675,Wig,Germany
676,Wigsbronndorf,Germany
677,Wigsburg,Germany
678,Wildeck,Germany
679,Wisch,Germany
680,Wischonburg,Germany
681,Wist,Germany
682,Wistrhardswalk,Germany
683,Wlllingen,Germany
684,Woer-Erkenbrunn,Germany
685,Wolgastendeberg,Germany
686,Wsdain,Germany
687,Xsteig,Germany
688,Xstein,Germany
689,Xsteinendorf,Germany
690,Xstenburg,Germany
691,Xstersdorf,Germany
692,Z Am Kaltersbac,Germany
693,Zenbernheim,Germany
694,Zenbertinghause,Germany
695,Zrennweig,Germany
