,Name,Origin
0, Awam,Ghana
1, Cca,Ghana
2, Coast,Ghana
3, Daa,Ghana
4, Daw,Ghana
5, Flao,Ghana
6, Hod,Ghana
7, Kwa,Ghana
8, Lad,Ghana
9, Lao,Ghana
10, Loatoanoaet,Ghana
11, Loattnn,Ghana
12, Mad,Ghana
13, Nga,Ghana
14, Nla,Ghana
15, Rod,Ghana
16, Unwa,Ghana
17,Aflao,Ghana
18,Ahl,Ghana
19,Ahum,Ghana
20,Ajccra,Ghana
21,Alaga,Ghana
22,Aldat,Ghana
23,Ale,Ghana
24,Alegtro,Ghana
25,Alerigu,Ghana
26,Alm,Ghana
27,Alpatda,Ghana
28,Altgo,Ghana
29,Alvrinuase,Ghana
30,Amflro,Ghana
31,Amvo,Ghana
32,Anialsga,Ghana
33,Aola Ald,Ghana
34,Aols Taaga,Ghana
35,Apam,Ghana
36,Aph E,Ghana
37,Apose,Ghana
38,Appke Aoaltpond,Ghana
39,Asoa,Ghana
40,Auccham,Ghana
41,Avrinuase,Ghana
42,Avrong,Ghana
43,Awam,Ghana
44,Bcoeso,Ghana
45,Bidi,Ghana
46,Bkrom,Ghana
47,Blcgo,Ghana
48,Bleo,Ghana
49,Bleti,Ghana
50,Blggtaogo,Ghana
51,Blgoto,Ghana
52,Bmgo,Ghana
53,Bmrirum,Ghana
54,Bnvrinua,Ghana
55,Boford,Ghana
56,Bolg Tawgo,Ghana
57,Bpae,Ghana
58,Bswa,Ghana
59,Btsoa,Ghana
60,Buni,Ghana
61,Buri,Ghana
62,Bvrinuase,Ghana
63,Bwog,Ghana
64,Cccaa,Ghana
65,Cccaaaefoid,Ghana
66,Cccaaehom,Ghana
67,Cccaaerokgoto,Ghana
68,Cccaaerokur,Ghana
69,Cpasd,Ghana
70,Cpasda,Ghana
71,Cpps Caaev,Ghana
72,D Med,Ghana
73,Dame,Ghana
74,Dftidma,Ghana
75,Dhe,Ghana
76,Dhme,Ghana
77,Dnkerakir Soa,Ghana
78,Dnme,Ghana
79,Dnneyi,Ghana
80,Dpa,Ghana
81,Dtme,Ghana
82,E Ood,Ghana
83,Efhi Old Town,Ghana
84,Eflio,Ghana
85,Eflioio,Ghana
86,Efoid,Ghana
87,Efoid Aoaltpond,Ghana
88,Ekwot,Ghana
89,Erekum,Ghana
90,Exi,Ghana
91,Fccra,Ghana
92,Fkd Toan,Ghana
93,Fl Ood,Ghana
94,Flao,Ghana
95,Flco,Ghana
96,Fldo,Ghana
97,Fldot,Ghana
98,Fleo,Ghana
99,Flgoto,Ghana
100,Flioio,Ghana
101,Fllo,Ghana
102,Fllord,Ghana
103,Fllot,Ghana
104,Flloto,Ghana
105,Fllott,Ghana
106,Fllottdma,Ghana
107,Fllottsna,Ghana
108,Floo,Ghana
109,Flpo,Ghana
110,Flpotd,Ghana
111,Fltoon,Ghana
112,Fltpond,Ghana
113,Fltpong,Ghana
114,Flvo,Ghana
115,Flvrong,Ghana
116,Flwo,Ghana
117,Gfawdu,Ghana
118,Gfawi,Ghana
119,Gham,Ghana
120,Gmasi,Ghana
121,Gnawe,Ghana
122,Goasa,Ghana
123,Goast,Ghana
124,Gtaago,Ghana
125,Gtawo,Ghana
126,Guase,Ghana
127,H Hod,Ghana
128,Hbo,Ghana
129,Hchom,Ghana
130,Hem,Ghana
131,Hfhom,Ghana
132,Hhu,Ghana
133,Hkhom,Ghana
134,Hle,Ghana
135,Hmhof,Ghana
136,Ho ,Ghana
137,Hom,Ghana
138,Hpa,Ghana
139,Hre,Ghana
140,Hse,Ghana
141,Hum,Ghana
142,I Old Town,Ghana
143,Iamasi,Ghana
144,Ibu,Ghana
145,Imooda,Ghana
146,Jepokgo,Ghana
147,Jlppted,Ghana
148,Jnpenridua,Ghana
149,Jpae,Ghana
150,Jpapd Coast,Ghana
151,Jpapdk,Ghana
152,Jppe Coast,Ghana
153,Jppeerekum,Ghana
154,Jppeerigu,Ghana
155,Jppoed,Ghana
156,Jpppe,Ghana
157,Jpppe Coast,Ghana
158,Jpppeerekum,Ghana
159,Jpppeerigu,Ghana
160,Jppreete,Ghana
161,Kbu,Ghana
162,Kcra,Ghana
163,Kdra,Ghana
164,Kdu,Ghana
165,Kdut,Ghana
166,Kffadi,Ghana
167,Kflao,Ghana
168,Kgoao,Ghana
169,Kgoaotsoa,Ghana
170,Ki  Oda,Ghana
171,Kkwa,Ghana
172,Klat,Ghana
173,Klraisoa,Ghana
174,Kltaogo,Ghana
175,Kltoon,Ghana
176,Kmao,Ghana
177,Kola,Ghana
178,Kstaaga,Ghana
179,Kstaago,Ghana
180,Ktsoa,Ghana
181,Kum,Ghana
182,Kumasi,Ghana
183,Kur,Ghana
184,Kvransa,Ghana
185,Kw Tia,Ghana
186,Kwa,Ghana
187,Kwatia,Ghana
188,Kyi,Ghana
189,L Goao,Ghana
190,L Goaotpandae,Ghana
191,L Pong,Ghana
192,L Toantyi,Ghana
193,Laga,Ghana
194,Lapakdrt,Ghana
195,Lbgogo,Ghana
196,Lbo,Ghana
197,Lboro,Ghana
198,Lbu,Ghana
199,Lburi,Ghana
200,Lcga,Ghana
201,Lcpaldat,Ghana
202,Lcpasd,Ghana
203,Lcprse,Ghana
204,Ldade,Ghana
205,Ldat,Ghana
206,Lehimood ,Ghana
207,Lerigu,Ghana
208,Lfgoro,Ghana
209,Lflioio,Ghana
210,Lford,Ghana
211,Lfpi Ciasaaakyr,Ghana
212,Lfptoen,Ghana
213,Lgatanga,Ghana
214,Lgoto,Ghana
215,Lhgo,Ghana
216,Lhu Mad,Ghana
217,Ligi,Ghana
218,Ljptgda,Ghana
219,Lkcra,Ghana
220,Lkgoao,Ghana
221,Lkoto,Ghana
222,Llat,Ghana
223,Llgoto,Ghana
224,Llpatda,Ghana
225,Llporgatanga,Ghana
226,Llpotd,Ghana
227,Llptgda,Ghana
228,Llptrda,Ghana
229,Llpttda,Ghana
230,Llpttnnnyi,Ghana
231,Llpttpandae,Ghana
232,Llrtisma,Ghana
233,Lmrtfsada,Ghana
234,Lmrtfsgoaothoe,Ghana
235,Lngada,Ghana
236,Lngo,Ghana
237,Lnridua,Ghana
238,Locg,Ghana
239,Logo,Ghana
240,Lolt,Ghana
241,Lopted,Ghana
242,Lortdu,Ghana
243,Lpa,Ghana
244,Lpa Dua,Ghana
245,Lpao,Ghana
246,Lpardu,Ghana
247,Lpatda,Ghana
248,Lpatdkn,Ghana
249,Lpatdma,Ghana
250,Lpgo,Ghana
251,Lproe,Ghana
252,Lraisoa,Ghana
253,Lrgo,Ghana
254,Lshol,Ghana
255,Lso,Ghana
256,Ltgoaohme,Ghana
257,Ltpond,Ghana
258,Ltpong,Ghana
259,Ltpongo,Ghana
260,Luhimooda,Ghana
261,Lvri,Ghana
262,Lvrinuase,Ghana
263,Lvrong,Ghana
264,Lvrongo,Ghana
265,Lwa,Ghana
266,Lyadd,Ghana
267,M Ldat,Ghana
268,Malerigu,Ghana
269,Man,Ghana
270,Mcrpam,Ghana
271,Mflraisoa,Ghana
272,Mflro,Ghana
273,Mflrotsoa,Ghana
274,Mfnridua,Ghana
275,Mgoro,Ghana
276,Mhom,Ghana
277,Mkmpandae,Ghana
278,Mlma,Ghana
279,Mlo,Ghana
280,Mmradi,Ghana
281,Mmro,Ghana
282,Mnu,Ghana
283,Mpond,Ghana
284,Mrma,Ghana
285,Mro,Ghana
286,Mumford,Ghana
287,Mxi,Ghana
288,Nav,Ghana
289,Navrinuase,Ghana
290,Ndae,Ghana
291,Ndnneyi,Ghana
292,Ndu,Ghana
293,Nfleo,Ghana
294,Nga,Ghana
295,Ngo,Ghana
296,Nham,Ghana
297,Nhum,Ghana
298,Nkawam,Ghana
299,Nla,Ghana
300,Nlaga,Ghana
301,Nlao,Ghana
302,Nlo,Ghana
303,Nlteo,Ghana
304,Nlu,Ghana
305,Nnyi,Ghana
306,Npaldrt,Ghana
307,Nridua,Ghana
308,Nsnyani,Ghana
309,Ntsaakwrt,Ghana
310,Nvrinuu,Ghana
311,Nvrongo,Ghana
312,Nvyinia,Ghana
313,Odu,Ghana
314,Ofl Ood,Ghana
315,Oflro,Ghana
316,Ohu ,Ghana
317,Ol  Owd,Ghana
318,Ola,Ghana
319,Ola ,Ghana
320,Ola Ald,Ghana
321,Ole,Ghana
322,Ole Town,Ghana
323,Olf,Ghana
324,Ollao,Ghana
325,Ollat,Ghana
326,Olo,Ghana
327,Olsaaaluri,Ghana
328,Olt,Ghana
329,Olt Oadt,Ghana
330,Olu Iawso,Ghana
331,Olvrinuase,Ghana
332,Oma Igi,Ghana
333,Ondae,Ghana
334,Osaaakdrt,Ghana
335,Osi Madi,Ghana
336,Osuameo,Ghana
337,Oun,Ghana
338,P Cga,Ghana
339,Pa Daa,Ghana
340,Pa Daw,Ghana
341,Pa Dua,Ghana
342,Pakdr,Ghana
343,Pakdra,Ghana
344,Pakdrt,Ghana
345,Palerigu,Ghana
346,Pam,Ghana
347,Pandae,Ghana
348,Pasd,Ghana
349,Pb Coast,Ghana
350,Pbeso,Ghana
351,Pcee,Ghana
352,Pceso,Ghana
353,Pdkekaman,Ghana
354,Pe Coast,Ghana
355,Peesi,Ghana
356,Pekrom,Ghana
357,Pemr,Ghana
358,Peso,Ghana
359,Pess,Ghana
360,Pf Gogo,Ghana
361,Pfeerekum,Ghana
362,Pfeso,Ghana
363,Pfldat,Ghana
364,Pfldot,Ghana
365,Pgo,Ghana
366,Ph E,Ghana
367,Phee,Ghana
368,Pkndae,Ghana
369,Pkudae,Ghana
370,Pl Coaso,Ghana
371,Pl Coasoa,Ghana
372,Pl Dia,Ghana
373,Pl Dta,Ghana
374,Pleg,Ghana
375,Plkgoto,Ghana
376,Pnde,Ghana
377,Pnes,Ghana
378,Pnpem,Ghana
379,Ppeerigu,Ghana
380,Psee,Ghana
381,Psesa,Ghana
382,Pu Coasoa,Ghana
383,Pumso,Ghana
384,Pundae,Ghana
385,Pvrenui,Ghana
386,Pvrong,Ghana
387,Pvtcnasi,Ghana
388,Rakir Ada,Ghana
389,Rakir Mad,Ghana
390,Ramalerigu,Ghana
391,Rbgggo,Ghana
392,Rccta,Ghana
393,Rcrestea,Ghana
394,Rdu,Ghana
395,Rfliowa,Ghana
396,Ri Uiamalerigu,Ghana
397,Ribu,Ghana
398,Ridua,Ghana
399,Rigu,Ghana
400,Rle,Ghana
401,Rlett,Ghana
402,Rolgatanga,Ghana
403,Rom,Ghana
404,Ryndde,Ghana
405,S Aawam,Ghana
406,Sbftid,Ghana
407,Sbu,Ghana
408,Sflao,Ghana
409,Sfltoon,Ghana
410,Sfltpond,Ghana
411,Sga,Ghana
412,Skaaalpgada,Ghana
413,Skwatia,Ghana
414,Sllat,Ghana
415,Sllttong,Ghana
416,Sma,Ghana
417,Spa Dua,Ghana
418,Ssa,Ghana
419,Tbkwa,Ghana
420,Tcma,Ghana
421,Tdmnkii Old Tow,Ghana
422,Tflao,Ghana
423,Tflgoto,Ghana
424,Tlma,Ghana
425,Tlsot,Ghana
426,Toma,Ghana
427,Toma ,Ghana
428,Tsa,Ghana
429,Tsaaa Kda,Ghana
430,Tsaaakwr,Ghana
431,Tsaakgrtasga,Ghana
432,Tsaakoradi,Ghana
433,Tsaakrrm,Ghana
434,Tsha E,Ghana
435,Tsha Old Town,Ghana
436,Tsha Ood,Ghana
437,Tsiamalerigu,Ghana
438,Tsma,Ghana
439,Tsna,Ghana
440,Tsoa,Ghana
441,Ttsna,Ghana
442,Uhum,Ghana
443,Unca,Ghana
444,Unhum,Ghana
445,Unma,Ghana
446,Untanga,Ghana
447,V Oda,Ghana
448,Vaman,Ghana
449,Vbono,Ghana
450,Vcham,Ghana
451,Vdnnkyi,Ghana
452,Vflao,Ghana
453,Vflro,Ghana
454,Vford,Ghana
455,Vhon,Ghana
456,Vkoao,Ghana
457,Vpandae,Ghana
458,Vpandu,Ghana
459,Vrinua,Ghana
460,Vrong,Ghana
461,Vrongo,Ghana
462,Vtsna,Ghana
463,Vuhnm,Ghana
464,Vvrnnu,Ghana
465,Vvrong,Ghana
466,Wankyi,Ghana
467,Wpakdrt,Ghana
468,Wpandu,Ghana
469,Yandae,Ghana
470,Yandu,Ghana
471,Yflioio,Ghana
472,Yfndi,Ghana
473,Yoni,Ghana
