,Name,Origin
0, Aia,Greece
1, Erythraia,Greece
2, Erythrakomaked,Greece
3, Favala,Greece
4, Favion,Greece
5, Filadelfeia,Greece
6, Ionia,Greece
7, Makri,Greece
8, Ori,Greece
9, Piladelfeia,Greece
10, Ra,Greece
11, Raki,Greece
12, Ri,Greece
13, Tra,Greece
14, Vrysoupolis,Greece
15,A Pivates,Greece
16,A Ra,Greece
17,Aatolis,Greece
18,Acaia,Greece
19,Aclifos,Greece
20,Adus,Greece
21,Aedrnolis,Greece
22,Aeus,Greece
23,Agia Thoria,Greece
24,Agios Nikou,Greece
25,Agios Orestorin,Greece
26,Agiosia,Greece
27,Agrafos,Greece
28,Ahara,Greece
29,Aia,Greece
30,Ala,Greece
31,Alciol Ona,Greece
32,Aleo,Greece
33,Alia,Greece
34,Alkidarion,Greece
35,Allini,Greece
36,Allos,Greece
37,Ara,Greece
38,Aralia,Greece
39,Arathona,Greece
40,Aratsini,Greece
41,Argyroi,Greece
42,Argyrona,Greece
43,Argyronas,Greece
44,Argyrontados,Greece
45,Asocporia,Greece
46,Asvestori,Greece
47,Atea,Greece
48,Athona,Greece
49,Athos,Greece
50,Atsi,Greece
51,Atsini,Greece
52,Avlonas,Greece
53,Avlos,Greece
54,Chaia,Greece
55,Chaida,Greece
56,Chaidaia,Greece
57,Chaidari,Greece
58,Chaidarion,Greece
59,Claio Faliro,Greece
60,Clandroupoli,Greece
61,Clirokastro,Greece
62,Cmai,Greece
63,Cpiia,Greece
64,Craia,Greece
65,Cralia,Greece
66,Craliada,Greece
67,Craliadas,Greece
68,Cralirokastro,Greece
69,Crano Lios Ores,Greece
70,Cri,Greece
71,Crii,Greece
72,Crilodas,Greece
73,Cryliko,Greece
74,Dallos,Greece
75,Dari,Greece
76,Darion,Greece
77,Derfe,Greece
78,Drion,Greece
79,Droupoli,Greece
80,Droupolichni,Greece
81,Droupolis,Greece
82,Eerpesro,Greece
83,Ega Eondari,Greece
84,Erai,Greece
85,Eraia,Greece
86,Erama,Greece
87,Eramas,Greece
88,Erapetra,Greece
89,Erapetraki,Greece
90,Erapetrakomaked,Greece
91,Erapetsona,Greece
92,Eratastochorino,Greece
93,Eratea,Greece
94,Erates,Greece
95,Erathonas,Greece
96,Erathos,Greece
97,Eratista,Greece
98,Eratsi,Greece
99,Eratsini,Greece
100,Eratsinio,Greece
101,Ergerfe,Greece
102,Erges Orinthi,Greece
103,Ergi,Greece
104,Ergia Thoria,Greece
105,Ergis,Greece
106,Eri,Greece
107,Erkida,Greece
108,Ermoupoli,Greece
109,Ermoupolichni,Greece
110,Ermoupolis,Greece
111,Eroi,Greece
112,Errestochorikou,Greece
113,Erti,Greece
114,Eryia Thorini,Greece
115,Erzesit,Greece
116,Fada,Greece
117,Fasion,Greece
118,Fdrion,Greece
119,Fida,Greece
120,Fidaia,Greece
121,Fidiro,Greece
122,Fidones,Greece
123,Firaeus,Greece
124,Flori,Greece
125,Fos,Greece
126,Frorina,Greece
127,Fssi,Greece
128,Gadelfeia,Greece
129,Gia Thori,Greece
130,Gia Thoria,Greece
131,Gia Thorikala,Greece
132,Gia Thorina,Greece
133,Gia Vari,Greece
134,Gia Varion,Greece
135,Gia Varvaraliro,Greece
136,Gia Varvaratea,Greece
137,Gia Varvarathos,Greece
138,Gia Vrysoupoli,Greece
139,Gios Ores,Greece
140,Giosia,Greece
141,Goumenitsa,Greece
142,Grafos,Greece
143,Grina,Greece
144,Grini,Greece
145,Grinthi,Greece
146,Gro,Greece
147,Grofasia,Greece
148,Grofisia,Greece
149,Grofissa,Greece
150,Grontados,Greece
151,Gros,Greece
152,Gryfodas,Greece
153,Halandrion,Greece
154,Halkidonas,Greece
155,Halkis,Greece
156,Hara,Greece
157,Hermi,Greece
158,Hfasion,Greece
159,Holis,Greece
160,Houmenitsa,Greece
161,Hraki,Greece
162,Hrysi,Greece
163,Ica,Greece
164,Ichni,Greece
165,Ictna,Greece
166,Ida,Greece
167,Idaia,Greece
168,Idari,Greece
169,Ifissa,Greece
170,Ifos,Greece
171,Igaleo,Greece
172,Igio,Greece
173,Igioi Anargyron,Greece
174,Igioi Anatoli,Greece
175,Igioi Epivatea,Greece
176,Igioi Epivates,Greece
177,Igios Nikaia,Greece
178,Igios Nikala,Greece
179,Igios Nikolaos,Greece
180,Igios Ores,Greece
181,Igios Orestiko,Greece
182,Igios Orestikol,Greece
183,Igios Orestikou,Greece
184,Igios Orestocho,Greece
185,Igios Orestorik,Greece
186,Igios Pavlona,Greece
187,Igios Pavlonas,Greece
188,Igios Pavlos,Greece
189,Igiosia,Greece
190,Igrontados,Greece
191,Igryfodesfo,Greece
192,Igryfoiaanargyr,Greece
193,Iion,Greece
194,Iiraeus,Greece
195,Iirikalama,Greece
196,Ikala,Greece
197,Inka Athos,Greece
198,Iouli,Greece
199,Ioulo,Greece
200,Iouuania,Greece
201,Iouunnitsa,Greece
202,Iouurnies,Greece
203,Iri,Greece
204,Iva,Greece
205,Kadas,Greece
206,Kala,Greece
207,Kidona,Greece
208,Kidoneri,Greece
209,Kiraeus,Greece
210,Kou,Greece
211,Kropi,Greece
212,L Ri,Greece
213,Lapetra,Greece
214,Lassona,Greece
215,Lei,Greece
216,Ler,Greece
217,Leri,Greece
218,Les,Greece
219,Lexandrion,Greece
220,Lexandroupoli,Greece
221,Lexandroupolich,Greece
222,Lexandroupolis,Greece
223,Liada,Greece
224,Lichni,Greece
225,Lifos,Greece
226,Lini,Greece
227,Linio,Greece
228,Lion,Greece
229,Liro,Greece
230,Lirokastouni,Greece
231,Lirokastro,Greece
232,Lis,Greece
233,Liveri,Greece
234,Lonas,Greece
235,Lorinio,Greece
236,Los,Greece
237,Loumenitsa,Greece
238,Lponia,Greece
239,Mafisia,Greece
240,Makedones,Greece
241,Mara,Greece
242,Mari,Greece
243,Markopouli,Greece
244,Markopoulo,Greece
245,Mes,Greece
246,Mgrffidirokasto,Greece
247,Miraeus,Greece
248,Mournies,Greece
249,Mragia Vrysi,Greece
250,Mriea,Greece
251,Mrieondarion,Greece
252,Mrikaia,Greece
253,Mriko,Greece
254,Mriraeus,Greece
255,Nargyroi,Greece
256,Nargyrontados,Greece
257,Nda Lavalatsi,Greece
258,Nga Eaama,Greece
259,Nga Eationia,Greece
260,Nga Eraia,Greece
261,Ngoi Anato Acha,Greece
262,Nikolaos,Greece
263,Nkaia,Greece
264,Nkitonia,Greece
265,Nkolaos,Greece
266,Noula,Greece
267,Nouli,Greece
268,Noulo,Greece
269,Nra Oha,Greece
270,Ntri,Greece
271,Nya Varvaraloi,Greece
272,Odesfos,Greece
273,Oeratsi,Greece
274,Oersia,Greece
275,Oersilida,Greece
276,Oerspersia,Greece
277,Ografos,Greece
278,Olaos,Greece
279,Olichni,Greece
280,Olis,Greece
281,Ooessi,Greece
282,Ores,Greece
283,Orestochori,Greece
284,Orestorikalatsi,Greece
285,Orestouni,Greece
286,Orgarea,Greece
287,Orgari,Greece
288,Orgas,Greece
289,Orgassonas,Greece
290,Ori,Greece
291,Oria,Greece
292,Oriko,Greece
293,Oros,Greece
294,Orrs,Greece
295,Orrssvasaonas,Greece
296,Osvestiko,Greece
297,Oufalia,Greece
298,Oufalirokastro,Greece
299,Ouli,Greece
300,Oumenitsa,Greece
301,Oupoli,Greece
302,Oupolichni,Greece
303,Oupolis,Greece
304,Ournies,Greece
305,Ouzania,Greece
306,Ozani,Greece
307,Palama,Greece
308,Palandrion,Greece
309,Pallini,Greece
310,Patra,Greece
311,Peraia,Greece
312,Perama,Greece
313,Peramas,Greece
314,Peratsi,Greece
315,Perres,Greece
316,Pfllrnies,Greece
317,Pgrafos,Greece
318,Piladelfeia,Greece
319,Piraeus,Greece
320,Pirtea,Greece
321,Pirtka,Greece
322,Plirokastro,Greece
323,Pltro,Greece
324,Poli,Greece
325,Polis,Greece
326,Pralirokastocho,Greece
327,Pria,Greece
328,Priraeus,Greece
329,Prirokastro,Greece
330,Prra,Greece
331,Ptra,Greece
332,Pvlandroupolis,Greece
333,Rafos,Greece
334,Raki,Greece
335,Rali,Greece
336,Raliada,Greece
337,Rates,Greece
338,Redana,Greece
339,Reut,Greece
340,Rexandroupoli,Greece
341,Rgarea,Greece
342,Rgfodesfa,Greece
343,Rgia Thori,Greece
344,Rgia Varvaralia,Greece
345,Rgissa,Greece
346,Rgos,Greece
347,Rgos Nikaio Fal,Greece
348,Rgos Nikalandri,Greece
349,Rgos Niko,Greece
350,Rgos Nikolaos,Greece
351,Rgos Nikou,Greece
352,Rgos Ores,Greece
353,Rgos Orestikola,Greece
354,Rgos Pavlos,Greece
355,Rgrina,Greece
356,Rgrinio,Greece
357,Rgrinthos,Greece
358,Rgyroi,Greece
359,Rgyrona,Greece
360,Rgyronas,Greece
361,Rgyrontados,Greece
362,Rgzani,Greece
363,Rhes,Greece
364,Ria,Greece
365,Rida,Greece
366,Ridaia,Greece
367,Ridari,Greece
368,Rifos,Greece
369,Rikaia,Greece
370,Rikala,Greece
371,Rikolaos,Greece
372,Rina,Greece
373,Rion,Greece
374,Rirokastouni,Greece
375,Risaa,Greece
376,Rkopoula,Greece
377,Rkopoulo,Greece
378,Rli,Greece
379,Ros,Greece
380,Rovponas,Greece
381,Rrestikou,Greece
382,Rrestouni,Greece
383,Rru,Greece
384,Rta,Greece
385,Rvlrnies,Greece
386,Rydallini,Greece
387,Rydallinio,Greece
388,Rydallos,Greece
389,Rylikolaos,Greece
390,Ryrgos,Greece
391,Ryrgos Niko,Greece
392,Slia,Greece
393,Sra Olis,Greece
394,Sva,Greece
395,Svestiko,Greece
396,Svestikolaos,Greece
397,Svestikou,Greece
398,Svestochori,Greece
399,Svestochoria,Greece
400,Svestochorinthi,Greece
401,Svestochorintho,Greece
402,Svestori,Greece
403,Svestorikaia,Greece
404,Svestouni,Greece
405,Svlis,Greece
406,Tados,Greece
407,Tagis,Greece
408,Tda,Greece
409,Tea,Greece
410,Ter,Greece
411,Teramas,Greece
412,Terapetsonas,Greece
413,Tha,Greece
414,Thona,Greece
415,Thonas,Greece
416,Thos,Greece
417,Tnra,Greece
418,Tonia,Greece
419,Torikaia,Greece
420,Tpiraeus,Greece
421,Tra,Greece
422,Trakomakedonas,Greece
423,Tre,Greece
424,Tri,Greece
425,Trikaia,Greece
426,Trikala,Greece
427,Trikalandroupol,Greece
428,Triko,Greece
429,Trikou,Greece
430,Tripoli,Greece
431,Tripolichni,Greece
432,Tripolis,Greece
433,Tro,Greece
434,Tsi,Greece
435,Tsini,Greece
436,Tsona,Greece
437,Tsvdsrikalama,Greece
438,Turnies,Greece
439,Ufalia,Greece
440,Ufaliada,Greece
441,Ula,Greece
442,Umani,Greece
443,Uni,Greece
444,Uralia,Greece
445,Uraliada,Greece
446,Uralkida,Greece
447,Urnies,Greece
448,Vari,Greece
449,Vdroupoli,Greece
450,Vlenotechni,Greece
451,Vlinio,Greece
452,Vlona,Greece
453,Vlonas,Greece
454,Vlos,Greece
455,Volos,Greece
456,Vrona,Greece
457,Vronas,Greece
458,Vronos,Greece
459,Vrontados,Greece
460,Ylaia,Greece
461,Yliko,Greece
462,Yoneri,Greece
463,Yrgos,Greece
464,Yrgos Nikaia,Greece
465,Yrgos Nikou,Greece
466,Yrgos Ores,Greece
467,Yrgos Orestikou,Greece
468,Yrgos Pavlona,Greece
469,Yrgos Pavlonas,Greece
470,Ythrakomakedona,Greece
471,Zani,Greece
472,Zania,Greece
473,Zrnies,Greece
