,Name,Origin
0, Dagudivanabad,India
1, Ega,India
2, Kara,India
3, Mukhta,India
4, Mumbai,India
5, Naginabad,India
6, Pagoda,India
7, Pir,India
8, Piro,India
9, Pirohi,India
10, Pirozabad,India
11, Sikanhal,India
12, Sikaras,India
13,Aanikhodal,India
14,Abad,India
15,Abh Vidyanapura,India
16,Adamana,India
17,Adavoor,India
18,Adgarihar Shaha,India
19,Adi,India
20,Adigallapurada,India
21,Adigaon,India
22,Adurambai,India
23,Afaras,India
24,Afuri,India
25,Agar,India
26,Agareddipparaul,India
27,Agatsing Railwa,India
28,Agodarnul,India
29,Ahabad,India
30,Aira,India
31,Airipok,India
32,Aithar,India
33,Aka,India
34,Akishal,India
35,Ala,India
36,Allur,India
37,Alnagarhi Nagar,India
38,Amarh,India
39,Amgarai Pagodar,India
40,Ampillairana,India
41,Amsad,India
42,Ana,India
43,Anallenabad,India
44,Anallur,India
45,Anavankondaicha,India
46,Andu,India
47,Ani,India
48,Antaka,India
49,Antnam,India
50,Aod,India
51,Aon,India
52,Apur,India
53,Aputhurda,India
54,Ar Bighwah,India
55,Ar Shahalnagalk,India
56,Attai,India
57,Attampallipur,India
58,Attapudi,India
59,Atti,India
60,Aur,India
61,Awan,India
62,Bad,India
63,Balega,India
64,Bandideep,India
65,Baneshwar,India
66,Bangalan,India
67,Banganj,India
68,Bar,India
69,Bbdanam,India
70,Beamangara,India
71,Bedagallur,India
72,Bedagar,India
73,Bedagudi,India
74,Bedanacheranpur,India
75,Bedanamai,India
76,Bellore,India
77,Berthalitanur,India
78,Berthampur,India
79,Berthaputtampur,India
80,Bertsganj,India
81,Bganj,India
82,Bhelandoor,India
83,Bhol,India
84,Bholi,India
85,Bijawar,India
86,Bishnoke,India
87,Bjalabh Vidyaba,India
88,Bjilibasa,India
89,Bmarh,India
90,Bnima,India
91,Bpilina,India
92,Buldan,India
93,Cha,India
94,Chaiburi,India
95,Charif,India
96,Cherana,India
97,Cherghat,India
98,Cheri,India
99,Cheriyakulathap,India
100,Choli,India
101,Chotilaramsad,India
102,Chotilaspura,India
103,Dabad,India
104,Dalwar,India
105,Damalampat,India
106,Dargha,India
107,Davoor,India
108,Dda,India
109,Ddapadvana,India
110,Ddhakum,India
111,Dherthapuri,India
112,Dhogaon,India
113,Digaon,India
114,Dnag,India
115,Dsaur,India
116,Dur,India
117,Dura Bazari,India
118,Duradnagarh,India
119,Duram,India
120,Durara,India
121,Durg,India
122,Durga,India
123,Durganabar,India
124,Durgaon,India
125,Duru,India
126,Duvan,India
127,Duvanam,India
128,E Ki,India
129,Ebasanabalamedu,India
130,Ebilakunthpur,India
131,Edan,India
132,Ehnda,India
133,Ela,India
134,Elampuraras,India
135,Ergha,India
136,Ertsganj,India
137,Eshpur,India
138,Eswan,India
139,Eswani,India
140,Evarkhej,India
141,Evngarh,India
142,Ewar,India
143,Fara,India
144,Fara Buzurganj,India
145,Faragpur,India
146,Faragpura,India
147,Funigaon,India
148,Fura,India
149,Furanthala,India
150,Furanur,India
151,Fzalganal,India
152,Gadhar,India
153,Gadhyamti,India
154,Galampalgaon,India
155,Galangrul Pir,India
156,Galkapura,India
157,Gana,India
158,Ganali,India
159,Gania,India
160,Ganipeta Road,India
161,Ganj,India
162,Ganj Mumba,India
163,Ganj West,India
164,Ganjam,India
165,Gaon,India
166,Gar,India
167,Gar Kalyana,India
168,Garh,India
169,Garhakum,India
170,Gatsingana,India
171,Ghapur,India
172,Ghat,India
173,Ghati,India
174,Giripok,India
175,Gonda,India
176,Gpur,India
177,Gtdmarh,India
178,Hada,India
179,Hadabatti,India
180,Hadagal,India
181,Hadagar,India
182,Hadavole,India
183,Hagpur,India
184,Haibagatsing Ra,India
185,Haibandivassa,India
186,Hairagarh,India
187,Hal,India
188,Hali,India
189,Halishnagarhi N,India
190,Halka,India
191,Halkuchi,India
192,Halon,India
193,Hamgunda,India
194,Hana,India
195,Hanvel,India
196,Haputtarauli,India
197,Harbi,India
198,Has,India
199,Hata,India
200,Hati,India
201,Haur,India
202,Hera,India
203,Heriya,India
204,Hertsgaon,India
205,Hetgarh,India
206,Hganj,India
207,Himunipaniar,India
208,Hinmalabholim,India
209,Hirganj,India
210,Hmudabad,India
211,Horata,India
212,Hulanganj,India
213,Hur,India
214,Iakapur,India
215,Iar,India
216,Ibangadhakalur,India
217,Ihal,India
218,Ihalki,India
219,Iharas,India
220,Iiran,India
221,Ikhodara,India
222,Ila,India
223,Ilakatu,India
224,Ilarangaon,India
225,Ilas,India
226,Ilasi,India
227,Imhalnagar,India
228,Imj,India
229,Ina,India
230,Inabad,India
231,Inagarh,India
232,Inghati,India
233,Ini,India
234,Inivadi,India
235,Inivaspur,India
236,Inivassa,India
237,Inmal,India
238,Ipuram,India
239,Ir Shahpur,India
240,Irabad,India
241,Iraka,India
242,Iram,India
243,Irampath,India
244,Iran,India
245,Iranur,India
246,Irhakam,India
247,Irpur,India
248,Irupeta Road,India
249,Iruppat,India
250,Iruvalle,India
251,Iruvana,India
252,Iruvanalitagar,India
253,Iruvanamam,India
254,Iruvanj,India
255,Iruvanke,India
256,Isailai,India
257,Isailairi,India
258,Isailakanallur,India
259,Isailwaye,India
260,Isain,India
261,Isaina,India
262,Isainagina,India
263,Ishahabh Vidyan,India
264,Ishahpur,India
265,Ishali,India
266,Ishanpurangrur,India
267,Ithali,India
268,Ithalitabati,India
269,Ithallur,India
270,Ithamgunram,India
271,Ithapurada,India
272,Iwan,India
273,Iwania,India
274,Jalam,India
275,Jalayagirabad,India
276,Jam,India
277,Jangad,India
278,Janguem,India
279,Jawa,India
280,Jawali,India
281,Jipur,India
282,Jolangarh,India
283,Jole,India
284,Juli,India
285,Kalur,India
286,Kanapuri,India
287,Kanhat,India
288,Kanhati,India
289,Kdatan,India
290,Khi,India
291,Kjas,India
292,Klai,India
293,Klani,India
294,Klaspur,India
295,Kon,India
296,Konam,India
297,Konda,India
298,Kondaicha,India
299,Kondaichli,India
300,Kondalayamti,India
301,Kondamanaman,India
302,Kondarnagar,India
303,Kot,India
304,Kote,India
305,Kottapur,India
306,Ksod,India
307,Kson,India
308,Ksor,India
309,Kulath,India
310,Lai,India
311,Lakatu,India
312,Lam,India
313,Lamedabad,India
314,Lampal,India
315,Lampatnam,India
316,Lan,India
317,Langanam,India
318,Lapur,India
319,Ldanalingh,India
320,Lina,India
321,Linabad,India
322,Linghati,India
323,Lingpur,India
324,Lingyelameduman,India
325,Lippar,India
326,Lipuras,India
327,Liputabad,India
328,Ljapur,India
329,Llapura,India
330,Lli,India
331,Llingh,India
332,Lore,India
333,Lur,India
334,Mala,India
335,Mali,India
336,Malipurarasaras,India
337,Mam,India
338,Manalina,India
339,Mananur,India
340,Mangamalway Col,India
341,Mangaon,India
342,Marh,India
343,Mbakottanur,India
344,Mbattuppara,India
345,Mbdi,India
346,Mdhri,India
347,Mdhuna,India
348,Medabad,India
349,Mgar,India
350,Mgarh,India
351,Mhagpur,India
352,Mhana,India
353,Mimalpuram,India
354,Mirpuranur,India
355,Misainabad,India
356,Misinganampur,India
357,Mlur,India
358,Mmhanavanj,India
359,Mni,India
360,Mpur,India
361,Mpuzha,India
362,Mru,India
363,Msingh,India
364,Mti,India
365,Na Pathamgarh,India
366,Nada,India
367,Naduru,India
368,Nagar,India
369,Nagarh,India
370,Nahada,India
371,Nai,India
372,Nal,India
373,Nali,India
374,Nallenabad,India
375,Nalluppatti,India
376,Nallur,India
377,Nam,India
378,Nampuzha,India
379,Nandarghatra,India
380,Nandawalam,India
381,Nanur,India
382,Napur,India
383,Nar,India
384,Nathalitanchgar,India
385,Nathapuri,India
386,Naur,India
387,Navi Mukhta,India
388,Nayudukkottaput,India
389,Nbanbasa,India
390,Nbarduagarhatan,India
391,Ncherla,India
392,Nchganipattanch,India
393,Nchganj,India
394,Nchgaras,India
395,Nchola,India
396,Nda,India
397,Ndfazar,India
398,Ndgol,India
399,Ndivaspur,India
400,Ndoli,India
401,Nduras,India
402,Ndvana,India
403,Neg,India
404,Nellapur,India
405,Neshoratagere,India
406,Ngar,India
407,Nghat,India
408,Nigal,India
409,Nigan,India
410,Nigaon,India
411,Niguddapah,India
412,Nigudi,India
413,Nigudibangadhya,India
414,Nivanj,India
415,Njanganj Mukhi,India
416,Njangavallenaba,India
417,Njmehada,India
418,Nkneshnoke,India
419,Nlani,India
420,Nmali,India
421,Nmalingunram,India
422,Nmganj,India
423,Nnaman,India
424,Nnmalampat,India
425,Nnmslion,India
426,Nnur,India
427,Nram,India
428,Ntli,India
429,Nur,India
430,Nwantakanam,India
431,Nwar,India
432,Oranwan,India
433,Ore,India
434,Palitagere,India
435,Pandhi Pukhi,India
436,Pderam,India
437,Pinjilinagal,India
438,Pudi,India
439,Pur,India
440,Puradabad,India
441,Puradas,India
442,Puradnagaridkot,India
443,Puram,India
444,Purangiriyakund,India
445,Puranur,India
446,Puri,India
447,Put,India
448,Puthbullahgar,India
449,Puttampalandsha,India
450,R Kali,India
451,R Kalisgan,India
452,R Kalishali,India
453,R Kalyana,India
454,R Karala,India
455,R Shahadabad,India
456,R Shahpura Bar ,India
457,R Shamgraon,India
458,R Sharia,India
459,Rai,India
460,Rangarh,India
461,Ranwan,India
462,Rba,India
463,Rbi,India
464,Relam,India
465,Relaninabad,India
466,Rgana,India
467,Rghat,India
468,Rghatagere,India
469,Rghati,India
470,Rhakot,India
471,Rhi Pagodanaha,India
472,Rki,India
473,Rkishahr,India
474,Rku,India
475,Rkvanke,India
476,Rli,India
477,Rnul,India
478,Rola,India
479,Rolangalkaput,India
480,Rpa,India
481,Rpur,India
482,Rsi,India
483,Rtol,India
484,Rtyamgunram,India
485,Rur,India
486,Rvallupatna,India
487,Sala,India
488,Sana,India
489,Sanamala,India
490,Sanapur,India
491,Sansol,India
492,Sar,India
493,Saranur,India
494,Sarganj,India
495,Shahat,India
496,Singh,India
497,Singtam,India
498,Sirakalur,India
499,Siran,India
500,Sjar,India
501,Sla,India
502,Slinavankote,India
503,Snarsillahganjo,India
504,Snirabad,India
505,Sringh,India
506,Sringhganj,India
507,Sula,India
508,Tan,India
509,Thal,India
510,Thampillahganj,India
511,Thanvad,India
512,Thapur,India
513,Tharidkota,India
514,Tlapur,India
515,Tli,India
516,Tna,India
517,Tnagarh,India
518,Tnam,India
519,Tnamaduvalluppa,India
520,Ttai,India
521,Ttana,India
522,Ttapur,India
523,Ttaram,India
524,Ttu,India
525,Ttur,India
526,Tur,India
527,Uddapara,India
528,Ugor,India
529,Ulattuppar,India
530,Ulla,India
531,Ullapur,India
532,Undra,India
533,Unmuran,India
534,Ura,India
535,Ura Bara,India
536,Ura Barsillod,India
537,Uram,India
538,Urangaon,India
539,Uranur,India
540,Uranwani,India
541,Uri,India
542,Vad,India
543,Vadagala,India
544,Vadal,India
545,Vadasanagar,India
546,Vadavole,India
547,Vadikerilingpur,India
548,Vanamai,India
549,Wadasanachotila,India
550,Wal,India
551,Wala,India
552,Walai,India
553,Wali,India
554,War,India
555,Wjzanam,India
556,Wjzangarai Pago,India
557,Wpura Bazar,India
558,Yagina,India
559,Yakudupet,India
560,Yam,India
561,Yamgrampalli,India
562,Yamti,India
563,Yan,India
564,Yanacholi,India
565,Yanapur,India
566,Yanaputhurda,India
567,Zar,India
568,Zarihar,India
