,Name,Origin
0, )Eac,Indonesia
1, )Eli Tua,Indonesia
2, City,Indonesia
3, Djao,Indonesia
4, Donggi,Indonesia
5, Dua,Indonesia
6, Lombonggi Besa,Indonesia
7, Lombonggo,Indonesia
8, Mos,Indonesia
9, Ndari,Indonesia
10, Ngsidempu,Indonesia
11, Ran,Indonesia
12, Rjawinabangkas,Indonesia
13, Rje,Indonesia
14, Sjawinan,Indonesia
15,"(,O",Indonesia
16,(Mbe),Indonesia
17,)Ho,Indonesia
18,)Jougho,Indonesia
19,)Lipurangaan,Indonesia
20,)Luk,Indonesia
21,)Ongsa,Indonesia
22,)Ungsir,Indonesia
23,", Laikit Ii (Di",Indonesia
24,", Laikit, Lampu",Indonesia
25,", Laikittingosa",Indonesia
26,", Lampan",Indonesia
27,",Ana",Indonesia
28,",Anan",Indonesia
29,",Cang",Indonesia
30,",Cangsorejo",Indonesia
31,",Dangerastagi",Indonesia
32,",Gan",Indonesia
33,",Kampanjarmas",Indonesia
34,",Kassari",Indonesia
35,",Lan",Indonesia
36,",Lan Lor",Indonesia
37,",Lang",Indonesia
38,",Lang Selor",Indonesia
39,",Langenangerang",Indonesia
40,",Langkung",Indonesia
41,",Larkemis",Indonesia
42,",Naan",Indonesia
43,",Ran",Indonesia
44,",Randangsorejo",Indonesia
45,",Rangerastagi",Indonesia
46,",Sar",Indonesia
47,",Sro",Indonesia
48,",Tang",Indonesia
49,",Tanggi",Indonesia
50,",Taran",Indonesia
51,",Taranglipura C",Indonesia
52,",Ung",Indonesia
53,",Ungsidemplak",Indonesia
54,",Ungsorejo",Indonesia
55,Abang,Indonesia
56,Abat,Indonesia
57,Abumulih,Indonesia
58,Ado,Indonesia
59,Adu,Indonesia
60,Agun,Indonesia
61,Ajo,Indonesia
62,Akuan Bajo,Indonesia
63,Alan Bajo,Indonesia
64,Alangerastagi,Indonesia
65,Alangun,Indonesia
66,Alatiga,Indonesia
67,Alu,Indonesia
68,Ambangerastagi,Indonesia
69,Amnrang,Indonesia
70,Ampung,Indonesia
71,Andari,Indonesia
72,Angan,Indonesia
73,Angerang,Indonesia
74,Angsidempuan,Indonesia
75,Angsorejo,Indonesia
76,Anjen,Indonesia
77,Apu,Indonesia
78,Ar Laikittinggu,Indonesia
79,Arabang,Indonesia
80,Arabangkasbitun,Indonesia
81,Arakartapu,Indonesia
82,Aran,Indonesia
83,Aresik,Indonesia
84,Arjo,Indonesia
85,Arung,Indonesia
86,Asar,Indonesia
87,Aturi,Indonesia
88,"Aw,Aaan",Indonesia
89,Awalikpapanjar,Indonesia
90,Bai,Indonesia
91,Banang,Indonesia
92,Bang,Indonesia
93,Bangsir,Indonesia
94,Bat,Indonesia
95,Binggulak,Indonesia
96,Bingosar,Indonesia
97,Bitung Dua,Indonesia
98,Bjan,Indonesia
99,Bjo,Indonesia
100,Bjong,Indonesia
101,Bjongkasbitung,Indonesia
102,Blang,Indonesia
103,Bndung,Indonesia
104,Bomasihan,Indonesia
105,Brontalo,Indonesia
106,Buan Lombanang,Indonesia
107,Buani,Indonesia
108,Buk,Indonesia
109,Bumi,Indonesia
110,Bumulih,Indonesia
111,Bung,Indonesia
112,Bupulakartapura,Indonesia
113,Calu,Indonesia
114,Cdut,Indonesia
115,Cpu,Indonesia
116,Cu),Indonesia
117,Dar Langsidempl,Indonesia
118,Denpasaran,Indonesia
119,Dho,Indonesia
120,Dlan,Indonesia
121,Dlang,Indonesia
122,Dlangapuro,Indonesia
123,Dlepuan Lomba,Indonesia
124,Dlmpu,Indonesia
125,Dmpsnggul,Indonesia
126,Dnbsan,Indonesia
127,Dnbsar,Indonesia
128,Dong,Indonesia
129,Donggo,Indonesia
130,Dongsember,Indonesia
131,Dpan,Indonesia
132,Dt Aie,Indonesia
133,Dudong,Indonesia
134,Dudonggi,Indonesia
135,Dudongkung,Indonesia
136,Dudongkungpeuk,Indonesia
137,Dudongsidempung,Indonesia
138,Duk,Indonesia
139,Dukuhtura,Indonesia
140,Dukuhtura City,Indonesia
141,Dukuhturaja,Indonesia
142,Dukuhturi,Indonesia
143,Dung,Indonesia
144,Dung Dua,Indonesia
145,Dung Lor,Indonesia
146,Dungwaru,Indonesia
147,Dura,Indonesia
148,Dvanan,Indonesia
149,Eawalikpapanjar,Indonesia
150,Edugul,Indonesia
151,Edugulakarta,Indonesia
152,Edugulan,Indonesia
153,Ejubang,Indonesia
154,Ejubanggi Besar,Indonesia
155,Emarartan,Indonesia
156,Embar,Indonesia
157,Eng,Indonesia
158,Epanjung,Indonesia
159,Epok,Indonesia
160,Erjawina,Indonesia
161,Erjawinabai,Indonesia
162,Erjawinanu,Indonesia
163,Eru,Indonesia
164,Famenan,Indonesia
165,Fane,Indonesia
166,Faneap,Indonesia
167,Fcec,Indonesia
168,Fceg,Indonesia
169,Fembe),Indonesia
170,Flevinabangenan,Indonesia
171,Flevinang,Indonesia
172,Fmaean,Indonesia
173,Fmeebamari,Indonesia
174,Fmeebangeran,Indonesia
175,Fmeerbanan,Indonesia
176,Fmlepok,Indonesia
177,Fndeng,Indonesia
178,Fngerastagi,Indonesia
179,Frelombawangera,Indonesia
180,G Lombon,Indonesia
181,G Lor,Indonesia
182,Gan,Indonesia
183,Genan,Indonesia
184,Genanu,Indonesia
185,Gho,Indonesia
186,Glbsogelawa Bes,Indonesia
187,Glipuraja,Indonesia
188,Glipuran,Indonesia
189,Glo,Indonesia
190,Glop,Indonesia
191,Gosaran,Indonesia
192,Gpeuk,Indonesia
193,Gsa,Indonesia
194,Gun,Indonesia
195,Gung,Indonesia
196,Gunut,Indonesia
197,Hon,Indonesia
198,Idoarjo,Indonesia
199,Ihon,Indonesia
200,Ijoagung,Indonesia
201,Ima,Indonesia
202,Imembe),Indonesia
203,Inabat,Indonesia
204,Ingan,Indonesia
205,Inggi,Indonesia
206,Inggo,Indonesia
207,Inggulak,Indonesia
208,Ingosaranda Ace,Indonesia
209,Ingosariamis,Indonesia
210,Ingtingosar,Indonesia
211,Ingtingosarkemi,Indonesia
212,Intai,Indonesia
213,Irit,Indonesia
214,Jaman,Indonesia
215,Jebeg,Indonesia
216,Jen,Indonesia
217,Jing Lombangera,Indonesia
218,Joagun,Indonesia
219,Joagung,Indonesia
220,Joagungsem,Indonesia
221,Jobgunut,Indonesia
222,Jodoarjo,Indonesia
223,Joegja,Indonesia
224,Joegjapanjarmas,Indonesia
225,Joegjo,Indonesia
226,Jolewalu,Indonesia
227,Jolgwaru,Indonesia
228,Jomgsorejo,Indonesia
229,Jong,Indonesia
230,Jonggi,Indonesia
231,Jonggi Besariam,Indonesia
232,Jongkal,Indonesia
233,Jongkassar,Indonesia
234,Jongsir,Indonesia
235,Jongsorejo,Indonesia
236,Jooghn,Indonesia
237,Jougho,Indonesia
238,"K, Laikitting L",Indonesia
239,"K,Mpang",Indonesia
240,"K,Uta",Indonesia
241,"Kac,",Indonesia
242,Karta,Indonesia
243,Kbangan,Indonesia
244,Kdvanado,Indonesia
245,Kedinggi Besar,Indonesia
246,Khop,Indonesia
247,"Kis,Ran",Indonesia
248,Kjo,Indonesia
249,Kjosgr,Indonesia
250,Klepukabuan Bra,Indonesia
251,Kmpu,Indonesia
252,Ku)Gi,Indonesia
253,Kudar Laikittin,Indonesia
254,Kudar Lampangan,Indonesia
255,Kumawe,Indonesia
256,Kung,Indonesia
257,Kupa,Indonesia
258,Kut,Indonesia
259,Kuta,Indonesia
260,La Besariamis,Indonesia
261,La Lampanjarang,Indonesia
262,Lai,Indonesia
263,Laja,Indonesia
264,Lalikpapangapur,Indonesia
265,Lang,Indonesia
266,Langlipura,Indonesia
267,Lapulanglipuro,Indonesia
268,Lar,Indonesia
269,Larabat,Indonesia
270,Latiga,Indonesia
271,Lawalikpapangan,Indonesia
272,Lawalu,Indonesia
273,Ldngsir,Indonesia
274,Ldo,Indonesia
275,Lek,Indonesia
276,Lhokseumawe,Indonesia
277,Li),Indonesia
278,Lid,Indonesia
279,Lih,Indonesia
280,Likpapang Dua,Indonesia
281,Livpaan,Indonesia
282,Ljo,Indonesia
283,Llse,Indonesia
284,Lmap,Indonesia
285,Lmba,Indonesia
286,Lolawa Besar,Indonesia
287,Long,Indonesia
288,Longgi Besar,Indonesia
289,Loo,Indonesia
290,Lovinan,Indonesia
291,Lta,Indonesia
292,Lubang,Indonesia
293,Lud,Indonesia
294,Ludbanan,Indonesia
295,Lufbaman,Indonesia
296,Lugglapu,Indonesia
297,Luk,Indonesia
298,Lulakassar,Indonesia
299,Lung,Indonesia
300,Lung Dua,Indonesia
301,Lungkal,Indonesia
302,Lungkasbitungpe,Indonesia
303,Lungkung Selor,Indonesia
304,Lupura City,Indonesia
305,Lus,Indonesia
306,Lut,Indonesia
307,Luti Aesar,Indonesia
308,Luvina,Indonesia
309,Man,Indonesia
310,Maran,Indonesia
311,Mba,Indonesia
312,Mbana,Indonesia
313,Mbang,Indonesia
314,Mbangaan,Indonesia
315,Mbangan,Indonesia
316,Mbawa Besar,Indonesia
317,Mbawangun,Indonesia
318,Mbe),Indonesia
319,Mberpucungpeuk,Indonesia
320,Medan,Indonesia
321,Medangkal,Indonesia
322,Menan,Indonesia
323,Mfane,Indonesia
324,Mgatura,Indonesia
325,Mis,Indonesia
326,Mkan,Indonesia
327,Mlapu,Indonesia
328,Mlapura,Indonesia
329,Mlapura City,Indonesia
330,Mnhon,Indonesia
331,Molok,Indonesia
332,Mpu,Indonesia
333,Mpuan,Indonesia
334,Mpuan Bran,Indonesia
335,Mpuan Lombok,Indonesia
336,Mpuan Lor,Indonesia
337,Mpung,Indonesia
338,Mro,Indonesia
339,Mtungpeuk,Indonesia
340,Mudura,Indonesia
341,Muduraja,Indonesia
342,Mulih,Indonesia
343,Muntilangeran,Indonesia
344,Muntok,Indonesia
345,N Ka Per,Indonesia
346,N Lor,Indonesia
347,N Srinda Aceh,Indonesia
348,N)Emari,Indonesia
349,Nanggi Besarkem,Indonesia
350,Nbar,Indonesia
351,Nberpucung,Indonesia
352,Nda,Indonesia
353,Ndang,Indonesia
354,Ndar Lampan,Indonesia
355,Ndar Lampit,Indonesia
356,Ndar Lampone,Indonesia
357,Ndudongsidempun,Indonesia
358,Nduk,Indonesia
359,Ng Lombangsorej,Indonesia
360,Ng Selor,Indonesia
361,Ngan,Indonesia
362,Ngda,Indonesia
363,Ngin,Indonesia
364,Ngkalan,Indonesia
365,Ngkassar,Indonesia
366,Ngkung,Indonesia
367,Ngsorejo,Indonesia
368,Ngun,Indonesia
369,Ngunut,Indonesia
370,Ngwarung,Indonesia
371,Nhon,Indonesia
372,Njar,Indonesia
373,Njarmas,Indonesia
374,Njung,Indonesia
375,Nkung Lor,Indonesia
376,Nlapura,Indonesia
377,Nlapuraja,Indonesia
378,Nlapurangunut,Indonesia
379,Nlasihan,Indonesia
380,Nmpuan Lor,Indonesia
381,Nreririt,Indonesia
382,Nrwanan,Indonesia
383,Nsar,Indonesia
384,Nseririt,Indonesia
385,Ntai,Indonesia
386,Ntalo,Indonesia
387,Ntang,Indonesia
388,Ntok,Indonesia
389,Nuk,Indonesia
390,Nun,Indonesia
391,Nungpeuk,Indonesia
392,Nwalu,Indonesia
393,Nyi,Indonesia
394,Ohon,Indonesia
395,Ojoagun,Indonesia
396,Ojoagung,Indonesia
397,Ojuag Lor,Indonesia
398,Oklepuan Brang ,Indonesia
399,Okuhturaja,Indonesia
400,P)A,Indonesia
401,Pan,Indonesia
402,Parangsir,Indonesia
403,Pek,Indonesia
404,Peuk,Indonesia
405,Ping Lor,Indonesia
406,Pjo,Indonesia
407,Pjukabumi,Indonesia
408,Pjukittingting ,Indonesia
409,Pke,Indonesia
410,Puk,Indonesia
411,Pukabuan,Indonesia
412,Pukabuan Bajo,Indonesia
413,Pukabuan Branda,Indonesia
414,Pukabuan Brang,Indonesia
415,Pukabumi,Indonesia
416,Pukabumulih,Indonesia
417,Pukn Lombawali,Indonesia
418,Pulakartapu,Indonesia
419,Pulakasbitung,Indonesia
420,Pulanggi,Indonesia
421,Pulangkal,Indonesia
422,R Laikit Ii (Di,Indonesia
423,R Lampit,Indonesia
424,Rabumi,Indonesia
425,Rabumulih,Indonesia
426,Raltan,Indonesia
427,Ram,Indonesia
428,Ran,Indonesia
429,Randa,Indonesia
430,Randaan,Indonesia
431,Randanggi Besar,Indonesia
432,Randudonggo,Indonesia
433,Rang,Indonesia
434,Rangan,Indonesia
435,Ranggi Besari,Indonesia
436,Ranglipura,Indonesia
437,Rangsidempu,Indonesia
438,Rastagi,Indonesia
439,Raya,Indonesia
440,Rdung Dua,Indonesia
441,Redugulakampit,Indonesia
442,Reunyi,Indonesia
443,Rinda,Indonesia
444,Rinda Aceh,Indonesia
445,Rindang,Indonesia
446,Rindari,Indonesia
447,Rjo,Indonesia
448,Rkan,Indonesia
449,"Rkim,Eranda Ace",Indonesia
450,Rlapuraja,Indonesia
451,Roe,Indonesia
452,Romohon,Indonesia
453,Rontai,Indonesia
454,Rontan,Indonesia
455,Rontangeranggo,Indonesia
456,Ros,Indonesia
457,Rran,Indonesia
458,Rta,Indonesia
459,Rud,Indonesia
460,Rulsk,Indonesia
461,Rungsidempuan,Indonesia
462,"S,Ean",Indonesia
463,Sar,Indonesia
464,Sarangerastagi,Indonesia
465,Sarinda Aceh,Indonesia
466,Sarindang,Indonesia
467,Sarindar Lampan,Indonesia
468,Sarkemis,Indonesia
469,Sbitung,Indonesia
470,Sbitungkungside,Indonesia
471,Sihan,Indonesia
472,Sin,Indonesia
473,Sjep,Indonesia
474,Skung,Indonesia
475,Slepukabuan Lom,Indonesia
476,Slog,Indonesia
477,Slupulak,Indonesia
478,Slupulakarta,Indonesia
479,Smpuan,Indonesia
480,Smulih,Indonesia
481,Snda,Indonesia
482,Sngtinggi,Indonesia
483,Songkung,Indonesia
484,Sorejo,Indonesia
485,Sukabumi,Indonesia
486,Sumbang,Indonesia
487,Svrinda,Indonesia
488,Swalikpapan,Indonesia
489,T)Lok,Indonesia
490,T)Lop,Indonesia
491,"T,Anggulan",Indonesia
492,Tai,Indonesia
493,Talo,Indonesia
494,Tan,Indonesia
495,Tang,Indonesia
496,Tangan,Indonesia
497,Tangenan,Indonesia
498,Tangsa,Indonesia
499,Tangsir,Indonesia
500,Tarangsir,Indonesia
501,Tatiga,Indonesia
502,Tbing Selor,Indonesia
503,Tglapura City,Indonesia
504,Tglop,Indonesia
505,Tikampit,Indonesia
506,Tilang,Indonesia
507,Tilanglipura,Indonesia
508,Tingtingapu,Indonesia
509,Tira,Indonesia
510,Tlo,Indonesia
511,Tobu,Indonesia
512,Trlapu,Indonesia
513,Trngsidempuan B,Indonesia
514,Tulih,Indonesia
515,Udongkalangeras,Indonesia
516,Udura,Indonesia
517,Udura City,Indonesia
518,Uduraja,Indonesia
519,Udurandar Lampa,Indonesia
520,Udus,Indonesia
521,"Ukho,",Indonesia
522,Ukhtpra,Indonesia
523,Ukhtpran,Indonesia
524,Ukhtpro,Indonesia
525,Uknfaresik,Indonesia
526,Ulang Selor,Indonesia
527,Undbng,Indonesia
528,Ung,Indonesia
529,Ungkal,Indonesia
530,Ungkung Selor,Indonesia
531,Ungpeuk,Indonesia
532,Ungsir,Indonesia
533,Unjingtinggulak,Indonesia
534,Unjong,Indonesia
535,Untilan,Indonesia
536,Untok,Indonesia
537,Unyi,Indonesia
538,Uraja,Indonesia
539,Urejo,Indonesia
540,Utinggulak,Indonesia
541,Uwanan,Indonesia
542,V)Laf,Indonesia
543,V)Lafane,Indonesia
544,"V, Aai",Indonesia
545,Vcung,Indonesia
546,Vdmas,Indonesia
547,Vina,Indonesia
548,Vinan,Indonesia
549,Vinanu,Indonesia
550,Vndar Lampit,Indonesia
551,Vsmarang,Indonesia
552,"W,Eun",Indonesia
553,Walu,Indonesia
554,Wan,Indonesia
555,Wanado,Indonesia
556,Wanan,Indonesia
557,Wang,Indonesia
558,Warung,Indonesia
559,Wasarangung,Indonesia
560,Wasumulih,Indonesia
561,Whogsn,Indonesia
562,Wran,Indonesia
563,Ycung,Indonesia
564,Ycungkasbitung,Indonesia
565,Ycungsem,Indonesia
566,Yigi,Indonesia
567,Yikampangenanu,Indonesia
568,Yisar,Indonesia
