,Name,Origin
0, Aaaan,Iran
1, Aabas,Iran
2, Aazadshahr,Iran
3, Aazadshahran,Iran
4, Abad,Iran
5, Abbas,Iran
6, Abbas Abbas Ab,Iran
7, Ahan,Iran
8, Ahan-E Anzali,Iran
9, Ahan-E Rah Aha,Iran
10, Ahar,Iran
11, Ainab,Iran
12, Anzali,Iran
13, Aqbadanan,Iran
14, At,Iran
15, Avarjan,Iran
16, Btan,Iran
17, Ed Soleyman,Iran
18, Favanrud,Iran
19, Ibaharifabadeg,Iran
20, Savar,Iran
21, Savarjan,Iran
22, Sbad,Iran
23, Sgad,Iran
24, Silaviyeh,Iran
25, Skan,Iran
26, Srah Ahan,Iran
27, Sudar-E Garmsa,Iran
28, Szahedana,Iran
29, Sziron,Iran
30, Zia' Od Din,Iran
31, Ztaran,Iran
32, Zuabadan,Iran
33,' Od Din,Iran
34,' Sdah,Iran
35,' Sdahar,Iran
36,' Sdiron,Iran
37,'Abahan-E Rah Z,Iran
38,'Abahavijeh,Iran
39,'Abol,Iran
40,'Ed,Iran
41,'Us,Iran
42,'Yban,Iran
43,-Allabgeh,Iran
44,-D' Dd Soleyman,Iran
45,-E Anzali,Iran
46,-E Ashrak-E Ema,Iran
47,-E Ashrak-E Pab,Iran
48,-E Genaranshahr,Iran
49,-E Genaveh,Iran
50,-E Pabedana,Iran
51,-E Rah Ahan,Iran
52,-E Rah Zia' Od ,Iran
53,-Eeemmmiii,Iran
54,-Ekemmmijin,Iran
55,-Ekgbnavijeh,Iran
56,-Eklban,Iran
57,-Flesgah-E Rah ,Iran
58,-G'Bbas,Iran
59,-Gepameh,Iran
60,-Gppaaegan,Iran
61,-Grpasan,Iran
62,-Kgrlavijeh,Iran
63,-Klulgah-E Pabe,Iran
64,-Kpemam Hasar,Iran
65,-Krkmshirazjan,Iran
66,-Lkggman,Iran
67,-Lprgasht,Iran
68,-Lregam-Eiavad,Iran
69,-Lrrgas,Iran
70,-Pdpaleh Savarr,Iran
71,-Peeammssrah Ah,Iran
72,-Pglengeh,Iran
73,-Plpnbrazjan,Iran
74,-Ppevam,Iran
75,-Repamehin Dezh,Iran
76,-Rleagmi,Iran
77,-Rlragan,Iran
78,-Seramshirvan,Iran
79,-Ssganz,Iran
80,-Yl Ngaw,Iran
81,-Zkkomyer,Iran
82,A Sudar-E Pabed,Iran
83,A-E Garmsar,Iran
84,Aavarrokh Savan,Iran
85,Abahan,Iran
86,Abas,Iran
87,Abil,Iran
88,Abis,Iran
89,Adan,Iran
90,Adana,Iran
91,Adegan,Iran
92,Afresh,Iran
93,Agasht,Iran
94,Ageh,Iran
95,Ahvaz,Iran
96,Ak-E Garmsar,Iran
97,Akabadan,Iran
98,Akdel,Iran
99,Al-E Lengeh,Iran
100,Aleh,Iran
101,Aleh Shahin Dez,Iran
102,Amehrafiyeh,Iran
103,Anan,Iran
104,And,Iran
105,Andaj,Iran
106,Anshad Va Sudar,Iran
107,Aojab Shahr,Iran
108,Ar-E Pabedanand,Iran
109,Arvand,Iran
110,Asdeh,Iran
111,Askan,Iran
112,Astan,Iran
113,Atan,Iran
114,Avan,Iran
115,Avand,Iran
116,Avar,Iran
117,Aveh,Iran
118,Avfyean,Iran
119,Avgaz,Iran
120,Avijeh,Iran
121,Aviyeh,Iran
122,Az Abbas Abas,Iran
123,Azabon,Iran
124,Azfaranshahr,Iran
125,Azmojin,Iran
126,Bad,Iran
127,Badan,Iran
128,Bahan-E Rah Aha,Iran
129,Bahar,Iran
130,Bahavarjan,Iran
131,Bas,Iran
132,Bas Abbas,Iran
133,Bd-E Pabedan,Iran
134,Bdana,Iran
135,Bdanan,Iran
136,Bfdasht,Iran
137,Birazjan,Iran
138,Bshahrand,Iran
139,D Akan,Iran
140,D Asht,Iran
141,D Soleyman,Iran
142,D Va Sudar Abba,Iran
143,D-E Garmsargad,Iran
144,Dabad,Iran
145,Dabadana,Iran
146,Dad,Iran
147,Dafabad,Iran
148,Dakabon,Iran
149,Dakan,Iran
150,Dan,Iran
151,Daqje Dafjesh,Iran
152,Daskan,Iran
153,Dazjan,Iran
154,Deh,Iran
155,Deshmar,Iran
156,Dhar,Iran
157,Dia' Od Din,Iran
158,Dishahr,Iran
159,Djan,Iran
160,Dkar,Iran
161,Dkaron,Iran
162,Dktan,Iran
163,Dlna',Iran
164,Dojen,Iran
165,Don,Iran
166,Dorjn,Iran
167,Dshad Va Sudarj,Iran
168,Dshah,Iran
169,Dtshran,Iran
170,Dusst,Iran
171,Dusstan,Iran
172,Dye Ashrafiyeh,Iran
173,Ed Soleyman,Iran
174,Ehmar,Iran
175,Emam Hasar,Iran
176,Emam Hasargad,Iran
177,Emmmiiiyeh,Iran
178,Emsmi,Iran
179,Emsmijin,Iran
180,Emsminibahavar,Iran
181,Emsmiyeh,Iran
182,Fabad,Iran
183,Fabad-E Kavus,Iran
184,Fabadan,Iran
185,Fabahavanrud,Iran
186,Fabas,Iran
187,Fabas Abbas Abb,Iran
188,Fasar,Iran
189,Fasargad,Iran
190,Fhasht,Iran
191,Fiyeh,Iran
192,Fkan,Iran
193,Fonekabon,Iran
194,Fstan,Iran
195,Ftaaedan,Iran
196,Ftabaharifabas ,Iran
197,Fyea,Iran
198,Fyean,Iran
199,Fyeh,Iran
200,G-L Lgan,Iran
201,G-M Lin'D,Iran
202,Gad,Iran
203,Gah-E Anzali,Iran
204,Gah-E Ashrak-E ,Iran
205,Gah-E Ashrandar,Iran
206,Gah-E Emam Hasa,Iran
207,Gah-E Garmsar,Iran
208,Gah-E Genaveh,Iran
209,Gah-E Kavus,Iran
210,Gah-E Lengeh,Iran
211,Gah-E Rah Ahan,Iran
212,Galpayegan,Iran
213,Gan,Iran
214,Ganan,Iran
215,Gas,Iran
216,Gashmar,Iran
217,Gasht,Iran
218,Geh,Iran
219,Gehan-E Rah Aha,Iran
220,Ghlpayegan,Iran
221,Ghnaveh,Iran
222,Gktan,Iran
223,Glnnuj,Iran
224,Golpayegan,Iran
225,Gonbad,Iran
226,Gqnbol,Iran
227,Gwfasar,Iran
228,Gzlara,Iran
229,Gznan,Iran
230,Gznbod,Iran
231,Gzonekabol,Iran
232,H-E Genaveh,Iran
233,Habad,Iran
234,Han-E Kavus,Iran
235,Hanand,Iran
236,Haqran,Iran
237,Hasan,Iran
238,Hasargad,Iran
239,Havar,Iran
240,Hir,Iran
241,Hirazjan,Iran
242,Hivanrud,Iran
243,Hkan,Iran
244,Hkarifabad,Iran
245,Hkaron,Iran
246,Horen,Iran
247,Hpdana,Iran
248,Htlahin Dezh,Iran
249,Hvaz,Iran
250,I Ahar,Iran
251,Iahar,Iran
252,Idan,Iran
253,Ifabad,Iran
254,Ifabadan,Iran
255,Ifabadeh,Iran
256,Ifabahan,Iran
257,Ifabaharifabad-,Iran
258,Ifabas,Iran
259,Ifabas Abad,Iran
260,Ifabas Abbas,Iran
261,Ifeh,Iran
262,Ifyban,Iran
263,Ijab Shiraz,Iran
264,Ijah,Iran
265,Ikab,Iran
266,Ikabon,Iran
267,Ikahovez,Iran
268,Ikan,Iran
269,Ikhnlvandaj,Iran
270,Ikhnlvey,Iran
271,Ikoh,Iran
272,Il Va Sudar-E G,Iran
273,Ilkhalkhalkhal,Iran
274,Ilvan,Iran
275,Iran,Iran
276,Ish,Iran
277,Izanshahranshad,Iran
278,Izhan,Iran
279,Jab Shad Va Sud,Iran
280,Jab Shahr,Iran
281,Jan,Iran
282,Jar,Iran
283,Jd  Savar,Iran
284,Jeh,Iran
285,Jil,Iran
286,Jin,Iran
287,K-E Anzali,Iran
288,K-E Ashrafiyeh,Iran
289,K-E Ashrak-E Ge,Iran
290,K-E Ashranshahr,Iran
291,K-E Emam Hasan,Iran
292,K-E Emam Hasarg,Iran
293,K-E Genaran,Iran
294,K-E Genaranshah,Iran
295,K-E Genaveh,Iran
296,K-E Genaviyeh,Iran
297,K-E Kavus,Iran
298,K-E Lengeh,Iran
299,K-E Pabedan,Iran
300,K-E Pabedananda,Iran
301,K-E Rah Ahan,Iran
302,K-E Rah Zia' Od,Iran
303,Kab,Iran
304,Kabol,Iran
305,Kamyaran,Iran
306,Kan,Iran
307,Kbad,Iran
308,Kbadeh,Iran
309,Kdalaleh,Iran
310,Kdam,Iran
311,Kdan,Iran
312,Kdo,Iran
313,Khal,Iran
314,Khalkhal,Iran
315,Khalrvan,Iran
316,Khol,Iran
317,Kholeyman,Iran
318,Kholeymanshahr,Iran
319,Kk- Skahan-E Em,Iran
320,Kkal,Iran
321,Kkan,Iran
322,Kkol,Iran
323,Klomayranshad V,Iran
324,Knshahrak-E Ash,Iran
325,Kol,Iran
326,Kolayegan,Iran
327,Komyarabas,Iran
328,Kon,Iran
329,Kor,Iran
330,Koshad Va Sudar,Iran
331,Kral Va Sudar-E,Iran
332,Kron,Iran
333,Ksmyarabadegan,Iran
334,Kun,Iran
335,Kzali,Iran
336,L Zia' Od Din,Iran
337,Labad,Iran
338,Laleh Shirvand,Iran
339,Lavar,Iran
340,Lavarjan,Iran
341,Lavijeh,Iran
342,Laviyeh,Iran
343,Lbadan,Iran
344,Lbun,Iran
345,Leggah-E Genavi,Iran
346,Leggah-E Kavus,Iran
347,Leh,Iran
348,Lehgah-E Kavus,Iran
349,Lehgah-E Lengeh,Iran
350,Lehgah-E Pabeda,Iran
351,Lgan,Iran
352,Lhal,Iran
353,Lifabad,Iran
354,Lkan,Iran
355,Lkhal,Iran
356,Lkhalkhal,Iran
357,Lkhalkhalkhal,Iran
358,Llin'D,Iran
359,Llylasht,Iran
360,Lnuj,Iran
361,Lvan,Iran
362,Lvand,Iran
363,Lvandaj,Iran
364,Lvun,Iran
365,Lwan,Iran
366,Lwhgah-E Garmsa,Iran
367,Lyavar,Iran
368,Manshahr,Iran
369,Mesn,Iran
370,Mfarandaj,Iran
371,Mgar,Iran
372,Miai,Iran
373,Mifiyeh,Iran
374,Miii,Iran
375,Minib,Iran
376,Minibahar,Iran
377,Miyeh,Iran
378,Mkar,Iran
379,Mnsrah Ahan,Iran
380,Moara,Iran
381,Mqiso,Iran
382,Msar,Iran
383,Msargad,Iran
384,Mshiran,Iran
385,Msnij,Iran
386,Msnshahr,Iran
387,Mstan,Iran
388,Myara,Iran
389,Myarabad,Iran
390,Myarah Aharifab,Iran
391,Myaran,Iran
392,Myarand,Iran
393,Myarandar-E Anz,Iran
394,Myarandar-E Kav,Iran
395,Nal,Iran
396,Naleh,Iran
397,Nan,Iran
398,Nand,Iran
399,Nandarjan,Iran
400,Narand,Iran
401,Nbadan,Iran
402,Ndar-E Lengeh,Iran
403,Njan,Iran
404,Nmar,Iran
405,Nshahr,Iran
406,Nzali,Iran
407,Ode Tabahan,Iran
408,Ojen,Iran
409,Ojeu Savarjan,Iran
410,Ojeudar-E Anzal,Iran
411,Oka Sudar-E Rah,Iran
412,Oljya Anz,Iran
413,Orandar-E Rah Z,Iran
414,Oranshahr,Iran
415,Oraz,Iran
416,Orezh,Iran
417,Orujen,Iran
418,Orujerd,Iran
419,Pasan,Iran
420,Paveh,Iran
421,Pdan,Iran
422,Pdana,Iran
423,Pdsargad,Iran
424,Purabad-E Lenge,Iran
425,Pvar,Iran
426,Pvarjan,Iran
427,Q Szara,Iran
428,Q' Ndvaj,Iran
429,Qab,Iran
430,Qan,Iran
431,Qeg,Iran
432,Qegan,Iran
433,Qejal,Iran
434,Qfazarah Zia' O,Iran
435,Qkaz,Iran
436,Qlazerun,Iran
437,Qminibahar,Iran
438,Qnaz,Iran
439,Qnaziraz,Iran
440,Qqaz,Iran
441,Qqez,Iran
442,Qqqzzna,Iran
443,Qsgah-E Ashrak-,Iran
444,Qtabas,Iran
445,Raadeh,Iran
446,Rabaharifabahar,Iran
447,Ramshir,Iran
448,Randar-E Pabeda,Iran
449,Rdakabol,Iran
450,Rdakabon,Iran
451,Rdmshir,Iran
452,Rdmssrgad,Iran
453,Rdvar,Iran
454,Rdvarjan,Iran
455,Rfasan,Iran
456,Rfasar,Iran
457,Rgad,Iran
458,Rhvaz,Iran
459,Rifabad,Iran
460,Rifabadeh,Iran
461,Rifabas,Iran
462,Ril,Iran
463,Rmsar,Iran
464,Romay,Iran
465,Romeyni Shahin ,Iran
466,Rshadeh,Iran
467,Rud,Iran
468,Rvand,Iran
469,Rvanrud,Iran
470,Rvva Sudar-E Ka,Iran
471,S-E'Etam,Iran
472,Sar,Iran
473,Sdar-E Kavus,Iran
474,Sdashmar,Iran
475,Sfahan,Iran
476,Sfahar,Iran
477,Sfahavandar-E A,Iran
478,Sgad,Iran
479,Sgah-E Garmsarg,Iran
480,Shadegan,Iran
481,Shahr,Iran
482,Shahrud,Iran
483,Shgah-E Emam Ha,Iran
484,Shmar,Iran
485,Shtara,Iran
486,Shvaz,Iran
487,Skan,Iran
488,Slnah,Iran
489,Stan,Iran
490,Staneh,Iran
491,Staneh-Ye Aehar,Iran
492,Staneh-Ye Ashra,Iran
493,Star,Iran
494,Starabahan-E As,Iran
495,Staran,Iran
496,T'Bad,Iran
497,T-E Emam Hasan,Iran
498,Tabad,Iran
499,Tabahan,Iran
500,Tabas,Iran
501,Tabas Abad,Iran
502,Tabas Abas Abba,Iran
503,Tabas Abbas,Iran
504,Tan,Iran
505,Taneh,Iran
506,Taneh-Ye Anzali,Iran
507,Tarand,Iran
508,Tfahan-E Emam H,Iran
509,Tjan,Iran
510,Tkan,Iran
511,Tlahar,Iran
512,Tlahin Dezh,Iran
513,Tmban,Iran
514,Tnbad,Iran
515,Torand,Iran
516,Trud,Iran
517,Tshahin Dezh,Iran
518,Tvanrud,Iran
519,Udar Abbas,Iran
520,Udar-E Ashranda,Iran
521,Udar-E Genavije,Iran
522,Uhvaz,Iran
523,Ujuvar,Iran
524,Ukan,Iran
525,V Sranshahr,Iran
526,V-E Garmsar,Iran
527,Van,Iran
528,Vand,Iran
529,Vandaj,Iran
530,Vandar-E Ashran,Iran
531,Vandar-E Garmsa,Iran
532,Vandar-E Rah Zi,Iran
533,Vandarjan,Iran
534,Vanrud,Iran
535,Var,Iran
536,Varjan,Iran
537,Vijeh,Iran
538,Vileh Savan,Iran
539,Vileh Savar,Iran
540,Viyeh,Iran
541,Vkaz,Iran
542,Vtrjen,Iran
543,Wtbrazjan,Iran
544,Yan,Iran
545,Yanandar Abbas ,Iran
546,Yasuj,Iran
547,Yegan,Iran
548,Yeh,Iran
549,Zana,Iran
550,Zanshahr,Iran
551,Zara,Iran
552,Zarah Aharifaba,Iran
553,Zaran,Iran
554,Zarand,Iran
555,Zbhehar,Iran
556,Zelashmar,Iran
557,Zelasht,Iran
558,Zerun,Iran
559,Zfhashmar,Iran
560,Zfhesh,Iran
561,Zfrasst,Iran
562,Zha,Iran
563,Ziloha,Iran
564,Zineh,Iran
565,Zjan,Iran
566,Zla,Iran
567,Zlaneh-Ye Anzal,Iran
568,Zna,Iran
569,Ztabahavand,Iran
