,Name,Origin
0,  Famlash Shina,Iraq
1,  Fuhud,Iraq
2,  Gharbil,Iraq
3,  Hdyyib,Iraq
4,  Kut,Iraq
5,  L Musayyib,Iraq
6,  Lu,Iraq
7,  Marah,Iraq
8, 'Amarah,Iraq
9, 'Amarah Al Gha,Iraq
10, 'Amarah Al Qas,Iraq
11, -Hamdaniyah,Iraq
12, -Hmadithah,Iraq
13, A-Hamdaniyah,Iraq
14, Ad Musayyib,Iraq
15, Agharbil,Iraq
16, Ail,Iraq
17, Al Qasim,Iraq
18, Ar Rutbah,Iraq
19, As  Dut Al Hil,Iraq
20, Ash Shinah,Iraq
21, Aw H,Iraq
22, Basrah,Iraq
23, Bhqudah,Iraq
24, D Al Qasiriyah,Iraq
25, Eumiya,Iraq
26, Eythah,Iraq
27, Fallujah,Iraq
28, Fallujayl,Iraq
29, Fghurah,Iraq
30, Fi,Iraq
31, Fswaniyah,Iraq
32, Fuhud,Iraq
33, Fwwrinah,Iraq
34, G Saddat Al Hi,Iraq
35, Gddat Al Harit,Iraq
36, Ghadimah,Iraq
37, Ghdad,Iraq
38, H'Rit,Iraq
39, Halis,Iraq
40, Hgyysinceq,Iraq
41, Hkua,Iraq
42, Hllah,Iraq
43, Hlrah,Iraq
44, Hqriyah,Iraq
45, Hrrilah,Iraq
46, Iawah,Iraq
47, Iawimdaniyah,Iraq
48, Imam Qasim,Iraq
49, Iqah,Iraq
50, Jmulanjar,Iraq
51, Kut,Iraq
52, L Ah Al Qadith,Iraq
53, L Fallujayl,Iraq
54, L Hindiyah,Iraq
55, L Windiyah,Iraq
56, L-Aam Qafi,Iraq
57, Lfah,Iraq
58, Lfuhud,Iraq
59, Lhazyah,Iraq
60, Lmah,Iraq
61, Lwah,Iraq
62, M Al Hindiz,Iraq
63, M Anah,Iraq
64, M-Mam Qasim,Iraq
65, Mujah,Iraq
66, Musayyib,Iraq
67, N-Hamiyah,Iraq
68, Nayrah,Iraq
69, Nfqali,Iraq
70, Nhali,Iraq
71, Nshlsah,Iraq
72, Q Dimah,Iraq
73, Q-Sam Qasim,Iraq
74, Qadithah,Iraq
75, Qnsiyithah,Iraq
76, Quhayr,Iraq
77, Qujayl,Iraq
78, Qutaah,Iraq
79, Qutayah,Iraq
80, Qutayjah,Iraq
81, Qutays,Iraq
82, Quwayr,Iraq
83, R Fuhud,Iraq
84, R Guwaynjiwayr,Iraq
85, R Hli,Iraq
86, R Musayyib,Iraq
87, R Qsdimah,Iraq
88, R Qusiyc,Iraq
89, Riwayn,Iraq
90, Rumaythah,Iraq
91, Saddat Al Qasi,Iraq
92, Saddat Ash Sha,Iraq
93, Sfamlaab,Iraq
94, Sh Shatrah,Iraq
95, Sh Shinafiyah,Iraq
96, Shus,Iraq
97, Skufa,Iraq
98, Sninah,Iraq
99, Sqatbah,Iraq
100, Stdali,Iraq
101, Sum,Iraq
102, Swaniyah,Iraq
103, Sywah,Iraq
104, W'Anat Ash Shi,Iraq
105, W-Nam Qasiriya,Iraq
106, Wumryn,Iraq
107, Wwiniyah,Iraq
108, Wyrah,Iraq
109, Yynjiwandiz,Iraq
110, Z Zubah,Iraq
111, Z Zubayr,Iraq
112, Z Zut,Iraq
113, Zhaarah,Iraq
114,'Anah,Iraq
115,'Inah,Iraq
116,'Nnal Gharbi,Iraq
117,'Nnalabja,Iraq
118,'Qnah,Iraq
119,'Slah,Iraq
120,'Zhali,Iraq
121,--Mam Qadithah,Iraq
122,-Amarah,Iraq
123,-Amarah Al Ghur,Iraq
124,-Awm Nah,Iraq
125,-Awm Yah,Iraq
126,-Awmhaniyah,Iraq
127,-Dmat Al Ghuray,Iraq
128,-Hamdaniyah,Iraq
129,-Hamdaniyat Sad,Iraq
130,-Hhmdinah,Iraq
131,-Hmadiah,Iraq
132,-Hmadimah,Iraq
133,-Hmadithah,Iraq
134,-Hmmdaniya,Iraq
135,-Hmmdaniyah,Iraq
136,-Hqadimah,Iraq
137,-Hral,Iraq
138,-Hrmd Niwaynjiw,Iraq
139,-Hwayr,Iraq
140,-Hwmdinafiya,Iraq
141,-Hwmdinafiyah,Iraq
142,-Hwmdinafiyat A,Iraq
143,-Hwmdinah,Iraq
144,-Jwmlaajaf,Iraq
145,-Mam Qadimah,Iraq
146,A D,Iraq
147,A Fi,Iraq
148,A-Hamdaniyah,Iraq
149,Afiyah,Iraq
150,Aghdad,Iraq
151,Aj Hlriyah,Iraq
152,Ajwa,Iraq
153,Anbyynjiwayn,Iraq
154,Aqubayr,Iraq
155,Ar Idiyah,Iraq
156,Ash Shinah,Iraq
157,Asrat,Iraq
158,At Ash Shinafiy,Iraq
159,Ayb,Iraq
160,B Qumaythah,Iraq
161,Bftiah,Iraq
162,Bghad,Iraq
163,Bglrah,Iraq
164,Bgynah,Iraq
165,Bqqubayrah,Iraq
166,Bqunayrah,Iraq
167,Bssruh,Iraq
168,Bttiah,Iraq
169,Bu Gharbil,Iraq
170,Buh,Iraq
171,Bujghurayb,Iraq
172,Bul,Iraq
173,Bulgharbi,Iraq
174,Bw Gharbi,Iraq
175,Ceq,Iraq
176,D Ash Shamiyah,Iraq
177,D Hinah,Iraq
178,D Hindiz,Iraq
179,D I-Lamjayl,Iraq
180,D Siwayn,Iraq
181,D-Ammran,Iraq
182,Dyli,Iraq
183,Ffa,Iraq
184,Fnullah,Iraq
185,Fwmlnah,Iraq
186,Fwyynjiwaniyah,Iraq
187,G Dad,Iraq
188,G Dainjar,Iraq
189,G Lash Shamiyah,Iraq
190,G Yriyah,Iraq
191,Gh Al Fallujah,Iraq
192,Gh Al Fallujayl,Iraq
193,Gh Al Faw,Iraq
194,Gh Al Gharbi,Iraq
195,Gh Al Ghurayb,Iraq
196,Gh Al Harit,Iraq
197,Gh Al Hayy,Iraq
198,Gh Al Hillah,Iraq
199,Gh Al Hindiyah,Iraq
200,Gh Al Qadi,Iraq
201,Gh Al Qadimah,Iraq
202,Gh Al Qadithah,Iraq
203,Gh Al Qasiriyah,Iraq
204,Gh Rat Ash Sham,Iraq
205,Gharbi,Iraq
206,Gharbil,Iraq
207,Ghdad,Iraq
208,Ghhrdiyah,Iraq
209,Ghurayb,Iraq
210,Gndiyah,Iraq
211,H Al Fallujah,Iraq
212,H Al Fallujayl,Iraq
213,H Al Faw,Iraq
214,H Al Fuhud,Iraq
215,H Al Gharbil,Iraq
216,H Al Ghurayb,Iraq
217,H Al Hayy,Iraq
218,H Al Hillah,Iraq
219,H Al Hindiyah,Iraq
220,H Al Hindiyat S,Iraq
221,H Al Qadimah,Iraq
222,H Al Qadithah,Iraq
223,H Al Qadiyat Al,Iraq
224,H Al Qasim,Iraq
225,H Al Qasiriyah,Iraq
226,H Dl Ui'Yah,Iraq
227,H Fuhud,Iraq
228,H Llujah,Iraq
229,H Shatrah,Iraq
230,H-Uamiyah,Iraq
231,Haarah Al Hindi,Iraq
232,Hadi Al Qadi,Iraq
233,Hah,Iraq
234,Halis,Iraq
235,Hhadimah,Iraq
236,Hjah,Iraq
237,Hl-Aamdaniyah,Iraq
238,Hllah,Iraq
239,Hlnah,Iraq
240,Hmaythah,Iraq
241,Hndiyah,Iraq
242,Hndiz,Iraq
243,Hqlaaj Fl,Iraq
244,Hqlaajaf,Iraq
245,Hqnah,Iraq
246,Hsdifa,Iraq
247,Htlah,Iraq
248,I Al Ghurayb,Iraq
249,I Hlyah,Iraq
250,Ifn,Iraq
251,Iinafiyah,Iraq
252,Imam Qasim,Iraq
253,Injar,Iraq
254,Irdiuah,Iraq
255,J Ylliyah,Iraq
256,J-Wamdaniyah,Iraq
257,Jad,Iraq
258,Jaf,Iraq
259,Jah,Iraq
260,Jam,Iraq
261,Jar,Iraq
262,Jaw,Iraq
263,Jayl,Iraq
264,Jfa,Iraq
265,Jghlaajaf,Iraq
266,Jqnli,Iraq
267,Jqwaniyah,Iraq
268,Jsardilah,Iraq
269,Jwalnjar,Iraq
270,Jwalruj,Iraq
271,Jwaniyah,Iraq
272,K Rl Labja,Iraq
273,K Rl-Hamiyah,Iraq
274,Khali,Iraq
275,Knah,Iraq
276,Knaz Al Faw,Iraq
277,Kr Thah,Iraq
278,Krar,Iraq
279,Krithah,Iraq
280,Krktkah,Iraq
281,Kufa,Iraq
282,Kuk,Iraq
283,Kynii,Iraq
284,Kyrkuk,Iraq
285,L -Umaythah,Iraq
286,L Basrah,Iraq
287,L Dasiriyah,Iraq
288,L Faw,Iraq
289,L Hayyib,Iraq
290,L Huh,Iraq
291,L Iasim,Iraq
292,L Jas,Iraq
293,L Kut,Iraq
294,L Masiriyah,Iraq
295,L Musayyib,Iraq
296,L Sh Shatrah,Iraq
297,L Sinceq,Iraq
298,L Thah,Iraq
299,L Wasrah,Iraq
300,L-Hamdaniyah,Iraq
301,Lb Ar Aumaythah,Iraq
302,M Al Faw,Iraq
303,M Al Qadithah,Iraq
304,M Anah,Iraq
305,M Nat Al Gharbi,Iraq
306,M Qadi,Iraq
307,M Qadimah,Iraq
308,M Qadithah,Iraq
309,M Qasim,Iraq
310,M Qasiriyah,Iraq
311,M Saddat Saddat,Iraq
312,M Yyib,Iraq
313,Marah,Iraq
314,Marah Al Hillah,Iraq
315,Mgfaya,Iraq
316,Mhaniyah,Iraq
317,Mman,Iraq
318,Mnnafiyah,Iraq
319,Mramadithah,Iraq
320,Munafiyah,Iraq
321,Munah,Iraq
322,Munayb,Iraq
323,Munayl,Iraq
324,Munayr,Iraq
325,Munayrah,Iraq
326,N Iylh,Iraq
327,N-Famdaniyah,Iraq
328,N-Hamdaniyah,Iraq
329,Nafiyah,Iraq
330,Nah,Iraq
331,Nceq,Iraq
332,Nfi,Iraq
333,Ngdifa,Iraq
334,Ngsdat Ash Sham,Iraq
335,Nhizaa,Iraq
336,Nhizlaujayl,Iraq
337,Ni-Aam Qadimah,Iraq
338,Nikaf,Iraq
339,Niwayr,Iraq
340,Niyah,Iraq
341,Njar,Iraq
342,Njqrlramadithah,Iraq
343,Njqwlniyat Al G,Iraq
344,Njswwaniyah,Iraq
345,Njwrlrah,Iraq
346,Njwwaniyah,Iraq
347,Njwwndiyah,Iraq
348,Njwwninafiyah,Iraq
349,Njwwninah,Iraq
350,Nkgrla,Iraq
351,Nkhlthah,Iraq
352,Nl Lada,Iraq
353,Nljah,Iraq
354,Nnfi,Iraq
355,Nqazithah,Iraq
356,Nqfallujayl,Iraq
357,Nqhah,Iraq
358,Nqluajaf,Iraq
359,Nqtlah,Iraq
360,Nquwandiz,Iraq
361,Nqyli,Iraq
362,Nriyah,Iraq
363,Ns-Lumaythah,Iraq
364,Nsfiyah,Iraq
365,Nshlsaddat Al H,Iraq
366,Nshlsaddat Sadd,Iraq
367,Nsninifa,Iraq
368,Nt Al Gharbi,Iraq
369,Ntfahayrah Al G,Iraq
370,Nwafiyah,Iraq
371,Oshlsahad,Iraq
372,Q Auwayn,Iraq
373,Q Baw,Iraq
374,Q Qadimah,Iraq
375,Q Ruhwandali,Iraq
376,Q-Damiyah,Iraq
377,Q-Dimah,Iraq
378,Qaba Gharbi,Iraq
379,Qbuagharbil,Iraq
380,Qbuaghurayb,Iraq
381,Qbuh,Iraq
382,Qdaniyah,Iraq
383,Qghiaah,Iraq
384,Qh Al Faw,Iraq
385,Qhaai,Iraq
386,Qhaarah Al Fuhu,Iraq
387,Qhua,Iraq
388,Ql Ujayl,Iraq
389,Qm Al Hindiz,Iraq
390,Qnah,Iraq
391,Qtnah,Iraq
392,Qubah,Iraq
393,Qubayr,Iraq
394,Qubayrah,Iraq
395,Qubayrah Al Fal,Iraq
396,Qubayrah Al Gha,Iraq
397,Qubayrah Al Hil,Iraq
398,Qubayrah Al Hin,Iraq
399,R  Uwtnah,Iraq
400,R Qubayr,Iraq
401,R Rumaythah,Iraq
402,R Rutbah,Iraq
403,R Wadimah,Iraq
404,R Zubah,Iraq
405,Raf,Iraq
406,Rbqunayn,Iraq
407,Rfwayr,Iraq
408,Rqruaaym,Iraq
409,Rsruwandiyah,Iraq
410,Rwwandali,Iraq
411,Rwwaniyah,Iraq
412,Rwwarithah,Iraq
413,Rwwayrah,Iraq
414,S Nah,Iraq
415,S Ndiya,Iraq
416,S Suwandiz,Iraq
417,S Suwaniyah,Iraq
418,S Suwaynjiwayr,Iraq
419,Saddat Al Qadit,Iraq
420,Sandiz,Iraq
421,Sghdad,Iraq
422,Sh Shamiyah,Iraq
423,Sh Shamiyat Al ,Iraq
424,Sh Shatifa,Iraq
425,Sh Shatrah,Iraq
426,Sh Shatrah Al F,Iraq
427,Sh Shdad,Iraq
428,Sh Shinafiyah,Iraq
429,Sh Shinah,Iraq
430,Sh Shuwayr,Iraq
431,Sl Al Ghurayb,Iraq
432,Sm Yah,Iraq
433,Snbaghdad,Iraq
434,Sndali,Iraq
435,Sndalis,Iraq
436,Snnah,Iraq
437,Snnjwwni,Iraq
438,Sqnwalruj,Iraq
439,Ssndalis,Iraq
440,Ssndiz,Iraq
441,St Ash Shamiyah,Iraq
442,Swnarah,Iraq
443,Swnjdwlinafiyah,Iraq
444,T -Lamadithah,Iraq
445,T Al Fallujayl,Iraq
446,T Al Faw,Iraq
447,T Al Gharbil,Iraq
448,T Al Harithah,Iraq
449,T Al Hayyib,Iraq
450,T Al Hindiyat S,Iraq
451,T Al Hindiz,Iraq
452,T Al Qadimah,Iraq
453,T Al Qadithah,Iraq
454,T Al Qasiriyah,Iraq
455,T Al Qasiriyat ,Iraq
456,T Ash Shamiya,Iraq
457,T Ash Shamiyah,Iraq
458,T Ash Shatrah,Iraq
459,T Ash Shatrah A,Iraq
460,T Ash Shinafiya,Iraq
461,T Ash Shinah,Iraq
462,T Fa,Iraq
463,T Farah,Iraq
464,T Farah Al Fuhu,Iraq
465,T Hlriyah,Iraq
466,T Saddat Al Faw,Iraq
467,T Saddat Al Ghu,Iraq
468,T Saddat Al Hin,Iraq
469,T Saddat Al Qad,Iraq
470,T Saddat Al Qag,Iraq
471,T Saddat Al Qas,Iraq
472,T Saddat Saddat,Iraq
473,Tg Rah,Iraq
474,Thah,Iraq
475,Tnkrithah,Iraq
476,U Kut,Iraq
477,Usfar,Iraq
478,Uwaniyah,Iraq
479,W 'Amarah,Iraq
480,W 'Amarah Al Qa,Iraq
481,W Gharbil,Iraq
482,W Indiyah,Iraq
483,W Niyat Saddat ,Iraq
484,W Tilah,Iraq
485,W Tnah,Iraq
486,Wa'Lujah,Iraq
487,Wadithah,Iraq
488,Wah,Iraq
489,Wali,Iraq
490,Waniyah,Iraq
491,Watrah,Iraq
492,Waynjiwaynjiway,Iraq
493,Wbhiylh,Iraq
494,Wdad,Iraq
495,Wfi,Iraq
496,Whndiyah,Iraq
497,Whqubah,Iraq
498,Wiz,Iraq
499,Wmtnah,Iraq
500,Wmunayr,Iraq
501,Wnkiwknithah,Iraq
502,Wnsrihah,Iraq
503,Worinafiyah,Iraq
504,Wsandiyah,Iraq
505,Wsndiyah,Iraq
506,Wsquwandali,Iraq
507,Wthah,Iraq
508,Wyad,Iraq
509,Yghiaah,Iraq
510,Yghiaal Qayi,Iraq
511,Yin,Iraq
512,Ynah,Iraq
513,Ynhizaa,Iraq
514,Ynhizaaumaythah,Iraq
515,Ynjar,Iraq
516,Ynjiwandali,Iraq
517,Ynjiwandiz,Iraq
518,Ynjiwaniyah,Iraq
519,Ynjiwayn,Iraq
520,Ynjiwaynjiwaynj,Iraq
521,Ynjiwaynjiwayr,Iraq
522,Ynjiwayr,Iraq
523,Ynjiwayrah,Iraq
524,Ynsil,Iraq
525,Ynuiwayrah,Iraq
526,Yqhinah,Iraq
527,Yrah Al Qadi,Iraq
528,Ysh Shinah,Iraq
529,Ythah,Iraq
530,Ywiniyah,Iraq
531,Ywjinafiyah,Iraq
532,Yyib,Iraq
533,Z Zubah,Iraq
534,Z Zubayr,Iraq
535,Z Zubayrah,Iraq
536,Z Zubayrah Al Q,Iraq
537,Zbuarah,Iraq
