,Name,Origin
0, Aloy,Ireland
1, Aorh,Ireland
2, Arina,Ireland
3, Ariss,Ireland
4, Arricknolagh,Ireland
5, M Rus,Ireland
6, Merrick-On-Sui,Ireland
7, Merries,Ireland
8, Merrion,Ireland
9, Merryvill Airn,Ireland
10, Moike,Ireland
11, Moire,Ireland
12, Muileann Gcear,Ireland
13, Muileannon,Ireland
14, Roscrea,Ireland
15, Uns,Ireland
16,-Ahide,Ireland
17,-Aiileann Gcear,Ireland
18,-Cd-Stirles,Ireland
19,-D--Riine,Ireland
20,-D-In-,Ireland
21,-D-In-Erina,Ireland
22,-D-Irion,Ireland
23,-Dhinasloe,Ireland
24,-Dhinlester,Ireland
25,-Diileann Gcear,Ireland
26,-Diileannon,Ireland
27,-Diine,Ireland
28,-Fhihe,Ireland
29,-H-Iri,Ireland
30,-Hhire,Ireland
31,-Hi-Leinhely,Ireland
32,-Hi-Liise,Ireland
33,-L-In-,Ireland
34,-Lhina,Ireland
35,-Liileann Gcear,Ireland
36,-Liite,Ireland
37,-Mointeely,Ireland
38,-O--Hi-Alinan,Ireland
39,-O--Hiileann Gc,Ireland
40,-Ri-S,Ireland
41,-Shide,Ireland
42,-Shinan,Ireland
43,-Siileann Gcear,Ireland
44,-Siileannon,Ireland
45,-Snircoath,Ireland
46,-Snircoathgar,Ireland
47,-Snircont,Ireland
48,-Uii,Ireland
49,-Un-,Ireland
50,-Unircoamhrea,Ireland
51,-Unircoath,Ireland
52,-Unircoathgarva,Ireland
53,Aalin,Ireland
54,Abaterkennybroo,Ireland
55,Adlite,Ireland
56,Adret,Ireland
57,Agl,Ireland
58,Ahhda,Ireland
59,Ahhddaue,Ireland
60,Ahlida,Ireland
61,Ahline,Ireland
62,Ahsde,Ireland
63,Ahsdeethn,Ireland
64,Alahide,Ireland
65,Alin,Ireland
66,Alinasloe,Ireland
67,Aline,Ireland
68,Alinteely,Ireland
69,Allamore,Ireland
70,Allin,Ireland
71,Allina,Ireland
72,Allington,Ireland
73,Allow,Ireland
74,Allymount,Ireland
75,Allymun,Ireland
76,Alumont,Ireland
77,Amerstown,Ireland
78,Aons,Ireland
79,Arilascortmarnd,Ireland
80,Arrigalin,Ireland
81,Aru,Ireland
82,Arus,Ireland
83,Ary,Ireland
84,Ath,Ireland
85,Athgar,Ireland
86,Ay Orclane,Ireland
87,Aynoggin,Ireland
88,Bat,Ireland
89,Bate,Ireland
90,Bater,Ireland
91,Baterford,Ireland
92,Baterkennybrook,Ireland
93,Castle Westport,Ireland
94,Cdare,Ireland
95,Cdstown,Ireland
96,Chead Nua,Ireland
97,Ck-On-Suir,Ireland
98,Ckellzoi,Ireland
99,Cklow,Ireland
100,Ckrock,Ireland
101,Ckstown,Ireland
102,Corthy,Ireland
103,Cwhadestown,Ireland
104,D Muileann Gcea,Ireland
105,D Nua,Ireland
106,D Uus,Ireland
107,D-Deinhslder-Yn,Ireland
108,D-Toinhely,Ireland
109,D-Um-I--,Ireland
110,D-Umin,Ireland
111,D-Uni,Ireland
112,D-Ut-Alin,Ireland
113,Dale,Ireland
114,Dalk,Ireland
115,Dalkin,Ireland
116,Dare,Ireland
117,Dbown,Ireland
118,Delk,Ireland
119,Dely,Ireland
120,Dfummens,Ireland
121,Dlaris,Ireland
122,Dleton,Ireland
123,Dlington,Ireland
124,Dlitaslles,Ireland
125,Dlstown,Ireland
126,Dly-Drina,Ireland
127,Donkstown,Ireland
128,Dorum,Ireland
129,Drum,Ireland
130,Drumlinasloe,Ireland
131,Drumlinsealy-Dr,Ireland
132,Dstown,Ireland
133,Dtek-On-Suir,Ireland
134,Dtetlebar,Ireland
135,Dtleknock,Ireland
136,Duboirne,Ireland
137,Dul,Ireland
138,Dumens,Ireland
139,Dust,Ireland
140,E-Dn-Ou-Hiilean,Ireland
141,Ebar,Ireland
142,Ely,Ireland
143,Emmorey,Ireland
144,Enhill,Ireland
145,Ennybrook,Ireland
146,Eny,Ireland
147,Eruileannon,Ireland
148,Eruy,Ireland
149,Ethely,Ireland
150,Etherrick-On-Su,Ireland
151,Evar,Ireland
152,Ewna,Ireland
153,Fopmoonhal,Ireland
154,Ford,Ireland
155,Fords,Ireland
156,Fordstown Trim,Ireland
157,Furmeten,Ireland
158,Furmetenk,Ireland
159,Furmeterfordsto,Ireland
160,Furmetserd Auil,Ireland
161,Furmetserdater,Ireland
162,Gah,Ireland
163,Gerenure,Ireland
164,Ghaire,Ireland
165,Ghal,Ireland
166,Gheda,Ireland
167,Gon,Ireland
168,Hagrt,Ireland
169,Hal,Ireland
170,Hay,Ireland
171,Hda,Ireland
172,Hdadestown,Ireland
173,Hdadestportarli,Ireland
174,Hdare,Ireland
175,Heda,Ireland
176,Hewroester,Ireland
177,Hgar,Ireland
178,Hons,Ireland
179,Hual,Ireland
180,Huely,Ireland
181,Hullaght,Ireland
182,Hunl Airn,Ireland
183,Hunl Airne,Ireland
184,Hunl Gocckrock,Ireland
185,Hunlamorey,Ireland
186,Hunlanchard,Ireland
187,Hunlanchards,Ireland
188,Hunlbaire,Ireland
189,Husl,Ireland
190,Hxallingsend,Ireland
191,Ick-On-Suir,Ireland
192,Idcekrock,Ireland
193,Ileaght,Ireland
194,Ileann Gcearr,Ireland
195,Ilia,Ireland
196,Ill Airne,Ireland
197,Ille,Ireland
198,Ills,Ireland
199,Ina,Ireland
200,Ind,Ireland
201,Insealy-Drinan,Ireland
202,Inteer,Ireland
203,Kcklow,Ireland
204,Kearr,Ireland
205,Kellzoi,Ireland
206,Kelnnon,Ireland
207,Kenny,Ireland
208,Kerrigalins,Ireland
209,Kerrion,Ireland
210,Kin,Ireland
211,Klow,Ireland
212,Kpoct,Ireland
213,Krock,Ireland
214,Ktown,Ireland
215,L Airne,Ireland
216,L-Aiileann Gcea,Ireland
217,L-In-,Ireland
218,Laee,Ireland
219,Laght,Ireland
220,Lahide,Ireland
221,Laichead Nua,Ireland
222,Lalin,Ireland
223,Lalinteer,Ireland
224,Lane,Ireland
225,Laoise,Ireland
226,Lascortmarnock,Ireland
227,Leannon,Ireland
228,Lewnasloe,Ireland
229,Lhaire,Ireland
230,Lila,Ireland
231,Lilaaileann Gce,Ireland
232,Lin,Ireland
233,Lina,Ireland
234,Linan,Ireland
235,Linasloe,Ireland
236,Line,Ireland
237,Lingsend,Ireland
238,Lington,Ireland
239,Lins,Ireland
240,Linsealy-Drinan,Ireland
241,Linteely,Ireland
242,Linteer,Ireland
243,Ll Airne,Ireland
244,Llagh,Ireland
245,Llaghmede,Ireland
246,Llaght,Ireland
247,Llamore,Ireland
248,Llbaire,Ireland
249,Lles,Ireland
250,Llinasloe,Ireland
251,Lllymount,Ireland
252,Llow,Ireland
253,Lminle,Ireland
254,Londale,Ireland
255,Londalk,Ireland
256,Low,Ireland
257,Lual,Ireland
258,Lun,Ireland
259,Lundrumlinasloe,Ireland
260,Lunt Merries,Ireland
261,Luvilles,Ireland
262,Lval,Ireland
263,Lvan,Ireland
264,Ly-Drina,Ireland
265,Ly-Drinan,Ireland
266,Ly-Drinasloe,Ireland
267,M Aerny,Ireland
268,M Anor,Ireland
269,Mdalkin,Ireland
270,Mdlatcrea,Ireland
271,Mdule,Ireland
272,Midleton,Ireland
273,Mlin,Ireland
274,Mmun,Ireland
275,Mont,Ireland
276,More,Ireland
277,Mount,Ireland
278,Mullamore,Ireland
279,Mun,Ireland
280,Musl,Ireland
281,Musloe,Ireland
282,N Aridge,Ireland
283,N Erilae-On-Sui,Ireland
284,N Gcearr,Ireland
285,N Gcearrigalina,Ireland
286,N Gcearrion,Ireland
287,N Mostown,Ireland
288,N Muileann Gcea,Ireland
289,N Muileannon,Ireland
290,N Tor,Ireland
291,N Uar,Ireland
292,Nabate,Ireland
293,Nabater,Ireland
294,Narlinasloe,Ireland
295,Nbaynoggin,Ireland
296,Nckaoly,Ireland
297,Ndalk,Ireland
298,Ndalkin,Ireland
299,Ngarvan,Ireland
300,Nn Gcearries,Ireland
301,Nnasloe,Ireland
302,Nne,Ireland
303,Noba,Ireland
304,Non,Ireland
305,Nteely,Ireland
306,Ntle Westown,Ireland
307,Ntoath,Ireland
308,Ntom,Ireland
309,Nubate,Ireland
310,Nuse,Ireland
311,Nval,Ireland
312,Nxallamorey,Ireland
313,Ollymun,Ireland
314,Onabate,Ireland
315,Onagh,Ireland
316,Onny,Ireland
317,Ons,Ireland
318,Ont,Ireland
319,Ord,Ireland
320,Oulington,Ireland
321,Own,Ireland
322,Poct,Ireland
323,Pont,Ireland
324,R Ahr-Atire,Ireland
325,R Aory,Ireland
326,Rath,Ireland
327,Rathgarvan,Ireland
328,Rkenny,Ireland
329,Rlaghmede,Ireland
330,Rlics-Om-He-Rri,Ireland
331,Rlycommont,Ireland
332,Ronkstown,Ireland
333,Roscommont,Ireland
334,Roscrea,Ireland
335,Rouch,Ireland
336,Rual,Ireland
337,Rublin,Ireland
338,Rublinteely,Ireland
339,Rue,Ireland
340,Ruf,Ireland
341,Rugar,Ireland
342,Ruglanchards,Ireland
343,Ruileannon,Ireland
344,Rullaght,Ireland
345,Rum,Ireland
346,Run,Ireland
347,Runh,Ireland
348,Rus,Ireland
349,Rusc,Ireland
350,Rusl,Ireland
351,Ruxlicaloine,Ireland
352,Rvan,Ireland
353,S-Seir,Ireland
354,Scommon,Ireland
355,Sdrey,Ireland
356,Sellzoi,Ireland
357,Send,Ireland
358,Serda,Ireland
359,Serenure,Ireland
360,Serenureenhille,Ireland
361,Snagh,Ireland
362,Snooth,Ireland
363,Stherryvill,Ireland
364,Sthwldare,Ireland
365,Stown,Ireland
366,Stown Trim,Ireland
367,T Merries,Ireland
368,T Merryvilles,Ireland
369,Tarlin,Ireland
370,Tarlina,Ireland
371,Tarlins,Ireland
372,Tarlinteely,Ireland
373,Terfords,Ireland
374,Terkenny,Ireland
375,Tford,Ireland
376,Thal,Ireland
377,Thard,Ireland
378,Thead Nua,Ireland
379,Theldare,Ireland
380,Thely,Ireland
381,Therrigalina,Ireland
382,Therryville,Ireland
383,Thgar,Ireland
384,Tlaoise,Ireland
385,Tle Wester,Ireland
386,Tlebar,Ireland
387,Tlibant,Ireland
388,Tmore,Ireland
389,Tmorey,Ireland
390,Town,Ireland
391,Town Trim,Ireland
392,Tubridge,Ireland
393,Tuer,Ireland
394,U Orchard,Ireland
395,U-Id-Edi,Ireland
396,Uale,Ireland
397,Ublin,Ireland
398,Ublina,Ireland
399,Ublinasloe,Ireland
400,Ublins,Ireland
401,Ublinsealy-Drin,Ireland
402,Ublire,Ireland
403,Ucklow,Ireland
404,Ulin,Ireland
405,Ulina,Ireland
406,Un Laoghaire,Ireland
407,Un Laoghal,Ireland
408,Un Laogheda,Ireland
409,Unboyne,Ireland
410,Undale,Ireland
411,Undalkin,Ireland
412,Undrum,Ireland
413,Undrumlinan,Ireland
414,Ungar,Ireland
415,Unt,Ireland
416,Ust,Ireland
417,Val,Ireland
418,Vallymun,Ireland
419,Vallynooth,Ireland
420,Van,Ireland
421,Whadasellzoi,Ireland
422,Whann Gcearriga,Ireland
423,Wlaaill,Ireland
424,Wnan,Ireland
425,Wnasloe,Ireland
426,Woad,Ireland
427,Wocd,Ireland
428,Wold,Ireland
429,Won,Ireland
430,Woncbate,Ireland
431,Wondale,Ireland
432,Wondalk,Ireland
433,Wondalkin,Ireland
434,Wood,Ireland
435,Woos,Ireland
436,Word,Ireland
437,Wosdret,Ireland
438,Woude,Ireland
439,Wtown,Ireland
440,Wvan,Ireland
441,X-R--Diileann G,Ireland
442,Xalchcrea,Ireland
443,Xallymount,Ireland
444,Xallymun,Ireland
445,Xarc,Ireland
446,Xarcoamhrea,Ireland
447,Xarcsboenhilles,Ireland
448,Xbao,Ireland
449,Xckcortarlin,Ireland
450,Xda,Ireland
451,Xford,Ireland
452,Xlackrock,Ireland
453,Xlanchard,Ireland
454,Xlock,Ireland
455,Xnccaroichead N,Ireland
456,Xnccartstown,Ireland
457,Xnock,Ireland
458,Xun,Ireland
459,Y Orchard,Ireland
460,Y Orchards,Ireland
461,Y Orchardstown,Ireland
462,Y-Drinan,Ireland
463,Y-Drinasloe,Ireland
464,Yboonheld,Ireland
465,Yboorh,Ireland
466,Yerry Orchard,Ireland
467,Yfermot,Ireland
468,Yford,Ireland
469,Ymount,Ireland
470,Ymount Merrick-,Ireland
471,Ynoggin,Ireland
472,Ynooth,Ireland
473,Ytown,Ireland
474,Yval,Ireland
475,Yvallymount,Ireland
476,Yvallymount Mer,Ireland
477,Yvill Airne,Ireland
