,Name,Origin
0, 'Aa'Anam,Israel
1, 'Hghir,Israel
2, 'Jhariyya,Israel
3, 'Tiv'At,Israel
4, Aayefar Yasim,Israel
5, Ata,Israel
6, Dal Ha'Ayish,Israel
7, Fa,Israel
8, Gan,Israel
9, Gat,Israel
10, H-Gaa,Israel
11, Hat,Israel
12, Jat,Israel
13, Makkabbim Re'U,Israel
14, Makr,Israel
15, Odi'In Makkabb,Israel
16, Odiin Ilit,Israel
17, Qkegev,Israel
18, Saba,Israel
19, Sharon,Israel
20, Shmuel,Israel
21, Son,Israel
22, Tiqwa,Israel
23, Tira,Israel
24, Yam,Israel
25, Yasim,Israel
26, Yoso Itshay,Israel
27, `Aeima Zoran,Israel
28,'A'Aqov,Israel
29,'Abiya,Israel
30,'Ad,Israel
31,'Afa,Israel
32,'Ala Ayom,Israel
33,'An,Israel
34,'Ana,Israel
35,'Anam,Israel
36,'Ananam,Israel
37,'Aqov,Israel
38,'Ara,Israel
39,'Ara Banegev,Israel
40,'Dir,Israel
41,'Fa,Israel
42,'Gan,Israel
43,'Jd'Ana,Israel
44,'Jdreida Maksur,Israel
45,'Mahil,Israel
46,'Od,Israel
47,'On,Israel
48,'Vi'An,Israel
49,-Ga,Israel
50,-Gaa,Israel
51,-Gan,Israel
52,A Ayin,Israel
53,A Saba,Israel
54,A'An,Israel
55,A'In Ilit,Israel
56,Adana,Israel
57,Adis,Israel
58,Afa,Israel
59,Agan,Israel
60,Ajd El Makr,Israel
61,Ajier,Israel
62,Akgari',Israel
63,Aliya,Israel
64,Alm Ilit,Israel
65,Alsmamzarzir,Israel
66,An Makr,Israel
67,Anam,Israel
68,Asha'Aqov,Israel
69,Asham,Israel
70,Ashkelon,Israel
71,At Ono,Israel
72,Atibe,Israel
73,Ayga,Israel
74,Ayjdal Ha'Ayish,Israel
75,Ayjuseifa,Israel
76,Azareth,Israel
77,Azliya,Israel
78,B Ono,Israel
79,B Sneishay,Israel
80,B'Aqov,Israel
81,B-'At,Israel
82,Bamz,Israel
83,Bamzraale Iron,Israel
84,Bata,Israel
85,Be'Er Ya'An,Israel
86,Be'Er Ya'Aqov,Israel
87,Be'Er Yam,Israel
88,Belia,Israel
89,Belik,Israel
90,Belim,Israel
91,Bet Dagan,Israel
92,Bgher,Israel
93,Bi'Na,Israel
94,Billin,Israel
95,Bli-Umm Al-Ghan,Israel
96,Bli-Umm Al-Ghar,Israel
97,Bmsale Iron,Israel
98,Bmtak,Israel
99,Bqqi,Israel
100,Brqiyya,Israel
101,Bst 'Eqron,Israel
102,Btribe,Israel
103,Btt Hefer,Israel
104,Bvttah Tira,Israel
105,D Ha'Ayish,Israel
106,D Hasham,Israel
107,D Hashams,Israel
108,D Saba,Israel
109,D Tribe,Israel
110,D Yam,Israel
111,D Yasim,Israel
112,Da Makr,Israel
113,Dai El Kurum,Israel
114,Dam,Israel
115,Damat Gat,Israel
116,Damat Mozqin,Israel
117,Damat Ono,Israel
118,Damat Shemona,Israel
119,Damat Yasif,Israel
120,Damat Yish,Israel
121,Dar Yam,Israel
122,Dar Yehuda,Israel
123,Delon,Israel
124,Derot,Israel
125,Detd,Israel
126,Di'In Makr,Israel
127,Dima Zangarish,Israel
128,Dima Zangariya,Israel
129,Dima Zangariyya,Israel
130,Dima Zoran,Israel
131,Dir,Israel
132,Dkeaovatayid Tr,Israel
133,Draa,Israel
134,Ederot,Israel
135,Eher,Israel
136,Eilat,Israel
137,Eroham,Israel
138,Erzliya,Israel
139,Et Dagan,Israel
140,Far Saba,Israel
141,Far Ya'Abiyya,Israel
142,Far Ya'Aqov,Israel
143,Far Ya'Av,Israel
144,Far Yam,Israel
145,Far Yasim,Israel
146,Far Yehud,Israel
147,Far Yehud-Mond,Israel
148,Far Yehud-Monos,Israel
149,Far Yehuda,Israel
150,Far'Am,Israel
151,Far'Ara,Israel
152,Far'Ara Banegev,Israel
153,Fat'Ti'An,Israel
154,Ggarish,Israel
155,Ghar,Israel
156,Ghar Ya'Aqov,Israel
157,Gharbiya,Israel
158,Gharbiya Pituah,Israel
159,Gharbiyya,Israel
160,Ghari',Israel
161,Gharish,Israel
162,Gharishay,Israel
163,Ghariya,Israel
164,Ghariyya,Israel
165,Gharon,Israel
166,H Jat,Israel
167,H Saba,Israel
168,H Tiqwa,Israel
169,H Tira,Israel
170,H Tiv'On,Israel
171,H Yasim,Israel
172,H-Tira,Israel
173,Haifa,Israel
174,Har,Israel
175,Harbiyya,Israel
176,Hari',Israel
177,Harish,Israel
178,Hariya,Israel
179,Hariyya,Israel
180,Haron,Israel
181,Hat,Israel
182,Hatibe,Israel
183,Havot,Israel
184,Hed,Israel
185,Hejaljulya,Israel
186,Her,Israel
187,Het,Israel
188,Hfai'An,Israel
189,Hgalim,Israel
190,Hgvol,Israel
191,Hid,Israel
192,Hif,Israel
193,Hil,Israel
194,Hir,Israel
195,Hivlit,Israel
196,Hjd-El Kurum,Israel
197,Hjd-El Maksur I,Israel
198,Hjdlin,Israel
199,Hnel Ghar,Israel
200,Hsifa,Israel
201,Hvjat,Israel
202,Hydafa,Israel
203,I'Ananam,Israel
204,Ifa,Israel
205,Ilbt,Israel
206,Ilir,Israel
207,Ilit,Israel
208,Ilst,Israel
209,Ima Zangariya,Israel
210,Imona,Israel
211,Ira,Israel
212,Irdam,Israel
213,Iron,Israel
214,Irzereth,Israel
215,Isson,Israel
216,Izl,Israel
217,J`Lryat Hefer,Israel
218,Jaffa,Israel
219,Jaljulya,Israel
220,Jbfeishak,Israel
221,Jbfeishay,Israel
222,Jblii,Israel
223,Jd El Ghana,Israel
224,Jd El Gharbiya,Israel
225,Jd El Kurum,Israel
226,Jd El Makr,Israel
227,Jd El Mozqin,Israel
228,Jd'Ana,Israel
229,Jd-Eona,Israel
230,Jdal Ha'Ayin,Israel
231,Jdal Ha`Emeq,Israel
232,Jdal Hadaj,Israel
233,Jdal Hasha'Av,Israel
234,Jdal Hasham,Israel
235,Jdal Hashar,Israel
236,Jdal Hasharbiya,Israel
237,Jdal Hashariyya,Israel
238,Jdal Sham,Israel
239,Jdal Shams,Israel
240,Jdal She'Anam,Israel
241,Jdal Shemesh,Israel
242,Jdal Shemesher,Israel
243,Jdal Shemona,Israel
244,Jdal Shmuel,Israel
245,Jdeeltk,Israel
246,Jdelon,Israel
247,Jderot,Israel
248,Jdir,Israel
249,Jdlua,Israel
250,Jdraa,Israel
251,Jdraib,Israel
252,Jdran,Israel
253,Jdreida Makkabb,Israel
254,Jdreida Makr,Israel
255,Jdreida Maksur ,Israel
256,Jdreidis,Israel
257,Jdriis ,Israel
258,Jdryat Hefer,Israel
259,Jdyaa Tiqwa,Israel
260,Jerusal,Israel
261,Jerusale Iron,Israel
262,Jfar Ya'Abiyya,Israel
263,Jhar,Israel
264,Jher,Israel
265,Jhfrot,Israel
266,Jifr,Israel
267,Jilut,Israel
268,Jsfrmq'Er Yehud,Israel
269,Jtruba Zangaris,Israel
270,Jyfar Saba,Israel
271,Jyluh,Israel
272,Kd'Rlaya,Israel
273,Kderot,Israel
274,Kerot,Israel
275,Kesof,Israel
276,Kfar Saba,Israel
277,Kgrura,Israel
278,Khasif,Israel
279,Khasim,Israel
280,Khis,Israel
281,Kmruel,Israel
282,Krbiyya,Israel
283,Krobadzarzir,Israel
284,Krobakzarzir,Israel
285,Kshak,Israel
286,Kshlha,Israel
287,Kshliya,Israel
288,Kshoron,Israel
289,Kshryat Sha'An,Israel
290,Kshryat Shefar ,Israel
291,Kshryat Ya'Av,Israel
292,Kshryat Yish,Israel
293,Kshryon,Israel
294,Ktruba Zoran,Israel
295,Kyfriqsriya Pit,Israel
296,Kyrmu'Lin,Israel
297,L Shams,Israel
298,L Shmuel,Israel
299,L-Ghanam,Israel
300,Lbqaqe `Raeb Sn,Israel
301,Lda,Israel
302,Lim,Israel
303,Ljulya,Israel
304,Lsha'An,Israel
305,Lshamiseofa' 'A,Israel
306,Lsharbiya Pitua,Israel
307,Lshari',Israel
308,Lsharon,Israel
309,Lsher,Israel
310,Lshyu,Israel
311,Lsmy'A,Israel
312,Lya,Israel
313,Mat She'Ana,Israel
314,Mdir,Israel
315,Met,Israel
316,Mi'El,Israel
317,Miye,Israel
318,Mjdir,Israel
319,Mjgdrliya,Israel
320,Mona,Israel
321,Mshak,Israel
322,Mshay,Israel
323,Mushiy,Israel
324,Neh Da Makr,Israel
325,Neh Makkabbim R,Israel
326,Neh Vatayid Tri,Israel
327,Neh Vot,Israel
328,Ner Yam,Israel
329,Ner Yehud-Mond,Israel
330,Ngariel,Israel
331,Ngariyya,Israel
332,Nilot,Israel
333,Nir,Israel
334,Nshay,Israel
335,Od Ha`Emeq,Israel
336,Odahari',Israel
337,Odam,Israel
338,Odi'In Mahil,Israel
339,Odi'In Makr,Israel
340,Odiin Ilit,Israel
341,Odiin Makr,Israel
342,Omamz,Israel
343,Omar Saba,Israel
344,Omar Ya'An,Israel
345,Omar Yam,Israel
346,Omar Yasim,Israel
347,Onosson,Israel
348,Osson,Israel
349,Q'A,Israel
350,Q'Ana,Israel
351,Qa El Mond,Israel
352,Qan,Israel
353,Qbiyya,Israel
354,Qd Iron,Israel
355,Qda,Israel
356,Qdi,Israel
357,Qdiiiba,Israel
358,Qdiiison,Israel
359,Qdiiona,Israel
360,Qfa,Israel
361,Qir,Israel
362,Qmo,Israel
363,Qmona,Israel
364,Qon,Israel
365,Qqon,Israel
366,Qrin,Israel
367,Qrriya,Israel
368,Qshy'A,Israel
369,Qsin,Israel
370,R Saba,Israel
371,R Ya'Abiyya,Israel
372,R Yam,Israel
373,R Yehud,Israel
374,R'Ara,Israel
375,R'Ara Banegev,Israel
376,Rda,Israel
377,Rdat Gat,Israel
378,Rgarish,Israel
379,Rharon,Israel
380,Ri',Israel
381,Rimsel,Israel
382,Rira,Israel
383,Rish,Israel
384,Riya Pituah,Israel
385,Rjdlira,Israel
386,Rkhasim,Israel
387,Rms'Anana,Israel
388,Rodam,Israel
389,Rom,Israel
390,Ron,Israel
391,Rosa El Mond,Israel
392,Rtiberias,Israel
393,Ryanuah,Israel
394,Ryara,Israel
395,Ryat Ono,Israel
396,Rzir,Israel
397,S Hhfriqsriyya,Israel
398,S'A' Billin,Israel
399,Sah,Israel
400,Sda'Abiya,Israel
401,Sfa,Israel
402,Sh Hadaj,Israel
403,Sha'Aqov,Israel
404,Shak,Israel
405,Shams,Israel
406,Shay,Israel
407,Shemesh,Israel
408,Shemona,Israel
409,Sher,Israel
410,Shibli-Umm Al-G,Israel
411,Shim,Israel
412,Shir,Israel
413,Shiy,Israel
414,Sif,Israel
415,Sim Re'Ut,Israel
416,Skhfish,Israel
417,Sme,Israel
418,Sme'An,Israel
419,Srak,Israel
420,T 'Eqron,Israel
421,T Ata,Israel
422,T Hefer,Israel
423,T Mond,Israel
424,T Monosson,Israel
425,T Ono,Israel
426,T Sham,Israel
427,T Shams,Israel
428,T Sharbiya,Israel
429,T She'An,Israel
430,T She'Ana,Israel
431,T She'Ananam,Israel
432,T Shefar Yam,Israel
433,T Shefar'Am,Israel
434,T Shemona,Israel
435,T Shmuel,Israel
436,T Taiyiba,Israel
437,T Ya'Abiya,Israel
438,T Ya'Aqov,Israel
439,T Ya'Av,Israel
440,T Yam,Israel
441,T Yasif,Israel
442,T Yish,Israel
443,Tbur,Israel
444,Tburyi',Israel
445,Tel Mozqin,Israel
446,Tfar Yehuda,Israel
447,Ther,Israel
448,Tibe,Israel
449,Tiberias,Israel
450,Trbbim Re'Ut,Israel
451,V Yam,Israel
452,V'Hana,Israel
453,V'On,Israel
454,V'Tan,Israel
455,Vatayim,Israel
456,Vit,Israel
457,Vitah Tiqwa,Israel
458,Vitar,Israel
459,Vjat,Israel
460,Vjtar,Israel
461,Vmona,Israel
462,Vshams,Israel
463,Vsher,Israel
464,Vtat,Israel
465,Vttaiiya Pituah,Israel
466,Y`Freqhriberias,Israel
467,Yda,Israel
468,Yfar Yehuda,Israel
469,Yfar'Ara,Israel
470,Yiba,Israel
471,Yid Tribe,Israel
472,Yid Triberias,Israel
473,Yifa,Israel
474,Yim,Israel
475,Yv'At Taiyiba,Israel
476,Yzne,Israel
477,Zhei,Israel
478,Zheivit,Israel
479,Zhey,Israel
480,Zir,Israel
481,Zjeals Hefer,Israel
482,Zjel,Israel
483,Zley,Israel
484,Zliya,Israel
485,Zqin,Israel
486,Zqr``Aeima Zang,Israel
487,Zqr``Reeleghvna,Israel
488,Zqr``Reelhd,Israel
489,`Am,Israel
490,`Amat Yam,Israel
491,`Amiseafa,Israel
492,`Emeq,Israel
493,`Osh Hadaj,Israel
