,Name,Origin
0, Bigalliano,Italy
1, Bruno Concesin,Italy
2, Capenagone,Italy
3, Carlo Appula,Italy
4, Di Molfettino ,Italy
5, Di Realena,Italy
6, Gerbole Empedo,Italy
7, Grompia,Italy
8, Livere,Italy
9, Madda,Italy
10, N Terravaligo,Italy
11, Ponta Cremano,Italy
12, Pontecase,Italy
13, Scrivia,Italy
14, Tolo,Italy
15, Ulbuto,Italy
16,'Aatta Castelve,Italy
17,'Adda,Italy
18,'Addale,Italy
19,A Carpi Castel ,Italy
20,A Di Renon Brun,Italy
21,A Olonano Del M,Italy
22,A Sul Santo,Italy
23,Aa Venetten,Italy
24,Aa-Etmo A Croci,Italy
25,Aaglia,Italy
26,Aarra,Italy
27,Aarra Frano,Italy
28,Abdernacento,Italy
29,Aborgoma,Italy
30,Adria,Italy
31,Adria Terravall,Italy
32,Adrivio,Italy
33,Adro,Italy
34,Aeinduno Terral,Italy
35,Aggqosa Di Cece,Italy
36,Aghio,Italy
37,Alrinel Lariano,Italy
38,Anacaprio Ionic,Italy
39,Anacce,Italy
40,Anacentagrano L,Italy
41,Anagnano,Italy
42,Anmini,Italy
43,Apcoembiate,Italy
44,Apearonno,Italy
45,Apri,Italy
46,Arbina,Italy
47,Aresa,Italy
48,Aresena,Italy
49,Arno,Italy
50,Assercato,Italy
51,Ataina,Italy
52,Atdica,Italy
53,Atdone,Italy
54,Atgofarelle,Italy
55,Atino,Italy
56,Atrapani,Italy
57,Atrapena,Italy
58,Atrescine,Italy
59,Atriano,Italy
60,Atrofaredo In C,Italy
61,Atrompionegrani,Italy
62,Augusta,Italy
63,Aur In Capo,Italy
64,Aur Nheleggiorg,Italy
65,Aur Nhiuduno,Italy
66,Aventignanta Ma,Italy
67,Azzatolara Lupa,Italy
68,Badia,Italy
69,Badia Tauro,Italy
70,Bagni Di Roment,Italy
71,Baonsiline,Italy
72,Baria,Italy
73,Base,Italy
74,Battipaglio,Italy
75,Bdigo,Italy
76,Bergate Mazaro ,Italy
77,Bergiorgomano,Italy
78,Bero,Italy
79,Berobelle,Italy
80,Bhibiate Sevenz,Italy
81,Biadovigliano,Italy
82,Biate,Italy
83,Biate Santa Li ,Italy
84,Biatel Sarnio,Italy
85,Biato,Italy
86,Biato Deglia,Italy
87,Bibbiatiano,Italy
88,Ble Cecchio,Italy
89,Ble Scrivia,Italy
90,Blelgiate,Italy
91,Bli Abruzzi,Italy
92,Bli Abruzzo,Italy
93,Bnara,Italy
94,Bnaria Al Marco,Italy
95,Bnaro,Italy
96,Bnello-Cinquale,Italy
97,Bniati,Italy
98,Bnibiadoro,Italy
99,Bole,Italy
100,Brio Delo,Italy
101,Btthe,Italy
102,Caluscolineto,Italy
103,Cana,Italy
104,Cassercato Di S,Italy
105,Caste,Italy
106,Cola,Italy
107,Cona Friddi,Italy
108,Cone,Italy
109,Coro,Italy
110,Cpearo,Italy
111,Cpelica,Italy
112,Cpelle,Italy
113,Cpello,Italy
114,Cpello-Cinisi,Italy
115,Cpo,Italy
116,Cpoccellalucia,Italy
117,Cpottolini,Italy
118,Creale,Italy
119,Crese,Italy
120,Danero Torignat,Italy
121,Dcalesio,Italy
122,Dcio,Italy
123,Del Fridia Port,Italy
124,Desino,Italy
125,Dia,Italy
126,Dino,Italy
127,Dolo,Italy
128,Dpiazzo,Italy
129,Dprincione,Italy
130,Ebrpza,Italy
131,Ede,Italy
132,Edica,Italy
133,Ena,Italy
134,Enario Ionio,Italy
135,Endovi,Italy
136,Ento,Italy
137,Enzo,Italy
138,Ereda,Italy
139,Eri,Italy
140,Etrosinale,Italy
141,Evcle,Italy
142,Eveaderzo,Italy
143,Eveagherana,Italy
144,Evele,Italy
145,Evellaluce,Italy
146,Evgali,Italy
147,Evgalinese-Rive,Italy
148,Evpato,Italy
149,Evpela,Italy
150,Evpelinettino,Italy
151,Evpena Pontebel,Italy
152,Evperi,Italy
153,Evpes,Italy
154,Evpeto San Mari,Italy
155,Evpetola,Italy
156,Evpettimonte Se,Italy
157,Evpetto,Italy
158,Evpltierino Tor,Italy
159,Fare,Italy
160,Finaria,Italy
161,Frandiolo,Italy
162,Fteano Gemi,Italy
163,Giore,Italy
164,Gnago,Italy
165,Gnano,Italy
166,Gnati,Italy
167,Gtocrescina,Italy
168,Gtor Trezzano,Italy
169,Hheina,Italy
170,Hhenigali,Italy
171,Hheratesio,Italy
172,Hhio,Italy
173,Hhiuduno,Italy
174,Hhodboldo,Italy
175,Hhodico,Italy
176,Hhorignacaprio,Italy
177,Hio,Italy
178,Ialenata,Italy
179,Iardo,Italy
180,Iarme,Italy
181,Iina,Italy
182,Iledica,Italy
183,Imanze,Italy
184,Ina,Italy
185,Inara Stefano,Italy
186,Inatola Pessa,Italy
187,Inella,Italy
188,Ipita Maggio,Italy
189,Itena Porte,Italy
190,Itrise,Italy
191,Ivazzate,Italy
192,Jarzano,Italy
193,L'Btthederice A,Italy
194,L'Btthelica,Italy
195,L-Goia Tauro Pa,Italy
196,L-Nialbergo,Italy
197,L-Orani,Italy
198,La Cardo,Italy
199,La Croce Sul Ma,Italy
200,La Maria Tauro,Italy
201,La Mario Del Sa,Italy
202,Laina,Italy
203,Laivere,Italy
204,Laiverene,Italy
205,Lamedsullo,Italy
206,Lampobella,Italy
207,Lampofelica,Italy
208,Lanuovi,Italy
209,Larino,Italy
210,Laro,Italy
211,Latico,Italy
212,Lave,Italy
213,Lavellonatese,Italy
214,Lazzolarine,Italy
215,Lba,Italy
216,Lbisacco,Italy
217,Lbiso,Italy
218,Lbnga,Italy
219,Lcate,Italy
220,Lcnalati,Italy
221,Ldo,Italy
222,Ldoiosateia,Italy
223,Ldoviglia,Italy
224,Le Empedo In La,Italy
225,Ledimonsumma,Italy
226,Legnano,Italy
227,Legnata,Italy
228,Lenguagliano,Italy
229,Lercate,Italy
230,Lercato,Italy
231,Lercato-Cini,Italy
232,Lercatolona Di ,Italy
233,Lercatoto,Italy
234,Lesilia,Italy
235,Lesino,Italy
236,Lesio,Italy
237,Leziocorto Di N,Italy
238,Lfvio,Italy
239,Lggia,Italy
240,Lggiate,Italy
241,Lggiorato,Italy
242,Lgnbe,Italy
243,Lgonzano,Italy
244,Lguidi,Italy
245,Lguidia Umbra,Italy
246,Lhio D'Adda,Italy
247,Li Sala Crevall,Italy
248,Li San Piave,Italy
249,Lia,Italy
250,Liania,Italy
251,Liano,Italy
252,Liggiore-Altero,Italy
253,Lignago,Italy
254,Lignano,Italy
255,Lignano In Lazz,Italy
256,Lignate,Italy
257,Ligure,Italy
258,Lina,Italy
259,Line,Italy
260,Linguagliano,Italy
261,Linguagliano Ap,Italy
262,Linguaglione,Italy
263,Ljngfano,Italy
264,Ljnggo,Italy
265,Ll'Aresciano Ap,Italy
266,Ll'Arno,Italy
267,Lli,Italy
268,Llia,Italy
269,Lliano,Italy
270,Llo Appula,Italy
271,Llo D'Adda,Italy
272,Llo Dello,Italy
273,Llo Ionio,Italy
274,Llonio,Italy
275,Lluna,Italy
276,Lmassercona,Italy
277,Lnarola Porto D,Italy
278,Lnena,Italy
279,Lnigo,Italy
280,Lnon - Ritto,Italy
281,Lnovatiate,Italy
282,Lo Ionigoro,Italy
283,Lo-Casalgaredo ,Italy
284,Lo-Cassievoli,Italy
285,Lona,Italy
286,Lona Di Romiso,Italy
287,Lonato,Italy
288,Lonia,Italy
289,Lonica,Italy
290,Loniga,Italy
291,Lonio,Italy
292,Lpdiene,Italy
293,Lre,Italy
294,Luciano,Italy
295,Lugagnacali,Italy
296,Lugagnano,Italy
297,Lugagnanta Mari,Italy
298,Lugo,Italy
299,Lvcrise,Italy
300,Lvetro In Vultu,Italy
301,Lvi,Italy
302,Lvizza,Italy
303,Lvizzano Decimo,Italy
304,Lvo,Italy
305,Lvugagnate,Italy
306,Lvzzzi,Italy
307,Lzano,Italy
308,Lzzate,Italy
309,Martina,Italy
310,Martola,Italy
311,Mascoliano,Italy
312,Mattipaglia,Italy
313,Mbardito,Italy
314,Minturno,Italy
315,Mldo,Italy
316,Mndova,Italy
317,Moli,Italy
318,Monte Milanuova,Italy
319,Montebello Di L,Italy
320,Montecore,Italy
321,Nacello Dello I,Italy
322,Nago,Italy
323,Nagonogara,Italy
324,Nano,Italy
325,Nario Sul Navil,Italy
326,Nascalo,Italy
327,Nate,Italy
328,Nava,Italy
329,Ncaderzo,Italy
330,Nciglie,Italy
331,Ncipe,Italy
332,Ndecimo Nevanov,Italy
333,Ndel Lameri,Italy
334,Ndel Marino,Italy
335,Ndello,Italy
336,Ndiolo,Italy
337,Ndiolonegrar,Italy
338,Ndrise,Italy
339,Nelle San San P,Italy
340,Nerolo,Italy
341,Nese,Italy
342,Ngo,Italy
343,Ni Di Modena,Italy
344,Nia,Italy
345,Nicosino,Italy
346,Nigi,Italy
347,Nleano,Italy
348,Nlia,Italy
349,Nliana,Italy
350,Nni Di Rocce,Italy
351,Nniracusa,Italy
352,No Albisano,Italy
353,No Del Cataro,Italy
354,No Maggiato,Italy
355,No-Miracusa,Italy
356,Non Borgioia Re,Italy
357,Nona,Italy
358,Nona Francadel ,Italy
359,Notiolona,Italy
360,Nova,Italy
361,Novanni Di Sici,Italy
362,Novano,Italy
363,Novigliate,Italy
364,Novo Vitto,Italy
365,Novoli,Italy
366,Novolinasciano,Italy
367,Npa-Iba,Italy
368,Nqualecchio Di ,Italy
369,Nria,Italy
370,Nria Ponto,Italy
371,Nricelle,Italy
372,Nsacco-Pioverat,Italy
373,Nssprccione,Italy
374,Nvaopua Vena,Italy
375,Nvarinasciano,Italy
376,Nvirone,Italy
377,Nzano,Italy
378,Nzo,Italy
379,O Dello,Italy
380,O San Piedimo,Italy
381,O-Sovi,Italy
382,Oa-Tropea,Italy
383,Obbiate,Italy
384,Obiate,Italy
385,Obiato,Italy
386,Obienataro,Italy
387,Odetolinese,Italy
388,Odigorate,Italy
389,Oggio Di Marell,Italy
390,Oinascalina,Italy
391,Oleggiano,Italy
392,Oleggio Di Ligu,Italy
393,Oleggiore,Italy
394,Olgiardighe,Italy
395,Olgiardo,Italy
396,Olgiate,Italy
397,Olie,Italy
398,Omisola Di Pell,Italy
399,Onatia Pelicell,Italy
400,Oni Gemi,Italy
401,Oni Lives,Italy
402,Oniga,Italy
403,Onio,Italy
404,Onsppe,Italy
405,Onzo,Italy
406,Opreviso,Italy
407,Ora,Italy
408,Ore Testelfida,Italy
409,Oresa,Italy
410,Orezzano,Italy
411,Orgia,Italy
412,Orio A Colle,Italy
413,Oroseto,Italy
414,Orre Treviso,Italy
415,Osa,Italy
416,Osa Ioni La Pes,Italy
417,Oscoli,Italy
418,Osolona,Italy
419,Otone,Italy
420,Oviana,Italy
421,Palle,Italy
422,Panicortino,Italy
423,Pazzano,Italy
424,Pbhiudecca,Italy
425,Peria,Italy
426,Pertigliatici,Italy
427,Pgattipaglio,Italy
428,Pia,Italy
429,Pica,Italy
430,Pilanuovalle Sc,Italy
431,Plari,Italy
432,Platino,Italy
433,Plenaria,Italy
434,Plona,Italy
435,Plonia,Italy
436,Plonigalbuto,Italy
437,Pnancade,Italy
438,Pno,Italy
439,Pnovanni Di Roc,Italy
440,Pnovigliano,Italy
441,Ppadova,Italy
442,Ppadovano,Italy
443,Ppadovi Di Piaz,Italy
444,Ppadovigliano,Italy
445,Ppalo,Italy
446,Ppalo Di Satrit,Italy
447,Ppalombardo,Italy
448,Ppavullone,Italy
449,Ppciliano,Italy
450,Ppcina,Italy
451,Ppcivianese,Italy
452,Ppcola,Italy
453,Ppelica,Italy
454,Ppelice,Italy
455,Ppelicello,Italy
456,Ppelinese,Italy
457,Ppelini,Italy
458,Ppelli,Italy
459,Ppessa Di Pello,Italy
460,Ppgietrada,Italy
461,Ppglossano,Italy
462,Ppgonica,Italy
463,Pphi San Geredo,Italy
464,Pphiena,Italy
465,Pphignacco-Piov,Italy
466,Pphignano,Italy
467,Pphigo,Italy
468,Pphiliano,Italy
469,Ppninovo Vice,Italy
470,Ppniova,Italy
471,Ppnivoli,Italy
472,Ppnivolignate U,Italy
473,Ppnse,Italy
474,Ppole Emilia,Italy
475,Ppoli,Italy
476,Ppolle,Italy
477,Ppons,Italy
478,Ppont Do In Pao,Italy
479,Pponta Di Prino,Italy
480,Ppontassano,Italy
481,Pponte Maria,Italy
482,Pponte Seve,Italy
483,Ppontecase,Italy
484,Ppontegro,Italy
485,Pponterra,Italy
486,Ppucco,Italy
487,Ppugnacavalcoro,Italy
488,Ppugnano,Italy
489,Ppugnatese,Italy
490,Prgutta,Italy
491,Prno,Italy
492,Procce,Italy
493,Procida,Italy
494,Ptoncorto Torri,Italy
495,Ptonico,Italy
496,Ptonio,Italy
497,Ptozignacalo,Italy
498,Purso,Italy
499,Pvoltino,Italy
500,Qiano,Italy
501,Qsa Di Centino,Italy
502,Qsa Ionico,Italy
503,Qsaluzzi,Italy
504,Qurlo Di Barrav,Italy
505,Ra Friuli,Italy
506,Rani,Italy
507,Rano,Italy
508,Rbone,Italy
509,Rbonugata Mazar,Italy
510,Rcato,Italy
511,Rco In Vice Cen,Italy
512,Rcolanerola,Italy
513,Rcoli,Italy
514,Rcolica,Italy
515,Rcosia,Italy
516,Rcosino,Italy
517,Re Otto,Italy
518,Rega,Italy
519,Regalle,Italy
520,Ria,Italy
521,Riglie,Italy
522,Rin,Italy
523,Rina,Italy
524,Rinale,Italy
525,Rineo,Italy
526,Rlba,Italy
527,Rnca,Italy
528,Rncadello,Italy
529,Rncagnantassato,Italy
530,Rnccione,Italy
531,Rnda,Italy
532,Rndiolo,Italy
533,Rnena,Italy
534,Rnia,Italy
535,Rnica,Italy
536,Rnicopisacco,Italy
537,Rno,Italy
538,Robbiadericenti,Italy
539,Rodene,Italy
540,Rodeneto,Italy
541,Roncavali,Italy
542,Roncelle Del La,Italy
543,Roncore,Italy
544,Rossano,Italy
545,Rove Di Pianovo,Italy
546,Rperita Maria A,Italy
547,Rpi Centolo,Italy
548,Rpolcro,Italy
549,Rra,Italy
550,Rrcate,Italy
551,Rrva,Italy
552,Rscconico,Italy
553,Rsco In Piave,Italy
554,Rscola,Italy
555,Rscolinea-Orgne,Italy
556,Rsolnova Sul Sa,Italy
557,Rspica,Italy
558,Rvalcina,Italy
559,Rvalcova Sul Sa,Italy
560,Rvalcovanni Di ,Italy
561,Rvali,Italy
562,Rvalle,Italy
563,Rvallo Vesuvio,Italy
564,Rvenza,Italy
565,Rvere,Italy
566,Rvetrosei,Italy
567,Rvetrosina,Italy
568,Rvia,Italy
569,Rviano,Italy
570,Rvo,Italy
571,Rvoli,Italy
572,Rvoligo,Italy
573,Sandelle Sabbie,Italy
574,Sbra,Italy
575,Scalinel Clisi,Italy
576,Scemini,Italy
577,Scia,Italy
578,Scinettore,Italy
579,Scoli,Italy
580,Silia,Italy
581,Sina,Italy
582,Slainatocidardo,Italy
583,Sola,Italy
584,Solvizzano,Italy
585,Spalolziocoreca,Italy
586,Spdo,Italy
587,Sperzo,Italy
588,Spofesilvizzaro,Italy
589,Sppinetolanese,Italy
590,Sprevisola Zano,Italy
591,Srdinese,Italy
592,Ssa Di Novigoro,Italy
593,Ssano,Italy
594,Ssolnovo Vene,Italy
595,Staorminiscola ,Italy
596,Sterme,Italy
597,Strofare,Italy
598,Stropea,Italy
599,Sviano,Italy
600,Svro,Italy
601,Tagrilinello,Italy
602,Taldo,Italy
603,Taorla Pesano D,Italy
604,Tatino,Italy
605,Tavato,Italy
606,Tdica,Italy
607,Tdico,Italy
608,Tdighe,Italy
609,Tdo,Italy
610,Tdo Conta,Italy
611,Tdorgamo,Italy
612,Tdorgioia Di Re,Italy
613,Tdorgo,Italy
614,Tdorgoma,Italy
615,Tdorgomano,Italy
616,Tdousino D'Adda,Italy
617,Tdroenseppe,Italy
618,Tdruenigalbiate,Italy
619,Tdruenigi,Italy
620,Tdruenigora,Italy
621,Teano,Italy
622,Terme,Italy
623,Tfano-Saia A Ma,Italy
624,Tfriggia,Italy
625,Tgi Ubaldo,Italy
626,Tgigrelle,Italy
627,Tgofare,Italy
628,Tgomlinetta,Italy
629,Tgomreto Sabbia,Italy
630,Tgrmuvano,Italy
631,Thienago,Italy
632,Tiracoli,Italy
633,Tiracusa,Italy
634,Tirande,Italy
635,Tirano,Italy
636,Tnisi,Italy
637,Torengo,Italy
638,Toriano,Italy
639,Torzia,Italy
640,Torziano,Italy
641,Torzinuova,Italy
642,Trapanico,Italy
643,Trapanni,Italy
644,Trapena,Italy
645,Traperio,Italy
646,Trave,Italy
647,Tre Otto,Italy
648,Trebase,Italy
649,Trebisacco,Italy
650,Trebiso,Italy
651,Trecase,Italy
652,Trena,Italy
653,Trepuzzi,Italy
654,Tres,Italy
655,Tresa,Italy
656,Trescenticenza,Italy
657,Trese,Italy
658,Tresilvariano G,Italy
659,Trevali,Italy
660,Treviso,Italy
661,Trezzano,Italy
662,Triggiorgo San ,Italy
663,Trignano,Italy
664,Trofareda,Italy
665,Trompione,Italy
666,Tso,Italy
667,Tsor,Italy
668,Tto,Italy
669,Ttrebisolongo,Italy
670,Turancavali,Italy
671,Turancesina,Italy
672,Turcinaiana,Italy
673,Turcinale,Italy
674,Turcine,Italy
675,Turcinese-Rivol,Italy
676,Turone,Italy
677,Turoni Di Molfe,Italy
678,Turoniate,Italy
679,Turonico,Italy
680,Turonno,Italy
681,Tursico,Italy
682,Tvano,Italy
683,Tvo,Italy
684,Tvone,Italy
685,Tvongo,Italy
686,Tvoniga,Italy
687,Tvontesina,Italy
688,Tzano,Italy
689,Una,Italy
690,Uniate,Italy
691,Unoro,Italy
692,Uodigo,Italy
693,Urbina,Italy
694,Urbinalena,Italy
695,Urbinarinciglia,Italy
696,Urbinate Molfet,Italy
697,Urbine,Italy
698,Urbino,Italy
699,Urbino D'Adda,Italy
700,Urbino D'Alte T,Italy
701,Urbino Gere,Italy
702,Urbizza,Italy
703,Urbizza A Catal,Italy
704,Urbizzano,Italy
705,Urbizzano Di Ca,Italy
706,Urbizzara Nicol,Italy
707,Urbizzarano,Italy
708,Urbizzaro Torio,Italy
709,Urbizzaro Valdo,Italy
710,Urbizzate,Italy
711,Urbizzatesina,Italy
712,Urbizzato,Italy
713,Urbizzato Di La,Italy
714,Urbizzatoto,Italy
715,Ure,Italy
716,Ussarignacelle ,Italy
717,Uvone,Italy
718,Uvongo,Italy
719,Uvonte Olona,Italy
720,Valcinaleggio A,Italy
721,Valcore,Italy
722,Valcova,Italy
723,Valle,Italy
724,Valle Di Rocce,Italy
725,Valle Felico,Italy
726,Valli,Italy
727,Vallo,Italy
728,Vanni,Italy
729,Vaviglia,Italy
730,Vere,Italy
731,Vgno,Italy
732,Via,Italy
733,Viano,Italy
734,Vidalerno,Italy
735,Villa Di Lecca,Italy
736,Villa Marghera,Italy
737,Villo Nello,Italy
738,Visolo,Italy
739,Vito,Italy
740,Vlnarinisi,Italy
741,Vlpenago,Italy
742,Vlperato-Cinisc,Italy
743,Vola,Italy
744,Vola Stefano,Italy
745,Volettimo,Italy
746,Voli,Italy
747,Voli Santa Live,Italy
748,Volicentina,Italy
749,Volorna,Italy
750,Vpali,Italy
751,Vparianella,Italy
752,Vprgnano,Italy
753,Vrnacavatiano,Italy
754,Vspertina,Italy
755,Vvanne-Prate,Italy
756,Vvia,Italy
757,Vviano,Italy
758,Zaluzzi,Italy
759,Zano,Italy
760,Zaro,Italy
761,Ziocorto,Italy
762,Zzano Olona Pel,Italy
763,Zzate,Italy
764,Zzurro Veno,Italy
