,Name,Origin
0, Mbe,Japan
1, Nameyamazaifu-,Japan
2, Nami,Japan
3,'Ichi,Japan
4,'Ikagareyama,Japan
5,'Ncho,Japan
6,'Taminamisai-Ch,Japan
7,'Tan,Japan
8,-Cho,Japan
9,-Enohe,Japan
10,-Kano,Japan
11,-Ku,Japan
12,-Rita,Japan
13,-Shikino-Chuo,Japan
14,-Shiko,Japan
15,-Shiranuma,Japan
16,-Shiyako,Japan
17,Abe,Japan
18,Ada,Japan
19,Ado,Japan
20,Agata,Japan
21,Agawara,Japan
22,Ainamina,Japan
23,Ajiri,Japan
24,Ak'Dan,Japan
25,Akabe,Japan
26,Akaishibu,Japan
27,Akaneda-Shiki,Japan
28,Akawa,Japan
29,Akayamatsu,Japan
30,Aki,Japan
31,Akimachi,Japan
32,Ama,Japan
33,Amagi,Japan
34,Amatsu,Japan
35,Ame,Japan
36,Ami,Japan
37,Amie,Japan
38,Amikawa,Japan
39,Anabe,Japan
40,Anagi,Japan
41,Anai,Japan
42,Anazukawa,Japan
43,Ane,Japan
44,Anedachi-Tokyo,Japan
45,Aoka,Japan
46,Ara,Japan
47,Ashi,Japan
48,Ashiida,Japan
49,Atsu,Japan
50,Ayoro,Japan
51,Azu,Japan
52,Bae,Japan
53,Bara,Japan
54,Bashi,Japan
55,Bayamachi-Fujis,Japan
56,Bayamacho,Japan
57,Betsu,Japan
58,Betsubarazu,Japan
59,Betsuchi,Japan
60,Betsuchucho,Japan
61,Betsue,Japan
62,Betsui,Japan
63,Bi-Shi,Japan
64,Biradogawa,Japan
65,Bunji,Japan
66,Bushirosen,Japan
67,Chi,Japan
68,Chi-Fune,Japan
69,Chi-Moto,Japan
70,Chi-Motomachino,Japan
71,Chiba,Japan
72,Chibu,Japan
73,Chino-Cho-Usaza,Japan
74,Chiyazu,Japan
75,Cho,Japan
76,Cho-Nukaido,Japan
77,Cho-Tomachi,Japan
78,Chucho,Japan
79,Date,Japan
80,Datebayamano,Japan
81,Eda,Japan
82,Edamatsu,Japan
83,Egoshi,Japan
84,Enno,Japan
85,Enohama,Japan
86,Enohara,Japan
87,Enohara-Akabe,Japan
88,Enohara-Shige,Japan
89,Enoharai,Japan
90,Enoharasu,Japan
91,Enohe,Japan
92,Eto,Japan
93,Etsu,Japan
94,Fuke,Japan
95,Gabe,Japan
96,Gameyamachiba,Japan
97,Gano,Japan
98,Ganohara,Japan
99,Gaoka,Japan
100,Gaokai-Nakayash,Japan
101,Gareyama,Japan
102,Gareyamaki,Japan
103,Gareyamatsu,Japan
104,Gareyamawa,Japan
105,Gasaki,Japan
106,Gawa,Japan
107,Gawarai,Japan
108,Ge-Fujisawa,Japan
109,Gfi,Japan
110,Gfo,Japan
111,Gfshikagasama,Japan
112,Gfu E,Japan
113,Gfwasahara,Japan
114,Gha,Japan
115,Ghakaishi,Japan
116,Ghara,Japan
117,Ghara-Shi,Japan
118,Gharai,Japan
119,Ghi,Japan
120,Gho,Japan
121,Gki,Japan
122,Go-Shiko,Japan
123,Goe,Japan
124,Gro,Japan
125,Guchiyanabe,Japan
126,Gura,Japan
127,Gwa,Japan
128,Gyo-Ko,Japan
129,Gza,Japan
130,Haaatsu,Japan
131,Hamaki,Japan
132,Harazuruta,Japan
133,Hashi,Japan
134,Hata,Japan
135,Hi Da,Japan
136,Hikawa,Japan
137,Hiki,Japan
138,Hiko,Japan
139,Himachi-Honamim,Japan
140,Himacho-Nakai,Japan
141,Himonose,Japan
142,Hin'Ichi,Japan
143,Hiroi,Japan
144,Hiroishichi,Japan
145,Hishi,Japan
146,Hitsuo,Japan
147,Hizu,Japan
148,Hofu,Japan
149,Hogato,Japan
150,Hogawa,Japan
151,Hogawasaki,Japan
152,Hommata,Japan
153,Honcho-Jogejima,Japan
154,Honcho-Nakawama,Japan
155,Hori-Sai,Japan
156,Horuo,Japan
157,Hotfu,Japan
158,Hoto,Japan
159,Huma,Japan
160,Humazu,Japan
161,Hzagatoro,Japan
162,Iba,Japan
163,Ibai,Japan
164,Ibara,Japan
165,Ibarakai-Motoma,Japan
166,Ibata,Japan
167,Ibetsu,Japan
168,Ibi,Japan
169,Ibu,Japan
170,Ida,Japan
171,Ifu,Japan
172,Igasakitaibai,Japan
173,Ihara,Japan
174,Ikagaoka,Japan
175,Ikage-Fujimi,Japan
176,Ikapporo,Japan
177,Ikawasaki,Japan
178,Iko,Japan
179,Imachi-Mono,Japan
180,Imima,Japan
181,Imimachiya,Japan
182,Imitsukura,Japan
183,Inabayamachi-To,Japan
184,Inabe,Japan
185,Inagurai,Japan
186,Inama,Japan
187,Inamae,Japan
188,Inamatsu,Japan
189,Iname,Japan
190,Inami,Japan
191,Inamie,Japan
192,Inamiicho-Jogej,Japan
193,Inamishimano,Japan
194,Inan,Japan
195,Inatori,Japan
196,Inawa,Japan
197,Inawamino,Japan
198,Ino,Japan
199,Inohara,Japan
200,Inohe,Japan
201,Inosekimada,Japan
202,Inosu,Japan
203,Inshinoharaki,Japan
204,Ishi,Japan
205,Ishichi-Monojo,Japan
206,Ishida,Japan
207,Ishiki,Japan
208,Ishimogotako,Japan
209,Ishimonoseki,Japan
210,Ishinan,Japan
211,Ishinshiraoka,Japan
212,Ishiwada,Japan
213,Ita,Japan
214,Itaibaruta,Japan
215,Iura,Japan
216,Iurakahama,Japan
217,Iya,Japan
218,Iyano,Japan
219,Iyanoecho-Nakan,Japan
220,Izukumi,Japan
221,Jigashikawa,Japan
222,Jiki,Japan
223,Jima,Japan
224,Jimachi,Japan
225,Jimacho,Japan
226,Jimada,Japan
227,Jiman,Japan
228,K'Nan,Japan
229,Kaae,Japan
230,Kabe,Japan
231,Kabiraramamo,Japan
232,Kage,Japan
233,Kai,Japan
234,Kanzaki,Japan
235,Kashikawa,Japan
236,Kawa,Japan
237,Kawaraki,Japan
238,Kedachi,Japan
239,Khata,Japan
240,Ki-Cho-Jogejima,Japan
241,Kichi,Japan
242,Kichibu,Japan
243,Kicho,Japan
244,Kicho-Mitami,Japan
245,Kicho-Odateyama,Japan
246,Kiichi,Japan
247,Kimabarazu,Japan
248,Kimi,Japan
249,Kiya,Japan
250,Kiyata,Japan
251,Kkdo,Japan
252,Kkonago,Japan
253,Kmamo,Japan
254,Knoamatsu,Japan
255,Konamachi,Japan
256,Konojo,Japan
257,Konosu,Japan
258,Krichinshiradog,Japan
259,Kshibuki,Japan
260,Ksuhisuikagata,Japan
261,Kt'Cko,Japan
262,Kugashi,Japan
263,Kukawa,Japan
264,Kumo,Japan
265,Kura,Japan
266,Kura-Shi,Japan
267,Kzuomitsebo,Japan
268,M'Nan,Japan
269,M'Oto,Japan
270,Mabae,Japan
271,Machi,Japan
272,Machi-Kanagawas,Japan
273,Machi-Shi,Japan
274,Macho,Japan
275,Macho-Nakayamam,Japan
276,Macho-Usazaki,Japan
277,Mafuke,Japan
278,Magawa,Japan
279,Magi,Japan
280,Magura,Japan
281,Majiri,Japan
282,Maki,Japan
283,Mama,Japan
284,Mamacho-Nino,Japan
285,Mamazaki,Japan
286,Manojo,Japan
287,Mari,Japan
288,Maricho-Oda,Japan
289,Marugaman,Japan
290,Maruta,Japan
291,Maruto,Japan
292,Matsu,Japan
293,Matsubasebo,Japan
294,Matsubunji,Japan
295,Matsuno,Japan
296,Matuishinoomoro,Japan
297,Mawa,Japan
298,Mchi-Mono,Japan
299,Mde,Japan
300,Mhmaki,Japan
301,Mhri,Japan
302,Mhshama,Japan
303,Migasawasaki,Japan
304,Migyo-Ko,Japan
305,Mikage-Fujisaki,Japan
306,Mikawa,Japan
307,Mima,Japan
308,Mimabae,Japan
309,Mimachi-Fujisaw,Japan
310,Mimachi-Moto,Japan
311,Mimacho Sendo,Japan
312,Minami,Japan
313,Miotsu,Japan
314,Miotsukichi,Japan
315,Mita,Japan
316,Mitan,Japan
317,Miyako,Japan
318,Mizawa,Japan
319,Mizu,Japan
320,Mjo,Japan
321,Mjota,Japan
322,Mne,Japan
323,Mooka,Japan
324,Moriyamacho,Japan
325,Moto,Japan
326,Mura,Japan
327,Mwfuchibuki,Japan
328,Mwinohe,Japan
329,N'Ichi,Japan
330,Nabara,Japan
331,Nabe,Japan
332,Nagi,Japan
333,Nakai,Japan
334,Nakamoriyakonab,Japan
335,Nakamura,Japan
336,Nakatsu,Japan
337,Namacho Sendo,Japan
338,Name,Japan
339,Nami,Japan
340,Nan,Japan
341,Nano,Japan
342,Nao,Japan
343,Nashinohe,Japan
344,Nawa,Japan
345,Nba,Japan
346,Ncho,Japan
347,Ncho-Ko,Japan
348,Nda,Japan
349,Nishiwada,Japan
350,Nji,Japan
351,Njo,Japan
352,Nki,Japan
353,Nkumiurakamisai,Japan
354,Nmachibuka,Japan
355,Nmacho,Japan
356,Nmina,Japan
357,Nna,Japan
358,Nno,Japan
359,Nogota,Japan
360,Nojo,Japan
361,Nokai-Chuchi,Japan
362,Nora,Japan
363,Nose,Japan
364,Nshima,Japan
365,Nshimokizu,Japan
366,Nukayamatsuyama,Japan
367,Nzu,Japan
368,Oba,Japan
369,Ocho-Tomitsukub,Japan
370,Ogamatsu,Japan
371,Ogawanishiraham,Japan
372,Ogawashiwada,Japan
373,Oka,Japan
374,Okamiicho-Mitam,Japan
375,Okohara,Japan
376,Okoharazakaichi,Japan
377,Okono,Japan
378,Oku,Japan
379,Okushichi-Monos,Japan
380,Okyo-Ku,Japan
381,Omiicho,Japan
382,Omiyako,Japan
383,Omiyama,Japan
384,Omono,Japan
385,Omoriguchuo,Japan
386,Omoriya,Japan
387,Onagoshinto-Shi,Japan
388,Onda,Japan
389,Ondabae,Japan
390,Ondabarai,Japan
391,Onse,Japan
392,Ori,Japan
393,Ori-Shimacho,Japan
394,Oriya,Japan
395,Osai,Japan
396,Ose,Japan
397,Oshirata,Japan
398,Osu,Japan
399,Otaka,Japan
400,Otsu,Japan
401,Ptizu,Japan
402,Ptyamagareyaman,Japan
403,Ragi,Japan
404,Rajimachino,Japan
405,Rakamazu,Japan
406,Rakami,Japan
407,Rasahama,Japan
408,Rasaki,Japan
409,Rbe,Japan
410,Rfu,Japan
411,Ri Kari,Japan
412,Ri-Shi,Japan
413,Richin'Icho,Japan
414,Richo,Japan
415,Richo-Jogejima,Japan
416,Ride,Japan
417,Rifu,Japan
418,Riguchi,Japan
419,Riguchi-Mono,Japan
420,Rigucho,Japan
421,Riguchuchibatac,Japan
422,Rigusu,Japan
423,Rima,Japan
424,Rita,Japan
425,Ritama,Japan
426,Ritami,Japan
427,Ritamina,Japan
428,Ritkhatan,Japan
429,Riya,Japan
430,Riyako,Japan
431,Riyama,Japan
432,Riyaman,Japan
433,Riyazuruka,Japan
434,Rma,Japan
435,Rme,Japan
436,Robe-Shiya,Japan
437,Rogo,Japan
438,Roi,Japan
439,Roishiwazaki,Japan
440,Rugawasayashiid,Japan
441,Rzata,Japan
442,Saki,Japan
443,Saki-Cho-Nakai-,Japan
444,Satsu,Japan
445,Satsuchi-Saiwak,Japan
446,Sawa,Japan
447,Shi,Japan
448,Shichiya,Japan
449,Shikamigyo-Shi,Japan
450,Shikapporo,Japan
451,Shima,Japan
452,Shimoto,Japan
453,Shina,Japan
454,Shinoka,Japan
455,Shinomiyamacho,Japan
456,Shiranumaki,Japan
457,Shiraoi,Japan
458,Shiwai,Japan
459,Shiya,Japan
460,Smicho-Usatsuka,Japan
461,Sogata,Japan
462,Sugito,Japan
463,Suhashikimariya,Japan
464,Suhishiwazaki,Japan
465,Suishi,Japan
466,Sukai-Nakajiki,Japan
467,Sukawasayashi,Japan
468,Suki,Japan
469,Sukichi,Japan
470,Sukuhashi,Japan
471,Sukumoto,Japan
472,Sumaki,Japan
473,Surugawa,Japan
474,Surukawa,Japan
475,Suruko,Japan
476,Sushu,Japan
477,Suwani,Japan
478,Suyamachi,Japan
479,Taga,Japan
480,Tan,Japan
481,Toro,Japan
482,Toyooka,Japan
483,Triyamaki,Japan
484,Tsu,Japan
485,Tsuba,Japan
486,Tsubata,Japan
487,Tsugi,Japan
488,Tsugichibai,Japan
489,Tsugo,Japan
490,Tsuikawa,Japan
491,Tsuke,Japan
492,Tsuki,Japan
493,Tsukuhashiranum,Japan
494,Tsukumi,Japan
495,Tsukumotomiyako,Japan
496,Tsunocho,Japan
497,Tsunocho-Oda,Japan
498,Tsutochinomiyam,Japan
499,Tsuura,Japan
500,Tsuyama,Japan
501,Tsuyamakitamino,Japan
502,Tyamacho,Japan
503,Ujishirasu,Japan
504,Ukawa,Japan
505,Ukiage-Fujiyosh,Japan
506,Ukichi,Japan
507,Ukuchi,Japan
508,Ukucho,Japan
509,Ukuhashiwada,Japan
510,Ura,Japan
511,Urai,Japan
512,Urayoro,Japan
513,Urazaki,Japan
514,Uri,Japan
515,Uru,Japan
516,Uzuka,Japan
517,Wagoshinminagos,Japan
518,Waki,Japan
519,Wama,Japan
520,Wamacho-Mitsuba,Japan
521,Wami,Japan
522,Wamikara,Japan
523,Wanuma,Japan
524,Yama,Japan
525,Yamacho-Nakanoj,Japan
526,Yamambe,Japan
527,Yamatsudo,Japan
528,Yanabe,Japan
529,Yanagai,Japan
530,Yanojo,Japan
531,Yaondabayama,Japan
532,Yashiki,Japan
533,Yashiwaicho,Japan
534,Yonabe,Japan
535,Yonagi,Japan
536,Yonakamojima,Japan
537,Yonakanzakima,Japan
538,Yonamaki,Japan
539,Yoname,Japan
540,Yonan,Japan
541,Yonanoecho,Japan
542,Yoto,Japan
543,Zuka,Japan
544,Zukagata,Japan
545,Zukai-Nakamano,Japan
546,Zukawa,Japan
547,Zukuecho-Ko,Japan
548,Zukuroishikamak,Japan
549,Zuru,Japan
