,Name,Origin
0,  Waws,Jordan
1, Anzar Al Janna,Jordan
2, Bdi,Jordan
3, Bil,Jordan
4, Blna,Jordan
5, Bunayyimah,Jordan
6, Fraq As Summan,Jordan
7, Fsramahmur,Jordan
8, Janubi,Jordan
9, Jinuzraq Ash S,Jordan
10, Jwaurayy Al Bu,Jordan
11, Karama,Jordan
12, Karamah,Jordan
13, Qas,Jordan
14, Qba,Jordan
15, Quwayrah,Jordan
16, Quwaysimah,Jordan
17, Qwwssrsa,Jordan
18, Salt,Jordan
19, Sawm,Jordan
20, Sbwaisha,Jordan
21, Skamali,Jordan
22, Sla,Jordan
23, Slajaunayyibah,Jordan
24, Slltah,Jordan
25, Smmman,Jordan
26, Soa,Jordan
27, Sqwa,Jordan
28, Urayy Al Quway,Jordan
29, Woas,Jordan
30, Yaimah,Jordan
31, Yfr Abil,Jordan
32,Aff Sarmramtha,Jordan
33,Aff Sash Shamah,Jordan
34,Aimah,Jordan
35,Ak City,Jordan
36,Akamali,Jordan
37,Akhrah,Jordan
38,Al Janubi,Jordan
39,Albuaayy Al Quw,Jordan
40,Alt,Jordan
41,Aqaba,Jordan
42,Aramah,Jordan
43,Awafr Asad,Jordan
44,B Ah Ah Ah Jhan,Jordan
45,B Dha,Jordan
46,B Jhanjarama,Jordan
47,B Khrah,Jordan
48,Bah,Jordan
49,Bal,Jordan
50,Balila,Jordan
51,Bbai,Jordan
52,Bban,Jordan
53,Bbin,Jordan
54,Bbnah,Jordan
55,Bbun,Jordan
56,Bda,Jordan
57,Bha,Jordan
58,Bib,Jordan
59,Bil,Jordan
60,Bim,Jordan
61,Bjaha,Jordan
62,Bka,Jordan
63,Bkanah,Jordan
64,Bldha,Jordan
65,Blla,Jordan
66,Blli,Jordan
67,Blumaym,Jordan
68,Bqan,Jordan
69,Bsla,Jordan
70,Bunayyat,Jordan
71,Bylilah,Jordan
72,Chyyjanabi,Jordan
73,Ckayai,Jordan
74,D  Urayy Al Bun,Jordan
75,Db Ah Ah Ah Ah ,Jordan
76,Db Ah Ah Shajar,Jordan
77,Db Ah Ah Shamal,Jordan
78,Dd Ah Ah Ah Ah ,Jordan
79,Df Aah Shama,Jordan
80,Di As Sir,Jordan
81,Di Ash Shajarak,Jordan
82,Dkamali,Jordan
83,Dl Janna,Jordan
84,Dl Janubi,Jordan
85,Dtha,Jordan
86,Dud,Jordan
87,Dy Al Bunayyiba,Jordan
88,Dy Al Quwaysima,Jordan
89,Dydan,Jordan
90,F Aa Akharja,Jordan
91,F Aqakamah,Jordan
92,F Asal,Jordan
93,F Asalt,Jordan
94,F Lazaa,Jordan
95,F Sarjr,Jordan
96,F Sawm,Jordan
97,F Sazma,Jordan
98,F Sqamalilah,Jordan
99,F Ssa,Jordan
100,F Ssamtha,Jordan
101,Fb Ah Ah Ah Ah ,Jordan
102,Fb Shamalilah,Jordan
103,Fbaq,Jordan
104,Fbha,Jordan
105,Fbqa,Jordan
106,Fbqan,Jordan
107,Fdiqas,Jordan
108,Fdla,Jordan
109,Fdr Harja,Jordan
110,Fdrah,Jordan
111,Fdum,Jordan
112,Ffqaq,Jordan
113,Ffqqas,Jordan
114,Ffr Abil,Jordan
115,Ffraa Krttah,Jordan
116,Ffraq,Jordan
117,Ffraq As Summan,Jordan
118,Ffraq As Summaq,Jordan
119,Ffraq Ash Shaja,Jordan
120,Ffraq Ash Shama,Jordan
121,Ffraq Bsa,Jordan
122,Ffrqa,Jordan
123,Ffrqqas,Jordan
124,Fhaqa,Jordan
125,Fhaqah,Jordan
126,Fila,Jordan
127,Filah,Jordan
128,Finai,Jordan
129,Fkama,Jordan
130,Fkamalilah,Jordan
131,Fkaqaba,Jordan
132,Fkaqah,Jordan
133,Fkaqam,Jordan
134,Fkaqamah,Jordan
135,Fkaqamali,Jordan
136,Fkaqamalila,Jordan
137,Fkasalt,Jordan
138,Fl Al Quwaysima,Jordan
139,Fl Azra,Jordan
140,Fl Azraq,Jordan
141,Fl Bunayyimah,Jordan
142,Fl Quwaysimah,Jordan
143,Fl Salt,Jordan
144,Fl Sawm,Jordan
145,Fla,Jordan
146,Fnqarah,Jordan
147,Fqaq,Jordan
148,Fr Abil,Jordan
149,Fr Al Mazar Al ,Jordan
150,Fr Asad,Jordan
151,Fr Salt,Jordan
152,Fr Sawm,Jordan
153,Fraq,Jordan
154,Fraq As Salt,Jordan
155,Fraq As Summan,Jordan
156,Fraq Ash Shamah,Jordan
157,Fraq Ash Shamal,Jordan
158,Frja,Jordan
159,Ft Aar A,Jordan
160,Furayy Al Quway,Jordan
161,Furayyat,Jordan
162,Furayyimah,Jordan
163,Fydinah,Jordan
164,Fyqaba,Jordan
165,Fyyat,Jordan
166,H Ah Ah,Jordan
167,H Ah Ah Ah Ah A,Jordan
168,H Ah Shamali,Jordan
169,H Bha,Jordan
170,Hbha,Jordan
171,Hkarah,Jordan
172,Hkarama,Jordan
173,Hlah,Jordan
174,Hlbha,Jordan
175,Hqar,Jordan
176,Hub,Jordan
177,Ib Ah Ah Ah Ah ,Jordan
178,Ibah,Jordan
179,Ibha,Jordan
180,Ikasah,Jordan
181,Il ,Jordan
182,Iltha,Jordan
183,Izba,Jordan
184,J Anah,Jordan
185,J Walr,Jordan
186,Jarah,Jordan
187,Jarak City,Jordan
188,Jarama,Jordan
189,Jaramah,Jordan
190,Jawa,Jordan
191,Jfwaqra,Jordan
192,Jhanjaramalila,Jordan
193,Jhunzar Al Buna,Jordan
194,Jhwnzsr Al Buna,Jordan
195,Jhwnzsr Al Lafi,Jordan
196,Jkanafilah,Jordan
197,Jnwa,Jordan
198,Jqan,Jordan
199,Jswaorah,Jordan
200,Jywa,Jordan
201,K City,Jordan
202,Kaba,Jordan
203,Kakama,Jordan
204,Kakamah,Jordan
205,Kakamali,Jordan
206,Kama,Jordan
207,Kamah,Jordan
208,Kamali,Jordan
209,Kamalila,Jordan
210,Kamalilah,Jordan
211,Kamalt,Jordan
212,Karah,Jordan
213,Karak City,Jordan
214,Karamah,Jordan
215,Kfraq,Jordan
216,Kfrrah,Jordan
217,Khrah,Jordan
218,Kyrah,Jordan
219,L Azra,Jordan
220,L Bunayy Al Jan,Jordan
221,L Bunayy Al Quw,Jordan
222,L Bunayyibah,Jordan
223,L Bunayyimah,Jordan
224,L Far Al Bunayy,Jordan
225,L Farah,Jordan
226,L Hamra',Jordan
227,L Harja,Jordan
228,L Janna,Jordan
229,L Janubi,Jordan
230,L Kamali,Jordan
231,L Kamalila,Jordan
232,L Khinzirah,Jordan
233,L Kittah,Jordan
234,L Mazar Al Quwa,Jordan
235,L Quwayr Al Bun,Jordan
236,L Quwayrah,Jordan
237,L Quwaysimah,Jordan
238,L Warsh,Jordan
239,L Yawm,Jordan
240,Lbuaayi,Jordan
241,Lfbha,Jordan
242,Ljhanjarah,Jordan
243,Ljjanubi,Jordan
244,Lka,Jordan
245,Llqunayyimah,Jordan
246,Mabil,Jordan
247,Mbha,Jordan
248,Mffr Abil,Jordan
249,Mkarak City,Jordan
250,Mkasas,Jordan
251,Mmaq,Jordan
252,Mud,Jordan
253,N Ar Al Bunayyi,Jordan
254,N Ar Al Janna,Jordan
255,N Ar Al Uzraq A,Jordan
256,N Arha,Jordan
257,N Bit,Jordan
258,N Janubi,Jordan
259,Nbha,Jordan
260,Nkarah,Jordan
261,Nkaramali,Jordan
262,Nkaramalila,Jordan
263,Qaba,Jordan
264,Qakama,Jordan
265,Qfr Sal,Jordan
266,Qfr Salt,Jordan
267,Qhmmaq,Jordan
268,Ql Azra,Jordan
269,Qumaym,Jordan
270,Qumaymun,Jordan
271,Qym Ash Shama,Jordan
272,Qymun,Jordan
273,R Abil,Jordan
274,R Al Bunayyat,Jordan
275,R Al Janna,Jordan
276,R Janna,Jordan
277,R Moav,Jordan
278,R Ramtha,Jordan
279,R Sal,Jordan
280,R Sam,Jordan
281,R Sawm,Jordan
282,Rah,Jordan
283,Rak City,Jordan
284,Ral Janubi,Jordan
285,Rka,Jordan
286,Sakhrah,Jordan
287,Sbbai,Jordan
288,Sfbha,Jordan
289,Sffr Abil,Jordan
290,Sffraak City,Jordan
291,Sh Shama,Jordan
292,Sjbha,Jordan
293,Skama,Jordan
294,Skamah,Jordan
295,Skamali,Jordan
296,Skamalila,Jordan
297,Skamalilah,Jordan
298,Slka,Jordan
299,Sqfbaq,Jordan
300,T  Umaym,Jordan
301,T Janubi,Jordan
302,T Quwaysimah,Jordan
303,T Tayyimah,Jordan
304,Udbah,Jordan
305,Udrah,Jordan
306,Ukban,Jordan
307,Wbka,Jordan
308,Wbla,Jordan
309,Wdssh Shamah,Jordan
310,Wfrrah,Jordan
311,Whyrah,Jordan
312,Wkarak City,Jordan
313,Wkasa,Jordan
314,Yba,Jordan
315,Ybal,Jordan
316,Ydinai,Jordan
317,Ydun,Jordan
318,Yfi,Jordan
319,Yfimah,Jordan
320,Yibah,Jordan
321,Ykama,Jordan
322,Ykamah,Jordan
323,Ykamali,Jordan
324,Ykamalila,Jordan
325,Yn Janna,Jordan
326,Yqal,Jordan
327,Yyat,Jordan
328,Yybah,Jordan
329,Yydan,Jordan
330,Yydtah,Jordan
331,Yydun,Jordan
332,Yyimah,Jordan
333,Yykamah,Jordan
334,Yytah,Jordan
335,Yyyat,Jordan
