,Name,Origin
0, Bay,Kenya
1, Galal,Kenya
2, Haccho,Kenya
3, Ial,Kenya
4, Kalnu,Kenya
5, Kalou,Kenya
6, Karnet,Kenya
7, Lo,Kenya
8, Maralal,Kenya
9, Moru,Kenya
10, Palou,Kenya
11, Pora,Kenya
12, Ralal,Kenya
13, Vact'R,Kenya
14, Yale,Kenya
15,'Ak,Kenya
16,'Al,Kenya
17,'Er,Kenya
18,'Il,Kenya
19,'Ka,Kenya
20,Akkunu,Kenya
21,Aklen,Kenya
22,Akruni,Kenya
23,Akueni Boma,Kenya
24,Akuru,Kenya
25,Apengu,Kenya
26,Aptoni Boma Bay,Kenya
27,Aralal,Kenya
28,Arketu,Kenya
29,Arsabit,Kenya
30,Artev,Kenya
31,Azk,Kenya
32,Bakamega,Kenya
33,Bakaungu,Kenya
34,Balnn,Kenya
35,Ban,Kenya
36,Banda,Kenya
37,Barnet,Kenya
38,Ben,Kenya
39,Bendu,Kenya
40,Ber,Kenya
41,Bet,Kenya
42,Bgnnngg'A,Kenya
43,Bha,Kenya
44,Bhnngu,Kenya
45,Bit,Kenya
46,Bkndu,Kenya
47,Bnnng'A,Kenya
48,Bnnngga,Kenya
49,Bondk,Kenya
50,Brnda,Kenya
51,Bte,Kenya
52,Burttv,Kenya
53,Bya,Kenya
54,Cha,Kenya
55,Cra,Kenya
56,Csa,Kenya
57,Eba,Kenya
58,Ebaunguria,Kenya
59,Ebbut,Kenya
60,Eku,Kenya
61,Epbut,Kenya
62,Ericho,Kenya
63,Errcha,Kenya
64,Fir,Kenya
65,Fit,Kenya
66,Fku,Kenya
67,Galal,Kenya
68,Gama,Kenya
69,Garalal,Kenya
70,Gbe,Kenya
71,Gcha,Kenya
72,Gerb,Kenya
73,Gerbbtndi,Kenya
74,Gerbcha,Kenya
75,Gerbct,Kenya
76,Gerbmt,Kenya
77,Gerbot,Kenya
78,Gericho,Kenya
79,Ggriisfi,Kenya
80,Gha,Kenya
81,Girissa,Kenya
82,Gis,Kenya
83,Gku,Kenya
84,Grrissa,Kenya
85,Gte,Kenya
86,Gzri,Kenya
87,Gzzi,Kenya
88,H'A,Kenya
89,H'Amira,Kenya
90,Hakcenguria,Kenya
91,Hakcenr Bay,Kenya
92,Halal,Kenya
93,Hancha,Kenya
94,Hbakaungu,Kenya
95,Hbama,Kenya
96,Hera,Kenya
97,Hga,Kenya
98,Hgsa,Kenya
99,Hha,Kenya
100,Hilifi,Kenya
101,Hinang'A,Kenya
102,Hinango,Kenya
103,Hlo,Kenya
104,Hnncha,Kenya
105,Hnrama,Kenya
106,Hola,Kenya
107,Homa Bay,Kenya
108,Hpmmwani,Kenya
109,Hrmabarnet,Kenya
110,Hsla,Kenya
111,Hvlak,Kenya
112,Hwla,Kenya
113,Hyamira,Kenya
114,Iero,Kenya
115,Ierocmoru,Kenya
116,Igsi,Kenya
117,Ihancha,Kenya
118,Ihnncha,Kenya
119,Iinnng'A,Kenya
120,Iisfi,Kenya
121,Ijiy,Kenya
122,Ikuyu,Kenya
123,Ilifi,Kenya
124,Ilindi,Kenya
125,Imioao Aoro,Kenya
126,Inango,Kenya
127,Inen,Kenya
128,Inhn,Kenya
129,Inty,Kenya
130,Ira,Kenya
131,Irha,Kenya
132,Isha,Kenya
133,Isii,Kenya
134,Itji,Kenya
135,Itmi,Kenya
136,Itrinsi,Kenya
137,Itrinsnguria,Kenya
138,Itui,Kenya
139,Ityi,Kenya
140,J Ralal,Kenya
141,J'A,Kenya
142,Jar,Kenya
143,Jbi,Kenya
144,Jer,Kenya
145,Jericho,Kenya
146,Jgi,Kenya
147,Jha,Kenya
148,Jhi,Kenya
149,Jir,Kenya
150,Jku,Kenya
151,Jlo,Kenya
152,Jzi,Kenya
153,K Enc Aoro,Kenya
154,K Ralal,Kenya
155,K#Mega,Kenya
156,Kamega,Kenya
157,Kbuntu,Kenya
158,Kcha,Kenya
159,Kdam,Kenya
160,Kdau,Kenya
161,Keru,Kenya
162,Kgenbu,Kenya
163,Kgpezg,Kenya
164,Kguui,Kenya
165,Khku,Kenya
166,Kilnf,Kenya
167,Kinnng,Kenya
168,Kinnng'A,Kenya
169,Kinnngg,Kenya
170,Kinnnguria,Kenya
171,Kipengu,Kenya
172,Kisumuru,Kenya
173,Kitui,Kenya
174,Kjku,Kenya
175,Kjun,Kenya
176,Kkisumuruti,Kenya
177,Kkkunu,Kenya
178,Kkpenguria,Kenya
179,Kkueni Boma Bay,Kenya
180,Kkunu,Kenya
181,Kl U,Kenya
182,Klmuuu,Kenya
183,Klou,Kenya
184,Kltu,Kenya
185,Klu,Kenya
186,Kmbe,Kenya
187,Kmbu,Kenya
188,Kmengu,Kenya
189,Kmenu Bay,Kenya
190,Kmmu,Kenya
191,Kmpbanng,Kenya
192,Kmuegi,Kenya
193,Kmunu,Kenya
194,Koba,Kenya
195,Komias,Kenya
196,Kouericho,Kenya
197,Kpengu,Kenya
198,Kpenguria,Kenya
199,Kptun,Kenya
200,Kpungu,Kenya
201,Krengu,Kenya
202,Krku,Kenya
203,Krmuuu,Kenya
204,Kruni,Kenya
205,Kruuu,Kenya
206,Kten,Kenya
207,Kueni Boma,Kenya
208,Kueni Boma Bay,Kenya
209,Kumuru,Kenya
210,Kurang'A,Kenya
211,Kuru,Kenya
212,Kuruti,Kenya
213,Kuuu,Kenya
214,Kvmncha,Kenya
215,Kwkuju,Kenya
216,Kwuuiancha,Kenya
217,Kyueiicfo,Kenya
218,Kyueiicyomi Bom,Kenya
219,Kzen,Kenya
220,Kzmu,Kenya
221,L Bay,Kenya
222,L'A,Kenya
223,Lbann,Kenya
224,Lgana,Kenya
225,Lhancha,Kenya
226,Lianda,Kenya
227,Lifi,Kenya
228,Liidi,Kenya
229,Lildf,Kenya
230,Lindi,Kenya
231,Lji,Kenya
232,Lku,Kenya
233,Lkuuu,Kenya
234,Lla,Kenya
235,Lmgusia,Kenya
236,Lol,Kenya
237,Lpungu,Kenya
238,Mbalnn,Kenya
239,Mbanda,Kenya
240,Mbasa,Kenya
241,Mbis,Kenya
242,Mbu,Kenya
243,Mgu,Kenya
244,Mhakcenguria,Kenya
245,Mias,Kenya
246,Miga,Kenya
247,Mikuyu,Kenya
248,Mira,Kenya
249,Mku,Kenya
250,Mkumu,Kenya
251,Mkumuru,Kenya
252,Ml Bay,Kenya
253,Mli,Kenya
254,Mmmbasa,Kenya
255,Mmrasa,Kenya
256,Mralal,Kenya
257,Mrasa,Kenya
258,Mrgalal,Kenya
259,Mrissa,Kenya
260,Mrkutu,Kenya
261,Mrlisdi,Kenya
262,Msia,Kenya
263,Msmbu,Kenya
264,Mvistm,Kenya
265,Nbindi,Kenya
266,Nbit,Kenya
267,Nda,Kenya
268,Nga,Kenya
269,Ngo,Kenya
270,Nisoma Bay,Kenya
271,Nitvisha,Kenya
272,Njiv,Kenya
273,Nramgu,Kenya
274,Nrit,Kenya
275,Nrrotmr,Kenya
276,Nsgalal,Kenya
277,Nziv,Kenya
278,O  Moru,Kenya
279,O Bky,Kenya
280,O Bkynabgt,Kenya
281,O Bmy,Kenya
282,O Boma Bay,Kenya
283,O Moru,Kenya
284,O#Ekicho,Kenya
285,Oe Kolo,Kenya
286,Oerkcha,Kenya
287,Oku,Kenya
288,Okugulu,Kenya
289,Olo,Kenya
290,Or Kalou,Kenya
291,Oyale,Kenya
292,Ozuk,Kenya
293,P Boma Bay,Kenya
294,P#Nngo,Kenya
295,Partev,Kenya
296,Pbet,Kenya
297,Pbnnng'A,Kenya
298,Pe Boma,Kenya
299,Pergcha,Kenya
300,Perncha,Kenya
301,Petgu,Kenya
302,Pfabarnet,Kenya
303,Phancha,Kenya
304,Pirt,Kenya
305,Pjin,Kenya
306,Pjombasa,Kenya
307,Pk'An,Kenya
308,Plow,Kenya
309,Plowar,Kenya
310,Pmrtav,Kenya
311,Pmrtsvi,Kenya
312,Poegk,Kenya
313,Prabarnet,Kenya
314,Prhancha,Kenya
315,Promm,Kenya
316,Pswa,Kenya
317,R Bay,Kenya
318,Rakamega,Kenya
319,Rakaunguria,Kenya
320,Ralal,Kenya
321,Ramu,Kenya
322,Rapgona,Kenya
323,Raralal,Kenya
324,Rbatng,Kenya
325,Rcha,Kenya
326,Rda,Kenya
327,Remu,Kenya
328,Rericho,Kenya
329,Rgssu,Kenya
330,Rha,Kenya
331,Rhancha,Kenya
332,Rhmuauda,Kenya
333,Rhssa,Kenya
334,Rissa,Kenya
335,Rjit,Kenya
336,Rka,Kenya
337,Rkasngu,Kenya
338,Rkasnguria,Kenya
339,Rkssu,Kenya
340,Rku,Kenya
341,Rkutu,Kenya
342,Rl Vactoria,Kenya
343,Rlo,Kenya
344,Rmliudi,Kenya
345,Rmmu,Kenya
346,Rmmuauda,Kenya
347,Rmmugulu,Kenya
348,Rnatge,Kenya
349,Rngtri,Kenya
350,Ro Moru,Kenya
351,Rpswa,Kenya
352,Rrssa,Kenya
353,Rrtuu,Kenya
354,Rsabet,Kenya
355,Rsabit,Kenya
356,Rsha,Kenya
357,Rt Victoria,Kenya
358,Rtev,Kenya
359,Rtvvitti,Kenya
360,Rwani,Kenya
361,Rza,Kenya
362,S Aaro Moru,Kenya
363,S'A,Kenya
364,Sabet,Kenya
365,Sba,Kenya
366,Seru,Kenya
367,Sga,Kenya
368,Sgal,Kenya
369,Sgalal,Kenya
370,Sgana,Kenya
371,Sia,Kenya
372,Sialfu,Kenya
373,Sik,Kenya
374,Soma,Kenya
375,Sra,Kenya
376,Sraagona Bay,Kenya
377,Sralal,Kenya
378,Stgu,Kenya
379,Sza,Kenya
380,Tbi,Kenya
381,Tdi,Kenya
382,Ter,Kenya
383,Tika,Kenya
384,Tikiynmiga,Kenya
385,Tikiyumias,Kenya
386,Tkikuyu,Kenya
387,Tkkunu,Kenya
388,Tku,Kenya
389,Tmi,Kenya
390,Tpe,Kenya
391,Trissa,Kenya
392,Trkaengu,Kenya
393,Trkalnu,Kenya
394,Trrissa,Kenya
395,Tzi,Kenya
396,Ujra,Kenya
397,Umias,Kenya
398,Urang'A,Kenya
399,Urango,Kenya
400,Uria,Kenya
401,Uwani,Kenya
402,Uzi,Kenya
403,V#Itui,Kenya
404,Vakhmna,Kenya
405,Vasha,Kenya
406,Viet ,Kenya
407,Viityi,Kenya
408,Vitti,Kenya
409,Vkitui,Kenya
410,Vkutu,Kenya
411,Vlitdi,Kenya
412,Vmicaora,Kenya
413,Vmitai,Kenya
414,Vmitui,Kenya
415,Vrthu,Kenya
416,Vtet,Kenya
417,W'A,Kenya
418,War,Kenya
419,Wejio,Kenya
420,Wgi,Kenya
421,Wijii,Kenya
422,Wjji,Kenya
423,Wku,Kenya
424,Yabit,Kenya
425,Yakikuyu,Kenya
426,Yakimu,Kenya
427,Yale,Kenya
428,Yamira,Kenya
429,Z Bay,Kenya
430,Zba,Kenya
431,Zbe,Kenya
432,Zbi,Kenya
433,Zfi,Kenya
434,Zgi,Kenya
435,Zgu,Kenya
436,Zha,Kenya
437,Zia,Kenya
438,Zik,Kenya
439,Zis,Kenya
440,Zit,Kenya
441,Zku,Kenya
442,Zmbasa,Kenya
443,Zvi,Kenya
444,Zya,Kenya
