,Name,Origin
0, Eterl,Kosovo
1, Nekore,Kosovo
2, Sperrr,Kosovo
3, Teelrci,Kosovo
4,A Sellc I Eperm,Kosovo
5,Acan,Kosovo
6,Acen,Kosovo
7,Aienica,Kosovo
8,Amenica,Kosovo
9,B N Eoero,Kosovo
10,Bltoovo Polje,Kosovo
11,Bmn I Eperm,Kosovo
12,Bnc I Elezit,Kosovo
13,Bnc I Eperm,Kosovo
14,Bnn I Eperm,Kosovo
15,Bnn Ikeoero,Kosovo
16,Bpnica,Kosovo
17,Bsca,Kosovo
18,Bsn Q Eeer,Kosovo
19,Bsn Q Eoezvtnrk,Kosovo
20,Bsn Qkliea,Kosovo
21,Bsn Qoeier,Kosovo
22,Bsn Qoevezptina,Kosovo
23,Bsn Qoloeovsc,Kosovo
24,Bstok,Kosovo
25,Btc N Eoero,Kosovo
26,Btn  Oeteri,Kosovo
27,Btn I Eperm,Kosovo
28,Btn Koeeert,Kosovo
29,Bvn Potok,Kosovo
30,Can,Kosovo
31,Canik,Kosovo
32,Cna,Kosovo
33,Cnni I Elezit,Kosovo
34,Cpnime,Kosovo
35,Cpnimi,Kosovo
36,Csniq,Kosovo
37,Ctnik,Kosovo
38,Dbagash,Kosovo
39,Dnag,Kosovo
40,Dsagisa,Kosovo
41,Dtakaveq,Kosovo
42,Ecan,Kosovo
43,Emeri,Kosovo
44,Eperm,Kosovo
45,Eprra,Kosovo
46,Ererl,Kosovo
47,Etnnk,Kosovo
48,Etrri,Kosovo
49,Eusr,Kosovo
50,Gnak,Kosovo
51,Hnni I Elezit,Kosovo
52,Htni I Elezit,Kosovo
53,Htni I Eperm,Kosovo
54,Htrri,Kosovo
55,Imton,Kosovo
56,Inni I Elezit,Kosovo
57,Inni I Eperm,Kosovo
58,Itrovice,Kosovo
59,Ittovac,Kosovo
60,Jan,Kosovo
61,Jtnok,Kosovo
62,Jtnokove,Kosovo
63,Juton,Kosovo
64,Kcan,Kosovo
65,Kmenica,Kosovo
66,Knik,Kosovo
67,Ksiq,Kosovo
68,Kspovac,Kosovo
69,Ktok,Kosovo
70,Lbin Polje,Kosovo
71,Lina,Kosovo
72,Lnpoaave,Kosovo
73,Lspoqaviq,Kosovo
74,Lspora,Kosovo
75,Lspovac,Kosovo
76,Ltzke,Kosovo
77,Mbin Potok,Kosovo
78,Mbnn I Eperm,Kosovo
79,Menica,Kosovo
80,Mmeii,Kosovo
81,Mmein,Kosovo
82,Mmenica,Kosovo
83,Mni I Eperm,Kosovo
84,Mnica,Kosovo
85,Mnii,Kosovo
86,Mniia,Kosovo
87,Mniii,Kosovo
88,Mnin,Kosovo
89,Mpnaa,Kosovo
90,Mpnam,Kosovo
91,Mpnim,Kosovo
92,Mptamenica,Kosovo
93,Mptime,Kosovo
94,Mriir,Kosovo
95,Mstika,Kosovo
96,Mtina,Kosovo
97,Mtni I Elezit,Kosovo
98,Mtni I Eperm,Kosovo
99,Mtnik,Kosovo
100,Mtnn I Elezit,Kosovo
101,Mtnn I Eperm,Kosovo
102,Mtriviq,Kosovo
103,Mtrklrei,Kosovo
104,Mtrme,Kosovo
105,Mtrmiia,Kosovo
106,Mtrnica,Kosovo
107,Mtrri,Kosovo
108,Mttnek,Kosovo
109,Musa,Kosovo
110,Mvi E Kteel,Kosovo
111,Mvi E Tlenacan,Kosovo
112,N Polje,Kosovo
113,N Potok,Kosovo
114,Nacan,Kosovo
115,Namini,Kosovo
116,Nb   Ekeri,Kosovo
117,Nbc   Eteri,Kosovo
118,Nbi   Eeerr,Kosovo
119,Nbi  Peerr,Kosovo
120,Nbica,Kosovo
121,Nc I Eperm,Kosovo
122,Nca,Kosovo
123,Neiar,Kosovo
124,Nelizaensci,Kosovo
125,Nhtime,Kosovo
126,Nica,Kosovo
127,Nit,Kosovo
128,Nitanak,Kosovo
129,Nitina,Kosovo
130,Nli Apeam,Kosovo
131,Nm I Eperm,Kosovo
132,Nmaousv,Kosovo
133,Nmcan,Kosovo
134,Nmniia,Kosovo
135,Nn  Oelezit,Kosovo
136,Nn I Elezit,Kosovo
137,Nn I Eperm,Kosovo
138,Nnc I Elezit,Kosovo
139,Nni I Elezit,Kosovo
140,Nni I Eperm,Kosovo
141,Npcaa,Kosovo
142,Npiize,Kosovo
143,Npmamenica,Kosovo
144,Nqmiia,Kosovo
145,Nrbica,Kosovo
146,Nri,Kosovo
147,Nrica,Kosovo
148,Nrkkveep,Kosovo
149,Ns I Elezit,Kosovo
150,Ns Ikeoezosnvq,Kosovo
151,Nsa,Kosovo
152,Nsci,Kosovo
153,Nsciq,Kosovo
154,Nsi,Kosovo
155,Nsiiq,Kosovo
156,Nsmiia,Kosovo
157,Nsniq,Kosovo
158,Nstok,Kosovo
159,Nt Kelecin,Kosovo
160,Nt Kleeit,Kosovo
161,Ntcknik,Kosovo
162,Ntika,Kosovo
163,Ntkkve,Kosovo
164,Ntkove,Kosovo
165,Ntmkeie,Kosovo
166,Ntmkni I Elezit,Kosovo
167,Ntmknie,Kosovo
168,Ntpoije,Kosovo
169,Ntrkliea,Kosovo
170,Nttklve Ptlono ,Kosovo
171,Nusa,Kosovo
172,Nv  Rekare,Kosovo
173,Nv  Rekarevlc I,Kosovo
174,Nv  Rkkaee,Kosovo
175,Nvi E Tlenica,Kosovo
176,Nvkoie,Kosovo
177,Oaahevmcen,Kosovo
178,Onahovac,Kosovo
179,Osahiva,Kosovo
180,Ostvk,Kosovo
181,Otakaeest,Kosovo
182,Otakaveq,Kosovo
183,Pamani I Elezit,Kosovo
184,Pamanik,Kosovo
185,Pbacan,Kosovo
186,Pbmcan,Kosovo
187,Pbsmiia,Kosovo
188,Pemmni I Elezit,Kosovo
189,Pmsaiie,Kosovo
190,Pmuaa,Kosovo
191,Pnam,Kosovo
192,Pnica,Kosovo
193,Pnizie,Kosovo
194,Ppmamenica,Kosovo
195,Ppmamina,Kosovo
196,Pram,Kosovo
197,Psaaie,Kosovo
198,Psamina,Kosovo
199,Psmriia,Kosovo
200,Pssaq,Kosovo
201,Ptila Oeeopeam,Kosovo
202,Ptilajan,Kosovo
203,Ptina,Kosovo
204,Ptizae,Kosovo
205,Ptravaq,Kosovo
206,Ptrmiia,Kosovo
207,Ptrri,Kosovo
208,Pvamrnaa,Kosovo
209,Qtok,Kosovo
210,R Kaeeelcca,Kosovo
211,Ramanik,Kosovo
212,Rbica,Kosovo
213,Reaamenica,Kosovo
214,Remani I Elezit,Kosovo
215,Ritrovice,Kosovo
216,Rmean,Kosovo
217,Rovice,Kosovo
218,Rpmamina,Kosovo
219,Rraa,Kosovo
220,Rtkaveq,Kosovo
221,Rtkkeve,Kosovo
222,Ruva Reka,Kosovo
223,Rvbica,Kosovo
224,Sbn  Oelezit,Kosovo
225,Shtrri,Kosovo
226,Smbin Potok,Kosovo
227,Smeii,Kosovo
228,Sniq,Kosovo
229,Snvi R Kalenica,Kosovo
230,Snvi Rpkamenica,Kosovo
231,Sstika,Kosovo
232,Strellc I Elezi,Kosovo
233,Strellc I Eperm,Kosovo
234,Strkire,Kosovo
235,Strkliea,Kosovo
236,Strklre,Kosovo
237,Strklrei,Kosovo
238,Strklreili A Ee,Kosovo
239,Strklrellc I El,Kosovo
240,Strklrez,Kosovo
241,Strklrezlina,Kosovo
242,Strklrezltnkk,Kosovo
243,Strkvre,Kosovo
244,Strovice,Kosovo
245,Strri,Kosovo
246,Sviq,Kosovo
247,Tbn  Oeeerr,Kosovo
248,Tbnn  Okevezptn,Kosovo
249,Tbnn I Eperm,Kosovo
250,Tcna,Kosovo
251,Tcnaik,Kosovo
252,Ten,Kosovo
253,Tenamina,Kosovo
254,Teteri,Kosovo
255,Teterl,Kosovo
256,Thni I Elezit,Kosovo
257,Thnni I Eperm,Kosovo
258,Tina,Kosovo
259,Tlina,Kosovo
260,Tlle Iteoer,Kosovo
261,Tlnao,Kosovo
262,Tlne,Kosovo
263,Tmenica,Kosovo
264,Tmtenacan,Kosovo
265,Tmtruva Reka,Kosovo
266,Tnkkove,Kosovo
267,Tnme,Kosovo
268,Tnn I Eperm,Kosovo
269,Tnni I Eperm,Kosovo
270,Tnnk Ieeplraiae,Kosovo
271,Tnnkove,Kosovo
272,Tntkkeelpcaa,Kosovo
273,Tntkkveea,Kosovo
274,Tntkkveq,Kosovo
275,Tntkove,Kosovo
276,Tnv  Reka,Kosovo
277,Tos,Kosovo
278,Tpnam,Kosovo
279,Tpnamina,Kosovo
280,Tpnica,Kosovo
281,Tptamenica,Kosovo
282,Trbica,Kosovo
283,Treka,Kosovo
284,Trellc I Elezit,Kosovo
285,Trellc I Eperm,Kosovo
286,Triir,Kosovo
287,Trinr,Kosovo
288,Trivr,Kosovo
289,Trlica,Kosovo
290,Trmein,Kosovo
291,Trnaa,Kosovo
292,Trni,Kosovo
293,Trnica,Kosovo
294,Trnii,Kosovo
295,Trnime,Kosovo
296,Trovice,Kosovo
297,Trri,Kosovo
298,Trtik,Kosovo
299,Trtika,Kosovo
300,Trtike,Kosovo
301,Trtila Ieellz E,Kosovo
302,Trtila Ieeosrvq,Kosovo
303,Trtila Oelocov,Kosovo
304,Trtilana Iee,Kosovo
305,Trtilana Ieeppr,Kosovo
306,Trtilanakove,Kosovo
307,Trtilani I Elez,Kosovo
308,Trtilanik,Kosovo
309,Trtile,Kosovo
310,Trtime,Kosovo
311,Trtioa,Kosovo
312,Trtira,Kosovo
313,Trtlina,Kosovo
314,Trtlle Ice,Kosovo
315,Trtlle Iteneq,Kosovo
316,Trtlle Itenezam,Kosovo
317,Trtlle Iteoeri,Kosovo
318,Trtlle Iteoero,Kosovo
319,Trtlln I Eperm,Kosovo
320,Trtlrei,Kosovo
321,Trtrovice,Kosovo
322,Trtrri,Kosovo
323,Tsniq,Kosovo
324,Ttmenica,Kosovo
325,Ttnak,Kosovo
326,Ttoa,Kosovo
327,Ttok,Kosovo
328,Ttraiae,Kosovo
329,Ttrellc I Elezi,Kosovo
330,Ttrellc I Eperm,Kosovo
331,Ttriir,Kosovo
332,Tusa,Kosovo
333,Tuva Reka,Kosovo
334,Uhttrellc I Epe,Kosovo
335,Usa,Kosovo
336,Ushtrri,Kosovo
337,Usn,Kosovo
338,Uss,Kosovo
339,Usstrkliea,Kosovo
340,Usstrklre,Kosovo
341,Ust,Kosovo
342,Uva Reka,Kosovo
343,V Rpkaoe,Kosovo
344,V Shtrri,Kosovo
345,Vac,Kosovo
346,Vamrnaa,Kosovo
347,Vempnica,Kosovo
348,Veq,Kosovo
349,Viq,Kosovo
350,Viqzoice,Kosovo
351,Vn Potok,Kosovo
352,Vn Rkkave Rckai,Kosovo
353,Vracan,Kosovo
354,Vs Rkkveq,Kosovo
355,Vsthkaren,Kosovo
356,Vt Reka,Kosovo
357,Vtcen,Kosovo
358,Vtitanak,Kosovo
359,Vtkove,Kosovo
360,Vtrkliea,Kosovo
361,Vttke,Kosovo
362,Vttkeel,Kosovo
363,Vttkevecan,Kosovo
364,Zbecan,Kosovo
365,Ztrni,Kosovo
366,Ztrnica,Kosovo
