,Name,Origin
0,  Abyar,Libya
1,  Aj,Libya
2,  Ajamls,Libya
3,  Ajarlat,Libya
4,  Ajarlatah,Libya
5,  Ajaslal,Libya
6,  Ajayl,Libya
7,  Ajura',Libya
8,  Ajurayqah,Libya
9,  Alat,Libya
10,  Aljahl,Libya
11,  Allat,Libya
12,  Allatah,Libya
13,  Alratah,Libya
14,  Alut,Libya
15,  Arhuna,Libya
16,  Awlyt,Libya
17,  Ayl,Libya
18,  Ayr,Libya
19,  Blytnnan,Libya
20,  Byar,Libya
21,  Jablah,Libya
22,  Jadid,Libya
23,  Jallat,Libya
24,  Jallatah,Libya
25,  Jarlat,Libya
26,  Jlab,Libya
27,  Jllbtan,Libya
28,  Julaqah,Libya
29,  Kjumayl,Libya
30,  Mallat,Libya
31,  Marj,Libya
32,  Mbrek,Libya
33,  Mbriten,Libya
34,  Mjllbtan,Libya
35,  Ratah,Libya
36,  Raw,Libya
37,  Rawaytinah,Libya
38,  Rjaylatah,Libya
39,  Rjryat Suluq,Libya
40,  Rjuna,Libya
41,  Rjuqah,Libya
42,  Rjutay,Libya
43,  Rli,Libya
44,  Rliten,Libya
45,  Sallat,Libya
46,  Sallatah,Libya
47,  Salratah,Libya
48,  Sblhtan,Libya
49,  Sblhtna,Libya
50,  Sblhtnan,Libya
51,  Sblhtnnah,Libya
52,  Sblhtnnan,Libya
53,  Sblhtnnaw,Libya
54,  Sblratah,Libya
55,  Sblrhtnan,Libya
56,  Sblrhuna,Libya
57,  Sblrte,Libya
58,  Sblrtten,Libya
59,  Sbltan,Libya
60,  Sblthnan,Libya
61,  Sblthnnaw,Libya
62,  Sblttnna,Libya
63,  Sblttnna ,Libya
64,  Sblttnnan,Libya
65,  Sjllbtan,Libya
66,  Sjltbnah,Libya
67,  Sjlub,Libya
68,  Slldtnna,Libya
69,  Sllhtan,Libya
70,  Sllhtna,Libya
71,  Sllhtnan,Libya
72,  Sllrta,Libya
73,  Sllrte,Libya
74,  Sllrtten,Libya
75,  Slltan,Libya
76,  Sllten,Libya
77,  Slltnna,Libya
78,  Slltnnan,Libya
79,  Slltnnaw,Libya
80,  Sllttnan,Libya
81,  Sllttnna,Libya
82,  Sllttnna ,Libya
83,  Sllttnnah,Libya
84,  Sllttnnan,Libya
85,  Sllttnnaw,Libya
86,  Srlttnnan,Libya
87,  Sylttnna,Libya
88,  Tjjulaq,Libya
89,  Tjjulaqah,Libya
90,  Tjrruq,Libya
91,  Wjllbtan,Libya
92,  Zaltan,Libya
93,  Zawiya,Libya
94,  Zawiyah,Libya
95,  Zbwiya,Libya
96,  Zlwtaw,Libya
97,  Zlwttinah,Libya
98,  Zum,Libya
99,  Zwwitan,Libya
100,  Zwwiya,Libya
101,  Zywiyah,Libya
102, Ajarlatah,Libya
103, Ajura',Libya
104, Bay,Libya
105, Dabiya,Libya
106, Dabiyah,Libya
107, Dawiya,Libya
108, Dawiyah,Libya
109, Dayi,Libya
110, Jallatah,Libya
111, Jura',Libya
112, Kmums,Libya
113, Marj,Libya
114, Na',Libya
115, Naa,Libya
116, Nah,Libya
117, Nal,Libya
118, Nar,Libya
119, Narah,Libya
120, Naw,Libya
121, Nay,Libya
122, Nayaa,Libya
123, Nirw,Libya
124, Ra',Libya
125, Raw,Libya
126, Salhan,Libya
127, Salhana ,Libya
128, Sallat,Libya
129, Sallatah,Libya
130, Sblhtnan,Libya
131, Sblhtnnan,Libya
132, Sblrhtnan,Libya
133, Sblrtten,Libya
134, Sblttnna,Libya
135, Sblttnnaw,Libya
136, Silthn,Libya
137, Sjltbnah,Libya
138, Sllttnna,Libya
139, Srltnnan,Libya
140, Srlttnna,Libya
141, Srlttnnah,Libya
142, Suluq,Libya
143, Walid,Libya
144, Wrlin,Libya
145, Zawiya,Libya
146, Ziyah,Libya
147, Zwwiyah,Libya
148,A Allatah,Libya
149,Dan,Libya
150,Ddan,Libya
151,N  Sblhtan,Libya
152,N  Sllhtnan,Libya
153,N  Wbldtnna,Libya
154,N  Wlldtan,Libya
155,N  Wlldtinah,Libya
156,N  Wlldtnna,Libya
157,N  Wlldtnnah,Libya
158,N  Wlldtnnan,Libya
159,N  Wlldtnnaw,Libya
160,N  Wlliten,Libya
161,N  Wllttnna,Libya
162,Na ,Libya
163,Ni Walid,Libya
164,Nn Nar,Libya
165,Nn Walid,Libya
166,Nna,Libya
167,Nna ,Libya
168,Nnah,Libya
169,Nnan,Libya
170,Ns Mhllatah,Libya
171,Sallat,Libya
172,Snat,Libya
