,Name,Origin
0, (Kaunas,Lithuania
1, Kud,Lithuania
2, Ruda,Lithuania
3,(Brute,Lithuania
4,(Brutiai,Lithuania
5,(Juupe,Lithuania
6,(Retinga,Lithuania
7,(Suus,Lithuania
8,)Bisoa,Lithuania
9,)Giskis,Lithuania
10,)Renai,Lithuania
11,)Rezai,Lithuania
12,Aris,Lithuania
13,Aryk,Lithuania
14,Aybcronava,Lithuania
15,Aybkroe,Lithuania
16,Bartai,Lithuania
17,Bbrotisiai,Lithuania
18,Bbrtonge,Lithuania
19,Bbrtongv,Lithuania
20,Bbrttiniai,Lithuania
21,Bcroniskes,Lithuania
22,Bironava,Lithuania
23,Bjjopiskis,Lithuania
24,Bjrtiniai,Lithuania
25,Bjrttinga,Lithuania
26,Bljoniskis,Lithuania
27,Blrtte,Lithuania
28,Blrtui,Lithuania
29,Blrtunas),Lithuania
30,Blzokis,Lithuania
31,Bponevezys,Lithuania
32,Bpooeys,Lithuania
33,Bpote,Lithuania
34,Bpotetai,Lithuania
35,Bprokis,Lithuania
36,Bprteiai,Lithuania
37,Br Tai,Lithuania
38,Br Tedainas,Lithuania
39,Br Tiai,Lithuania
40,Br(Tinga,Lithuania
41,Br(Tisiai,Lithuania
42,Brdo,Lithuania
43,Brdtinga,Lithuania
44,Brdtiniai,Lithuania
45,Bretiniai,Lithuania
46,Bretiniskis,Lithuania
47,Brftisiai,Lithuania
48,Briti,Lithuania
49,Britinga,Lithuania
50,Britiniai,Lithuania
51,Britininkai,Lithuania
52,Britiniskis,Lithuania
53,Brjoniskes,Lithuania
54,Brjoniskgd,Lithuania
55,Brjoniskiniai,Lithuania
56,Brjoniskininkai,Lithuania
57,Brjoniskis,Lithuania
58,Brjoniskiskes,Lithuania
59,Brjoniskiskine,Lithuania
60,Brjoniskiskis,Lithuania
61,Brjtai,Lithuania
62,Brjtinga,Lithuania
63,Brjtininkai,Lithuania
64,Brjtipgadarnsva,Lithuania
65,Brjtipiskis,Lithuania
66,Brjtni,Lithuania
67,Brjtnilute,Lithuania
68,Brjtninkai,Lithuania
69,Brltininkai,Lithuania
70,Brmtininkai,Lithuania
71,Brntvaris,Lithuania
72,Brotis,Lithuania
73,Brotisgeliniai,Lithuania
74,Brotisgeskis,Lithuania
75,Brotisgeskiskis,Lithuania
76,Brotisginas),Lithuania
77,Brotisgiskes,Lithuania
78,Brotisgiskine,Lithuania
79,Brotisgiskiniai,Lithuania
80,Brotisgiskis,Lithuania
81,Brotisiadorys,Lithuania
82,Brotisiai,Lithuania
83,Brpone,Lithuania
84,Brpones,Lithuania
85,Brponeskis,Lithuania
86,Brponevezys,Lithuania
87,Brraiai,Lithuania
88,Brrnan,Lithuania
89,Brronava,Lithuania
90,Brrtdai,Lithuania
91,Brrte,Lithuania
92,Brrtedai,Lithuania
93,Brrtedainiskis,Lithuania
94,Brrteiai,Lithuania
95,Brrteiniai,Lithuania
96,Brrtena,Lithuania
97,Brrtenai,Lithuania
98,Brrtiaginas),Lithuania
99,Brrtiai,Lithuania
100,Brrtinga,Lithuania
101,Brrtiniai,Lithuania
102,Brrtininkai,Lithuania
103,Brrtiniskes,Lithuania
104,Brrtni,Lithuania
105,Brrtninkai,Lithuania
106,Brrzai,Lithuania
107,Brrzdai,Lithuania
108,Brrzdainiai,Lithuania
109,Brrznai,Lithuania
110,Brstinga,Lithuania
111,Brstiniai,Lithuania
112,Brstnnosksninka,Lithuania
113,Brtongv,Lithuania
114,Brtongy,Lithuania
115,Brutinga,Lithuania
116,Brvtne,Lithuania
117,Brvtninkai,Lithuania
118,Brzoai,Lithuania
119,Brzokis,Lithuania
120,Brzoniskes,Lithuania
121,Brztai,Lithuania
122,Brzte,Lithuania
123,Brzte Aidainas,Lithuania
124,Brzti,Lithuania
125,Brzti Gadainava,Lithuania
126,Brzti Gida,Lithuania
127,Brzti Gidai,Lithuania
128,Brzti Gidainas,Lithuania
129,Brzti Gidainava,Lithuania
130,Brzti Gidainiai,Lithuania
131,Brzti Gidaonava,Lithuania
132,Brzti Iai,Lithuania
133,Brzti Isaginas,Lithuania
134,Brzti Isaginava,Lithuania
135,Brzti Isdai,Lithuania
136,Brzti Iskes,Lithuania
137,Bsjoniskis,Lithuania
138,Bsrtninkai,Lithuania
139,Btrtenai,Lithuania
140,Byborteiai,Lithuania
141,Bzlo Rtdvalys,Lithuania
142,Bzlo Rydai,Lithuania
143,Bzrokaviskiniai,Lithuania
144,Bzrokaviskis,Lithuania
145,Bzrokis,Lithuania
146,Bzrokiskine,Lithuania
147,Cbinoniskes,Lithuania
148,Cciai,Lithuania
149,Ciris,Lithuania
150,Ckeni,Lithuania
151,Clunge,Lithuania
152,Crena,Lithuania
153,Crenai,Lithuania
154,Crenai)Aginava,Lithuania
155,Czenkniskes,Lithuania
156,Dbastena,Lithuania
157,Dbastenai,Lithuania
158,Dbrotisiai,Lithuania
159,Dbunte,Lithuania
160,Dbuntos,Lithuania
161,Dburteiai,Lithuania
162,Dbyotssginas,Lithuania
163,Dgzla Ckanlvavy,Lithuania
164,Djusiiai,Lithuania
165,Drena,Lithuania
166,Drenai,Lithuania
167,Drpgilaiciai,Lithuania
168,Duus,Lithuania
169,Dzru Kuda,Lithuania
170,Ebritisiadorys,Lithuania
171,Edciniai,Lithuania
172,Edciniskis,Lithuania
173,Edkiliskiniai,Lithuania
174,Edninkai,Lithuania
175,Egeginava (Kaun,Lithuania
176,Egegizai,Lithuania
177,Eldinyas,Lithuania
178,Eldinyasciai,Lithuania
179,Elritinga,Lithuania
180,Esciai,Lithuania
181,Eskis,Lithuania
182,Esliskine,Lithuania
183,Fbbiooys,Lithuania
184,Fbbrtonge,Lithuania
185,Gelaiciai,Lithuania
186,Gilaiciai,Lithuania
187,Gpluetena,Lithuania
188,Grigiskes,Lithuania
189,Grigiskiniskis,Lithuania
190,Grigiskiskis,Lithuania
191,Grlunge,Lithuania
192,Gzla Gkdainas,Lithuania
193,Gzla Gkdainava ,Lithuania
194,Gzla Gkdainiai,Lithuania
195,Gzla Tkaisiai,Lithuania
196,Gzlaininkai,Lithuania
197,Gzlaite,Lithuania
198,Gzlu Ruda,Lithuania
199,Ilute,Lithuania
200,Ire,Lithuania
201,Jbrmo,Lithuania
202,Jbrmtiliskis,Lithuania
203,Jlupeseiniai,Lithuania
204,Jlute,Lithuania
205,Jpede,Lithuania
206,Jpuleatiai,Lithuania
207,Jretinga,Lithuania
208,Jrstinga,Lithuania
209,Kbisoadviliskes,Lithuania
210,Kbriti,Lithuania
211,Kbritiniskes,Lithuania
212,Kbrrte,Lithuania
213,Kbrrzdaininkai,Lithuania
214,Kcrena,Lithuania
215,Kcrenai,Lithuania
216,Ked,Lithuania
217,Kedainiskis,Lithuania
218,Kes,Lithuania
219,Kgrigiskine,Lithuania
220,Klgelizus,Lithuania
221,Klurtenai,Lithuania
222,Kpede,Lithuania
223,Kre,Lithuania
224,Kredai,Lithuania
225,Kredainiai,Lithuania
226,Kresai,Lithuania
227,Ksciai,Lithuania
228,Kskis,Lithuania
229,Ktoris,Lithuania
230,Kzas,Lithuania
231,Kzlu Ruda,Lithuania
232,Lbrtonge,Lithuania
233,Lbrttena,Lithuania
234,Lbrttinga,Lithuania
235,Lbrttiniai,Lithuania
236,Ledai,Lithuania
237,Ledainiai,Lithuania
238,Lektrena,Lithuania
239,Lektrenai,Lithuania
240,Lelainiskis,Lithuania
241,Leltetai,Lithuania
242,Leltinga,Lithuania
243,Leltiniai,Lithuania
244,Leltininkai,Lithuania
245,Lentvarijampole,Lithuania
246,Lentvaris,Lithuania
247,Letai,Lithuania
248,Lkpede,Lithuania
249,Lretiniai,Lithuania
250,Lrntvarijampole,Lithuania
251,Lsntvaris,Lithuania
252,Lupeseiniai,Lithuania
253,Lureeiiiai,Lithuania
254,Lureeiniai,Lithuania
255,Lureeni,Lithuania
256,Lurgedainiai,Lithuania
257,Lurteiai,Lithuania
258,Lybartai,Lithuania
259,Lyburte,Lithuania
260,Lyburteiai,Lithuania
261,Lyburtena,Lithuania
262,Lyburtenai,Lithuania
263,Lyburtetai,Lithuania
264,Nbtoo,Lithuania
265,Nlute,Lithuania
266,Okys,Lithuania
267,Olys,Lithuania
268,Olytus,Lithuania
269,Oresai,Lithuania
270,Oybys,Lithuania
271,Pbektrena,Lithuania
272,Pblatna,Lithuania
273,Pede,Lithuania
274,Peleite,Lithuania
275,Peleiti,Lithuania
276,Peleitinga,Lithuania
277,Peleitiniai,Lithuania
278,Peleitisggldain,Lithuania
279,Peleitiskis,Lithuania
280,Pese,Lithuania
281,Pklaiciai,Lithuania
282,Pusai,Lithuania
283,Pzle Aidiai,Lithuania
284,R#Dvelcitinga,Lithuania
285,Radvrlentvarija,Lithuania
286,Rbsvtlentvarija,Lithuania
287,Rddvylzuuis,Lithuania
288,Re Inava,Lithuania
289,Redai,Lithuania
290,Redainas,Lithuania
291,Redainas),Lithuania
292,Redainava,Lithuania
293,Redainava (Kaun,Lithuania
294,Redainiai,Lithuania
295,Redaininkai,Lithuania
296,Redainiskes,Lithuania
297,Redainiskis,Lithuania
298,Redi,Lithuania
299,Relaiciai,Lithuania
300,Relainas,Lithuania
301,Relainava,Lithuania
302,Relaininkai,Lithuania
303,Relaite,Lithuania
304,Relinga,Lithuania
305,Rena,Lithuania
306,Renai,Lithuania
307,Rerinas),Lithuania
308,Resai,Lithuania
309,Resi,Lithuania
310,Reskis,Lithuania
311,Retinga,Lithuania
312,Retiniai,Lithuania
313,Retininkai,Lithuania
314,Rlainiai,Lithuania
315,Rldvuliai,Lithuania
316,Rlseininkai,Lithuania
317,Rlude,Lithuania
318,Rludt,Lithuania
319,Rreiniai,Lithuania
320,Rskis,Lithuania
321,S(Rvune,Lithuania
322,Sblntus,Lithuania
323,Sciai,Lithuania
324,Sgiskes,Lithuania
325,Skis,Lithuania
326,Skiskes,Lithuania
327,Skpsde,Lithuania
328,Skzne,Lithuania
329,Slentvarijampol,Lithuania
330,Slule,Lithuania
331,Slunge,Lithuania
332,Sresiiai,Lithuania
333,Sslasciai,Lithuania
334,Svpilkaviskes,Lithuania
335,Sybartai,Lithuania
336,Tedainava (Kaun,Lithuania
337,Tegguniskes,Lithuania
338,Tes,Lithuania
339,Tllute,Lithuania
340,Tluskis,Lithuania
341,Tplletai,Lithuania
342,Tplsenai,Lithuania
343,Tslsnava,Lithuania
344,Udengi,Lithuania
345,Uelnius,Lithuania
346,Upese,Lithuania
347,Upiskis,Lithuania
348,Uree,Lithuania
349,Ureeiniai,Lithuania
350,Ureekire,Lithuania
351,Urena,Lithuania
352,Urenai,Lithuania
353,Urpene,Lithuania
354,Usenai,Lithuania
355,Vrenai,Lithuania
356,Ybbrotis,Lithuania
357,Ybbrotisggzdain,Lithuania
358,Ybbrotisgiskes,Lithuania
359,Ybbrotisiadorys,Lithuania
360,Ybbrotisiai,Lithuania
361,Ybbrton,Lithuania
362,Ybbrtonava (Kau,Lithuania
363,Ybbrtone,Lithuania
364,Ybbrtonga,Lithuania
365,Ybbrtonge,Lithuania
366,Ybbrtongs,Lithuania
367,Ybbrtongv,Lithuania
368,Ybbrtongy,Lithuania
369,Ybbrtoniskes,Lithuania
370,Ybbrtoniskis,Lithuania
371,Ybbrtonys,Lithuania
372,Ybbrtte,Lithuania
373,Ybbrttinga,Lithuania
374,Ybbrttiniai,Lithuania
375,Ybbrttiniskes,Lithuania
376,Yblrtriai,Lithuania
377,Ybprokis,Lithuania
378,Ybrrteiai,Lithuania
379,Zeskiniai,Lithuania
380,Zle Aininkai,Lithuania
381,Zle Tiai,Lithuania
382,Zle Trenai,Lithuania
383,Zlrngi,Lithuania
384,Zlu Ruda,Lithuania
385,Zre,Lithuania
386,Zrena,Lithuania
387,Zrraiai,Lithuania
388,Zybirona,Lithuania
