,Name,Origin
0,  Ssndevo,Macedonia
1, - Sandevo,Macedonia
2, Nagorichani,Macedonia
3, Nddvovica,Macedonia
4, Ngko,Macedonia
5, Ngkorichani,Macedonia
6, Nikole,Macedonia
7, Nodi,Macedonia
8, Nukole,Macedonia
9, Palankovce,Macedonia
10, Pttrovec,Macedonia
11, Sdndivo Palank,Macedonia
12, Sondovo,Macedonia
13, Ssndevo,Macedonia
14, Tao,Macedonia
15, Vddeni,Macedonia
16, Vudenica,Macedonia
17,- Nagorichane,Macedonia
18,- Nagorichani,Macedonia
19,- Palanka,Macedonia
20,- Palankovce,Macedonia
21,-#Ari Nikole,Macedonia
22,--Araj,Macedonia
23,-Araj,Macedonia
24,-Asaai,Macedonia
25,-Ba,Macedonia
26,-Ca,Macedonia
27,-Dalcnsia,Macedonia
28,-Gari Nikole,Macedonia
29,-Garuja,Macedonia
30,-Gsatovo,Macedonia
31,-Hari Nikole,Macedonia
32,-Ica,Macedonia
33,-Ila,Macedonia
34,-Mari Nikole,Macedonia
35,-Ni,Macedonia
36,-Rucee,Macedonia
37,-Saraj,Macedonia
38,-Sta,Macedonia
39,-Taro Nagoricha,Macedonia
40,-Tra,Macedonia
41,-Uaakaje,Macedonia
42,-Va Palanka,Macedonia
43,A Palankovica,Macedonia
44,Aci,Macedonia
45,Agaraj,Macedonia
46,Aic,Macedonia
47,Ain,Macedonia
48,Air,Macedonia
49,Araj,Macedonia
50,Ari Nikole,Macedonia
51,Aruje,Macedonia
52,Asilevo,Macedonia
53,Asta,Macedonia
54,B Lenoccani,Macedonia
55,Bagorichane,Macedonia
56,Bani,Macedonia
57,Bci,Macedonia
58,Bcino,Macedonia
59,Bcto,Macedonia
60,Belcevo,Macedonia
61,Bgniia Palankov,Macedonia
62,Bgtoro,Macedonia
63,Bgtorocevo,Macedonia
64,Biccv,Macedonia
65,Bilcpvo,Macedonia
66,Binci,Macedonia
67,Bitola,Macedonia
68,Bjelciste,Macedonia
69,Blnnndevo,Macedonia
70,Bnica,Macedonia
71,Bnovce,Macedonia
72,Bogozda,Macedonia
73,Bsnivar,Macedonia
74,Bste,Macedonia
75,Bstlve,Macedonia
76,Bttovo,Macedonia
77,Buniste,Macedonia
78,Butel,Macedonia
79,C Vog,Macedonia
80,Cair,Macedonia
81,Cani,Macedonia
82,Cbiccn,Macedonia
83,Ccista,Macedonia
84,Cesta,Macedonia
85,Cevo,Macedonia
86,Chane,Macedonia
87,Chani,Macedonia
88,Chtip,Macedonia
89,Chtrpves,Macedonia
90,Chucher - Sande,Macedonia
91,Chunhet  Pstrug,Macedonia
92,Chunhet Ovdino,Macedonia
93,Civo Palanka,Macedonia
94,Cle,Macedonia
95,Cmvo,Macedonia
96,Cna,Macedonia
97,Covo,Macedonia
98,Crano,Macedonia
99,Crndivo Palanko,Macedonia
100,Crndkvo,Macedonia
101,Csilep,Macedonia
102,Csista,Macedonia
103,Csiste,Macedonia
104,Csivo Palino,Macedonia
105,Csivor,Macedonia
106,Cstivar,Macedonia
107,Ct Palankovci,Macedonia
108,Cuiske,Macedonia
109,Cunista,Macedonia
110,Cuskvo,Macedonia
111,Czvo,Macedonia
112,D-Vo,Macedonia
113,Dalnnnda,Macedonia
114,Dalono,Macedonia
115,Dclninaci,Macedonia
116,Dclnnndvve Petr,Macedonia
117,Delino,Macedonia
118,Deshane,Macedonia
119,Devo,Macedonia
120,Dglninaci,Macedonia
121,Dhlcvsta,Macedonia
122,Dilcvs,Macedonia
123,Dilop,Macedonia
124,Dleno,Macedonia
125,Dlenocce,Macedonia
126,Dnlnonci,Macedonia
127,Dslevo,Macedonia
128,Dtlngntovo,Macedonia
129,Dunce,Macedonia
130,Dunksta,Macedonia
131,Dunsea,Macedonia
132,Echani,Macedonia
133,Egaraj,Macedonia
134,Ehtep,Macedonia
135,Esta,Macedonia
136,Etovo,Macedonia
137,Etrovec,Macedonia
138,Eutel,Macedonia
139,Ezla,Macedonia
140,Ga Araj,Macedonia
141,Garaj,Macedonia
142,Garo Nagorichan,Macedonia
143,Gblogovicani,Macedonia
144,Gcani,Macedonia
145,Gci,Macedonia
146,Gcitola,Macedonia
147,Gcpisle,Macedonia
148,Ghtip,Macedonia
149,Gila,Macedonia
150,Gista,Macedonia
151,Giste,Macedonia
152,Gmiari Nikole,Macedonia
153,Gmrinje,Macedonia
154,Gostiva Palanko,Macedonia
155,Govica,Macedonia
156,Grumica,Macedonia
157,Gsla,Macedonia
158,Gssta,Macedonia
159,Gsta,Macedonia
160,Gtaro Nagoricha,Macedonia
161,Gtrumica,Macedonia
162,Gunovce,Macedonia
163,Gzino,Macedonia
164,Ha Iokje,Macedonia
165,Hgipaok,Macedonia
166,Hnep,Macedonia
167,Htap,Macedonia
168,Htep,Macedonia
169,Htip,Macedonia
170,Hucher - Sandev,Macedonia
171,Huhhep Cani,Macedonia
172,Huhhep Cevo,Macedonia
173,Huhhep Csda,Macedonia
174,Hushvni,Macedonia
175,Iari Nikole,Macedonia
176,Ibcivor,Macedonia
177,Ichane,Macedonia
178,Ichani,Macedonia
179,Idevo,Macedonia
180,Igssta,Macedonia
181,Ihtrp,Macedonia
182,Iici,Macedonia
183,Inica,Macedonia
184,Inila,Macedonia
185,Inle,Macedonia
186,Isca,Macedonia
187,Ishani,Macedonia
188,Ista,Macedonia
189,Izcinicani,Macedonia
190,Jagurovec,Macedonia
191,Jbinci,Macedonia
192,Jdguoance,Macedonia
193,Jegunovce,Macedonia
194,Jggudani,Macedonia
195,Jgguiokje,Macedonia
196,Jgudani,Macedonia
197,Jgudinhcevo,Macedonia
198,Jgudono,Macedonia
199,Jguuokkcc,Macedonia
200,Jguuokkce,Macedonia
201,Jguuokkcinci,Macedonia
202,Jguuokko,Macedonia
203,Jguuokkole,Macedonia
204,Jiccv,Macedonia
205,Jleno,Macedonia
206,Jlesta,Macedonia
207,Jlgudani,Macedonia
208,Jmgutok,Macedonia
209,Jruuee,Macedonia
210,Jugkotino,Macedonia
211,K#Iste,Macedonia
212,K-Rbinci,Macedonia
213,Karbinci,Macedonia
214,Kbisca,Macedonia
215,Kcivo Palanka,Macedonia
216,Kdleno,Macedonia
217,Kdusevo,Macedonia
218,Kechani,Macedonia
219,Kgiste,Macedonia
220,Khucher - Sande,Macedonia
221,Khushvnv,Macedonia
222,Kicevo,Macedonia
223,Klevo,Macedonia
224,Knista,Macedonia
225,Knivorichane,Macedonia
226,Ksne,Macedonia
227,Ksue,Macedonia
228,Ktusevo,Macedonia
229,Kvec,Macedonia
230,Kzrucevo,Macedonia
231,La Voda,Macedonia
232,Labunista,Macedonia
233,Lbbunista,Macedonia
234,Lbbuniste,Macedonia
235,Lbinci,Macedonia
236,Lbudinhcevo,Macedonia
237,Lbudinhcivo,Macedonia
238,Lbudinhcivor,Macedonia
239,Lbudinica,Macedonia
240,Lbudinkovinje,Macedonia
241,Lbudino,Macedonia
242,Lbunista,Macedonia
243,Lbuniste,Macedonia
244,Lcevo,Macedonia
245,Lelesta,Macedonia
246,Lelogovica,Macedonia
247,Lelogozda,Macedonia
248,Lelt Voda,Macedonia
249,Lep,Macedonia
250,Levo,Macedonia
251,Libuniste,Macedonia
252,Lino,Macedonia
253,Lkgovinje,Macedonia
254,Llbbnnci,Macedonia
255,Lmndovo,Macedonia
256,Lnbunista,Macedonia
257,Lnbuniste,Macedonia
258,Lsbunista,Macedonia
259,Lsbuniste,Macedonia
260,Lseprce,Macedonia
261,Lsetovo,Macedonia
262,Lsnoda,Macedonia
263,Ma Iokje,Macedonia
264,Magira Nokaci,Macedonia
265,Magira Palankov,Macedonia
266,Magiralnnooci,Macedonia
267,Maii,Macedonia
268,Mca,Macedonia
269,Mci,Macedonia
270,Mcin,Macedonia
271,Mda,Macedonia
272,Megitalono,Macedonia
273,Mgaraj,Macedonia
274,Mggira Nokaci,Macedonia
275,Mgiia,Macedonia
276,Mgiiari Nikole,Macedonia
277,Mgino,Macedonia
278,Mhare Negotino,Macedonia
279,Mhari Nikole,Macedonia
280,Mhca,Macedonia
281,Mhcevo,Macedonia
282,Mhucher - Sand,Macedonia
283,Mica,Macedonia
284,Micani,Macedonia
285,Micino,Macedonia
286,Migila,Macedonia
287,Migoli,Macedonia
288,Misalankovce,Macedonia
289,Misalankovci,Macedonia
290,Mlegotino,Macedonia
291,Mli,Macedonia
292,Mmica,Macedonia
293,Mmiia Palanka,Macedonia
294,Mmiichani,Macedonia
295,Mpiilevo,Macedonia
296,Mrarkj,Macedonia
297,Mraro Nagoricha,Macedonia
298,Mrichani,Macedonia
299,Msgipaci,Macedonia
300,Msgiva Palankov,Macedonia
301,Msta,Macedonia
302,Mstivar,Macedonia
303,Mtino,Macedonia
304,Mtuadesia,Macedonia
305,Munevi,Macedonia
306,Mza,Macedonia
307,Mzca,Macedonia
308,N Utko,Macedonia
309,Nagorichani,Macedonia
310,Naro Nagorichan,Macedonia
311,Nasilevo,Macedonia
312,Nci,Macedonia
313,Ndevo,Macedonia
314,Ngari Nikole,Macedonia
315,Nggorichane,Macedonia
316,Nguookdevo,Macedonia
317,Nhucher - Sande,Macedonia
318,Nhunhet O,Macedonia
319,Nica,Macedonia
320,Nicani,Macedonia
321,Nigoli,Macedonia
322,Nigovinje,Macedonia
323,Nino,Macedonia
324,Nisovo,Macedonia
325,Nista,Macedonia
326,Niste,Macedonia
327,Nivo,Macedonia
328,Nivor,Macedonia
329,Nivorichani,Macedonia
330,Nje,Macedonia
331,Nmiaci,Macedonia
332,Nngovica,Macedonia
333,Novaci,Macedonia
334,Novci,Macedonia
335,Nsea,Macedonia
336,Nsniva Palankov,Macedonia
337,Nsta,Macedonia
338,Nti,Macedonia
339,Ntuokkce,Macedonia
340,Ntuoknci,Macedonia
341,Nuga,Macedonia
342,Nugovinje,Macedonia
343,Nusevo,Macedonia
344,Nvo,Macedonia
345,Nzda,Macedonia
346,Obtcv,Macedonia
347,Ogalankovica,Macedonia
348,Oghare Negotino,Macedonia
349,Ogulankovce,Macedonia
350,Ola,Macedonia
351,Ondovo,Macedonia
352,Ottaro Nagorich,Macedonia
353,Ovica,Macedonia
354,P#Hari Nikole,Macedonia
355,P#Ssta,Macedonia
356,Paha Iokkci,Macedonia
357,Pais,Macedonia
358,Pbisce,Macedonia
359,Pchane,Macedonia
360,Pchani,Macedonia
361,Pci,Macedonia
362,Phtrpve,Macedonia
363,Phunhet Oode,Macedonia
364,Pje,Macedonia
365,Plevo,Macedonia
366,Pniste,Macedonia
367,Ppsta,Macedonia
368,Pshail,Macedonia
369,Pshane,Macedonia
370,Pshani,Macedonia
371,Psko,Macedonia
372,Psta,Macedonia
373,Pthari Nikole,Macedonia
374,Puhane,Macedonia
375,Pvisilep,Macedonia
376,R#Nkovica,Macedonia
377,Ra Nagorichani,Macedonia
378,Radishani,Macedonia
379,Ragorichane,Macedonia
380,Ragorichani,Macedonia
381,Raj,Macedonia
382,Ranka,Macedonia
383,Raro Nagorichan,Macedonia
384,Rbdino,Macedonia
385,Rbnkovce,Macedonia
386,Rc  Pstrumica,Macedonia
387,Rdddesia,Macedonia
388,Rdedinica,Macedonia
389,Rdedino,Macedonia
390,Rdenica,Macedonia
391,Rehkepicevo,Macedonia
392,Renk,Macedonia
393,Rga Aok,Macedonia
394,Rhdivo Palankov,Macedonia
395,Rhnip,Macedonia
396,Rht Poko,Macedonia
397,Rilevo,Macedonia
398,Ripcista,Macedonia
399,Ripciste,Macedonia
400,Rivar,Macedonia
401,Rle,Macedonia
402,Rmdishane,Macedonia
403,Rnnka,Macedonia
404,Rrddde,Macedonia
405,Rrnkkvec,Macedonia
406,Rsddvo,Macedonia
407,Rsnka,Macedonia
408,Rtdinhcevo,Macedonia
409,Runovce,Macedonia
410,Runovci,Macedonia
411,Rusevo,Macedonia
412,Rzddnesta,Macedonia
413,S Nkovinje,Macedonia
414,S-Vo,Macedonia
415,Saraj,Macedonia
416,Saro Nagorichan,Macedonia
417,Sbutel,Macedonia
418,Scrusevo,Macedonia
419,Sctdovo,Macedonia
420,Sda,Macedonia
421,Sde,Macedonia
422,Sela Voda,Macedonia
423,Sga,Macedonia
424,Shane,Macedonia
425,Shani,Macedonia
426,Shtip,Macedonia
427,Sia,Macedonia
428,Silevo,Macedonia
429,Sipkovica,Macedonia
430,Sivo Palankovin,Macedonia
431,Sje,Macedonia
432,Skrusevo,Macedonia
433,Smica,Macedonia
434,Smkari Nikole,Macedonia
435,Smtaro Nagorich,Macedonia
436,Snedino,Macedonia
437,Snhaci,Macedonia
438,Snivar,Macedonia
439,Snoda,Macedonia
440,Spekocci,Macedonia
441,Sraro Nagoricha,Macedonia
442,Srupciste,Macedonia
443,Ssaraj,Macedonia
444,Ssevo,Macedonia
445,Ssta,Macedonia
446,Ssvotino,Macedonia
447,Sta,Macedonia
448,Struga,Macedonia
449,Sudeni,Macedonia
450,Suhtpp,Macedonia
451,Sundevo,Macedonia
452,Sunevcani,Macedonia
453,Sunevica,Macedonia
454,Sutkkole,Macedonia
455,Svrapciste,Macedonia
456,T-Araj,Macedonia
457,Taro Nagoricha,Macedonia
458,Taro Nagorichan,Macedonia
459,Tbance,Macedonia
460,Tca,Macedonia
461,Tcani,Macedonia
462,Tcarr P Tadovo,Macedonia
463,Tce,Macedonia
464,Tctano,Macedonia
465,Tgaro Nagoricha,Macedonia
466,Thtrpve,Macedonia
467,Thtrpvev,Macedonia
468,Tino,Macedonia
469,Tip,Macedonia
470,Tmaraj,Macedonia
471,Tmarce Petro,Macedonia
472,Tmtravo,Macedonia
473,Tnao,Macedonia
474,Tno,Macedonia
475,Tntoo,Macedonia
476,Tovo,Macedonia
477,Tplostiva Palan,Macedonia
478,Tro,Macedonia
479,Truga,Macedonia
480,Trumica,Macedonia
481,Tsaair,Macedonia
482,Tska,Macedonia
483,Tsta,Macedonia
484,Ttaro Nagoricha,Macedonia
485,Tukole,Macedonia
486,Tumgcari Nikole,Macedonia
487,Tumkca,Macedonia
488,Tundevo,Macedonia
489,Tunovce,Macedonia
490,Tunovci,Macedonia
491,Tusevo,Macedonia
492,Tutakoace,Macedonia
493,Tutok,Macedonia
494,Tuumsca,Macedonia
495,Tvar,Macedonia
496,Ubinci,Macedonia
497,Ucee,Macedonia
498,Udeni,Macedonia
499,Udenica,Macedonia
500,Uelesta,Macedonia
501,Uesea,Macedonia
502,Uhthpje,Macedonia
503,Uhtip,Macedonia
504,Umica,Macedonia
505,Unesta,Macedonia
506,Unevcani,Macedonia
507,Unevi,Macedonia
508,Uniste,Macedonia
509,Unsetovo,Macedonia
510,Upevcani,Macedonia
511,Upthare Negotin,Macedonia
512,Urilep,Macedonia
513,Urnkkve Petro,Macedonia
514,Usevo,Macedonia
515,Utikole,Macedonia
516,Uunevcani,Macedonia
517,Uunevinje,Macedonia
518,Uusevo,Macedonia
519,Uvani,Macedonia
520,Uvivi Jinci,Macedonia
521,Var,Macedonia
522,Vasilevo,Macedonia
523,Vca,Macedonia
524,Vce,Macedonia
525,Vcevo,Macedonia
526,Ve Petrovec,Macedonia
527,Vel,Macedonia
528,Veti Nikole,Macedonia
529,Vev,Macedonia
530,Vevcani,Macedonia
531,Vhani,Macedonia
532,Vhuthk,Macedonia
533,Vhuthkopje,Macedonia
534,Vinica,Macedonia
535,Vinicani,Macedonia
536,Vinje,Macedonia
537,Vje,Macedonia
538,Vlapkovce,Macedonia
539,Vlniuaeko,Macedonia
540,Vmica,Macedonia
541,Vovce,Macedonia
542,Vsta,Macedonia
543,Vsve,Macedonia
544,Vunkovinje,Macedonia
545,Zadishane,Macedonia
546,Zani,Macedonia
547,Zba,Macedonia
548,Zca,Macedonia
549,Zchani,Macedonia
550,Zcndivo Palanko,Macedonia
551,Zcninica,Macedonia
552,Zde,Macedonia
553,Zea,Macedonia
554,Zelino,Macedonia
555,Zga,Macedonia
556,Zhace,Macedonia
557,Zhani,Macedonia
558,Zhniva Palankov,Macedonia
559,Zia,Macedonia
560,Zinicani,Macedonia
561,Zino,Macedonia
562,Zja,Macedonia
563,Zla,Macedonia
564,Zlndnvo,Macedonia
565,Zlnnndevo,Macedonia
566,Zlnonica,Macedonia
567,Zndovo,Macedonia
568,Znni,Macedonia
569,Znno,Macedonia
570,Zra,Macedonia
571,Zsniva Palanko,Macedonia
572,Zsnivar,Macedonia
573,Zsta,Macedonia
574,Zunista,Macedonia
575,Zuniste,Macedonia
576,Zunovci,Macedonia
577,Zvni,Macedonia
