,Name,Origin
0, Atsiribihinand,Madagascar
1, Ihenoarivo,Madagascar
2, Itsy,Madagascar
3, Jary,Madagascar
4, Larobe,Madagascar
5, Njo,Madagascar
6,Aajengaintirana,Madagascar
7,Aakarafarakarav,Madagascar
8,Abafangananjaka,Madagascar
9,Adabe,Madagascar
10,Adabe Afovoara,Madagascar
11,Adabe Afovombe,Madagascar
12,Adiana,Madagascar
13,Adiandranovaho,Madagascar
14,Adiandrazakara,Madagascar
15,Adiandrazakarak,Madagascar
16,Adiandriana,Madagascar
17,Adtana,Madagascar
18,Aha,Madagascar
19,Ahabe,Madagascar
20,Ahajanga,Madagascar
21,Ahanakara,Madagascar
22,Ahatavy,Madagascar
23,Ahavao,Madagascar
24,Ahavelona,Madagascar
25,Ahba,Madagascar
26,Ahitra,Madagascar
27,Ahitseheno,Madagascar
28,Ahitsehenoaraka,Madagascar
29,Ahitsehenoarivo,Madagascar
30,Ahitso,Madagascar
31,Ahitsy,Madagascar
32,Ahtsetra,Madagascar
33,Ahy,Madagascar
34,Aitampiky,Madagascar
35,Aitso,Madagascar
36,Aitsohitrolotra,Madagascar
37,Ajanga,Madagascar
38,Ajintirano,Madagascar
39,Ajo,Madagascar
40,Ajondavato,Madagascar
41,Ajraka,Madagascar
42,Aka,Madagascar
43,Akandrahavelona,Madagascar
44,Akanjaka,Madagascar
45,Akanjary,Madagascar
46,Akara,Madagascar
47,Akarafana,Madagascar
48,Akaraka,Madagascar
49,Akaranovaho,Madagascar
50,Akaravolambato,Madagascar
51,Akaravongo,Madagascar
52,Akavatolanariva,Madagascar
53,Akjo,Madagascar
54,Akkazo,Madagascar
55,Aktsetra,Madagascar
56,Alaroany,Madagascar
57,Ambainarikandap,Madagascar
58,Ambaintirabe,Madagascar
59,Ambalambanjary,Madagascar
60,Ambanjakanjakar,Madagascar
61,Ambapa,Madagascar
62,Ambara,Madagascar
63,Ambato,Madagascar
64,Ambatofina,Madagascar
65,Ambatondandrian,Madagascar
66,Ambatondrana,Madagascar
67,Ambava,Madagascar
68,Ambavato,Madagascar
69,Ambavatofinanan,Madagascar
70,Ambo,Madagascar
71,Amboanieranana,Madagascar
72,Amboasary,Madagascar
73,Ambohibinanarik,Madagascar
74,Ambovoay,Madagascar
75,Ampy,Madagascar
76,Andavato,Madagascar
77,Andrahaveloha,Madagascar
78,Andranomanovaho,Madagascar
79,Andrantsohitset,Madagascar
80,Andrazaka,Madagascar
81,Andrazakaraha,Madagascar
82,Andriama,Madagascar
83,Andriana,Madagascar
84,Andriandranohih,Madagascar
85,Androna,Madagascar
86,Aneroroha,Madagascar
87,Anhano,Madagascar
88,Anja,Madagascar
89,Ankazo,Madagascar
90,Ankazoabo,Madagascar
91,Antako,Madagascar
92,Anto,Madagascar
93,Antsehenoarivoa,Madagascar
94,Antso,Madagascar
95,Aoanjakarakandr,Madagascar
96,Aoavina,Madagascar
97,Arika,Madagascar
98,Arikanjo,Madagascar
99,Arivo,Madagascar
100,Arivo Atsirabe,Madagascar
101,Arivo Be,Madagascar
102,Arivo Boeny,Madagascar
103,Asnjepy,Madagascar
104,Atka,Madagascar
105,Atsy,Madagascar
106,Avelo Sur Tsira,Madagascar
107,Avf,Madagascar
108,Avina,Madagascar
109,Avinany,Madagascar
110,Avolampiky,Madagascar
111,Avongo,Madagascar
112,Avonimamo,Madagascar
113,Avony,Madagascar
114,B-Rorobia,Madagascar
115,Bdina,Madagascar
116,Bdinana,Madagascar
117,Bdinanja,Madagascar
118,Bdovoaraka,Madagascar
119,Behana,Madagascar
120,Bia,Madagascar
121,Bilobe,Madagascar
122,Bimandandranova,Madagascar
123,Bimanorona,Madagascar
124,Bina,Madagascar
125,Binarolomandria,Madagascar
126,Bitampiky,Madagascar
127,Bitampy,Madagascar
128,Bitioky,Madagascar
129,Bitobdavao,Madagascar
130,Bitoo,Madagascar
131,Bitsehenoarivo ,Madagascar
132,Bka,Madagascar
133,Bmhanoroha,Madagascar
134,Boanihy,Madagascar
135,Bohitrandidy,Madagascar
136,Bovombe,Madagascar
137,Brinanarivo Be,Madagascar
138,Btloha,Madagascar
139,Dabe,Madagascar
140,Dahaveloha,Madagascar
141,Damanomandilamb,Madagascar
142,Danakara,Madagascar
143,Dandava,Madagascar
144,Dandrahajangain,Madagascar
145,Dandranoro,Madagascar
146,Dandrarina,Madagascar
147,Dandrarivazondr,Madagascar
148,Dandrarivo Atsi,Madagascar
149,Dandrarivongo,Madagascar
150,Dandrazakara,Madagascar
151,Dandriana,Madagascar
152,Dandrianaka,Madagascar
153,Dandrianandrond,Madagascar
154,Dandriandilamav,Madagascar
155,Dandrivo,Madagascar
156,Dandrivo Be,Madagascar
157,Dandrozorobe,Madagascar
158,Dandy,Madagascar
159,Dapa,Madagascar
160,Daravolana,Madagascar
161,Dava,Madagascar
162,Davato,Madagascar
163,Davatolanana,Madagascar
164,Davatondrianand,Madagascar
165,Dazaka,Madagascar
166,Dboanona,Madagascar
167,Dboasary,Madagascar
168,Ddazakara,Madagascar
169,Ddiana,Madagascar
170,Dhanarivo,Madagascar
171,Dhanohitsy,Madagascar
172,Dhiarivo,Madagascar
173,Diana,Madagascar
174,Dianaka,Madagascar
175,Dianakarakara,Madagascar
176,Dianana,Madagascar
177,Dianana Ivongo,Madagascar
178,Diananana,Madagascar
179,Dianandava,Madagascar
180,Diananjaka,Madagascar
181,Diananjasy,Madagascar
182,Diananjozo,Madagascar
183,Dianany,Madagascar
184,Dianarivoarivo,Madagascar
185,Diandapa,Madagascar
186,Diandraha,Madagascar
187,Diandrarivoariv,Madagascar
188,Diandriana,Madagascar
189,Diandrozorona,Madagascar
190,Diandy,Madagascar
191,Didy,Madagascar
192,Dilamandrivo,Madagascar
193,Dilamanifotsy,Madagascar
194,Dilamanitrolotr,Madagascar
195,Dilamano,Madagascar
196,Dilamanolomanga,Madagascar
197,Dilamasimanovah,Madagascar
198,Dilamavongo,Madagascar
199,Dilamavony,Madagascar
200,Dilambaindrandr,Madagascar
201,Dilambanjary,Madagascar
202,Dilambara,Madagascar
203,Dilambato,Madagascar
204,Dilambato Be,Madagascar
205,Dilambatola,Madagascar
206,Dilambatolana,Madagascar
207,Dilamena,Madagascar
208,Dilampiky,Madagascar
209,Ditampiky,Madagascar
210,Ditampy,Madagascar
211,Ditno,Madagascar
212,Dity,Madagascar
213,Divo,Madagascar
214,Djiandrondava,Madagascar
215,Dlarobia,Madagascar
216,Drana,Madagascar
217,Drandrona,Madagascar
218,Drano,Madagascar
219,Dranolotra,Madagascar
220,Dranomanolotra,Madagascar
221,Dranorondava,Madagascar
222,Drarivo Be,Madagascar
223,Drazakanjozo,Madagascar
224,Drazakaravolana,Madagascar
225,Driana,Madagascar
226,Drianakarakarak,Madagascar
227,Drianana,Madagascar
228,Driananandrariv,Madagascar
229,Drianatondrona,Madagascar
230,Driandrianarika,Madagascar
231,Driandrivo Atsi,Madagascar
232,Driandrona,Madagascar
233,Driandy,Madagascar
234,Drivo,Madagascar
235,Drivo Atsiroani,Madagascar
236,Drivony,Madagascar
237,Drozo,Madagascar
238,Drozoroha,Madagascar
239,Dtiakarafarahan,Madagascar
240,Elahanakaravong,Madagascar
241,Emaitsy,Madagascar
242,Erana,Madagascar
243,Eranany,Madagascar
244,Eranarina,Madagascar
245,Eranorobia,Madagascar
246,Erantsirabe,Madagascar
247,Erika,Madagascar
248,Fahanananjary,Madagascar
249,Fanaka,Madagascar
250,Fanaroanjozo,Madagascar
251,Fanato,Madagascar
252,Fanga,Madagascar
253,Fangainana,Madagascar
254,Fanganarivo,Madagascar
255,Filamasimandrar,Madagascar
256,Gana,Madagascar
257,Ganarivazobe,Madagascar
258,Ganaro,Madagascar
259,Gianarinarivo,Madagascar
260,Hbha,Madagascar
261,Hbianana,Madagascar
262,Hijanga,Madagascar
263,Hijbntrolomanif,Madagascar
264,Hilamena,Madagascar
265,Hira,Madagascar
266,Hitra,Madagascar
267,Hitrana,Madagascar
268,Hitrandrantasoa,Madagascar
269,Hitrandrondrano,Madagascar
270,Hitranohimamo,Madagascar
271,Hitranovaho,Madagascar
272,Hitrantsohimbov,Madagascar
273,Hitrola,Madagascar
274,Hitrolomandrivo,Madagascar
275,Hitrolomanganad,Madagascar
276,Hitrolotra,Madagascar
277,Hitrolotranjaka,Madagascar
278,Hitseheno,Madagascar
279,Hitsehenoarafan,Madagascar
280,Hitsehenoaraka,Madagascar
281,Hitsehenoaravon,Madagascar
282,Hitsehenoarinan,Madagascar
283,Hitsetra,Madagascar
284,Hitsohimanitra,Madagascar
285,Hitsohimbodivo,Madagascar
286,Hitsohitsetrand,Madagascar
287,Hitsohitsohika,Madagascar
288,Hitsy,Madagascar
289,Hjipaho,Madagascar
290,Hlarobe,Madagascar
291,Htaoha,Madagascar
292,Iana,Madagascar
293,Iananjakaraka,Madagascar
294,Iandriamanorobe,Madagascar
295,Ika,Madagascar
296,Ikanja,Madagascar
297,Itampy,Madagascar
298,Itmanomahitrola,Madagascar
299,Itrandrozo,Madagascar
300,Itrolana,Madagascar
301,Itseheno,Madagascar
302,Itsehenoara,Madagascar
303,Itsehenoara Sy,Madagascar
304,Itsehenoarinana,Madagascar
305,Itsehenoarivo,Madagascar
306,Itsehenoarivo B,Madagascar
307,Itsehenoarivong,Madagascar
308,Itsetra,Madagascar
309,Itsetranomanier,Madagascar
310,Itso,Madagascar
311,Itsohihy,Madagascar
312,Itsohimboanitra,Madagascar
313,Itsohitsetra,Madagascar
314,Itsy,Madagascar
315,Jangaintira,Madagascar
316,Jbngaindrona,Madagascar
317,Jepy,Madagascar
318,Jhavelona,Madagascar
319,Jina,Madagascar
320,Jinana,Madagascar
321,Jinanaka,Madagascar
322,Jinanakarafana,Madagascar
323,Jinanato,Madagascar
324,Jinandriananjo,Madagascar
325,Jinanto,Madagascar
326,Jinany,Madagascar
327,Jinarivonimanga,Madagascar
328,Jinaro,Madagascar
329,Jintira,Madagascar
330,Jintirabe,Madagascar
331,Jintirana Ivony,Madagascar
332,Jintirandrozo,Madagascar
333,Jintiranohimbod,Madagascar
334,Jintiranolomahi,Madagascar
335,Jintiranovaho,Madagascar
336,Jogo,Madagascar
337,Jondava,Madagascar
338,Jpnkozorondavao,Madagascar
339,Jzaka,Madagascar
340,Kahana,Madagascar
341,Kakandrarivoay,Madagascar
342,Kamasimangana,Madagascar
343,Kandava,Madagascar
344,Kandilampiky,Madagascar
345,Kandrona,Madagascar
346,Kanjary,Madagascar
347,Kara,Madagascar
348,Karakarafanga,Madagascar
349,Karavola,Madagascar
350,Kdrahava,Madagascar
351,Kdrazakaraka,Madagascar
352,Kgaindriamano,Madagascar
353,Kgana,Madagascar
354,Kganana,Madagascar
355,Kganarikanja,Madagascar
356,Kgrona,Madagascar
357,Kitampy,Madagascar
358,Kitzo,Madagascar
359,Kja,Madagascar
360,Kjika,Madagascar
361,Kjizabe,Madagascar
362,Kjizandandranor,Madagascar
363,Kjo,Madagascar
364,Kjozo,Madagascar
365,Kjozorobe,Madagascar
366,Kjrzkazobe,Madagascar
367,Kjrznabinarobia,Madagascar
368,Kmangaindrona,Madagascar
369,Kmparavongo,Madagascar
370,Ktajondriamasin,Madagascar
371,Ktanieranomahit,Madagascar
372,Ktanirabe,Madagascar
373,Ktanitrolanakar,Madagascar
374,Ktavy,Madagascar
375,Ktra,Madagascar
376,Ktrola,Madagascar
377,Ktsehenoarakara,Madagascar
378,Ktsirabe Afovor,Madagascar
379,Laha,Madagascar
380,Lahajanga,Madagascar
381,Lahava,Madagascar
382,Lamanifotsy,Madagascar
383,Lamasimano,Madagascar
384,Lamavolana,Madagascar
385,Lambatolana,Madagascar
386,Lambohimbo,Madagascar
387,Lamena,Madagascar
388,Lampy,Madagascar
389,Lana,Madagascar
390,Lananandy,Madagascar
391,Lanarivo,Madagascar
392,Lanato,Madagascar
393,Larovombe,Madagascar
394,Lay,Madagascar
395,Loranaka,Madagascar
396,Mahitsehenoariv,Madagascar
397,Manitra,Madagascar
398,Masinaroanitran,Madagascar
399,Mbaintirabe,Madagascar
400,Mbalampy,Madagascar
401,Mbalana,Madagascar
402,Mbanjakara,Madagascar
403,Mbanjakarafaraf,Madagascar
404,Mbara,Madagascar
405,Mbaravongo,Madagascar
406,Mbato,Madagascar
407,Mbatofinana,Madagascar
408,Mbatola,Madagascar
409,Mbava,Madagascar
410,Mbe,Madagascar
411,Mbhitrana,Madagascar
412,Mbhitsy,Madagascar
413,Mbilobe,Madagascar
414,Mboanjakandrari,Madagascar
415,Mbohirabe,Madagascar
416,Mbohitsy,Madagascar
417,Mbondandrianato,Madagascar
418,Mbovoramasina,Madagascar
419,Mbzira,Madagascar
420,Mpiky,Madagascar
421,Mplo,Madagascar
422,Mvongo,Madagascar
423,Nakanjozoroha,Madagascar
424,Ndavatondava,Madagascar
425,Ndilamena,Madagascar
426,Ndilampiky,Madagascar
427,Ndrahabe,Madagascar
428,Ndrahava,Madagascar
429,Ndriananarovoan,Madagascar
430,Ndriandrianana,Madagascar
431,Ndrivazoabo,Madagascar
432,Ndrozorondriana,Madagascar
433,Njary,Madagascar
434,Njo,Madagascar
435,Nkazo,Madagascar
436,Nkazondriamano,Madagascar
437,Nkazondriandran,Madagascar
438,Nkazondrozo,Madagascar
439,Nrantsiroanjary,Madagascar
440,Ntana,Madagascar
441,Ntanarivo,Madagascar
442,Ntanitra,Madagascar
443,Ntavy,Madagascar
444,Nto,Madagascar
445,Ntsina,Madagascar
446,Ntsiribinarivo,Madagascar
447,Ntsiroanto,Madagascar
448,Ntsohimbohipaha,Madagascar
449,Oamavongo,Madagascar
450,Oanjakanjakarav,Madagascar
451,Oanjakara,Madagascar
452,Oanjary,Madagascar
453,Oanjo,Madagascar
454,Oanolomanitra,Madagascar
455,Oantsetra,Madagascar
456,Oany,Madagascar
457,Oasary,Madagascar
458,Odava,Madagascar
459,Ohimamo,Madagascar
460,Olambara,Madagascar
461,Oramavongo,Madagascar
462,Paha,Madagascar
463,Pahanaro,Madagascar
464,Paho,Madagascar
465,Para,Madagascar
466,Pbi,Madagascar
467,Pdho,Madagascar
468,Pdrandavato,Madagascar
469,Pdrarivo,Madagascar
470,Phikandriandy,Madagascar
471,Phinarivonimano,Madagascar
472,Phisamy,Madagascar
473,Piky,Madagascar
474,Prahabe Afovoan,Madagascar
475,Raha,Madagascar
476,Rahanaka,Madagascar
477,Rahanandilampy,Madagascar
478,Rahavao,Madagascar
479,Ramano,Madagascar
480,Ranana,Madagascar
481,Randilampy,Madagascar
482,Rantso,Madagascar
483,Rapa,Madagascar
484,Ravolanandrazak,Madagascar
485,Ravony,Madagascar
486,Riamano,Madagascar
487,Rikanjakanjaka,Madagascar
488,Rikanjo,Madagascar
489,Ritampiky,Madagascar
490,Rivazoabo,Madagascar
491,Rivo,Madagascar
492,Rivo Atsina,Madagascar
493,Rivo Be,Madagascar
494,Rivoay,Madagascar
495,Rivonimanoloman,Madagascar
496,Riy,Madagascar
497,Rlo-Akara,Madagascar
498,Simanifotsy,Madagascar
499,Simanovaho,Madagascar
500,Sina,Madagascar
501,Sinarivazondroz,Madagascar
502,Siroanja,Madagascar
503,Siroantsetra,Madagascar
504,Sua T,Madagascar
505,Sur Tsira,Madagascar
506,Taho,Madagascar
507,Tako,Madagascar
508,Takotakotako,Madagascar
509,Takotakotakotak,Madagascar
510,Talahabe,Madagascar
511,Talavato Boeny,Madagascar
512,Tanadiana,Madagascar
513,Tasoa,Madagascar
514,Tavy,Madagascar
515,Tbina,Madagascar
516,Tbinana Ivony,Madagascar
517,Tdilamena,Madagascar
518,Tdina,Madagascar
519,Tdinarivo Be,Madagascar
520,Tdinarivoara,Madagascar
521,Tgina,Madagascar
522,Thina,Madagascar
523,Thinanjakarafar,Madagascar
524,Thinanjo,Madagascar
525,Thira,Madagascar
526,Thirabe,Madagascar
527,Thirandy,Madagascar
528,Thirano,Madagascar
529,Thiranovaho,Madagascar
530,Tiaka,Madagascar
531,Tiakaraha,Madagascar
532,Tiakaraka,Madagascar
533,Tilamena,Madagascar
534,Tilobe,Madagascar
535,Titkolamanganak,Madagascar
536,Tjika,Madagascar
537,Tlana,Madagascar
538,Tlanana,Madagascar
539,Tlanany,Madagascar
540,Tlanarina,Madagascar
541,Tlanarivazo,Madagascar
542,Tmbohimbohitsoh,Madagascar
543,Tmbsinanadianan,Madagascar
544,Tmpiky,Madagascar
545,Tndrarina,Madagascar
546,Tnkozo,Madagascar
547,Tola,Madagascar
548,Tpako,Madagascar
549,Tpakotako,Madagascar
550,Tra,Madagascar
551,Trananto,Madagascar
552,Tranohitso,Madagascar
553,Tranomanovaho,Madagascar
554,Trantanihy,Madagascar
555,Trilamboanomano,Madagascar
556,Trilamena,Madagascar
557,Trina,Madagascar
558,Trira,Madagascar
559,Trolana,Madagascar
560,Trolomano,Madagascar
561,Tsetra,Madagascar
562,Tsina,Madagascar
563,Tsinandriandran,Madagascar
564,Tsirabe,Madagascar
565,Tsirandriana,Madagascar
566,Tsirandrona,Madagascar
567,Tsiranovaho,Madagascar
568,Tsiranto,Madagascar
569,Tsiribina,Madagascar
570,Tsiroany,Madagascar
571,Tso,Madagascar
572,Ttseheno,Madagascar
573,Ttsirabe,Madagascar
574,Ttsohibinanjaka,Madagascar
575,Ttsohipahanarov,Madagascar
576,Ttsohirabe,Madagascar
577,Ttsohitsohitsoh,Madagascar
578,Tvako,Madagascar
579,Tvakotako,Madagascar
580,Vadiana,Madagascar
581,Vaho,Madagascar
582,Vano,Madagascar
583,Varoanja,Madagascar
584,Vilamena,Madagascar
585,Vilampiky,Madagascar
586,Vjhobia,Madagascar
587,Vjina,Madagascar
588,Vmao,Madagascar
589,Zandy,Madagascar
