,Name,Origin
0," ,Lnhat",Malaysia
1, Alam,Malaysia
2, Bangat,Malaysia
3, Bentong Buntai,Malaysia
4, Bernam,Malaysia
5, Bukit Bukit Ti,Malaysia
6, Cenang Bala Pi,Malaysia
7, Ctonyar,Malaysia
8, Dung Buntar,Malaysia
9, Gajah,Malaysia
10, Jaya,Malaysia
11, Kacca,Malaysia
12, Kalong,Malaysia
13, Karang,Malaysia
14, Karang Tokong ,Malaysia
15, Kedah,Malaysia
16, Kertajaya,Malaysia
17, Kolk Ger,Malaysia
18, Kundah,Malaysia
19, Langsar,Malaysia
20, Mpat,Malaysia
21, Nwlang Ayer Mo,Malaysia
22, Pantut,Malaysia
23, Pat,Malaysia
24, Pelek,Malaysia
25, Penggi,Malaysia
26, Renggi,Malaysia
27, Sirat,Malaysia
28, Suban,Malaysia
29, Ting,Malaysia
30, Tokong,Malaysia
31, Tsir,Malaysia
32, Yer Molek,Malaysia
33,",Kong Kalong",Malaysia
34,",Oh",Malaysia
35,"A,O",Malaysia
36,Abak Bentong Ka,Malaysia
37,Abuangor,Malaysia
38,Abuhan Klang Si,Malaysia
39,Adang,Malaysia
40,Adangar,Malaysia
41,Adangsar,Malaysia
42,Akong,Malaysia
43,Alor Gajaya,Malaysia
44,Ang,Malaysia
45,Ano,Malaysia
46,Antian Nenai,Malaysia
47,Aon,Malaysia
48,Atu Pantut,Malaysia
49,Bah,Malaysia
50,Bai,Malaysia
51,Ban,Malaysia
52,Bang,Malaysia
53,Bang Mat Simpan,Malaysia
54,Bangag Simpang,Malaysia
55,Bat,Malaysia
56,Batu Ara,Malaysia
57,Bkki,Malaysia
58,Cakan,Malaysia
59,Cakan New Villa,Malaysia
60,Cang Besar,Malaysia
61,Cangat,Malaysia
62,Cckan,Malaysia
63,Cckan Klang,Malaysia
64,Cdaa,Malaysia
65,Cekan,Malaysia
66,Cekan Klang,Malaysia
67,Cekan Nenas,Malaysia
68,Cekan New Villa,Malaysia
69,Cgkal Kangsar,Malaysia
70,Cikai,Malaysia
71,Ckkai,Malaysia
72,Ckkak,Malaysia
73,Ckkan,Malaysia
74,Ckkan Kechil,Malaysia
75,Ckkan Keching,Malaysia
76,Ckkan Keching B,Malaysia
77,Ckkan Keching S,Malaysia
78,Ckkan Kedah,Malaysia
79,Ckkan Kertih,Malaysia
80,Ckkan Klang Kan,Malaysia
81,Ckkan Klang Kuc,Malaysia
82,Ckkan Klangai P,Malaysia
83,Ckkan Nenangai ,Malaysia
84,Ckkan New Villa,Malaysia
85,Ckkan Senai,Malaysia
86,Ckkan Senangsar,Malaysia
87,Ckkan Sepala Ke,Malaysia
88,Ckkan Sepat,Malaysia
89,Ckkan Serah,Malaysia
90,Ckkan Serai,Malaysia
91,Ckkan Serendah,Malaysia
92,Ckkan Sereng,Malaysia
93,Ckkan Serenggi,Malaysia
94,Ckkan Sering,Malaysia
95,Ckkkkong Jaya,Malaysia
96,Ckkkong Renggan,Malaysia
97,Ckkolkkgntai,Malaysia
98,Ckkong,Malaysia
99,Ckkong Ayer Ker,Malaysia
100,Ckkong Baharu B,Malaysia
101,Ckkong Bahru,Malaysia
102,Ckkong Baru,Malaysia
103,Ckkong Batu Ara,Malaysia
104,Ckkong Bentong ,Malaysia
105,Ckkong Besar,Malaysia
106,Ckkong Bukit Me,Malaysia
107,Ckkong Dung Aye,Malaysia
108,Ckkong Karantai,Malaysia
109,Ckkong Reng,Malaysia
110,Ckkong Senai,Malaysia
111,Ckkong Sepang,Malaysia
112,Ckkong Subang,Malaysia
113,Ckolgk Kok,Malaysia
114,Ckolk Geg,Malaysia
115,Ckolk Gepang,Malaysia
116,Ckolkkg Bentong,Malaysia
117,Ckolkkgknk Bern,Malaysia
118,Ckolkkkong,Malaysia
119,Ckolkkkong Jaya,Malaysia
120,Ckong,Malaysia
121,Ckong Bala Sena,Malaysia
122,Ckong Jaya,Malaysia
123,Cmaa Teremban,Malaysia
124,Cnaah,Malaysia
125,Cngai Ara,Malaysia
126,Cngai Arang,Malaysia
127,Cngai Besar,Malaysia
128,Cngai Petani,Malaysia
129,Cngai Remis,Malaysia
130,Cngat,Malaysia
131,Cnkai,Malaysia
132,Cnkar,Malaysia
133,Cnkar Nah,Malaysia
134,Cnkar Sepat,Malaysia
135,Cnkat,Malaysia
136,Cnknt Irat,Malaysia
137,Cntai,Malaysia
138,Craa,Malaysia
139,Crkan Kbchrn,Malaysia
140,Ctan,Malaysia
141,Cti,Malaysia
142,Ctu,Malaysia
143,Dah,Malaysia
144,Dang,Malaysia
145,Dang Petaling,Malaysia
146,Dangai Remis,Malaysia
147,Dung Selapah Ro,Malaysia
148,Dungai Cenas,Malaysia
149,Eank,Malaysia
150,Ekoh,Malaysia
151,Ekukot,Malaysia
152,Elek,Malaysia
153,Eluk Intai Aran,Malaysia
154,Eluk Intai Reng,Malaysia
155,Eluk Intar,Malaysia
156,Emun,Malaysia
157,Enkong Mat Sira,Malaysia
158,Erenggi,Malaysia
159,Erganu,Malaysia
160,Eri Kuching,Malaysia
161,Ermatang,Malaysia
162,Ernam,Malaysia
163,Etaling,Malaysia
164,Fbai,Malaysia
165,Fdai,Malaysia
166,Fgir,Malaysia
167,Fklinranb,Malaysia
168,Fman Kedah,Malaysia
169,Fntingganu,Malaysia
170,G Ayer Hangai C,Malaysia
171,G Ayer Molek,Malaysia
172,G Baharu Baharu,Malaysia
173,G Batang Tanah ,Malaysia
174,G Kangkal Kalon,Malaysia
175,G Kukoi,Malaysia
176,G Remis,Malaysia
177,G Sepang Buntai,Malaysia
178,Gai,Malaysia
179,Ganu,Malaysia
180,Gbam,Malaysia
181,Gcangsar,Malaysia
182,Gcngai Cenai,Malaysia
183,Gcngai Pelabuha,Malaysia
184,Gcngat,Malaysia
185,Ggan Sepalakong,Malaysia
186,Ggi,Malaysia
187,Ggon,Malaysia
188,Ghan Klang,Malaysia
189,Git,Malaysia
190,Gkak,Malaysia
191,Gkal Kalong Tow,Malaysia
192,Gkal Kang,Malaysia
193,Gkal Kangkal Ka,Malaysia
194,Gkok,Malaysia
195,Gkolk Yer Molek,Malaysia
196,Gkolkkg,Malaysia
197,Gkolkkg Baharu ,Malaysia
198,Gkolkkg Ian Kla,Malaysia
199,Gkolkkgknk,Malaysia
200,Gkolkkkong Buki,Malaysia
201,Gkukot,Malaysia
202,Glage,Malaysia
203,Gle,Malaysia
204,Gma  Krnam,Malaysia
205,Gman Klang,Malaysia
206,Gmdah,Malaysia
207,Gmpong Baharu S,Malaysia
208,Gni,Malaysia
209,"Gon,",Malaysia
210,Gonb Seringgam,Malaysia
211,Gor,Malaysia
212,"Gpinggi, Besar",Malaysia
213,Grajam,Malaysia
214,Grajaya,Malaysia
215,H Road,Malaysia
216,Haru Nilah,Malaysia
217,Haru Subang,Malaysia
218,Hat,Malaysia
219,Heights,Malaysia
220,Hkoh,Malaysia
221,Hnggan New Vill,Malaysia
222,I Berjungat,Malaysia
223,I Renggam,Malaysia
224,Iggt,Malaysia
225,"Iggt, Terembang",Malaysia
226,Ik Bernam,Malaysia
227,Ing,Malaysia
228,Int,Malaysia
229,Ipang,Malaysia
230,It Bahat,Malaysia
231,It Bukit Baharu,Malaysia
232,It Bukit Bukit ,Malaysia
233,It Bukit Mersin,Malaysia
234,It Buntai Petan,Malaysia
235,It Mertajah,Malaysia
236,It Tirat,Malaysia
237,Jkndang,Malaysia
238,Jung Bukit Mers,Malaysia
239,Jung Dungai Ara,Malaysia
240,Jung Jaya,Malaysia
241,Jung Karangar,Malaysia
242,Juntai Pelek,Malaysia
243,Juntan,Malaysia
244,Juntang Seremba,Malaysia
245,Jyna,Malaysia
246,Jyna Kang,Malaysia
247,Kan,Malaysia
248,Kki,Malaysia
249,Kkong,Malaysia
250,Kkong Tokong Ma,Malaysia
251,Kong,Malaysia
252,Kong Ayer Hang ,Malaysia
253,Kong Baharu,Malaysia
254,Kong Baharu Bah,Malaysia
255,Kong Bahat,Malaysia
256,Kong Baru,Malaysia
257,Kong Bukit Buki,Malaysia
258,Kong Bukit Mers,Malaysia
259,Kong Bukit Ting,Malaysia
260,Kong Buntai Ber,Malaysia
261,Kong Dung Dunga,Malaysia
262,Kong Jaya,Malaysia
263,Kong Kalong Dun,Malaysia
264,Kong Kang,Malaysia
265,Kong Mat Simpar,Malaysia
266,Kong Mat Simpat,Malaysia
267,Kong Mat Sirat,Malaysia
268,Kong Pahat,Malaysia
269,Kong Pang,Malaysia
270,Kong Remis,Malaysia
271,Kong Sering,Malaysia
272,Kong Sirat,Malaysia
273,Kong Sungai Bes,Malaysia
274,Kong Town,Malaysia
275,Kpang Jaya,Malaysia
276,Kson,Malaysia
277,Ktan,Malaysia
278,Kukoi,Malaysia
279,Kukot,Malaysia
280,Kutae,Malaysia
281,Labuang Petalin,Malaysia
282,Lek,Malaysia
283,Lek Glugor,Malaysia
284,Lek Nenai,Malaysia
285,Lepang,Malaysia
286,Lmbing,Malaysia
287,Lnkutae,Malaysia
288,Luk Intai Ara,Malaysia
289,Luk Intai Cenai,Malaysia
290,Luk Intai Cenas,Malaysia
291,Luk Intar,Malaysia
292,Lumut,Malaysia
293,Lung Mat Simpar,Malaysia
294,"M,On",Malaysia
295,Mala Ting,Malaysia
296,Mbai,Malaysia
297,Mban,Malaysia
298,Mbang,Malaysia
299,Mbang Buntar,Malaysia
300,Mbang Pelek,Malaysia
301,Mbang Pengganu,Malaysia
302,Mbangkak,Malaysia
303,Mbangkal Kangar,Malaysia
304,Mbangkal Karang,Malaysia
305,Merluh,Malaysia
306,Mkona,Malaysia
307,Mmtar,Malaysia
308,Mnrat,Malaysia
309,Mntian Sepat,Malaysia
310,Mpang,Malaysia
311,Mpang Baharu,Malaysia
312,Mpang Baharum,Malaysia
313,Mpang Dung Bent,Malaysia
314,Mpang Selangsar,Malaysia
315,Mpar,Malaysia
316,Mpat,Malaysia
317,Mpin,Malaysia
318,Mpingat,Malaysia
319,Mpong,Malaysia
320,Mpong Jaya,Malaysia
321,Mpong Selang,Malaysia
322,Mpung Bala Tere,Malaysia
323,Mpung Batu Aran,Malaysia
324,Mpung Besar,Malaysia
325,Mpung Masjid Ta,Malaysia
326,Mpung Siram,Malaysia
327,Mpungai Arang,Malaysia
328,Mpungar,Malaysia
329,Mpungun,Malaysia
330,Msitpat,Malaysia
331,Mtan,Malaysia
332,Mut,Malaysia
333,Naka,Malaysia
334,Nbat,Malaysia
335,Ncai,Malaysia
336,Ncarang,Malaysia
337,Ndah,Malaysia
338,Ndang,Malaysia
339,Ndang Subang,Malaysia
340,Ndang Tokong,Malaysia
341,Ndangkal Kang,Malaysia
342,Ng Ayer Hang,Malaysia
343,Ng Ayer Keroh,Malaysia
344,Ng Bentong,Malaysia
345,Ng Paharu Nilah,Malaysia
346,Ng Remis,Malaysia
347,Ng Tokong,Malaysia
348,Ngai Petalingat,Malaysia
349,"Ngai Renggi, Be",Malaysia
350,Ngat,Malaysia
351,Ngek,Malaysia
352,Nggam,Malaysia
353,Ngganu,Malaysia
354,Ngkak,Malaysia
355,Ngkal Kangat,Malaysia
356,Ngkar,Malaysia
357,Ngor,Malaysia
358,Ngpi,Malaysia
359,Ngsar,Malaysia
360,Nk Kechil,Malaysia
361,Nkan Kedah,Malaysia
362,Nkar,Malaysia
363,Nkar Kedah,Malaysia
364,Nkar Seri Kunda,Malaysia
365,Nkat,Malaysia
366,Nkuntar,Malaysia
367,Nkutae,Malaysia
368,Nlang,Malaysia
369,Nmpangkak,Malaysia
370,Nnangor,Malaysia
371,Nnangsar,Malaysia
372,Nngi,Malaysia
373,Nntar,Malaysia
374,Ntai,Malaysia
375,Ntai Berjuntai ,Malaysia
376,Ntai Pelang,Malaysia
377,Ntai Pelapah Ro,Malaysia
378,Ntai Pelek,Malaysia
379,Ntai Petan,Malaysia
380,Ntai Remis,Malaysia
381,Ntai Renggi,Malaysia
382,"Ntai Renggi, Be",Malaysia
383,Ntani,Malaysia
384,Ntar,Malaysia
385,Ntkal Kang,Malaysia
386,Ntong,Malaysia
387,Ntsang,Malaysia
388,Ntut,Malaysia
389,Ong,Malaysia
390,Ong Ayer Hang K,Malaysia
391,Ong Masjid Tana,Malaysia
392,Ong Masjid Tanj,Malaysia
393,Onting Berjung ,Malaysia
394,Ontinggi,Malaysia
395,Ormhts,Malaysia
396,Ota Tiram,Malaysia
397,Pala Serai,Malaysia
398,Pala Tingai Pet,Malaysia
399,Pang,Malaysia
400,Pangkal Karang,Malaysia
401,Pat,Malaysia
402,Pin,Malaysia
403,Pntang Sirat,Malaysia
404,Pong,Malaysia
405,Pong Jaya,Malaysia
406,Pung Ayer Hang,Malaysia
407,Pungai Remis,Malaysia
408,Pungat,Malaysia
409,R Kechil,Malaysia
410,Rai,Malaysia
411,Rdah,Malaysia
412,Rgah,Malaysia
413,Rhah,Malaysia
414,Rhahgu,Malaysia
415,Rit Baharu,Malaysia
416,Riuban,Malaysia
417,Rkad,Malaysia
418,Rkmdangor,Malaysia
419,Rkong Sereng,Malaysia
420,Rkuhan Serai,Malaysia
421,Rmatang,Malaysia
422,Rmatas,Malaysia
423,Rmit,Malaysia
424,Rmmtan,Malaysia
425,Rmmtingai Bento,Malaysia
426,Rmmtingai Berna,Malaysia
427,Rmmtingai Cenas,Malaysia
428,Rmmtinggam,Malaysia
429,Rmmtinggi,Malaysia
430,Rmud,Malaysia
431,Rmut,Malaysia
432,Rntfng Besar,Malaysia
433,Rnthnggan Selap,Malaysia
434,Rnudai,Malaysia
435,Rpang,Malaysia
436,Rstban,Malaysia
437,Rtajah,Malaysia
438,Rtih,Malaysia
439,Ruadang,Malaysia
440,Ruadangor,Malaysia
441,Rum,Malaysia
442,Sar,Malaysia
443,Snbai,Malaysia
444,Sngai Remis,Malaysia
445,Sor,Malaysia
446,Sung Dung Sirat,Malaysia
447,T Buntar,Malaysia
448,Tah,Malaysia
449,Taling,Malaysia
450,Talingganu,Malaysia
451,Tan,Malaysia
452,Tang,Malaysia
453,Tang Ayer Kedah,Malaysia
454,Tang Ayer Kerti,Malaysia
455,Tang Baru,Malaysia
456,Tangai Cenas,Malaysia
457,Tangat,Malaysia
458,Tangkak,Malaysia
459,Tangor,Malaysia
460,Tani,Malaysia
461,Tat,Malaysia
462,Tgep,Malaysia
463,Tgk Kok,Malaysia
464,Tgmam Lang,Malaysia
465,Tgmenggam,Malaysia
466,Theggf,Malaysia
467,Tis,Malaysia
468,Tki,Malaysia
469,Tkid Tangai Ara,Malaysia
470,Tkig Rengganu,Malaysia
471,Tkil Hah Road,Malaysia
472,Tmri Kuchil,Malaysia
473,Tmrwnrmntai,Malaysia
474,Tmsang Bahau,Malaysia
475,Tnilah,Malaysia
476,Tnipang,Malaysia
477,Tolgkolk Tereng,Malaysia
478,Tpur,Malaysia
479,Tri Kuchingat,Malaysia
480,Trm Kuching Mat,Malaysia
481,Tsang,Malaysia
482,Tseringai Besar,Malaysia
483,Tterworth,Malaysia
484,Ttmpar,Malaysia
485,Tut,Malaysia
486,Umpang,Malaysia
487,Umpung Besar,Malaysia
488,Umpung Masjid T,Malaysia
489,Umpungat,Malaysia
490,Umpungun,Malaysia
491,Ung Seri Kundah,Malaysia
492,Utra Heights,Malaysia
493,Utrajah,Malaysia
494,Utrajam,Malaysia
495,Utrajaya,Malaysia
496,Wntai,Malaysia
497,Wntar,Malaysia
498,Wort Dickson,Malaysia
499,Worth,Malaysia
500,Wtrij Rang Ayer,Malaysia
501,Yer Hang,Malaysia
502,Yer Keroh,Malaysia
503,Yer Molek Nenan,Malaysia
