,Name,Origin
0, Ghajra,Malta
1, Giljan,Malta
2, Liema,Malta
3, Lil,Malta
4, Lin,Malta
5, Pawl Il-Bahar,Malta
6, Pawl Il-Baharg,Malta
7, Sila,Malta
8, Ulia,Malta
9,'Fi,Malta
10,'Gbbbggura,Malta
11,'Ibbggura,Malta
12,'Iebau,Malta
13,'Ijt,Malta
14,'Ijta,Malta
15,'Lbbtga,Malta
16,'Mbbogaaru,Malta
17,'Mbbogkara,Malta
18,'Nbbtga,Malta
19,'Qbbrgkur,Malta
20,'Sbbigxirna,Malta
21,'Zbbbggura,Malta
22,Afa,Malta
23,Al Ghar,Malta
24,Al Gharghur,Malta
25,Amtur,Malta
26,An' Tbna,Malta
27,Anra,Malta
28,Bigxirna,Malta
29,Brlzenbrtkn,Malta
30,Dan,Malta
31,Ddi,Malta
32,Ddna,Malta
33,Dfi,Malta
34,Dghajra,Malta
35,Dgua,Malta
36,Dguaa,Malta
37,Dgura,Malta
38,Diea,Malta
39,Difa,Malta
40,Diga,Malta
41,Digaira,Malta
42,Digairq,Malta
43,Dija,Malta
44,Dina,Malta
45,Dli,Malta
46,Dnnat,Malta
47,Dona,Malta
48,Dri,Malta
49,Dtna,Malta
50,Dun,Malta
51,Fdi,Malta
52,G'Ijt,Malta
53,Gadrrieq,Malta
54,Gdira,Malta
55,Gdur,Malta
56,Gfax,Malta
57,Gfi,Malta
58,Gghajra,Malta
59,Gghejru,Malta
60,Gghra,Malta
61,Ghha,Malta
62,Ghra,Malta
63,Ghur,Malta
64,Gidja,Malta
65,Giewi,Malta
66,Gle,Malta
67,Glhar,Malta
68,Glharghur,Malta
69,Gli,Malta
70,Glir,Malta
71,Gmhar,Malta
72,Gmharghur,Malta
73,Gnhra,Malta
74,Guha,Malta
75,Gula,Malta
76,Gura,Malta
77,Gwija,Malta
78,Gwrii,Malta
79,Gziba,Malta
80,Gzira,Malta
81,I'-Bbhzg,Malta
82,Idga,Malta
83,Igdi,Malta
84,Iggiewi,Malta
85,Ignirti,Malta
86,Igpiwtija,Malta
87,Igqir,Malta
88,Igqira,Malta
89,Iguia,Malta
90,Igwi,Malta
91,Igwija,Malta
92,Ija,Malta
93,Imsida,Malta
94,Irgaur,Malta
95,Issila,Malta
96,Itgli,Malta
97,Klin,Malta
98,Lib,Malta
99,Licmoria,Malta
100,Liema,Malta
101,Lin,Malta
102,Mddna,Malta
103,Mdina,Malta
104,Mdnnat,Malta
105,Mgdra,Malta
106,Mggrewu,Malta
107,Mghra,Malta
108,Mgsral,Malta
109,Mgura,Malta
110,Mirn,Malta
111,Mloria,Malta
112,Mndrta,Malta
113,Msdda,Malta
114,Msddca,Malta
115,Msddi,Malta
116,Msdica,Malta
117,Msdicaor,Malta
118,Msida,Malta
119,Mtoria,Malta
120,Mzira,Malta
121,N Giljan,Malta
122,N Pawl Il-Bahar,Malta
123,N Tana,Malta
124,N' Tba,Malta
125,N'Fib,Malta
126,Nal,Malta
127,Nan,Malta
128,Nddna,Malta
129,Nddu,Malta
130,Ndgnar,Malta
131,Ndgtaja,Malta
132,Ndgtarfa,Malta
133,Ndina,Malta
134,Ndita,Malta
135,Ndn Ata,Malta
136,Ndnnat,Malta
137,Ndnta Venera,Malta
138,Ndntana,Malta
139,Ndta,Malta
140,Ndtna,Malta
141,Ndtta,Malta
142,Nfa,Malta
143,Nfi,Malta
144,Nghajra,Malta
145,Ngli,Malta
146,Ngrieq,Malta
147,Ngsija,Malta
148,Niga,Malta
149,Nli Malra,Malta
150,Nlit,Malta
151,Nmdina,Malta
152,Nmstda,Malta
153,Nmtarfa,Malta
154,Nnstaxaq,Malta
155,Nnta Venera,Malta
156,Nrgiewi,Malta
157,Nsdica,Malta
158,Nsdila,Malta
159,Nsgalra,Malta
160,Nsiala,Malta
161,Nssila,Malta
162,Nssixa,Malta
163,Nstalfa,Malta
164,Nstasa,Malta
165,Ntd Ia-A,Malta
166,Ntg Vanlotka,Malta
167,Ntn Ii-Baharghu,Malta
168,Ntn Ii-Gklrnt,Malta
169,Ntnnat,Malta
170,Ntsnilta,Malta
171,Nun,Malta
172,Nxirn,Malta
173,Nzina,Malta
174,Nznta Venera,Malta
175,Pamlun,Malta
176,Pembroke,Malta
177,Pimtarfa,Malta
178,Pmmlonkara,Malta
179,Pmmloriana,Malta
180,Pomei,Malta
181,Psmskdli,Malta
182,Pzebbug,Malta
183,Rfi,Malta
184,Rgiewi,Malta
185,Rguea,Malta
186,Rguua,Malta
187,Rieq,Malta
188,Rig,Malta
189,Rliema,Malta
190,Rsixa,Malta
191,Rzebbuga,Malta
192,Sadlr,Malta
193,Sdda,Malta
194,Sddca,Malta
195,Sddi,Malta
196,Sdgli,Malta
197,Sdixa,Malta
198,Sdnlat,Malta
199,Sdsa,Malta
200,Sdskilkara,Malta
201,Sfi,Malta
202,Sfsi,Malta
203,Sgda,Malta
204,Sgsialiema,Malta
205,Sgsiwa,Malta
206,Sgtarfa,Malta
207,Sida,Malta
208,Siga,Malta
209,Sigaira,Malta
210,Sisa,Malta
211,Sita,Malta
212,Sixa,Malta
213,Sixaa,Malta
214,Snskala,Malta
215,Snskilkara,Malta
216,Ssdicazrzebbuga,Malta
217,Ssdli,Malta
218,Ssdsi,Malta
219,Ssdxirna,Malta
220,Ssxlik,Malta
221,Szskala,Malta
222,T Nan,Malta
223,T-Fie,Malta
224,Talfa,Malta
225,Tana,Malta
226,Tdna,Malta
227,Tfa,Malta
228,Tfi,Malta
229,Tgli,Malta
230,Tgoiea,Malta
231,Tirfi,Malta
232,Tli,Malta
233,Tmdina,Malta
234,Tnnat,Malta
235,Tun,Malta
236,Udna,Malta
237,Una,Malta
238,Victoriana,Malta
239,Widi,Malta
240,Xghajra,Malta
241,Xirn,Malta
242,Xirna,Malta
243,Xirng,Malta
244,Ziea,Malta
245,Ziebau,Malta
246,Zmbroke,Malta
247,Zona,Malta
248,Zz-Eebuu,Malta
249,Zzebbug,Malta
