,Name,Origin
0, Bassin-Rose Hi,Mauritius
1, Fhache,Mauritius
2, Grenien,Mauritius
3, Villes,Mauritius
4,-Ne Bornes,Mauritius
5,-Re De Frands,Mauritius
6,-Rose Bel Air R,Mauritius
7,-Rose Blanchet,Mauritius
8,-Rose Hill,Mauritius
9,-Rose Hille Fla,Mauritius
10,-Rose Hoche,Mauritius
11,-Rose Hoches An,Mauritius
12,-Rose Hoches Pa,Mauritius
13,-Rose Hochet,Mauritius
14,Air Rivierre De,Mauritius
15,Amarin,Mauritius
16,Amplement Pimen,Mauritius
17,Amplementre Bla,Mauritius
18,Amplements,Mauritius
19,Amplemous,Mauritius
20,Amplemousses,Mauritius
21,Amtou,Mauritius
22,Andre,Mauritius
23,Anrre,Mauritius
24,Bambourg,Mauritius
25,Bambous,Mauritius
26,Bambousses,Mauritius
27,Bamte Riviere,Mauritius
28,Bamtl ,Mauritius
29,Bamtou,Mauritius
30,Bamtri ,Mauritius
31,Bamtri Aex Mili,Mauritius
32,Bamtri Lel,Mauritius
33,Bamtri Lements,Mauritius
34,Bamtri Les,Mauritius
35,Bastopol,Mauritius
36,Bchet,Mauritius
37,Bhis,Mauritius
38,Bhurinam,Mauritius
39,Bin Grove,Mauritius
40,Bourg,Mauritius
41,Brisee Verdiere,Mauritius
42,Che,Mauritius
43,Ches Andre,Mauritius
44,Ches Anguill,Mauritius
45,Ches Anguille F,Mauritius
46,Ches Noire,Mauritius
47,Ches Papayes,Mauritius
48,Chet,Mauritius
49,Creriel,Mauritius
50,Dge,Mauritius
51,Digonian Rches ,Mauritius
52,Ds Raffray,Mauritius
53,Earong Mountagn,Mauritius
54,Earong Mountair,Mauritius
55,Ebastopol,Mauritius
56,Emroignard,Mauritius
57,Ent Saine Des A,Mauritius
58,Fhacoas,Mauritius
59,Gaabebourg,Mauritius
60,Gkay,Mauritius
61,Gnard,Mauritius
62,Gnt Sac,Mauritius
63,Gnt Saint Andre,Mauritius
64,Granche,Mauritius
65,Grand Gaube,Mauritius
66,Hamarin,Mauritius
67,Hamarinam,Mauritius
68,Hcboire,Mauritius
69,Hcbois,Mauritius
70,Hcbotsses,Mauritius
71,Hcmatie,Mauritius
72,Hcmin Greniere,Mauritius
73,Hcmin Greniere ,Mauritius
74,Hcmin Grove,Mauritius
75,Hcmit Raffray,Mauritius
76,Hebourg,Mauritius
77,Hebous,Mauritius
78,Hebousses,Mauritius
79,Hhcmin Grove,Mauritius
80,Hibonradcebasto,Mauritius
81,Hibonradds Sac,Mauritius
82,Hibonrajos,Mauritius
83,Hibonre,Mauritius
84,Hibonre Sechet,Mauritius
85,Hibons Dambourg,Mauritius
86,Hibons Papayes,Mauritius
87,Hibonsain Grove,Mauritius
88,Hibontagne Blan,Mauritius
89,Hic,Mauritius
90,Himin Grenien,Mauritius
91,Himin Grenier,Mauritius
92,Himin Grove,Mauritius
93,Hmbourg,Mauritius
94,Hmbousses,Mauritius
95,Homin Greniere,Mauritius
96,Homin Greniere ,Mauritius
97,Homin Grove,Mauritius
98,Homit Raffray,Mauritius
99,Hourg,Mauritius
100,Htheriel,Mauritius
101,Hubors,Mauritius
102,Hurin,Mauritius
103,Hurinam,Mauritius
104,I-Re,Mauritius
105,Ika,Mauritius
106,Ilat,Mauritius
107,Ilatce Lemousse,Mauritius
108,Imaniere Bland ,Mauritius
109,Int Andre,Mauritius
110,Int Anguillacq,Mauritius
111,Int Anguille Fr,Mauritius
112,Int Piment Sain,Mauritius
113,Int Sain,Mauritius
114,Inte Aux Piere,Mauritius
115,Inte Aux Piment,Mauritius
116,Inte De Flac,Mauritius
117,Inte Des Noire,Mauritius
118,Inte Rouge,Mauritius
119,Iton,Mauritius
120,Itre Bland Gaub,Mauritius
121,Jos,Mauritius
122,Kat,Mauritius
123,Kay,Mauritius
124,Lac,Mauritius
125,Lacq,Mauritius
126,Lamcos,Mauritius
127,Lamne De Frands,Mauritius
128,Lamne Du Sac,Mauritius
129,Lamne Magnien,Mauritius
130,Lamne Mathurina,Mauritius
131,Lamnend Bornes,Mauritius
132,Lamqriele Flac,Mauritius
133,Lamqriele Flacq,Mauritius
134,Lamres,Mauritius
135,Lementre Des An,Mauritius
136,Lhastopol,Mauritius
137,Lhe,Mauritius
138,Lhemin Grenien,Mauritius
139,Lhemin Greniere,Mauritius
140,Lhemin Grove,Mauritius
141,Lhes Andre,Mauritius
142,Lhes Papayes,Mauritius
143,Lhmmin Grove,Mauritius
144,Llacq,Mauritius
145,Llmsti Re Des A,Mauritius
146,Ln Hche,Mauritius
147,Ln Hill,Mauritius
148,Ln Hillacq,Mauritius
149,Ln Hille Flacq,Mauritius
150,Lr Iiltacraide ,Mauritius
151,Mabbosre,Mauritius
152,Mabiveel,Mauritius
153,Mabivresie-,Mauritius
154,Maiie,Mauritius
155,Maiier,Mauritius
156,Maiier Militair,Mauritius
157,Maiiere,Mauritius
158,Malilatq,Mauritius
159,Manie ,Mauritius
160,Maninngrdne Mag,Mauritius
161,Manis,Mauritius
162,Marin,Mauritius
163,Marinam,Mauritius
164,Masione Bois,Mauritius
165,Matier,Mauritius
166,Mbrilet,Mauritius
167,Mpart,Mauritius
168,N-Rose Hochet,Mauritius
169,Nac,Mauritius
170,Nagdeb Sres,Mauritius
171,Nam,Mauritius
172,Nard,Mauritius
173,Nas,Mauritius
174,Ndre,Mauritius
175,Ng Mountagne Be,Mauritius
176,Ng Mountagnien,Mauritius
177,Ng Mountaine Be,Mauritius
178,Ng Mountaine De,Mauritius
179,Ng Mountaire,Mauritius
180,Ngaioee Verdier,Mauritius
181,Ngrbninier,Mauritius
182,Ngrove,Mauritius
183,Ninm Mhurin,Mauritius
184,Nint Sain,Mauritius
185,Nt Andre,Mauritius
186,Nt Pier,Mauritius
187,Nt Pierre,Mauritius
188,Nt Piments,Mauritius
189,Nt Sac,Mauritius
190,Nt Saine Blanch,Mauritius
191,Nt Saine Bois,Mauritius
192,Nt Saine Magnie,Mauritius
193,Ntagne Bland Du,Mauritius
194,Ntagne De Flacq,Mauritius
195,Ntagne Magne De,Mauritius
196,Ntagne Magnien,Mauritius
197,Ntagne Mathurin,Mauritius
198,Ntagnien,Mauritius
199,Ntagnier,Mauritius
200,Ntagnier Milita,Mauritius
201,Ntagniere,Mauritius
202,Ntagniere Cocos,Mauritius
203,Ntagniere De Fl,Mauritius
204,Ntagnierre Des ,Mauritius
205,Ntain,Mauritius
206,Ntaine Blanches,Mauritius
207,Ntaine De Flacq,Mauritius
208,Ntaine Des Noir,Mauritius
209,Ntaine Du Saint,Mauritius
210,Ntaint Andre,Mauritius
211,Ntaint Pimentre,Mauritius
212,Ntair,Mauritius
213,Ntair Riviere D,Mauritius
214,Ntaire,Mauritius
215,Nthurin,Mauritius
216,Nthurinam,Mauritius
217,Ntiere,Mauritius
218,Ntperiel,Mauritius
219,Ntpirong Mounta,Mauritius
220,Ntre Belle,Mauritius
221,Ntre De Flac,Mauritius
222,Ntre De Frand D,Mauritius
223,Ntre Rouge,Mauritius
224,Ntserhes Anguil,Mauritius
225,Ntve Le Flac,Mauritius
226,Ntw Grenier Mil,Mauritius
227,Ntw Greniere,Mauritius
228,Ntw Grove,Mauritius
229,Ontagne Belles,Mauritius
230,Ontagne Bornes,Mauritius
231,Ontagne De Fran,Mauritius
232,Ontaine De Flac,Mauritius
233,Ontaire,Mauritius
234,Ore Du Remparti,Mauritius
235,Ore Rivier,Mauritius
236,Pches Papayes,Mauritius
237,Qaar Dier Milit,Mauritius
238,Qhe,Mauritius
239,Qihe,Mauritius
240,Qlamne Des Noir,Mauritius
241,Qshas Uastopol,Mauritius
242,Rche,Mauritius
243,Rches Noire,Mauritius
244,Rgados Carajos,Mauritius
245,Rgados Cargados,Mauritius
246,Rgciel,Mauritius
247,Rhcviire,Mauritius
248,Rhe,Mauritius
249,Rhe ,Mauritius
250,Rhe Bellemousse,Mauritius
251,Rhe Ouis,Mauritius
252,Rherie,Mauritius
253,Rhes Papayes,Mauritius
254,Rin,Mauritius
255,Rinam,Mauritius
256,Saint Andre,Mauritius
257,Sbuire,Mauritius
258,Smant Andre,Mauritius
259,Ssmn-Rosge Oere,Mauritius
260,T Piere Rouge,Mauritius
261,Tahnbocre,Mauritius
262,Tamne Du Saine ,Mauritius
263,Ther,Mauritius
264,There Du Rempar,Mauritius
265,Thurin,Mauritius
266,Tiere De Frand ,Mauritius
267,Triolet,Mauritius
268,Tverdiere Des P,Mauritius
269,Tw Grenien,Mauritius
270,Tw Grove,Mauritius
271,Vccoes,Mauritius
272,W Grenien,Mauritius
273,W Grenier,Mauritius
274,W Grenier Milit,Mauritius
275,W Greniere,Mauritius
276,W Greniere Bel ,Mauritius
277,W Greniere Blan,Mauritius
278,W Greniere Coco,Mauritius
279,W Greniere De F,Mauritius
280,W Greniere Des ,Mauritius
281,W Greniere Rivi,Mauritius
282,W Greniere Sech,Mauritius
283,W Grenierre,Mauritius
284,W Grenierre De ,Mauritius
285,W Grove,Mauritius
286,Wamre Cocos,Mauritius
287,Wamres,Mauritius
288,Wamroignard,Mauritius
289,Wd Roignard,Mauritius
290,Wd Ruiilet,Mauritius
291,We  Ghovher Mil,Mauritius
292,We Re,Mauritius
293,We Re Des Papay,Mauritius
294,We Res,Mauritius
295,We Resie-,Mauritius
296,Wi Re Seches An,Mauritius
297,Wi Res,Mauritius
298,Wiere Cocos,Mauritius
299,Winre,Mauritius
300,Winrenien,Mauritius
301,Wir Riviere Coc,Mauritius
302,Wirr,Mauritius
303,Wirre,Mauritius
304,Wirre Belle,Mauritius
305,Wirre Bois,Mauritius
306,Wirre Bornes,Mauritius
307,Wirre De Flacq,Mauritius
308,Wirre Des Andre,Mauritius
309,Wirre Des Noire,Mauritius
310,Wirre Des Papay,Mauritius
311,Wirre Du Rempar,Mauritius
312,Wirre Riviere D,Mauritius
313,Wirre Sechet,Mauritius
314,Witre Du Rempar,Mauritius
315,Wlarcnllhm,Mauritius
316,Wlarq,Mauritius
317,Wm Riele Franch,Mauritius
318,Wmarin,Mauritius
319,Wmarinam,Mauritius
320,Wmertie,Mauritius
321,Wngrdne Bland G,Mauritius
322,Wngrdne Magnier,Mauritius
323,Wngrdnire,Mauritius
324,Wqrre,Mauritius
325,Wrere,Mauritius
326,Wrere De Frands,Mauritius
327,Ws Andre,Mauritius
328,Ws Dambourg,Mauritius
329,Ws Das Oagaeos,Mauritius
330,Ws Raffray,Mauritius
331,Wsrri,Mauritius
332,Wt  Accueil,Mauritius
333,Wt Ramdre,Mauritius
334,Wt Rapcemlas,Mauritius
335,Wt Rapcoes,Mauritius
336,Wt Rocgetit Raf,Mauritius
337,Wt Sac,Mauritius
338,Wt Sain,Mauritius
339,Wt Saine De Fra,Mauritius
340,Wt Saint Andre,Mauritius
341,Wt Saint Piere,Mauritius
342,Wt Saint Piere ,Mauritius
343,Wtarr,Mauritius
344,Wtarrd Cocos,Mauritius
345,Wtarre,Mauritius
346,Wtore De Frands,Mauritius
347,Wtr  Ill,Mauritius
348,Wtr  Itie,Mauritius
349,Wtrre Riviere R,Mauritius
350,Ww  Risee Verdi,Mauritius
351,Ww Rrin,Mauritius
352,X Aixe Des Andr,Mauritius
353,Xie,Mauritius
354,Yeal Oil,Mauritius
355,Yhes Noire,Mauritius
