,Name,Origin
0, Loi,Moldova
1, Loieni,Moldova
2, Loieoi,Moldova
3, Ngi,Moldova
4, Ngu,Moldova
5, Rochia,Moldova
6, Voda,Moldova
7,- Nni,Moldova
8,--Nnnestrovsc,Moldova
9,-Anestrovsc,Moldova
10,-Auneni,Moldova
11,-Eni,Moldova
12,-Inn,Moldova
13,-Innesti,Moldova
14,-L Nui Voda,Moldova
15,-Lna,Moldova
16,-Lnae,Moldova
17,-Lnau,Moldova
18,-Lnnga,Moldova
19,-Lnngta,Moldova
20,-Lun Voda,Moldova
21,-Lunga,Moldova
22,-Lungaz,Moldova
23,-Neni,Moldova
24,-Poneni,Moldova
25,-Tani,Moldova
26,-Ul Lui Voda,Moldova
27,Aeni,Moldova
28,Aenii Noi,Moldova
29,Ahei,Moldova
30,Aleni,Moldova
31,Ali,Moldova
32,Alii,Moldova
33,Alminlta,Moldova
34,Aloveni,Moldova
35,Amenca,Moldova
36,Anesti,Moldova
37,Ani,Moldova
38,Aolia,Moldova
39,Ari,Moldova
40,Aulal,Moldova
41,Auleni,Moldova
42,Basari,Moldova
43,Brasi,Moldova
44,C Muisvniu Eni,Moldova
45,Calara,Moldova
46,Cclta,Moldova
47,Ceni,Moldova
48,Clia,Moldova
49,Cmislia,Moldova
50,Cnita,Moldova
51,Cniu Eni,Moldova
52,Comaisc,Moldova
53,Cyoari,Moldova
54,Dnesti,Moldova
55,Ealii,Moldova
56,Edi,Moldova
57,Eecanesti,Moldova
58,Eeni,Moldova
59,Efan Voda,Moldova
60,Efta I,Moldova
61,Eiinn,Moldova
62,Eiinnesti,Moldova
63,Emtidnr,Moldova
64,Eni,Moldova
65,Enii Noi,Moldova
66,Epti,Moldova
67,Eri,Moldova
68,Erinet,Moldova
69,Esti,Moldova
70,Eti,Moldova
71,Eya,Moldova
72,Eyhirisporeni,Moldova
73,Eyi,Moldova
74,Eytari,Moldova
75,Ezinau,Moldova
76,Ezmnita,Moldova
77,Ezti,Moldova
78,Fan Voda,Moldova
79,Fenbi,Moldova
80,Fmorhoi,Moldova
81,Fooga,Moldova
82,Gara,Moldova
83,Garaclia,Moldova
84,Glodeni,Moldova
85,Grochia,Moldova
86,Heni,Moldova
87,Hii,Moldova
88,Hilia,Moldova
89,Hini,Moldova
90,Hiniu Eni,Moldova
91,Hiniu Enii Noi,Moldova
92,Hisina,Moldova
93,Hlii,Moldova
94,Hryhoriopol,Moldova
95,Hsi,Moldova
96,Hyhhri,Moldova
97,I Noi,Moldova
98,Iheni,Moldova
99,Inet,Moldova
100,Inporescu,Moldova
101,Iopol,Moldova
102,Iorgoraseni,Moldova
103,Irrgorani,Moldova
104,L Aumenca,Moldova
105,L Iuiesirasi,Moldova
106,L Lui Voda,Moldova
107,Laraseni,Moldova
108,Larasi,Moldova
109,Lcanesti,Moldova
110,Lea,Moldova
111,Leati,Moldova
112,Leni,Moldova
113,Lhini,Moldova
114,Lia,Moldova
115,Lii,Moldova
116,Llaa,Moldova
117,Lli,Moldova
118,Llia,Moldova
119,Lma,Moldova
120,Lmansc,Moldova
121,Lmenca,Moldova
122,Lmi,Moldova
123,Lminl,Moldova
124,Lminlta,Moldova
125,Lminlu,Moldova
126,Lni  Oidor-Olna,Moldova
127,Lni Voda,Moldova
128,Loaei,Moldova
129,Lolea,Moldova
130,Loleai,Moldova
131,Loleaii,Moldova
132,Loleani,Moldova
133,Looga,Moldova
134,Loreni,Moldova
135,Loveni,Moldova
136,Lovenii Noi,Moldova
137,Lovga,Moldova
138,Lti,Moldova
139,Lul Lui Voda,Moldova
140,Lvanduseni,Moldova
141,Lzani,Moldova
142,Meaci,Moldova
143,Mefcn T,Moldova
144,Menca,Moldova
145,Merc,Moldova
146,Mescu,Moldova
147,Metca,Moldova
148,Metcaceni,Moldova
149,Mislia,Moldova
150,Mlclnau,Moldova
151,Mlil,Moldova
152,Mlmlnleri,Moldova
153,Mlmlnlta,Moldova
154,Mnita,Moldova
155,Mnldenii Noi,Moldova
156,Mrat,Moldova
157,Mrddoescu,Moldova
158,Mritefan Voda,Moldova
159,Mritova,Moldova
160,Myaloveni,Moldova
161,Myhari,Moldova
162,N Voda,Moldova
163,Neni,Moldova
164,Nenii Noi,Moldova
165,Ner,Moldova
166,Nesti,Moldova
167,Net,Moldova
168,Nga,Moldova
169,Ngaz,Moldova
170,Nispol,Moldova
171,Nita,Moldova
172,Nl Aui Voda,Moldova
173,Nlta,Moldova
174,Nluoga,Moldova
175,Nmi,Moldova
176,Nnesti,Moldova
177,Nni,Moldova
178,Nos,Moldova
179,Nosi,Moldova
180,Npo,Moldova
181,Npol,Moldova
182,Nul Lui Voda,Moldova
183,Oani,Moldova
184,Oceni,Moldova
185,Ocenii Noi,Moldova
186,Oclia,Moldova
187,Ocnita,Moldova
188,Oeni,Moldova
189,Oldanesti,Moldova
190,Oldanestrovsc,Moldova
191,Olea,Moldova
192,Olhani,Moldova
193,Olia,Moldova
194,Olla,Moldova
195,Ollana,Moldova
196,Ollanau,Moldova
197,Olnat,Moldova
198,Olnau,Moldova
199,Oloa,Moldova
200,Oloaeari,Moldova
201,Oloaei,Moldova
202,Olua Vsdu,Moldova
203,Omeaci,Moldova
204,Omlal,Moldova
205,Omnita,Moldova
206,Omrat,Moldova
207,Onesti,Moldova
208,Onga,Moldova
209,Ongaz,Moldova
210,Opol,Moldova
211,Ova,Moldova
212,Pol,Moldova
213,Porescu,Moldova
214,Poresti,Moldova
215,Porvomaiscanest,Moldova
216,R Cuieni,Moldova
217,R Loieni,Moldova
218,R-Lunga,Moldova
219,Raminli,Moldova
220,Rascani,Moldova
221,Reni,Moldova
222,Renii Noi,Moldova
223,Rescu,Moldova
224,Ret,Moldova
225,Rethii,Moldova
226,Reti,Moldova
227,Rhii,Moldova
228,Ri Poi,Moldova
229,Rihpoi,Moldova
230,Rimescu,Moldova
231,Rinet,Moldova
232,Riopol,Moldova
233,Rlhini,Moldova
234,Rloleaii,Moldova
235,Rmstdovsc,Moldova
236,Rmzisani,Moldova
237,Rni  Oidorescu,Moldova
238,Rnosi,Moldova
239,Rochia,Moldova
240,Romhisinau,Moldova
241,Romialii,Moldova
242,Romsati,Moldova
243,Romsita,Moldova
244,Roniu Eni,Moldova
245,Roshini,Moldova
246,Rovsc,Moldova
247,Rpomeaci,Moldova
248,Rvocaieci,Moldova
249,Ryhoriopol,Moldova
250,Ryomrat,Moldova
251,Ryoordot,Moldova
252,Seni,Moldova
253,Slla,Moldova
254,Snef,Moldova
255,Sni,Moldova
256,Snnita,Moldova
257,Soldanestrovsc,Moldova
258,Taraclia,Moldova
259,Tefan Voda,Moldova
260,Trovsc,Moldova
261,Ubasari,Moldova
262,Ubesiu,Moldova
263,Ubesti,Moldova
264,Ulalara,Moldova
265,Uleni,Moldova
266,Ulenii Noi,Moldova
267,Ullana,Moldova
268,Vdrrsti,Moldova
269,Vnduseni,Moldova
270,Voda,Moldova
271,Vomaisc,Moldova
272,Vomaiscanesti,Moldova
273,Vrdutasi,Moldova
274,Yalrinet,Moldova
275,Yaoriopol,Moldova
276,Yarriopol,Moldova
277,Yerrot,Moldova
278,Yhoriopol,Moldova
279,Yloresti,Moldova
280,Ymorhoi,Moldova
281,Yomeaci,Moldova
282,Yomrat,Moldova
283,Yoordot,Moldova
284,Yoordoteni,Moldova
285,Yorani,Moldova
286,Yoraseni,Moldova
287,Yorasi,Moldova
288,Yorrot,Moldova
289,Yorrothci,Moldova
290,Yrorhoi,Moldova
291,Ytova,Moldova
292,Zana,Moldova
293,Zen,Moldova
294,Zeni,Moldova
295,Zina,Moldova
296,Zlaa,Moldova
297,Znanesti,Moldova
298,Zneni,Moldova
299,Zonesti,Moldova
300,Ztani,Moldova
