,Name,Origin
0, Elmim,Morocco
1, Fgtgaghazout,Morocco
2, Geima,Morocco
3, Ifni,Morocco
4, Ouen,Morocco
5, Rez,Morocco
6,'Elaat Mgouna,Morocco
7,'Goana,Morocco
8,'Laat Mgouna,Morocco
9,'Ne,Morocco
10,'Raa Benitra,Morocco
11,'Rea,Morocco
12,-Ennouren,Morocco
13,-Gnngeima,Morocco
14,-Lanca,Morocco
15,-Ouren,Morocco
16,-Ran,Morocco
17,-Rana,Morocco
18,-Zane,Morocco
19,Arfaya,Morocco
20,As Al Bali,Morocco
21,Ben Oet,Morocco
22,Berkane,Morocco
23,Bg Tciharb,Morocco
24,Bg Tcihhir,Morocco
25,Bga,Morocco
26,Bianimine,Morocco
27,Bnen,Morocco
28,Bs Tlaocen,Morocco
29,Burznzkane,Morocco
30,C-Ga,Morocco
31,Cci,Morocco
32,Cem,Morocco
33,Cfi,Morocco
34,Cgghhzioun,Morocco
35,Cghazout,Morocco
36,Cgi,Morocco
37,Chfara,Morocco
38,Chfarou,Morocco
39,Chidi Qacem,Morocco
40,Chidia,Morocco
41,Cif,Morocco
42,Cim,Morocco
43,Cri,Morocco
44,D Lentre),Morocco
45,Dar,Morocco
46,Delt,Morocco
47,Dentre),Morocco
48,Dla,Morocco
49,Dre,Morocco
50,E' Aa Bel Ksiri,Morocco
51,E- An Bennour,Morocco
52,Echraa Bel Ksir,Morocco
53,Echraa Beni Mat,Morocco
54,Echraa Bennour,Morocco
55,Echraa Bennouri,Morocco
56,Ecmr,Morocco
57,Ef Haourirt,Morocco
58,Ef Kaib,Morocco
59,Efchaour,Morocco
60,Efno,Morocco
61,Efrou,Morocco
62,Eknes,Morocco
63,El Ksiri,Morocco
64,Elmim,Morocco
65,Em Oelaat Mgoun,Morocco
66,Em Oen,Morocco
67,Em Oet,Morocco
68,Em Olarcafoudan,Morocco
69,Emara,Morocco
70,Emir,Morocco
71,En- An Bel Ksir,Morocco
72,En- An Bennour,Morocco
73,En-Oa,Morocco
74,En-Oare,Morocco
75,En-Oat,Morocco
76,En-Tan-Tan-Tan,Morocco
77,Ennourirt,Morocco
78,Ercif,Morocco
79,Erkane,Morocco
80,Et Mgoun,Morocco
81,Etti Fatma,Morocco
82,Ez Kaib,Morocco
83,Fem,Morocco
84,Fen,Morocco
85,Fggghczout,Morocco
86,Fgouna,Morocco
87,Fir,Morocco
88,Foudant,Morocco
89,Frfa,Morocco
90,Fri,Morocco
91,Friagarfa,Morocco
92,Friat,Morocco
93,Frou,Morocco
94,Frrachidi Qacem,Morocco
95,Fss Il Gharb'A ,Morocco
96,G Gciharb,Morocco
97,Gbga,Morocco
98,Geghazour,Morocco
99,Geghazouren,Morocco
100,Geghazouribga,Morocco
101,Geima,Morocco
102,Gen,Morocco
103,Genat,Morocco
104,Ger,Morocco
105,Gerada,Morocco
106,Ggh(Zane,Morocco
107,Ggh(Zont,Morocco
108,Ggh(Zrzazat,Morocco
109,Gghczasablanca,Morocco
110,Gghczasea Al Gh,Morocco
111,Gghhzaouren,Morocco
112,Ghir,Morocco
113,Girhanimine,Morocco
114,Gkala,Morocco
115,Gkine,Morocco
116,Gnghir,Morocco
117,Goun,Morocco
118,Gouna,Morocco
119,Grer,Morocco
120,Grghgzouren,Morocco
121,Gria Beni Matha,Morocco
122,Griagarfa,Morocco
123,Griat,Morocco
124,Grrachidi Qacem,Morocco
125,Gueg Hcira,Morocco
126,Guegchidi Ifni,Morocco
127,Guegzazat,Morocco
128,Gugggh(Zonr,Morocco
129,Gugggh(Zont,Morocco
130,Guggghcrafa,Morocco
131,Guggghczasablan,Morocco
132,Guggghczaseataa,Morocco
133,Guggghczat,Morocco
134,Guggghczour,Morocco
135,Guggghczout,Morocco
136,Guggghhzaourirt,Morocco
137,Guggghhziouna,Morocco
138,Guggghhzour,Morocco
139,Guggghhzout,Morocco
140,Guggihgriat,Morocco
141,Guggihhaii,Morocco
142,Guggihhar,Morocco
143,Guggihhidi Benn,Morocco
144,Guggihhir,Morocco
145,Gughgraa Bel Ks,Morocco
146,Guig (Centre),Morocco
147,Gurgbga,Morocco
148,Gurgbgghczasabl,Morocco
149,Gurgbgh,Morocco
150,Gurgrfa,Morocco
151,Gurgrhanimine,Morocco
152,Id Qecer,Morocco
153,Idelt,Morocco
154,Ifzour,Morocco
155,Ifzouribga,Morocco
156,Ifzout,Morocco
157,Ire,Morocco
158,Irzouren,Morocco
159,Irzzznnk,Morocco
160,Iuzout,Morocco
161,Izzine,Morocco
162,Kane,Morocco
163,Kem,Morocco
164,Kem Oet,Morocco
165,Kene Mathar,Morocco
166,Klmnce,Morocco
167,Klmsmara,Morocco
168,Knes,Morocco
169,Krkane,Morocco
170,Kzelmim,Morocco
171,L Bali,Morocco
172,L Gharb,Morocco
173,L Gharb'A Al Gh,Morocco
174,L Ghir,Morocco
175,L Ghozren,Morocco
176,L Ifni,Morocco
177,Lad Teima,Morocco
178,Lag (Centre),Morocco
179,Lagca,Morocco
180,Lagcagora,Morocco
181,Lai Bennourirt,Morocco
182,Lcim,Morocco
183,Ldi Qacem,Morocco
184,Lelmim,Morocco
185,Lemcoudant,Morocco
186,Lemcr,Morocco
187,Lenco,Morocco
188,Lgnihriat,Morocco
189,Lid Ieiaaa Beni,Morocco
190,Lrbra,Morocco
191,N-Tan,Morocco
192,N-Tan-Tan-Tan-T,Morocco
193,Nek,Morocco
194,Nekare,Morocco
195,Nghir,Morocco
196,Ngiighir,Morocco
197,Ngkine,Morocco
198,Ni Mathar,Morocco
199,Nrkane,Morocco
200,Ouarfaya,Morocco
201,Oudant,Morocco
202,Ouen,Morocco
203,Ougaghazout,Morocco
204,Our,Morocco
205,Ouren,Morocco
206,Ouribga,Morocco
207,Ourirt,Morocco
208,Q Bali,Morocco
209,Q Larb,Morocco
210,Q Larb'A Al Bal,Morocco
211,Qccem,Morocco
212,Qcec,Morocco
213,Qcee,Morocco
214,Qcef,Morocco
215,Qkcen,Morocco
216,Qra,Morocco
217,R-Can,Morocco
218,Rcef,Morocco
219,Rcffa,Morocco
220,Rcffoud,Morocco
221,Rcffoudant,Morocco
222,Rcif,Morocco
223,Rec,Morocco
224,Recfr,Morocco
225,Rechraa Bel Ksi,Morocco
226,Rechraa Beni Ma,Morocco
227,Rek,Morocco
228,Rekaelaat Mgoun,Morocco
229,Ren,Morocco
230,Rfa,Morocco
231,Rfaya,Morocco
232,Rfbyan,Morocco
233,Rfca,Morocco
234,Rfcuaofriat,Morocco
235,Rfcya,Morocco
236,Rfe,Morocco
237,Rfey,Morocco
238,Rfeyaa,Morocco
239,Rfeyaat Mgoun,Morocco
240,Rffya,Morocco
241,Rfi,Morocco
242,Rfiy,Morocco
243,Rfoud,Morocco
244,Rfoudant,Morocco
245,Rfrya,Morocco
246,Rfzyar,Morocco
247,Ridga,Morocco
248,Ridge,Morocco
249,Ridgr,Morocco
250,Ridtr,Morocco
251,Rkane,Morocco
252,Rkensour,Morocco
253,Rknnsmelaat Mgo,Morocco
254,Rldda,Morocco
255,Rou,Morocco
256,Roud,Morocco
257,Roudant,Morocco
258,Rqccfa,Morocco
259,Rrfcya,Morocco
260,Rsghir,Morocco
261,Rya,Morocco
262,Rzezmana,Morocco
263,Rzzznnke,Morocco
264,S Elmim,Morocco
265,Sarla,Morocco
266,Sbe Tadla,Morocco
267,Sbl Naouribga,Morocco
268,Sbl Ni Mathar,Morocco
269,Sbr Cem,Morocco
270,Sel Ksiri,Morocco
271,Selmim,Morocco
272,Seni Matharb,Morocco
273,Sgriat,Morocco
274,Slad Teima,Morocco
275,Srazat,Morocco
276,Sred,Morocco
277,Sred Zem,Morocco
278,Sren,Morocco
279,Srez,Morocco
280,Srfa,Morocco
281,Tbg Tciharb,Morocco
282,Tre),Morocco
283,U-Rznzkane,Morocco
284,Ued Zem,Morocco
285,Uemzaat Mgouna,Morocco
286,Uemzrazat,Morocco
287,Uen,Morocco
288,Uercif,Morocco
289,Uezzane,Morocco
290,Ufrrachidi Benn,Morocco
291,Ulad Teima,Morocco
292,Uren,Morocco
293,Urfbyan,Morocco
294,Urfrya,Morocco
295,Uribga,Morocco
296,Urirt,Morocco
297,Urzrzazat,Morocco
298,Usrfaya,Morocco
299,Uuadzat,Morocco
300,Uuen,Morocco
301,Uzzznnk,Morocco
302,Yen,Morocco
303,Yin Bennour,Morocco
304,Yrkane,Morocco
305,Zara,Morocco
306,Zemmouribga,Morocco
307,Zenmour,Morocco
308,Zenmouren,Morocco
309,Zenmourirt,Morocco
310,Zrec,Morocco
311,Zrechraa Bel Ks,Morocco
312,Zrechraa Bennou,Morocco
313,Zrek,Morocco
314,Zrzazat,Morocco
