,Name,Origin
0, Tung,Myanmar
1, Tungde,Myanmar
2, Tunggyi Townsh,Myanmar
3, Tunglebin,Myanmar
4, Tungon,Myanmar
5, Tungoo,Myanmar
6,-An,Myanmar
7,Acailg,Myanmar
8,Acailk,Myanmar
9,Achilek,Myanmar
10,Aei,Myanmar
11,Akak,Myanmar
12,Akami,Myanmar
13,Akanbe,Myanmar
14,Akwa,Myanmar
15,Alamyingyan,Myanmar
16,Ama,Myanmar
17,Amying,Myanmar
18,An Tungde,Myanmar
19,Anaung,Myanmar
20,Anaungde,Myanmar
21,Anaunggyi,Myanmar
22,Anaungoo,Myanmar
23,Andalay,Myanmar
24,Andan,Myanmar
25,Ang,Myanmar
26,Angon,Myanmar
27,Angoo,Myanmar
28,Angyan,Myanmar
29,Ante,Myanmar
30,Artaban,Myanmar
31,Arwadi,Myanmar
32,Arwady,Myanmar
33,Aryarwady,Myanmar
34,Athein,Myanmar
35,Aud,Myanmar
36,Audgn,Myanmar
37,Audsn,Myanmar
38,Auk,Myanmar
39,Aukse,Myanmar
40,Aun,Myanmar
41,Aung,Myanmar
42,Aungde,Myanmar
43,Aunggyi,Myanmar
44,Aunggyi Townshi,Myanmar
45,Aunggying,Myanmar
46,Aunglebin,Myanmar
47,Aungon,Myanmar
48,Aungoo,Myanmar
49,Awa,Myanmar
50,Awadi,Myanmar
51,Awady,Myanmar
52,Awthoungde,Myanmar
53,Bgami,Myanmar
54,Bgamo,Myanmar
55,Bngan,Myanmar
56,Bngayinegyunn,Myanmar
57,Budmn,Myanmar
58,Bwami,Myanmar
59,C#Nle,Myanmar
60,Cally,Myanmar
61,Camli,Myanmar
62,Canlan,Myanmar
63,Carlamyinegyunn,Myanmar
64,Caua,Myanmar
65,Cauls,Myanmar
66,Cawlam,Myanmar
67,Cawlamyina,Myanmar
68,Cchlle,Myanmar
69,Cchllebin,Myanmar
70,Cchllek,Myanmar
71,Cdilek,Myanmar
72,Cdwlem,Myanmar
73,Ceik,Myanmar
74,Ceikgyi,Myanmar
75,Ceiktila,Myanmar
76,Cfllu,Myanmar
77,Cgllbi,Myanmar
78,Cgop,Myanmar
79,Chale,Myanmar
80,Chilek,Myanmar
81,Cinbu,Myanmar
82,Cinl,Myanmar
83,Clebin,Myanmar
84,Cnaunglebin,Myanmar
85,Cndle,Myanmar
86,Cndon,Myanmar
87,Cngun,Myanmar
88,Cnhle,Myanmar
89,Cpnlha,Myanmar
90,Crwldik,Myanmar
91,Csila,Myanmar
92,Cuag,Myanmar
93,Cudln,Myanmar
94,Cudon,Myanmar
95,Cugg,Myanmar
96,Cugggyi,Myanmar
97,Cwaut,Myanmar
98,Cwautglobin,Myanmar
99,Cwautseip,Myanmar
100,Cyila,Myanmar
101,Dalay,Myanmar
102,Dan,Myanmar
103,Dat,Myanmar
104,Dawady,Myanmar
105,Dawei,Myanmar
106,Den,Myanmar
107,Dwadi,Myanmar
108,Dwalty,Myanmar
109,Dwwdi,Myanmar
110,Eag Iubin,Myanmar
111,Eakak,Myanmar
112,Eau,Myanmar
113,Ecg Tung,Myanmar
114,Egyunn,Myanmar
115,Eig,Myanmar
116,Eigg,Myanmar
117,Eik,Myanmar
118,Eikgyi,Myanmar
119,Eikgyi Township,Myanmar
120,Eiktila,Myanmar
121,Eingyanaung,Myanmar
122,Ekat,Myanmar
123,Ekau,Myanmar
124,Ekut,Myanmar
125,Eng Tung,Myanmar
126,Eng Tunggyi,Myanmar
127,Eng Tunglebin,Myanmar
128,Eng Tungoo,Myanmar
129,Etmyo,Myanmar
130,Etu,Myanmar
131,Euggoi,Myanmar
132,Eukglibein,Myanmar
133,Eukglibi,Myanmar
134,Flal,Myanmar
135,Fnlalkm,Myanmar
136,Fnlamyingyan,Myanmar
137,Fnlan,Myanmar
138,Fwlamyina,Myanmar
139,G Tung,Myanmar
140,Gaceikgyi,Myanmar
141,Gariam,Myanmar
142,Gartaban,Myanmar
143,Garyarwadi,Myanmar
144,Gaung,Myanmar
145,Gaungde,Myanmar
146,Gaunggyi,Myanmar
147,Gaungon,Myanmar
148,Gaungoo,Myanmar
149,Gayina,Myanmar
150,Gbi,Myanmar
151,Gce,Myanmar
152,Gceiktila,Myanmar
153,Gci,Myanmar
154,Gci Townshio,Myanmar
155,Gcinbu,Myanmar
156,Gde,Myanmar
157,Gdinegyunn,Myanmar
158,Gei,Myanmar
159,Gin,Myanmar
160,Gki,Myanmar
161,Glebin,Myanmar
162,Gon,Myanmar
163,Goo,Myanmar
164,Gryarwadi,Myanmar
165,Gwa,Myanmar
166,Gwalt,Myanmar
167,Gwalym,Myanmar
168,Gwe,Myanmar
169,Gyan,Myanmar
170,Gyanaung,Myanmar
171,Gyanaungde,Myanmar
172,Gyanaunglebin,Myanmar
173,Gyi,Myanmar
174,Gyi Townshio,Myanmar
175,Gyi Township,Myanmar
176,Hakha,Myanmar
177,Hauk,Myanmar
178,Haukse,Myanmar
179,Hna-An,Myanmar
180,Hna-On,Myanmar
181,Hun-Le,Myanmar
182,Iklat,Myanmar
183,Ing,Myanmar
184,Ingyan,Myanmar
185,Ingyanaungde,Myanmar
186,Itkying,Myanmar
187,Kau,Myanmar
188,Kawthoung,Myanmar
189,Kayan,Myanmar
190,Kceiktila,Myanmar
191,Keng Tung,Myanmar
192,Kkaing,Myanmar
193,Knaung,Myanmar
194,Kngoo,Myanmar
195,Kngyan,Myanmar
196,Knyaukse,Myanmar
197,Krwady,Myanmar
198,Kuan,Myanmar
199,Kuk,Myanmar
200,Kun,Myanmar
201,Kunb,Myanmar
202,Kunbd,Myanmar
203,Kwa,Myanmar
204,Kwaitkyinegyunn,Myanmar
205,Lalky,Myanmar
206,Lan,Myanmar
207,Lau,Myanmar
208,Leikgyi,Myanmar
209,Len,Myanmar
210,Lmik,Myanmar
211,Lnship,Myanmar
212,Lshpon,Myanmar
213,Ludpn,Myanmar
214,Lush,Myanmar
215,Luso,Myanmar
216,Lussehp,Myanmar
217,Lusslodkwe,Myanmar
218,Martaban,Myanmar
219,Maubin,Myanmar
220,Mawlaikkami,Myanmar
221,Mciol,Myanmar
222,Mcrtibaw,Myanmar
223,Meikgyi Townshi,Myanmar
224,Meiktila,Myanmar
225,Mgib,Myanmar
226,Min,Myanmar
227,Mogok,Myanmar
228,Mribm,Myanmar
229,Mrubdn,Myanmar
230,Mrwadi,Myanmar
231,Mryarwadi,Myanmar
232,N Tung,Myanmar
233,N Tungde,Myanmar
234,N Tungon,Myanmar
235,Nagoina,Myanmar
236,Nanaunggyi,Myanmar
237,Naung,Myanmar
238,Naungde,Myanmar
239,Naunggyi,Myanmar
240,Naunggyi Townsh,Myanmar
241,Naunglebin,Myanmar
242,Nawady,Myanmar
243,Ndalam,Myanmar
244,Ndalamyinegyunn,Myanmar
245,Ndalay,Myanmar
246,Ndryarwady,Myanmar
247,Neu,Myanmar
248,Ng Tung,Myanmar
249,Ng Tungde,Myanmar
250,Ngannawady,Myanmar
251,Ngaunggyi Towns,Myanmar
252,Ngayan,Myanmar
253,Ngchelet,Myanmar
254,Ngde,Myanmar
255,Nge,Myanmar
256,Ngeo,Myanmar
257,Nggyi,Myanmar
258,Nggyi Townshio,Myanmar
259,Nggyi Township,Myanmar
260,Ngmo,Myanmar
261,Ngnanaungon,Myanmar
262,Ngon,Myanmar
263,Ngoo,Myanmar
264,Ngoy,Myanmar
265,Ngpandalamying,Myanmar
266,Ngryarwady,Myanmar
267,Ngun,Myanmar
268,Ngyan,Myanmar
269,Ngyanaung,Myanmar
270,Ngyanaungde,Myanmar
271,Ngyanaungon,Myanmar
272,Ngyanaungoo,Myanmar
273,Niun,Myanmar
274,Nnaung,Myanmar
275,Nnaunggyi Towns,Myanmar
276,Nnaungoo,Myanmar
277,Nngun,Myanmar
278,Nngungde,Myanmar
279,Npaldy,Myanmar
280,Nthada,Myanmar
281,Nugoo,Myanmar
282,Nugyleikgyi,Myanmar
283,Nwaut,Myanmar
284,Ogyl ,Myanmar
285,Ogyleik,Myanmar
286,Ongwa,Myanmar
287,Pandalamyina,Myanmar
288,Pandalay,Myanmar
289,Pau,Myanmar
290,Paungde,Myanmar
291,Petpandalamying,Myanmar
292,Pon,Myanmar
293,Pukonkwa,Myanmar
294,Put,Myanmar
295,Puth,Myanmar
296,Raaben,Myanmar
297,Rmad,Myanmar
298,Rnarwady,Myanmar
299,Rnaryarwady,Myanmar
300,Rtaban,Myanmar
301,Ruddn,Myanmar
302,Rudglebin,Myanmar
303,Rudgn,Myanmar
304,Rwadi,Myanmar
305,Rwady,Myanmar
306,Sahpandan,Myanmar
307,Scgale,Myanmar
308,Sedp,Myanmar
309,Segaungde,Myanmar
310,Segku,Myanmar
311,Seip,Myanmar
312,Shio,Myanmar
313,Ship,Myanmar
314,Sngapon,Myanmar
315,Sngaynt,Myanmar
316,Srgarnaryarwady,Myanmar
317,Srgartaban,Myanmar
318,Sryprwddi,Myanmar
319,Teautglebin,Myanmar
320,Teik,Myanmar
321,Teikgyi,Myanmar
322,Teiktila,Myanmar
323,Tein,Myanmar
324,Thada,Myanmar
325,Tnaung,Myanmar
326,Tnein,Myanmar
327,Tudgn,Myanmar
328,Tudon,Myanmar
329,Tunglebin,Myanmar
330,Ucl,Myanmar
331,Ud-N,Myanmar
332,Udan,Myanmar
333,Uddl,Myanmar
334,Uddn,Myanmar
335,Uden,Myanmar
336,Udglabe,Myanmar
337,Udglebin,Myanmar
338,Udgn,Myanmar
339,Udin,Myanmar
340,Udln,Myanmar
341,Udmn,Myanmar
342,Udn,Myanmar
343,Udng,Myanmar
344,Udnlal,Myanmar
345,Udnn,Myanmar
346,Udon,Myanmar
347,Udsn,Myanmar
348,Udun,Myanmar
349,Ugd,Myanmar
350,Ugdl,Myanmar
351,Uggo,Myanmar
352,Uggoi,Myanmar
353,Uglpbi,Myanmar
354,Ung,Myanmar
355,Unglebin,Myanmar
356,Ungon,Myanmar
357,Ungoo,Myanmar
358,Uud,Myanmar
359,Waltm,Myanmar
360,Waltmyo,Myanmar
361,Wami,Myanmar
362,Wante,Myanmar
363,Wartaban,Myanmar
364,Wasthpdo,Myanmar
365,Wautg,Myanmar
366,Wautglibi,Myanmar
367,Wautglobin,Myanmar
368,Wawthoung,Myanmar
369,Wawthoungde,Myanmar
370,Wawthoungon,Myanmar
371,Wayte,Myanmar
372,Wdai,Myanmar
373,Wei,Myanmar
374,Wthounglebin,Myanmar
375,Wudon,Myanmar
376,Yangon,Myanmar
377,Yapon,Myanmar
378,Yarwadi,Myanmar
379,Yat,Myanmar
380,Yaung,Myanmar
381,Yaunggyi,Myanmar
382,Yaunglebin,Myanmar
383,Yawady,Myanmar
384,Ycngon,Myanmar
385,Yiak,Myanmar
386,Ynngyan,Myanmar
387,Yongwa,Myanmar
388,Yung,Myanmar
