,Name,Origin
0,  Amingawa,Nepal
1, Bamindu,Nepal
2, Bani Aanuut,Nepal
3, Barendranagar,Nepal
4, Bdr Tamanda,Nepal
5, Bdr Thimi,Nepal
6, Bmrddaarchulik,Nepal
7, Danda,Nepal
8, Dandgar,Nepal
9, Dandu,Nepal
10, Dovan,Nepal
11, Hari,Nepal
12, Hauti,Nepal
13, Tamanda,Nepal
14,Adbari,Nepal
15,Adbari Dandu,Nepal
16,Adran,Nepal
17,Adranakpur,Nepal
18,Adranauti,Nepal
19,Adrapur,Nepal
20,Agar,Nepal
21,Ai Danda,Nepal
22,Aipur,Nepal
23,Airendran,Nepal
24,Akrabari Dandu,Nepal
25,Alin,Nepal
26,Anagar,Nepal
27,Anakpur,Nepal
28,Anda,Nepal
29,Ang House,Nepal
30,Angadh,Nepal
31,Angadhi,Nepal
32,Angadhyapur,Nepal
33,Angawa,Nepal
34,Anj,Nepal
35,Ankrabari,Nepal
36,Ankrabari Bdr T,Nepal
37,Ankrabari Dovan,Nepal
38,Ankuta,Nepal
39,Apur,Nepal
40,Ar Aankuta,Nepal
41,Ara,Nepal
42,Ari,Nepal
43,Ari Dovan,Nepal
44,Ariya,Nepal
45,Arthanakpur,Nepal
46,Arthankrabariya,Nepal
47,Atima,Nepal
48,Atnagar,Nepal
49,Attara,Nepal
50,Attarai Danda,Nepal
51,Attarai Dandu,Nepal
52,Attarai Dovan,Nepal
53,Auti,Nepal
54,Banepalgunj,Nepal
55,Bari,Nepal
56,Bari Bdr Tamang,Nepal
57,Bari Bdr Thimi,Nepal
58,Bari Danda,Nepal
59,Bari Dovan,Nepal
60,Bariya,Nepal
61,Bariyuga,Nepal
62,Bdr Tamanda,Nepal
63,Biratpur,Nepal
64,Blangawa,Nepal
65,Bngadhyapur,Nepal
66,Bratpur,Nepal
67,Chulikhel,Nepal
68,Dadaiayal,Nepal
69,Dadeldhura,Nepal
70,Dadrapur,Nepal
71,Dati Ahi,Nepal
72,Dbari,Nepal
73,Dbari Bdr Taman,Nepal
74,Dbari Bdr Thimi,Nepal
75,Dbari Dandu,Nepal
76,Dbari Dovan,Nepal
77,Dbariyuga,Nepal
78,Dhara,Nepal
79,Dipur,Nepal
80,Dpul,Nepal
81,Dpur,Nepal
82,Dran,Nepal
83,Dranagar,Nepal
84,Dranakpur,Nepal
85,Dranauti,Nepal
86,Drapur,Nepal
87,Duda,Nepal
88,Endran,Nepal
89,Endrapur,Nepal
90,G House,Nepal
91,Gadhyapur,Nepal
92,Gadhyapur Thimi,Nepal
93,Ganj,Nepal
94,Gar,Nepal
95,Gbari,Nepal
96,Gbari Dovan,Nepal
97,Gnura,Nepal
98,Gula,Nepal
99,Gulari Bdr Thim,Nepal
100,Guwa,Nepal
101,Hagar,Nepal
102,Hanauti,Nepal
103,Hang House,Nepal
104,Hari,Nepal
105,Harthang House,Nepal
106,Hattara,Nepal
107,Hayal,Nepal
108,Hbari,Nepal
109,I Bdr Thimi,Nepal
110,I Danda,Nepal
111,I Dovan,Nepal
112,Ibajiya,Nepal
113,Ibari,Nepal
114,Ibari Dandu,Nepal
115,Iburyapur,Nepal
116,Idhendrapur,Nepal
117,Ii Dandu,Nepal
118,Ikbariyuga,Nepal
119,Ikhel,Nepal
120,Ikipur,Nepal
121,Ikpprr Danda,Nepal
122,Ikpur,Nepal
123,Ikrebdripur,Nepal
124,Ikrpbari Bdr Th,Nepal
125,Ilakgar,Nepal
126,Imi,Nepal
127,Ipayal,Nepal
128,Ipiya,Nepal
129,Ipur,Nepal
130,Ipur Tamanda,Nepal
131,Ipur Tamandu,Nepal
132,Ipur Thimi,Nepal
133,Iraha,Nepal
134,Iraj,Nepal
135,Iraranagar,Nepal
136,Iratpur,Nepal
137,Iratpur Thimi,Nepal
138,Irbda A,Nepal
139,Irbj,Nepal
140,Iriyuga,Nepal
141,Iya,Nepal
142,Jilekh,Nepal
143,Jleshwar,Nepal
144,Jnagar,Nepal
145,Jthmandu,Nepal
146,Kathmang House,Nepal
147,Kbari,Nepal
148,Kdrhthami Ganj,Nepal
149,Klang House,Nepal
150,Knakpur,Nepal
151,Knkrabari,Nepal
152,Kpur,Nepal
153,Kpur Tamangadhy,Nepal
154,Krabari,Nepal
155,Krabari Bdr Tam,Nepal
156,Krabari Bdr Thi,Nepal
157,Krabari Dandu,Nepal
158,Krabari Dovan,Nepal
159,Krabariya,Nepal
160,Krabariyuga,Nepal
161,Ktthan,Nepal
162,Ktthangadhyapur,Nepal
163,Ktthranagar,Nepal
164,Kuta,Nepal
165,L Nuti,Nepal
166,Langadhi,Nepal
167,Langadhyapur,Nepal
168,Lbariyuga,Nepal
169,Lbhayal,Nepal
170,Leshwar,Nepal
171,Lhan,Nepal
172,Libaki Kdranaut,Nepal
173,Likhel,Nepal
174,Lin,Nepal
175,Liphyapur,Nepal
176,Lipur,Nepal
177,Manda,Nepal
178,Mbdhyapur,Nepal
179,Mingadhyapur,Nepal
180,Mipg Bouse,Nepal
181,Mipgyal,Nepal
182,Mpul,Nepal
183,Nagar,Nepal
184,Nakpur,Nepal
185,Nappur,Nepal
186,Napur,Nepal
187,Nauti,Nepal
188,Ndu,Nepal
189,Ngadhi,Nepal
190,Ngadhyapur,Nepal
191,Ngawa,Nepal
192,Nkparganj,Nepal
193,Nkrabari,Nepal
194,Nkrabari Bdr Ta,Nepal
195,Nkrabari Bdr Th,Nepal
196,Nkrabari Danda,Nepal
197,Nkrabari Dandu,Nepal
198,Nkrabari Dovan,Nepal
199,Nkrabariya,Nepal
200,Nkrabariyuga,Nepal
201,Nkuta,Nepal
202,Nngawa,Nepal
203,Npur,Nepal
204,Nuta,Nepal
205,Okhara,Nepal
206,Okharatpur,Nepal
207,Okuaa,Nepal
208,Pknakpur,Nepal
209,Pnkrabari,Nepal
210,Pttaranagar,Nepal
211,Pur,Nepal
212,Pur Tamanda,Nepal
213,Pur Tamangadhi,Nepal
214,Pur Thimi,Nepal
215,R Danda,Nepal
216,Raha,Nepal
217,Rai Danda,Nepal
218,Rai Dandu,Nepal
219,Ran,Nepal
220,Ranagar,Nepal
221,Ranakpur,Nepal
222,Ranauti,Nepal
223,Rapur,Nepal
224,Rara,Nepal
225,Ratnagar,Nepal
226,Ratpur,Nepal
227,Rganj,Nepal
228,Ri Bdr Tamangad,Nepal
229,Ri Bdr Thimi,Nepal
230,Ri Danda,Nepal
231,Ri Dovan,Nepal
232,Ribbgldnuwa,Nepal
233,Ridpul,Nepal
234,Rik,Nepal
235,Rinagar,Nepal
236,Ripryapur Taman,Nepal
237,Ripur,Nepal
238,Riya,Nepal
239,Rjbari Dovan,Nepal
240,Rjjbiraj,Nepal
241,Rnapur,Nepal
242,Rthan,Nepal
243,Rthankuta,Nepal
244,Rtnagar,Nepal
245,Ruwa,Nepal
246,Sdddaari,Nepal
247,Sdranagar,Nepal
248,Sen,Nepal
249,Sipur,Nepal
250,Tan,Nepal
251,Than,Nepal
252,Thangadhyapur,Nepal
253,Thangawa,Nepal
254,Thankrabari,Nepal
255,Thankuta,Nepal
256,Tikapur,Nepal
257,Tipur,Nepal
258,Tlangadhi,Nepal
259,Tnagar,Nepal
260,Tpur,Nepal
261,Tpur Thimi,Nepal
262,Ttara,Nepal
263,Ttaran,Nepal
264,Ttaranagar,Nepal
265,Ttaranakpur,Nepal
266,Ttpara,Nepal
267,Ttpra Danda,Nepal
268,Ttprr Bdr Thimi,Nepal
269,Uda,Nepal
270,Uga,Nepal
271,Ula,Nepal
272,Ulari,Nepal
273,Ulari Dovan,Nepal
274,Ulikhel,Nepal
275,Uma,Nepal
276,Umi,Nepal
277,Upa,Nepal
278,Uta,Nepal
279,Uti,Nepal
280,Uwa,Nepal
281,Van,Nepal
282,Walin,Nepal
283,Wlii,Nepal
284,Wllin,Nepal
285,Wrli ,Nepal
286,Yal,Nepal
287,Yan,Nepal
288,Yapur,Nepal
289,Yula,Nepal
290,Yulari,Nepal
