,Name,Origin
0, Gard,Netherlands
1, Garden,Netherlands
2, Geed,Netherlands
3, Greiden,Netherlands
4, Greidermalsen,Netherlands
5, K-Idbrkel En R,Netherlands
6, Lier,Netherlands
7, Lierlo,Netherlands
8, Radselt,Netherlands
9, Radsen,Netherlands
10, Reit,Netherlands
11, Rijen,Netherlands
12, Roden,Netherlands
13,-Bardijk,Netherlands
14,-Hoon,Netherlands
15,-Ieosen,Netherlands
16,-Ieospen,Netherlands
17,-Ieosterhugowaa,Netherlands
18,-Lard,Netherlands
19,-Larsdijk,Netherlands
20,-Liorinchede,Netherlands
21,-Liosierlo,Netherlands
22,-Lmoord,Netherlands
23,-Lmosree,Netherlands
24,-Lmossel,Netherlands
25,-Loosen,Netherlands
26,-Moort,Netherlands
27,-Rebt,Netherlands
28,-Sarden,Netherlands
29,-Sarid-Ijbeek,Netherlands
30,-Sarid-Ijbree,Netherlands
31,-Sarid-Ijord,Netherlands
32,-Selwerd,Netherlands
33,-Serwuuslum,Netherlands
34,-Sillegom,Netherlands
35,Aalsmeer,Netherlands
36,Aardenbergeren,Netherlands
37,Aardenrijs,Netherlands
38,Aardijk,Netherlands
39,Aarn,Netherlands
40,Aasdrecht,Netherlands
41,Aasurendaal,Netherlands
42,Aklbij Duurlo,Netherlands
43,Aloerd,Netherlands
44,Alsen,Netherlands
45,Alsend,Netherlands
46,Alsmeer,Netherlands
47,Alsmeerhugowaar,Netherlands
48,Anstad,Netherlands
49,Arden,Netherlands
50,Ardinxveldijen,Netherlands
51,Arn,Netherlands
52,Asselt,Netherlands
53,Asterpark,Netherlands
54,Astricum,Netherlands
55,Azin,Netherlands
56,B-Iroek,Netherlands
57,B-Ogoare,Netherlands
58,Baard,Netherlands
59,Bardenberg,Netherlands
60,Beek,Netherlands
61,Beik,Netherlands
62,Belgen,Netherlands
63,Berg,Netherlands
64,Bergeres,Netherlands
65,Bergeyk,Netherlands
66,Bgek,Netherlands
67,Bij Duurlo,Netherlands
68,Bij Duursten,Netherlands
69,Bij Duursterbee,Netherlands
70,Bij Duursterbur,Netherlands
71,Bilgen,Netherlands
72,Blrer,Netherlands
73,Bolswardijk,Netherlands
74,Bracht,Netherlands
75,Braes,Netherlands
76,Briesloo,Netherlands
77,Brieuw-Loosen,Netherlands
78,Broenewolle,Netherlands
79,Broesbeek,Netherlands
80,Btek,Netherlands
81,Buren,Netherlands
82,Burend,Netherlands
83,Burendaal,Netherlands
84,Burendrik-Ido-A,Netherlands
85,Burg,Netherlands
86,Bussum,Netherlands
87,Chbengen,Netherlands
88,Chten,Netherlands
89,Chumoerd,Netherlands
90,Crhout,Netherlands
91,Csse,Netherlands
92,Cssel,Netherlands
93,Cssen,Netherlands
94,Cuiewluda,Netherlands
95,D Ngen,Netherlands
96,Daal,Netherlands
97,Dar,Netherlands
98,Darld,Netherlands
99,Darlo,Netherlands
100,Darp,Netherlands
101,Ddam,Netherlands
102,Dijen,Netherlands
103,Drecht,Netherlands
104,Drechten,Netherlands
105,Dver,Netherlands
106,E Greidenrijs,Netherlands
107,E Lierlo,Netherlands
108,E Reit,Netherlands
109,Earhegem,Netherlands
110,Ebk,Netherlands
111,Egem,Netherlands
112,Eglimrecht,Netherlands
113,Egr,Netherlands
114,Egt,Netherlands
115,Eiloord-Scharn,Netherlands
116,Eiloort,Netherlands
117,Ein,Netherlands
118,Ejsendrik-Ido-A,Netherlands
119,Elden,Netherlands
120,Eldijk,Netherlands
121,Elo,Netherlands
122,Eloord,Netherlands
123,Eloordrecht,Netherlands
124,Eloorn,Netherlands
125,Eracht,Netherlands
126,Erburendrik-Ido,Netherlands
127,Erd,Netherlands
128,Euilwerd,Netherlands
129,Eukel En Roden,Netherlands
130,G Rdijk,Netherlands
131,G Rrden,Netherlands
132,G-Iij,Netherlands
133,G-Irochden,Netherlands
134,Gburg,Netherlands
135,Gbuuesten,Netherlands
136,Gcurongelre,Netherlands
137,Gdirk Uirden,Netherlands
138,Ge Mors,Netherlands
139,Gelre,Netherlands
140,Gem,Netherlands
141,Ggrredijen,Netherlands
142,Ggudr,Netherlands
143,Ghirbeek,Netherlands
144,Gkuu,Netherlands
145,Gland,Netherlands
146,Gloi,Netherlands
147,Glon,Netherlands
148,Gloord,Netherlands
149,Gloorn,Netherlands
150,Glor,Netherlands
151,Glorend,Netherlands
152,Glorredijk,Netherlands
153,Gmiloort,Netherlands
154,Gmmel,Netherlands
155,Gmmeres,Netherlands
156,Goirle,Netherlands
157,Gorredijen,Netherlands
158,Goude,Netherlands
159,Groenen,Netherlands
160,Groot Ijsse,Netherlands
161,Groot Ijsselt,Netherlands
162,Grudr,Netherlands
163,Gsurg,Netherlands
164,Guurlo,Netherlands
165,Harwoud,Netherlands
166,Hdee,Netherlands
167,Hden,Netherlands
168,Hek,Netherlands
169,Henen,Netherlands
170,Henewolde,Netherlands
171,Henewolderburg,Netherlands
172,Henewolle,Netherlands
173,Henewollegom,Netherlands
174,Henewoud,Netherlands
175,Henewoude,Netherlands
176,Hgon,Netherlands
177,Hgward,Netherlands
178,Hheberg,Netherlands
179,Hhon,Netherlands
180,Hhoon,Netherlands
181,Hijbree,Netherlands
182,Hille,Netherlands
183,Hlonselmonde,Netherlands
184,Hnen,Netherlands
185,Hoon,Netherlands
186,Hoorn,Netherlands
187,Hot,Netherlands
188,Hten,Netherlands
189,Hugowaardijk,Netherlands
190,Huoosdrechten,Netherlands
191,Huoosen,Netherlands
192,Hutoede,Netherlands
193,Hvoorn,Netherlands
194,Hword,Netherlands
195,Ibeik,Netherlands
196,Ijen,Netherlands
197,Ijk,Netherlands
198,Ijk Bij Duurste,Netherlands
199,Ijn,Netherlands
200,Ilen,Netherlands
201,Ille,Netherlands
202,Iloo,Netherlands
203,Ilsgeren,Netherlands
204,Inxveld,Netherlands
205,Iree,Netherlands
206,Issingelre,Netherlands
207,Issingen,Netherlands
208,Issum,Netherlands
209,Iuswuild,Netherlands
210,Jardijk Bij Duu,Netherlands
211,Jdrecht,Netherlands
212,Jdrechten,Netherlands
213,Jen,Netherlands
214,Jssel,Netherlands
215,Jsselt,Netherlands
216,K-Ido-Ambacht,Netherlands
217,K-Ido-Ambachten,Netherlands
218,K-Ido-Ambard,Netherlands
219,K-Ido-Ambarden,Netherlands
220,K-Ido-Ambardenr,Netherlands
221,K-Ido-Ambardinx,Netherlands
222,Kel En Roden,Netherlands
223,Kel En Rodenrij,Netherlands
224,Kimpen,Netherlands
225,Kkmmmoord-Schar,Netherlands
226,Kmmmoord,Netherlands
227,Kmmmoorn,Netherlands
228,Kmmmoort,Netherlands
229,Kmmple,Netherlands
230,Kuindorp,Netherlands
231,Lardijk Bij Duu,Netherlands
232,Lbeek,Netherlands
233,Lberg,Netherlands
234,Lbergeren,Netherlands
235,Lbergeyk,Netherlands
236,Lbeskel En Rode,Netherlands
237,Ldijen,Netherlands
238,Len,Netherlands
239,Lgen,Netherlands
240,Lheres,Netherlands
241,Lhisbij Duurlo,Netherlands
242,Lissel,Netherlands
243,Lissendrik-Ido-,Netherlands
244,Lissingelre,Netherlands
245,Llmvorredijk,Netherlands
246,Llo,Netherlands
247,Lmeerhout,Netherlands
248,Lmeren,Netherlands
249,Lmermeer,Netherlands
250,Lmmel,Netherlands
251,Lmmeres,Netherlands
252,Lmmroot Ijssel,Netherlands
253,Lom,Netherlands
254,Loo,Netherlands
255,Loord,Netherlands
256,Loord-Scharwoud,Netherlands
257,Loord-Schiebroe,Netherlands
258,Loordrecht,Netherlands
259,Loorle,Netherlands
260,Loorn,Netherlands
261,Loort,Netherlands
262,Lpmser,Netherlands
263,Lresten,Netherlands
264,Lsmeer,Netherlands
265,Ltricum,Netherlands
266,Lver,Netherlands
267,Lvirschederbeek,Netherlands
268,M Er En Roden,Netherlands
269,Mbard,Netherlands
270,Mbardenberg,Netherlands
271,Mbechten,Netherlands
272,Mberg,Netherlands
273,Meerhugowaarn,Netherlands
274,Meimeer,Netherlands
275,Mker -Upo,Netherlands
276,Mloo,Netherlands
277,Mmel,Netherlands
278,Mmerendrik-Ido-,Netherlands
279,Mmeres,Netherlands
280,Mmoord-Schiebro,Netherlands
281,Monde,Netherlands
282,Mrervoorendrik-,Netherlands
283,Mver,Netherlands
284,N Au En Roden,Netherlands
285,N En Rodenberg,Netherlands
286,N Roden,Netherlands
287,N Rodenrijs,Netherlands
288,Naarn,Netherlands
289,Nchede,Netherlands
290,Nchederburg,Netherlands
291,Nchem,Netherlands
292,Nede,Netherlands
293,Nen,Netherlands
294,Newouda,Netherlands
295,Nge,Netherlands
296,Ngen,Netherlands
297,Ngeres,Netherlands
298,Nhe,Netherlands
299,Nstad,Netherlands
300,Nxveld,Netherlands
301,O Gard,Netherlands
302,Oarsdijk Bij Du,Netherlands
303,Oge Mors,Netherlands
304,Oht Jden,Netherlands
305,Olon,Netherlands
306,Olten,Netherlands
307,Ommarsdijk Bij ,Netherlands
308,Oosendrik-Ido-A,Netherlands
309,Ord,Netherlands
310,Ord-Scharn,Netherlands
311,Otten,Netherlands
312,Ottervoord,Netherlands
313,Owaarn,Netherlands
314,P E,Netherlands
315,P En Rodenrijs,Netherlands
316,P Er Eu El En R,Netherlands
317,P Er Ous,Netherlands
318,P Kei Deuda,Netherlands
319,P-Eebuogland,Netherlands
320,P-Ied-,Netherlands
321,P-Ieo-Hmord-Sch,Netherlands
322,P-Ieosen,Netherlands
323,P-Ieosten,Netherlands
324,P-Ieosterdam,Netherlands
325,Peelo,Netherlands
326,Pik,Netherlands
327,Pmeer,Netherlands
328,Pmeerhout,Netherlands
329,Ptelde,Netherlands
330,R Roden,Netherlands
331,R-Hardijk,Netherlands
332,Ras,Netherlands
333,Rastricum,Netherlands
334,Rbeek,Netherlands
335,Rdam,Netherlands
336,Rden,Netherlands
337,Rdojp,Netherlands
338,Ree,Netherlands
339,Reidenbergeyk,Netherlands
340,Ren,Netherlands
341,Rendaal,Netherlands
342,Reuselmonde,Netherlands
343,Reuver,Netherlands
344,Rgchrdenbergere,Netherlands
345,Rgeyk,Netherlands
346,Rhenen,Netherlands
347,Rhout,Netherlands
348,Rjen,Netherlands
349,Rngen,Netherlands
350,Rodk,Netherlands
351,Ronten,Netherlands
352,Roosen,Netherlands
353,Root Ijsselt,Netherlands
354,Root Ijssend,Netherlands
355,Rredijk,Netherlands
356,Rsurg,Netherlands
357,Rterneuzen,Netherlands
358,Rtoenen,Netherlands
359,Rtusturp,Netherlands
360,Ruurlo,Netherlands
361,Ruursten,Netherlands
362,Ruursterburg,Netherlands
363,Ruursterpark,Netherlands
364,Rvoord,Netherlands
365,Saadermeer,Netherlands
366,Scesterburen,Netherlands
367,Sda,Netherlands
368,Sen,Netherlands
369,Sendrik-Ido-Amb,Netherlands
370,Sjiden,Netherlands
371,Sloijl,Netherlands
372,Sloord,Netherlands
373,Smeerhout,Netherlands
374,Sneio,Netherlands
375,Sree,Netherlands
376,Sse,Netherlands
377,Sseit,Netherlands
378,Ssel,Netherlands
379,Sselmonde,Netherlands
380,Sselt,Netherlands
381,Ssend,Netherlands
382,Ssendrik-Ido-Am,Netherlands
383,Stede,Netherlands
384,Steder-Hardenri,Netherlands
385,Stederburendaal,Netherlands
386,Stederburg,Netherlands
387,Sten,Netherlands
388,Sterbeek,Netherlands
389,Sterburen,Netherlands
390,Sterd,Netherlands
391,Sterhout,Netherlands
392,Sterhugowaarden,Netherlands
393,Sterpark,Netherlands
394,Stervoorn,Netherlands
395,Stervoort,Netherlands
396,Sui,Netherlands
397,Suindorp,Netherlands
398,Svee,Netherlands
399,Swesterd,Netherlands
400,T Reit,Netherlands
401,Taa,Netherlands
402,Tarn,Netherlands
403,Tbengen,Netherlands
404,Tchem,Netherlands
405,Teen,Netherlands
406,Telve,Netherlands
407,Ten,Netherlands
408,Terneuzen,Netherlands
409,Tgen,Netherlands
410,Thenen,Netherlands
411,Thenewollegom,Netherlands
412,Trent,Netherlands
413,Twello,Netherlands
414,Ucut,Netherlands
415,Uda,Netherlands
416,Udi,Netherlands
417,Uisdijk,Netherlands
418,Ulsss,Netherlands
419,Urarden,Netherlands
420,Urardinxvelde,Netherlands
421,Urhten,Netherlands
422,Ursterpark,Netherlands
423,Ussum,Netherlands
424,Ustld,Netherlands
425,Ustud,Netherlands
426,Ustude,Netherlands
427,Ustuindorp,Netherlands
428,Ustur,Netherlands
429,Uussum,Netherlands
430,Uustuindorp,Netherlands
431,Uver,Netherlands
432,Uw-Loosen,Netherlands
433,Ver,Netherlands
434,Vils,Netherlands
435,Virden,Netherlands
436,Virrchloj,Netherlands
437,Virrchloorn,Netherlands
438,Vmermeres,Netherlands
439,Voorn,Netherlands
440,Vor,Netherlands
441,Vorredijen,Netherlands
442,Vorredijk,Netherlands
443,Vorredijk Bij D,Netherlands
444,Vorredijkrbeek,Netherlands
445,Vre,Netherlands
446,Vrer,Netherlands
447,Vrid-Ijo,Netherlands
448,Vrorn,Netherlands
449,W-Ioordrechten,Netherlands
450,W-Ioorn,Netherlands
451,W-Ioort,Netherlands
452,W-Loosdrecht,Netherlands
453,W-Loosen,Netherlands
454,Ward,Netherlands
455,Wardinxvelde,Netherlands
456,Wardinxvelden,Netherlands
457,Wello,Netherlands
458,Whudo,Netherlands
459,Wilk,Netherlands
460,Wiude,Netherlands
461,Wiuk,Netherlands
462,Wolde,Netherlands
463,Wolle,Netherlands
464,Wollegom,Netherlands
465,Word,Netherlands
466,Wordrecht,Netherlands
467,Woud,Netherlands
468,Wouda,Netherlands
469,Woude,Netherlands
470,Wpil,Netherlands
471,Wpmeer,Netherlands
472,Wrasselt,Netherlands
473,Wtud,Netherlands
474,Wuuds,Netherlands
475,Wylle,Netherlands
476,Xvelden,Netherlands
477,Xvelder-Harden,Netherlands
478,Xvelderburg,Netherlands
479,Yen,Netherlands
480,Yuren,Netherlands
481,Zeewolderculo,Netherlands
482,Zeewolle,Netherlands
483,Zen,Netherlands
484,Zijk,Netherlands
