,Name,Origin
0,'On,North Korea
1,'Un,North Korea
2,'Up,North Korea
3,-Nodongjin,North Korea
4,-Nodongnim-Nodo,North Korea
5,-Nodongsong,North Korea
6,-Pod,North Korea
7,-Up,North Korea
8,Aaeju,North Korea
9,Aau-Ri,North Korea
10,Achu-Up,North Korea
11,Aeadongghang-Ni,North Korea
12,Aeju,North Korea
13,Aekuanhdong,North Korea
14,Aja,North Korea
15,Ajang-Up,North Korea
16,Aju,North Korea
17,Ajunujang-Up,North Korea
18,Akaae-Dong,North Korea
19,Akchu-Up,North Korea
20,Al-Li,North Korea
21,Amho-Rodong,North Korea
22,Amho-Rodong-Ni,North Korea
23,Amho-Rodong-Up,North Korea
24,Amho-Rodongnim-,North Korea
25,Amho-Rodongsong,North Korea
26,Amhung,North Korea
27,Amhunghwa,North Korea
28,Amhungjagu,North Korea
29,Amhungnam,North Korea
30,Amhungnjm,North Korea
31,Anak,North Korea
32,Ang-Ni,North Korea
33,Ang-Up,North Korea
34,Apchu-Up,North Korea
35,Apsan,North Korea
36,Apsan-Up,North Korea
37,Apsang-Ni,North Korea
38,Asangdong-Ni,North Korea
39,Asangsong,North Korea
40,Asong-Ni,North Korea
41,Asongjagu,North Korea
42,Au-Ri,North Korea
43,Aup,North Korea
44,Awaksan,North Korea
45,Ayang-Ni,North Korea
46,Bong,North Korea
47,Bong-Ni,North Korea
48,Bonggangdong,North Korea
49,Bonggangsong,North Korea
50,Bonggwang-Ni,North Korea
51,Bongjagu,North Korea
52,Bongjibaegam,North Korea
53,Bongsong,North Korea
54,Bongsongjin,North Korea
55,Caesong-Ni,North Korea
56,Ccam,North Korea
57,Cchu-Up,North Korea
58,Chu-Up,North Korea
59,Cnaroyongjibaeg,North Korea
60,Crono,North Korea
61,Csang-Up,North Korea
62,Csong,North Korea
63,Csong-Up,North Korea
64,Cupan,North Korea
65,Cyonggang,North Korea
66,Dong,North Korea
67,Dong-Ni,North Korea
68,Dong-Up,North Korea
69,Donggang,North Korea
70,Dongjagu,North Korea
71,Dongjibaegam,North Korea
72,Dongsan,North Korea
73,Dongsan-Up,North Korea
74,Dongwon,North Korea
75,Eamho-Rodongjag,North Korea
76,Eamhunghwa,North Korea
77,Eju,North Korea
78,El-Li,North Korea
79,Emul-Li,North Korea
80,Eoam,North Korea
81,Eryong,North Korea
82,Eryong-Up,North Korea
83,Eryonggang,North Korea
84,Eryonggang-Up,North Korea
85,Eryongjagu,North Korea
86,Eryongju,North Korea
87,Eryongsonggang-,North Korea
88,Euna,North Korea
89,Eyang,North Korea
90,Eyang-Ni,North Korea
91,Eyang-Nodongjib,North Korea
92,Eyang-Up,North Korea
93,Eyangsong,North Korea
94,Eyangsong-Up,North Korea
95,Eyangyongjagu,North Korea
96,G-Ni,North Korea
97,Gae-Dongjin,North Korea
98,Gam,North Korea
99,Gam-Ni,North Korea
100,Gang-Ni,North Korea
101,Gchu-Up,North Korea
102,Gjagu,North Korea
103,Gjin,North Korea
104,Gju,North Korea
105,Gmunghwa,North Korea
106,Gnam,North Korea
107,Gsangyong,North Korea
108,Gwang-Up,North Korea
109,Gwon-Up,North Korea
110,H-Nodongjagu,North Korea
111,H-Rodong,North Korea
112,Haeryon,North Korea
113,Haeryong-Nodong,North Korea
114,Haeryong-Up,North Korea
115,Haeryongjibaega,North Korea
116,Haeryongju,North Korea
117,Hang,North Korea
118,Hang-Ni,North Korea
119,Hangdongjin,North Korea
120,Hangsongjibaega,North Korea
121,Hbonggwangsong,North Korea
122,Heeyangdong,North Korea
123,Hemul-Li,North Korea
124,Heyangyong,North Korea
125,Hhongwon,North Korea
126,Hil-Li,North Korea
127,Hinsan,North Korea
128,Hju-Up,North Korea
129,Hknongnam,North Korea
130,Hmhungam,North Korea
131,Hnam,North Korea
132,Hneyong,North Korea
133,Hnngwon-Up,North Korea
134,Hnsongwon-Up,North Korea
135,Hnunjh,North Korea
136,Hoeryongjibaega,North Korea
137,Hong,North Korea
138,Hong-Ni,North Korea
139,Honggwang-Nodon,North Korea
140,Hongsong-Nodong,North Korea
141,Hsan,North Korea
142,Hsang-Up,North Korea
143,Hung,North Korea
144,Hungam,North Korea
145,Hunghasonggang-,North Korea
146,Hunghwa,North Korea
147,Hungjagu,North Korea
148,Hungnam,North Korea
149,Hungnim-Ni,North Korea
150,Hwo,North Korea
151,Hyong,North Korea
152,I-Up,North Korea
153,Ieonyon,North Korea
154,Ieryon,North Korea
155,Il-Li,North Korea
156,Imon-Up,North Korea
157,Inan-Up,North Korea
158,Inanju,North Korea
159,Inong-Ni,North Korea
160,Inonju,North Korea
161,Insan,North Korea
162,Inuiju,North Korea
163,Ionggang,North Korea
164,Iongju,North Korea
165,Ipan,North Korea
166,Iung,North Korea
167,Iungam,North Korea
168,Iungju,North Korea
169,Jchu-Up,North Korea
170,Jin,North Korea
171,Jong-Up,North Korea
172,Jyong,North Korea
173,Kangsonggangsan,North Korea
174,Kaunrak,North Korea
175,Kaunrju,North Korea
176,Kbongwon-Up,North Korea
177,Kcau-Ri,North Korea
178,Kchu-Up,North Korea
179,Kcou-Up,North Korea
180,Kesan,North Korea
181,Kgsang-Up,North Korea
182,Kjang-Up,North Korea
183,Kman-Up,North Korea
184,Knam,North Korea
185,Knan-Up,North Korea
186,Kosan,North Korea
187,Kowon-Up,North Korea
188,Ksan,North Korea
189,Ksan-Up,North Korea
190,Ksang,North Korea
191,Ksangdongjagu,North Korea
192,Ksong,North Korea
193,Ksong-Up,North Korea
194,Ksonggangdongwo,North Korea
195,Ksongjagu,North Korea
196,Ksongjin,North Korea
197,Ksongnam,North Korea
198,Ktae-Dong,North Korea
199,Ktae-Dong-Up,North Korea
200,Ktae-Dongjibaeg,North Korea
201,Kuanhsong,North Korea
202,Kujang-Up,North Korea
203,Kwaksan,North Korea
204,Kwaksangyong-Up,North Korea
205,L-Li,North Korea
206,L-Ui,North Korea
207,M-Ni,North Korea
208,M-Nodong,North Korea
209,M-Nodonggwang-N,North Korea
210,Manp'O,North Korea
211,Mho-Rodong,North Korea
212,Mho-Rodong-Up,North Korea
213,Mho-Rodonggangy,North Korea
214,Mho-Rodonggwang,North Korea
215,Mhung,North Korea
216,Mhungam,North Korea
217,Mhungam-Ni,North Korea
218,Mhungam-Nodong,North Korea
219,Mhunghwa,North Korea
220,Mhungjagu,North Korea
221,Mhungjibaegam,North Korea
222,Mhungnam,North Korea
223,Mhungnim-Nodong,North Korea
224,Mju-Up,North Korea
225,Mjupu,North Korea
226,Mni-Up,North Korea
227,Mono-Nodong,North Korea
228,Mononju,North Korea
229,Monpbongjibaega,North Korea
230,Monpgang,North Korea
231,Msungam-Nodong-,North Korea
232,Mun-Hodonggangy,North Korea
233,Mun-Hpdong-Up,North Korea
234,Munch'On,North Korea
235,Mung,North Korea
236,Mungam-Nodong,North Korea
237,Munghwa,North Korea
238,Mungnam,North Korea
239,Munphong,North Korea
240,N'On,North Korea
241,N-Nodongju,North Korea
242,N-Up,North Korea
243,Naeju,North Korea
244,Nak,North Korea
245,Nal-Li,North Korea
246,Nam,North Korea
247,Nan-Up,North Korea
248,Nanju,North Korea
249,Nap'A,North Korea
250,Nau-Ri,North Korea
251,Nbong,North Korea
252,Nbongjagu,North Korea
253,Nch'On,North Korea
254,Ncujangyong-Up,North Korea
255,Ng-Up,North Korea
256,Ngam-Ni,North Korea
257,Ngjagu,North Korea
258,Ngjin,North Korea
259,Ngju,North Korea
260,Ngkwang-Up,North Korea
261,Ngnam,North Korea
262,Ngwon-Up,North Korea
263,Nhkhungnim-Nodo,North Korea
264,Nhowgn-Up,North Korea
265,Nil-Li,North Korea
266,Nim-Ni,North Korea
267,Nin-Ni,North Korea
268,Nin-Nodong,North Korea
269,Nio-Nodong-Up,North Korea
270,Niujang-Up,North Korea
271,Niyong,North Korea
272,Nji,North Korea
273,Nju,North Korea
274,Nknam,North Korea
275,Nl-Li,North Korea
276,Nmhknam,North Korea
277,Nmju-Up,North Korea
278,Nnam,North Korea
279,Noc,North Korea
280,Noje,North Korea
281,Nok,North Korea
282,Nonj-Dong,North Korea
283,Noujunuhjng,North Korea
284,Nri-Up,North Korea
285,Nsujchu-Up,North Korea
286,Nu-Jp,North Korea
287,Nujjn,North Korea
288,Nuk,North Korea
289,Numjn-Up,North Korea
290,Nyon,North Korea
291,Nyonggang-Up,North Korea
292,O-Up,North Korea
293,Oaeju,North Korea
294,Oceju,North Korea
295,Oeryon,North Korea
296,Oesan-Up,North Korea
297,Ogsong,North Korea
298,Ogsong-Nodong-N,North Korea
299,Ogsong-Up,North Korea
300,Ogsongjagu,North Korea
301,Ogsongnim-Nodon,North Korea
302,Ojangyong,North Korea
303,Omgai-Up,North Korea
304,Omhung,North Korea
305,Onan-Up,North Korea
306,Onanju,North Korea
307,Oncg'On,North Korea
308,Ong,North Korea
309,Ong-Ni,North Korea
310,Ong-Up,North Korea
311,Onggang-Ni,North Korea
312,Ongjibaegam-Nod,North Korea
313,Ongju,North Korea
314,Onju,North Korea
315,Onn-Up,North Korea
316,Ononi-Up,North Korea
317,Ononju,North Korea
318,Onsonggangyong,North Korea
319,Oobongsong,North Korea
320,Opsang-Up,North Korea
321,Osan,North Korea
322,Osang-Up,North Korea
323,Osgngman-Up,North Korea
324,Osl--I,North Korea
325,Osong-Up,North Korea
326,Osonggang-Up,North Korea
327,Oungjibaegam,North Korea
328,Owon-Up,North Korea
329,P'O,North Korea
330,Paeryong,North Korea
331,Payongjin,North Korea
332,Payongsang-Up,North Korea
333,Pkyong,North Korea
334,Pman-Up,North Korea
335,Poyong,North Korea
336,Psokgangdong-Up,North Korea
337,Psoksan,North Korea
338,Puktae-Dongnam,North Korea
339,Pwa,North Korea
340,Pyoksan,North Korea
341,Pyoksong,North Korea
342,Pyoksonggangdon,North Korea
343,Pyoksongsonggan,North Korea
344,Ro-Rodong-Up,North Korea
345,Rok,North Korea
346,Rowon-Up,North Korea
347,Ryong,North Korea
348,Ryong-Ni,North Korea
349,Ryong-Up,North Korea
350,Ryonggang-Up,North Korea
351,Ryongjibaegam,North Korea
352,Ryongnam,North Korea
353,Sakchu-Up,North Korea
354,Samho-Rodong,North Korea
355,Samho-Rodongwon,North Korea
356,San,North Korea
357,San-Up,North Korea
358,Sang-Up,North Korea
359,Sbong,North Korea
360,Sjng-Up,North Korea
361,Sjngu-Up,North Korea
362,Sju,North Korea
363,Sl-Ui,North Korea
364,Snngam,North Korea
365,Song,North Korea
366,Song-Ni,North Korea
367,Song-Nodong-Ni,North Korea
368,Songgang-Nodong,North Korea
369,Songgangyong,North Korea
370,Songgwang-Up,North Korea
371,Songjagu,North Korea
372,Songjibaegam,North Korea
373,Songwon,North Korea
374,Ssnngwon-Up,North Korea
375,Sungjagu,North Korea
376,Sungnam,North Korea
377,Synggang-Ni,North Korea
378,Syonggang-Ni,North Korea
379,Tae-Dong,North Korea
380,Tae-Dong-Up,North Korea
381,Tae-Dongjagu,North Korea
382,Tae-Dongsong-No,North Korea
383,Tam-Ni,North Korea
384,Tam-Nodong,North Korea
385,Tam-Nodongju,North Korea
386,Tau-Ri,North Korea
387,Tu--P,North Korea
388,U-Up,North Korea
389,Ueju,North Korea
390,Ujang,North Korea
391,Ujangdong,North Korea
392,Ujangyong,North Korea
393,Uju,North Korea
394,Uksan-Up,North Korea
395,Unaaju,North Korea
396,Unahju,North Korea
397,Unan-Up,North Korea
398,Unanju,North Korea
399,Unch'On,North Korea
400,Ung,North Korea
401,Ungam,North Korea
402,Ungam-Ni,North Korea
403,Ungam-Nodong,North Korea
404,Unghwa,North Korea
405,Ungjagu,North Korea
406,Ungjibaegam,North Korea
407,Ungjin,North Korea
408,Ungju,North Korea
409,Ungnam,North Korea
410,Ungnim-Nodong,North Korea
411,Ungsan,North Korea
412,Ungsan-Up,North Korea
413,Ungsong,North Korea
414,Ungsongjibaegam,North Korea
415,Unj,North Korea
416,Unja,North Korea
417,Unjj,North Korea
418,Unjju,North Korea
419,Uogsan-Up,North Korea
420,Uogsongnim-Nodo,North Korea
421,Upan,North Korea
422,Upja,North Korea
423,Uptae-Dong,North Korea
424,Waksang-Up,North Korea
425,Wang-Ni,North Korea
426,Wang-Nodong-Ni,North Korea
427,Wang-Up,North Korea
428,Wangsan,North Korea
429,Wapsan-Up,North Korea
430,Won,North Korea
431,Won-Up,North Korea
432,Yamjo-Up,North Korea
433,Yamju-Up,North Korea
434,Yang,North Korea
435,Yang-Ni,North Korea
436,Yang-Up,North Korea
437,Yanju,North Korea
438,Yinanju,North Korea
439,Yjnguwang-Up,North Korea
440,Ykmjn-Up,North Korea
441,Ymmjo-Up,North Korea
442,Yon,North Korea
443,Yong,North Korea
444,Yonggwang-Up,North Korea
445,Yongjagu,North Korea
446,Yongjin,North Korea
447,Yongju,North Korea
448,Yongnam,North Korea
449,Yongnim-Nodong,North Korea
450,Yongsongjagu,North Korea
451,Yongsongwon-Up,North Korea
452,Yongwon,North Korea
453,Yongwon-Up,North Korea
454,Ywuksangsongjag,North Korea
