,Name,Origin
0,  Rnnalgesund,Norway
1, Annesla,Norway
2, Annessjoen,Norway
3, Annnssjoen,Norway
4, Arna,Norway
5, Arnaager,Norway
6, Arnaagersund,Norway
7, Ern,Norway
8, Irnaager,Norway
9, Irnaagero,Norway
10, Mrnmeefoosb,Norway
11, Mund,Norway
12, Rana,Norway
13, Rananger,Norway
14, Ranangersund,Norway
15, Ranby,Norway
16, Rhnmnessjoen,Norway
17, Rinasgero,Norway
18, Rnnalged,Norway
19, Rnnanger,Norway
20, Rnnasgeu,Norway
21, Rrna,Norway
22, Rrnaager,Norway
23, Rrnhelt,Norway
24, Rrnu,Norway
25,A Ennessjoen,Norway
26,A#Eo,Norway
27,Adenjeen,Norway
28,Adle Trnnby,Norway
29,Aero,Norway
30,Afea,Norway
31,Afeok,Norway
32,Afstrom,Norway
33,Aholt,Norway
34,Aikoeh,Norway
35,Aisurd,Norway
36,Ajoen,Norway
37,Akrehamn,Norway
38,Al Ikrehamn,Norway
39,Alenkefjord,Norway
40,Arendal,Norway
41,Arjoen,Norway
42,Arunn,Norway
43,Auan,Norway
44,Auer,Norway
45,Augesund,Norway
46,Augesundda,Norway
47,Avik,Norway
48,Baugesund,Norway
49,Bdum,Norway
50,Bfumsumd,Norway
51,Bhomt,Norway
52,Bjyen,Norway
53,Blund,Norway
54,Bmumdn,Norway
55,Bmumdnssund,Norway
56,Bmyne,Norway
57,Bsumn,Norway
58,Bund,Norway
59,Buun,Norway
60,Byunddal,Norway
61,Dal,Norway
62,Dan,Norway
63,Dblandnessjoen,Norway
64,Dda,Norway
65,Den,Norway
66,Dhemnesla,Norway
67,Dholt,Norway
68,Dilaedk,Norway
69,Djoen,Norway
70,Dlalda,Norway
71,Dol,Norway
72,Dra Byn,Norway
73,Dra Ennesla,Norway
74,Dum,Norway
75,Eakeehamn,Norway
76,Edal,Norway
77,Efjord,Norway
78,Ehvenkefjord,Norway
79,Eisei,Norway
80,Ejkenjennessjoe,Norway
81,Ejoen,Norway
82,Ekrehamn,Norway
83,Elverum,Norway
84,Elverumund,Norway
85,Endal,Norway
86,Eovekuen,Norway
87,Er Innessjoen,Norway
88,Eriatsund,Norway
89,Eriatsundda,Norway
90,Ersak,Norway
91,Erum,Norway
92,Esund,Norway
93,Eune,Norway
94,Euvenkefjord,Norway
95,Euveuke,Norway
96,Euveuun,Norway
97,Evverk,Norway
98,Eysan,Norway
99,Fbyrendal,Norway
100,Feek,Norway
101,Feo,Norway
102,Festrom,Norway
103,Fhert,Norway
104,Fikien,Norway
105,Fjord,Norway
106,Fkrrhann,Norway
107,Fmikdra Ern,Norway
108,Fnekoeh,Norway
109,Fnessjoen,Norway
110,Foss,Norway
111,Fsfsa,Norway
112,Fta,Norway
113,Ftssa,Norway
114,Fverk,Norway
115,Fyer,Norway
116,Galvik,Norway
117,Gdra Ennesla,Norway
118,Ger,Norway
119,Gfoasgeuoss,Norway
120,Gjorpeland,Norway
121,Gkroh,Norway
122,Gkrsgrunn,Norway
123,Gkrvhkrnhaln,Norway
124,Glo,Norway
125,Gmrrstad,Norway
126,Gmrsjoen,Norway
127,God,Norway
128,Godo,Norway
129,Gsron,Norway
130,Gsundda,Norway
131,Gtrom,Norway
132,Gulost,Norway
133,Gunddal,Norway
134,Gur,Norway
135,Gviu,Norway
136,Gyo,Norway
137,H Rnna,Norway
138,Haln,Norway
139,Hert,Norway
140,Hertanger,Norway
141,Hilne,Norway
142,Hkrmhnmnessjoen,Norway
143,Hlmmsrsundda,Norway
144,Hmmmrrstad,Norway
145,Hmmmrrsund,Norway
146,Hmmnrsla,Norway
147,Hmmnrsskryhenne,Norway
148,Hnlne,Norway
149,Holt,Norway
150,Homt,Norway
151,Hrmmersak,Norway
152,Hrmnasgeu,Norway
153,Htum,Norway
154,Hummersak,Norway
155,Hummersundda,Norway
156,Humn,Norway
157,Humnnssudd,Norway
158,Hvin,Norway
159,Hymmerfestrand,Norway
160,I Ean,Norway
161,I Ians,Norway
162,I Iansverk,Norway
163,Ialstkom,Norway
164,Iddra Ern,Norway
165,Iddralda,Norway
166,Ijoen,Norway
167,Ijopdal,Norway
168,Ikien,Norway
169,Ikleftr,Norway
170,Ileek,Norway
171,Ilestrom,Norway
172,Iloeo,Norway
173,Iloet,Norway
174,Ilost,Norway
175,Ilte,Norway
176,Imdrf Arn,Norway
177,Imeefestranby,Norway
178,Imerfestrom,Norway
179,Indre Arna,Norway
180,Insssudd,Norway
181,Irdmansverk,Norway
182,Irdml,Norway
183,Irdra Ennesla,Norway
184,Issi,Norway
185,Issia,Norway
186,Istiansund,Norway
187,Istiansundda,Norway
188,Istiansverk,Norway
189,Istiansverumund,Norway
190,Isumdi,Norway
191,Itiansverum,Norway
192,Itlandefjord,Norway
193,Iydr,Norway
194,J Rrnsberg,Norway
195,Jennesla,Norway
196,Jien,Norway
197,Jira,Norway
198,Jiros,Norway
199,Jjin,Norway
200,Jmvik,Norway
201,Jnrdal,Norway
202,Jnrdsla,Norway
203,Joen,Norway
204,Jolda,Norway
205,Jolde,Norway
206,Jord,Norway
207,Jovik,Norway
208,Jrendal,Norway
209,Jrrmansund,Norway
210,Jrrmansverum,Norway
211,Jrrmansverumund,Norway
212,Jrrmund,Norway
213,Jrrmunddal,Norway
214,Jsnnnssurd,Norway
215,Jsunddal,Norway
216,Jtnnasgeu,Norway
217,Jtrdnland,Norway
218,Jurm,Norway
219,Kapger,Norway
220,Kdaf,Norway
221,Keager,Norway
222,Khammerfest,Norway
223,Khomt,Norway
224,Kien,Norway
225,Kiriaasvik,Norway
226,Kissi,Norway
227,Klofta,Norway
228,Klpelandal,Norway
229,Kmafstrandefjor,Norway
230,Knefsar,Norway
231,Kopervik,Norway
232,Krahennesla,Norway
233,Krehamn,Norway
234,Kriansverk,Norway
235,Krvhrunn,Norway
236,Kryhennesla,Norway
237,Kstiansund,Norway
238,Ktiansund,Norway
239,Kumenfest,Norway
240,Kung,Norway
241,Kysen,Norway
242,L Ikrehamn,Norway
243,L Vangen,Norway
244,Lda,Norway
245,Ldal,Norway
246,Le Trnnby,Norway
247,Lefta,Norway
248,Leik,Norway
249,Leit,Norway
250,Lenkefjord,Norway
251,Lerk,Norway
252,Lert,Norway
253,Lestranby,Norway
254,Levanger,Norway
255,Lhottpmalstians,Norway
256,Lissi,Norway
257,Llestranby,Norway
258,Llestrom,Norway
259,Llvargen,Norway
260,Lmest,Norway
261,Lne,Norway
262,Lnvangen,Norway
263,Lnvenues,Norway
264,Lnverk,Norway
265,Lo O R Rana,Norway
266,Lo T Nnnssn,Norway
267,Lo T Nnnssu,Norway
268,Lo T Nnnssurd,Norway
269,Lolo,Norway
270,Lolost,Norway
271,Loro,Norway
272,Lost,Norway
273,Lrekuen,Norway
274,Luftsund,Norway
275,Lund,Norway
276,Lunddal,Norway
277,Luvangen,Norway
278,Lvik,Norway
279,M Ilrekaefoosg,Norway
280,Malenkefjord,Norway
281,Malst,Norway
282,Malstod,Norway
283,Mamstrom,Norway
284,Mansverk,Norway
285,Marfoss,Norway
286,Marstad,Norway
287,Mberg,Norway
288,Merfest,Norway
289,Merfestranby,Norway
290,Merfestrom,Norway
291,Mesverumund,Norway
292,Mfloro,Norway
293,Milsskryhenness,Norway
294,Mjlenkefjord,Norway
295,Mkrstad,Norway
296,Mlest,Norway
297,Mlestranby,Norway
298,Mlestrandefjord,Norway
299,Mllestrandnesla,Norway
300,Mlverk,Norway
301,Mmerfestranby,Norway
302,Mmerfestrom,Norway
303,Mmersak,Norway
304,Mmersund,Norway
305,Mmmrrstad,Norway
306,Mnndal,Norway
307,Mnndefjord,Norway
308,Mnsser,Norway
309,Mpeala,Norway
310,Mpersund,Norway
311,Mrest,Norway
312,Mrestrom,Norway
313,Msli,Norway
314,Mumdn,Norway
315,Mumdna,Norway
316,Mumdnlsek,Norway
317,Mund,Norway
318,Munddal,Norway
319,Murd,Norway
320,Murdslo,Norway
321,Musd,Norway
322,Mverum,Norway
323,Mvir,Norway
324,Mysen,Norway
325,Myssndal,Norway
326,N Ern,Norway
327,N#Ngero,Norway
328,N#Ysen,Norway
329,Nanger,Norway
330,Ndnesla,Norway
331,Ndre Arna,Norway
332,Ngero,Norway
333,Nhrsmarstad,Norway
334,Nies,Norway
335,Njoen,Norway
336,Nkissiu,Norway
337,Nkrehamn,Norway
338,Nlo,Norway
339,Nloek,Norway
340,Nlooo,Norway
341,Nnger,Norway
342,Nnnssla,Norway
343,Nnsondbe,Norway
344,Nrsoddtangersun,Norway
345,Nrvlkrkhehtmnns,Norway
346,Nssoddtangen,Norway
347,Nssoddtangero,Norway
348,Nunn,Norway
349,Nvenuen,Norway
350,Nvio,Norway
351,Nvis,Norway
352,Nvunn,Norway
353,Nysen,Norway
354,O I Rananger,Norway
355,Oadda,Norway
356,Oddal,Norway
357,Of Ern,Norway
358,Olda,Norway
359,Olde,Norway
360,Olo,Norway
361,Oloeo,Norway
362,Olooo,Norway
363,Oppdal,Norway
364,Ordal,Norway
365,Orpalvik,Norway
366,Oss,Norway
367,Ougesund,Norway
368,Palvik,Norway
369,Pdal,Norway
370,Per,Norway
371,Persak,Norway
372,Pervik,Norway
373,Pfea,Norway
374,Pfest,Norway
375,Pillest,Norway
376,Plalo,Norway
377,Plolo,Norway
378,Plrstad,Norway
379,Pmalstdan,Norway
380,Pmalstod,Norway
381,Pmlalo,Norway
382,Ppeala,Norway
383,Ppealert,Norway
384,Ppeavik,Norway
385,Ppeland,Norway
386,Ppelandal,Norway
387,Pppalvik,Norway
388,Pralenkefjord,Norway
389,Prrmansund,Norway
390,Prrmmerfest,Norway
391,Prrstad,Norway
392,Psrranby,Norway
393,Pumansundda,Norway
394,Pursunddal,Norway
395,Pvil,Norway
396,Pyae,Norway
397,Pyee,Norway
398,R Annalgesundda,Norway
399,R Annasgeu,Norway
400,R Annesla,Norway
401,R Innsslo,Norway
402,Ra ,Norway
403,Raholt,Norway
404,Rakerjmenfest,Norway
405,Rale,Norway
406,Rauby,Norway
407,Reufest,Norway
408,Rfestranby,Norway
409,Rfufsssa,Norway
410,Rfunk,Norway
411,Rghumnnssjoen,Norway
412,Rhaln,Norway
413,Rhannasgeu,Norway
414,Rhumndsla,Norway
415,Rilteo,Norway
416,Ristiansund,Norway
417,Rjoen,Norway
418,Rjrendal,Norway
419,Rkrehamn,Norway
420,Rllalo,Norway
421,Rlofta,Norway
422,Rmumd,Norway
423,Rnhaln,Norway
424,Rol,Norway
425,Rstad,Norway
426,Rsund,Norway
427,Rugnsan,Norway
428,Rum,Norway
429,Rumundda,Norway
430,Runn,Norway
431,Ruufoss,Norway
432,Rvia,Norway
433,Rvik,Norway
434,Rysen,Norway
435,Sgen,Norway
436,Sgrunn,Norway
437,Sikneflardal,Norway
438,Sisnialenkefjor,Norway
439,Sjoen,Norway
440,Skryhennesla,Norway
441,Slo,Norway
442,Slonobe,Norway
443,Smenfestranby,Norway
444,Sngero,Norway
445,Spin,Norway
446,Stranby,Norway
447,Strand,Norway
448,Strom,Norway
449,Sund,Norway
450,Sundda,Norway
451,Svia,Norway
452,Svik,Norway
453,Tangen,Norway
454,Tanger,Norway
455,Tangero,Norway
456,Tangersak,Norway
457,Tena,Norway
458,Tenaegero,Norway
459,Tfnaky,Norway
460,Tiansund,Norway
461,Tiansverk,Norway
462,Tilaed,Norway
463,Tilne,Norway
464,Tilnesla,Norway
465,Timmmrrstad,Norway
466,Tinasgeusund,Norway
467,Tinnssu,Norway
468,Tkiassujdiansun,Norway
469,Tlonobsgeu,Norway
470,Tmansund,Norway
471,Tmansverumund,Norway
472,Tommersak,Norway
473,Topervik,Norway
474,Tranby,Norway
475,Trand,Norway
476,Trin,Norway
477,Trinnsslo,Norway
478,Tum,Norway
479,Tuna,Norway
480,Tunn,Norway
481,Tyna,Norway
482,Ubg,Norway
483,Uen,Norway
484,Ufnssn,Norway
485,Ufoss,Norway
486,Uges,Norway
487,Ugesund,Norway
488,Ugesundda,Norway
489,Ugesunddal,Norway
490,Uglsukd,Norway
491,Uis,Norway
492,Ulo,Norway
493,Umenfest,Norway
494,Umenfestranby,Norway
495,Umensan,Norway
496,Umensundda,Norway
497,Umm,Norway
498,Umund,Norway
499,Umundda,Norway
500,Und,Norway
501,Unn,Norway
502,Uos,Norway
503,Urs,Norway
504,Ursundda,Norway
505,Uru,Norway
506,Usundda,Norway
507,Utn,Norway
508,Uug,Norway
509,Uugesunddal,Norway
510,Uun,Norway
511,Uvin,Norway
512,Valne,Norway
513,Vanger,Norway
514,Vendal,Norway
515,Verum,Norway
516,Vgndal,Norway
517,Vhilne,Norway
518,Vik,Norway
519,Vknngen,Norway
520,Vlenkefjord,Norway
521,Vmenfestrom,Norway
522,Vundda,Norway
523,Vunddal,Norway
524,Vvin,Norway
525,Vyne,Norway
526,Ysan,Norway
527,Ysen,Norway
