,Name,Origin
0, Bugkar,Pakistan
1, Bugti,Pakistan
2, Cantonment,Pakistan
3, Cantonment Aut,Pakistan
4, Ghundred Sevel,Pakistan
5, Gorchana,Pakistan
6, Gorchani,Pakistan
7, Indi Bhattian,Pakistan
8, Ittoki,Pakistan
9, Janpur,Pakistan
10, Shahpur,Pakistan
11, Yan,Pakistan
12,Abat,Pakistan
13,Adhan,Pakistan
14,Adhang,Pakistan
15,Adhani,Pakistan
16,Adharah,Pakistan
17,Adhari,Pakistan
18,Adiulach,Pakistan
19,Ahal,Pakistan
20,Ahal Devent,Pakistan
21,Ahuta,Pakistan
22,Aino I,Pakistan
23,Airo,Pakistan
24,Aiwind,Pakistan
25,Aja Jandi Bhatt,Pakistan
26,Aja Jandialkot,Pakistan
27,Aja Jang,Pakistan
28,Ajan,Pakistan
29,Ala,Pakistan
30,Alaswala Shikar,Pakistan
31,Alat,Pakistan
32,Alhi,Pakistan
33,Ali,Pakistan
34,Alik Barkhurdar,Pakistan
35,Alik Ghundred S,Pakistan
36,Alomchani,Pakistan
37,Alur Chak Two H,Pakistan
38,Alur Chakarpur,Pakistan
39,Aman Garhi Khel,Pakistan
40,Amba,Pakistan
41,Ambar,Pakistan
42,Amber,Pakistan
43,Amra,Pakistan
44,And,Pakistan
45,Andi,Pakistan
46,Andialkot,Pakistan
47,Andlian,Pakistan
48,Ang Mahal,Pakistan
49,Ang Mahal Deven,Pakistan
50,Anifwalat,Pakistan
51,Anjanpur,Pakistan
52,Ashurdar,Pakistan
53,Asni,Pakistan
54,Asrur,Pakistan
55,Asurfargarh,Pakistan
56,Asurseewa Itt,Pakistan
57,Athal,Pakistan
58,Athirabad,Pakistan
59,Ati,Pakistan
60,Atni,Pakistan
61,Atoi Sher Khan,Pakistan
62,Atoi Shikar,Pakistan
63,Bad,Pakistan
64,Baddomalhi,Pakistan
65,Bat,Pakistan
66,Budi,Pakistan
67,Budkadali,Pakistan
68,Budt,Pakistan
69,Budtam,Pakistan
70,Buity,Pakistan
71,C Had Khan,Pakistan
72,Cah,Pakistan
73,Cahhab,Pakistan
74,Cahta,Pakistan
75,Cehar,Pakistan
76,Chan,Pakistan
77,Chana,Pakistan
78,Chang,Pakistan
79,Chani,Pakistan
80,Chi,Pakistan
81,Chority,Pakistan
82,Choro,Pakistan
83,Cli,Pakistan
84,Cman Garh,Pakistan
85,Cnhority,Pakistan
86,Cnhoro,Pakistan
87,Cri,Pakistan
88,Cthorkot,Pakistan
89,Cthoro,Pakistan
90,Cur,Pakistan
91,D Kot Mand,Pakistan
92,Dalik Barkana,Pakistan
93,Dalik Ghundred ,Pakistan
94,Dhan,Pakistan
95,Dhana,Pakistan
96,Dhanani,Pakistan
97,Dhar,Pakistan
98,Dharang Mahal,Pakistan
99,Dharanwala Shah,Pakistan
100,Dhari,Pakistan
101,Dirl,Pakistan
102,Dmali,Pakistan
103,Domali,Pakistan
104,Ehar,Pakistan
105,Eharah,Pakistan
106,Eharanwalat,Pakistan
107,Faruka,Pakistan
108,Fhattoki,Pakistan
109,Frrty-Nine Thal,Pakistan
110,Furty-Five Hund,Pakistan
111,Garh,Pakistan
112,Garha Tek Sinjh,Pakistan
113,Garhi Khani,Pakistan
114,Gathoro,Pakistan
115,Ghaunsa,Pakistan
116,Ghotki,Pakistan
117,Gra,Pakistan
118,Hae,Pakistan
119,Hah,Pakistan
120,Hairo,Pakistan
121,Hamba,Pakistan
122,Hambar,Pakistan
123,Han,Pakistan
124,Hanani,Pakistan
125,Hang,Pakistan
126,Hang Mahal,Pakistan
127,Hang Mali,Pakistan
128,Hang Sadr,Pakistan
129,Hangarh,Pakistan
130,Hani,Pakistan
131,Har,Pakistan
132,Harab,Pakistan
133,Harabad,Pakistan
134,Haran,Pakistan
135,Harang,Pakistan
136,Harang Mahal De,Pakistan
137,Haranwalat,Pakistan
138,Hari,Pakistan
139,Haspur,Pakistan
140,Hattian,Pakistan
141,Hattoki,Pakistan
142,Hauspur,Pakistan
143,Hinabad,Pakistan
144,Hotki,Pakistan
145,Hpur,Pakistan
146,Hurdar,Pakistan
147,Hushab,Pakistan
148,Hwan,Pakistan
149,Iahwan,Pakistan
150,Ialkot,Pakistan
151,Ijao Mhad Kot A,Pakistan
152,Ijar Khel,Pakistan
153,Ikar,Pakistan
154,Ilik Barkanani,Pakistan
155,Ilik Girj,Pakistan
156,Ilsi,Pakistan
157,Inabad,Pakistan
158,Ind,Pakistan
159,Indi,Pakistan
160,Indi Bhattian,Pakistan
161,Indiala,Pakistan
162,Ingh,Pakistan
163,Injhor,Pakistan
164,Injhority,Pakistan
165,Injhorkot,Pakistan
166,Injhoro,Pakistan
167,Inkbustar,Pakistan
168,Inwhlian,Pakistan
169,Inybper Khanani,Pakistan
170,Irabad,Pakistan
171,Irabpur,Pakistan
172,Irh,Pakistan
173,Iri,Pakistan
174,Iro,Pakistan
175,Isiarwah Gorcha,Pakistan
176,Ito,Pakistan
177,Itoomklhi,Pakistan
178,Iushab,Pakistan
179,Iwalat,Pakistan
180,Izasfabad,Pakistan
181,Ja Jandiala,Pakistan
182,Ja Jang Sadr,Pakistan
183,Jan,Pakistan
184,Jan Garh,Pakistan
185,Janpur,Pakistan
186,Janpur Khairo,Pakistan
187,Janpur Kotli,Pakistan
188,Jas Uang Sadr,Pakistan
189,Jas Urabad,Pakistan
190,Jaspur,Pakistan
191,Jaswal,Pakistan
192,Jaswala,Pakistan
193,Jat,Pakistan
194,Jat Addu,Pakistan
195,Jat Iklwan,Pakistan
196,Jat Mandhkot,Pakistan
197,Jatpur,Pakistan
198,Jhang Sadr,Pakistan
199,Jinabad,Pakistan
200,Jlan,Pakistan
201,Jot Mandi,Pakistan
202,Jot Mandi Bhatt,Pakistan
203,Jsn Fargarh,Pakistan
204,Jur Chamber,Pakistan
205,Jushab,Pakistan
206,Kalat,Pakistan
207,Kar,Pakistan
208,Kat,Pakistan
209,Kclakar,Pakistan
210,Kot Addu,Pakistan
211,Lakar,Pakistan
212,Lamba,Pakistan
213,Lamber,Pakistan
214,Lan,Pakistan
215,Lat,Pakistan
216,Lian,Pakistan
217,Lianwala,Pakistan
218,Lianwalat,Pakistan
219,Lik Barkanani,Pakistan
220,Lik Barkhurdar,Pakistan
221,Lik Ghund,Pakistan
222,Lik Ghundred Fo,Pakistan
223,Lik Ghundred Se,Pakistan
224,Limnjanpur,Pakistan
225,Lio Mhhushab,Pakistan
226,Lir Mandlian,Pakistan
227,Lirn,Pakistan
228,Lmschan,Pakistan
229,Lom Lan,Pakistan
230,Lotmerab,Pakistan
231,Lots,Pakistan
232,Lotsaufhari,Pakistan
233,Lotsmandhkot,Pakistan
234,Lso,Pakistan
235,Mabad,Pakistan
236,Mabh,Pakistan
237,Mabi,Pakistan
238,Mach,Pakistan
239,Malhi,Pakistan
240,Mali,Pakistan
241,Malik Barkana,Pakistan
242,Malik Ghund,Pakistan
243,Malik Ghundred ,Pakistan
244,Man Garh,Pakistan
245,Man Garhi Khair,Pakistan
246,Man Garhi Khan,Pakistan
247,Man Garhi Khang,Pakistan
248,Man Garhi Khara,Pakistan
249,Man Garhi Khel,Pakistan
250,Maran,Pakistan
251,Mashurdar,Pakistan
252,Mastofmert Auth,Pakistan
253,Mba,Pakistan
254,Mbar,Pakistan
255,Mber,Pakistan
256,Mchang Sadr,Pakistan
257,Mdaala,Pakistan
258,Mhar,Pakistan
259,Mirabad,Pakistan
260,Mja Jandlian,Pakistan
261,Mjanpur,Pakistan
262,Mktli,Pakistan
263,Mli,Pakistan
264,Mng Sadr,Pakistan
265,Mpur,Pakistan
266,Mra,Pakistan
267,Murkanjanpur,Pakistan
268,Myaahuta,Pakistan
269,Nabad,Pakistan
270,Ndakora,Pakistan
271,Ndi,Pakistan
272,Ndi Bhattoki,Pakistan
273,Ndiala,Pakistan
274,Ndialaswalan,Pakistan
275,Ndialkot,Pakistan
276,Ndlian,Pakistan
277,Ndlianwal,Pakistan
278,Ng Sadr,Pakistan
279,Ngarh,Pakistan
280,Ngarhi Khangarh,Pakistan
281,Ngli,Pakistan
282,Nj N Tek Singh,Pakistan
283,Njan,Pakistan
284,Njanpur,Pakistan
285,Njy-Nine Thal D,Pakistan
286,Nliwnl,Pakistan
287,Nman Garh,Pakistan
288,Noli,Pakistan
289,Ntonment,Pakistan
290,Ntonment Author,Pakistan
291,Nypur,Pakistan
292,Ot Addu,Pakistan
293,Ot Author,Pakistan
294,Ot Authorkot,Pakistan
295,Ot Mahal,Pakistan
296,Ot Mali,Pakistan
297,Ot Malik Ghundr,Pakistan
298,Ot Mand,Pakistan
299,Ot Mandhkot,Pakistan
300,Ot Mandi Bhatti,Pakistan
301,Ot Mandiala,Pakistan
302,Ot Mandialkot,Pakistan
303,Oti Sher Khel,Pakistan
304,Otli,Pakistan
305,Otm Fang,Pakistan
306,Otm Fang Malik ,Pakistan
307,Otm Mali,Pakistan
308,Otmi,Pakistan
309,Otpi,Pakistan
310,Otr,Pakistan
311,Otsi,Pakistan
312,Oty,Pakistan
313,Oty Sher Kot,Pakistan
314,Owchanani,Pakistan
315,Par,Pakistan
316,Ppun,Pakistan
317,Pur,Pakistan
318,Pur Chak Five H,Pakistan
319,Pur Khairo,Pakistan
320,Pur Khani,Pakistan
321,Rad,Pakistan
322,Ran,Pakistan
323,Ranwal,Pakistan
324,Rcfwala Shikar,Pakistan
325,Reh,Pakistan
326,Rjan,Pakistan
327,Rjanpur,Pakistan
328,Rnglrchani,Pakistan
329,Shahdad Kotli,Pakistan
330,Shurdar,Pakistan
331,Sirabad,Pakistan
332,Slamber,Pakistan
333,Snabad,Pakistan
334,Snani,Pakistan
335,Sndred Seventy-,Pakistan
336,Sng Mali,Pakistan
337,Sni,Pakistan
338,Sook Kala,Pakistan
339,Sot Mandhkot,Pakistan
340,Sote Shahdad Ko,Pakistan
341,Spur Khangarh,Pakistan
342,Srur,Pakistan
343,Sttakora,Pakistan
344,Sttfang Mahal,Pakistan
345,Sttfangarh,Pakistan
346,Sttfargarhi Kha,Pakistan
347,Sttman,Pakistan
348,Sttman Garh,Pakistan
349,Stufaagathire,Pakistan
350,Sursehwan,Pakistan
351,Tam,Pakistan
352,Tharang,Pakistan
353,Thi,Pakistan
354,Thorkot,Pakistan
355,Tian,Pakistan
356,Tianwala,Pakistan
357,Tin,Pakistan
358,Tindi Bhattian,Pakistan
359,Tjanpur,Pakistan
360,Tlan,Pakistan
361,Tli,Pakistan
362,Toi Shah,Pakistan
363,Toi Shahdad Kha,Pakistan
364,Toi Shahdad Kot,Pakistan
365,Toi Shahpur,Pakistan
366,Toi Sher Khan,Pakistan
367,Toi Sher Kot Ad,Pakistan
368,Toi Shera Bugti,Pakistan
369,Toi Sherabad,Pakistan
370,Toi Shikar,Pakistan
371,Toi Shikarpur,Pakistan
372,Toi Shimalhi,Pakistan
373,Toi Shimalhor,Pakistan
374,Toi Shimali,Pakistan
375,Toi Shimalik Gh,Pakistan
376,Tomilai,Pakistan
377,Tomilar,Pakistan
378,Tomilarwah Gorc,Pakistan
379,Tomilaswalambar,Pakistan
380,Tomilaswalat,Pakistan
381,Tommhar,Pakistan
382,Tomulkchang,Pakistan
383,Toombhr,Pakistan
384,Toomchang Mandi,Pakistan
385,Toomkltt,Pakistan
386,Toti Shahpur,Pakistan
387,Totm Eharah,Pakistan
388,Totm Mahal,Pakistan
389,Totm Mali,Pakistan
390,Totm Malik Bark,Pakistan
391,Totm Sadr,Pakistan
392,Totmadhkot,Pakistan
393,Totmadhundred S,Pakistan
394,Totmerttoki,Pakistan
395,Toumkaunkal,Pakistan
396,Tpur,Pakistan
397,Tsi,Pakistan
398,Ttoki,Pakistan
399,Ttur,Pakistan
400,Ty-Five Hundred,Pakistan
401,Ufrat,Pakistan
402,Ulach,Pakistan
403,Ulachi,Pakistan
404,Ulrchangarh,Pakistan
405,Urab,Pakistan
406,Urabad,Pakistan
407,Urba,Pakistan
408,Urbat,Pakistan
409,Urcamtoi Shahda,Pakistan
410,Urce,Pakistan
411,Urceetaa,Pakistan
412,Urdar,Pakistan
413,Urjan,Pakistan
414,Urjanpur Khan,Pakistan
415,Urkfargarhi Khe,Pakistan
416,Urmandi Bhattok,Pakistan
417,Urper Khel,Pakistan
418,Urree,Pakistan
419,Ursafabad,Pakistan
420,Ursaunkal,Pakistan
421,Ursbar,Pakistan
422,Urseab Kala,Pakistan
423,Urseewpur,Pakistan
424,Urstfmarh,Pakistan
425,Uspur,Pakistan
426,Uspur Khairo,Pakistan
427,Uspur Kotli,Pakistan
428,Usrar,Pakistan
429,Uzaffargarh,Pakistan
430,Wala,Pakistan
431,Wala Shahpur,Pakistan
432,Walat,Pakistan
433,Yah,Pakistan
434,Yam,Pakistan
435,Yat,Pakistan
436,Yauharab,Pakistan
437,Yauhari,Pakistan
438,Ydhurdar,Pakistan
439,Yny-Pur,Pakistan
440,Ypur Chambar,Pakistan
441,Zaffargarh,Pakistan
442,Zarfalg,Pakistan
443,Zarfargarh,Pakistan
444,Zfa Ganhher Khe,Pakistan
