,Name,Origin
0, Abu Dahil,Palestine
1, Al Misbah,Palestine
2, Arye,Palestine
3, Da`If,Palestine
4, Eir Zaydiyah,Palestine
5, F Wa Dawhah,Palestine
6, Fkjjrrriyah,Palestine
7, Gvua,Palestine
8, Harre Adummim,Palestine
9, Ijyar,Palestine
10, Jala,Palestine
11, Jalatah,Palestine
12, Jerusalem,Palestine
13, Jjlar,Palestine
14, Kbarhaliyah,Palestine
15, Knmmmor,Palestine
16, Liqya,Palestine
17, Lyqta,Palestine
18, Misbah,Palestine
19, Na`Ir,Palestine
20, Okhav Yamun,Palestine
21, R Ramaliyah,Palestine
22, S`Mun,Palestine
23, S`Om,Palestine
24, Sahur,Palestine
25, Samif,Palestine
26, Samin,Palestine
27, Samu`,Palestine
28, Samun,Palestine
29, Sbalan,Palestine
30, Sghusun,Palestine
31, Swma,Palestine
32, Ubayd,Palestine
33, Ubayd Ash Sham,Palestine
34, Ubaydiyat Zeev,Palestine
35, Y''Aeov Aah,Palestine
36, Y'Mue,Palestine
37, Yamu`,Palestine
38, Yd'Arqiyah,Palestine
39, Ydummim,Palestine
40, Yhmur,Palestine
41, Yq'Ayd Ash Sho,Palestine
42, Ytmun,Palestine
43, Zeev,Palestine
44, `Awwa,Palestine
45, `Awwaras,Palestine
46, `Ayzarithiyah,Palestine
47,' Eerve Shuyukh,Palestine
48,'Ale Adummim,Palestine
49,'Alem,Palestine
50,'Aqov,Palestine
51,'Awok,Palestine
52,'Az Zahil,Palestine
53,'Baet Arye,Palestine
54,'Eeev,Palestine
55,'Keev,Palestine
56,'Qqea,Palestine
57,'Ure,Palestine
58,'Yeeuov,Palestine
59,A Ya'Ale Adummi,Palestine
60,A Yamu`,Palestine
61,A` Ta,Palestine
62,Abta,Palestine
63,Abu Dis,Palestine
64,Ae Adummim,Palestine
65,Ah Ehim,Palestine
66,Al Misbah,Palestine
67,Alun,Palestine
68,An Bah,Palestine
69,Aq Ay Haei Aah,Palestine
70,Aqma,Palestine
71,Ar Ra`I,Palestine
72,Ar Ra`If,Palestine
73,Ar Ra`In,Palestine
74,Ar Ram Wa Da`In,Palestine
75,Ar Ramalin,Palestine
76,At I Yah,Palestine
77,At Rah,Palestine
78,At Rala,Palestine
79,At Ralat Al Mis,Palestine
80,At `Ayzarithiya,Palestine
81,Atta,Palestine
82,Attir,Palestine
83,Aydiyah,Palestine
84,Ayt Samin,Palestine
85,Ayt Ula,Palestine
86,B`Yta Al Fajjar,Palestine
87,Balan,Palestine
88,Bbayd Ash Shara,Palestine
89,Bf`Yqrebaon,Palestine
90,Bfah,Palestine
91,Bfid,Palestine
92,Bfuyikhav Yamun,Palestine
93,Biyah,Palestine
94,Bl Dahiyah,Palestine
95,Blah,Palestine
96,Blaydiyah,Palestine
97,Blid,Palestine
98,Bmyom,Palestine
99,Bnytmalin,Palestine
100,Bokhav Ya'Ale A,Palestine
101,Bsyar,Palestine
102,Bta,Palestine
103,Bu`Darithiyah,Palestine
104,Bula,Palestine
105,Burd,Palestine
106,Burdin,Palestine
107,Bus,Palestine
108,Byd Ash Shomero,Palestine
109,Byt Kahiriyah,Palestine
110,Byttu,Palestine
111,Byythah,Palestine
112,Bz Dawhah,Palestine
113,Bza,Palestine
114,D Ah Ash Shomer,Palestine
115,D Ar Dis,Palestine
116,D Ash Shuyukh,Palestine
117,D City,Palestine
118,D Jala,Palestine
119,D Sahur,Palestine
120,D Wa Da`Im,Palestine
121,D Wa Dahiriyah,Palestine
122,D`Awan,Palestine
123,Dayr Abu Da`I,Palestine
124,Dayr Abu Dibwan,Palestine
125,Dayr Al Barid,Palestine
126,Dayr Dibwan,Palestine
127,Dbas,Palestine
128,Did,Palestine
129,Dir,Palestine
130,Djla,Palestine
131,Dmar,Palestine
132,Dnyom,Palestine
133,Draa,Palestine
134,Drani Na`If,Palestine
135,Drani Na`Im,Palestine
136,Drani Na`In,Palestine
137,Drani Na`Ir,Palestine
138,Drani Zahil,Palestine
139,Drani Zahiriyah,Palestine
140,Drani Zahr,Palestine
141,Drani Zayd Ash ,Palestine
142,Drani Zaydiyah,Palestine
143,Drani Zayta Al ,Palestine
144,Dranin,Palestine
145,Dranit,Palestine
146,E Fdwon,Palestine
147,Eah Rs` Da`Im,Palestine
148,Ebaokhav Yamu`,Palestine
149,Edhun,Palestine
150,Eiv Tah,Palestine
151,Ej Aiyah,Palestine
152,Ejmmar,Palestine
153,Ejv Aah,Palestine
154,Elv Dahil,Palestine
155,Er Abu Dahiyah,Palestine
156,Er Dibwan,Palestine
157,Eymmmo`Mar,Palestine
158,Farqin,Palestine
159,Fayq Kahiriyah,Palestine
160,Fbayd Ash Shome,Palestine
161,Fbuna,Palestine
162,Fdroa,Palestine
163,Feron,Palestine
164,Ffin,Palestine
165,Filwad,Palestine
166,Fin,Palestine
167,Fir,Palestine
168,Fkywhah,Palestine
169,Fliqya,Palestine
170,Flqrabala,Palestine
171,Fr Ra`I,Palestine
172,Fr Ra`Ir,Palestine
173,Fr Ram Wa Da`If,Palestine
174,Fr Ramalin,Palestine
175,Frata,Palestine
176,Frithiyah,Palestine
177,Frqye,Palestine
178,Fta,Palestine
179,Fwla,Palestine
180,Fythalun,Palestine
181,Gv Aa Al Fawqa,Palestine
182,Gv Aah,Palestine
183,Gv Aal Fawqa,Palestine
184,Gv Aalan,Palestine
185,Gvbaa,Palestine
186,Gvraa,Palestine
187,Gvva Binya,Palestine
188,H Ash Sharbatiy,Palestine
189,H Ash Shomeron,Palestine
190,H Ash Shuyukh,Palestine
191,H Asur,Palestine
192,H Asy Ah Ash Sh,Palestine
193,H Asyr,Palestine
194,H Dshrsa,Palestine
195,H Dshrsalfit,Palestine
196,H Fsjrarah,Palestine
197,H Shuyukh,Palestine
198,H Ys'Areh,Palestine
199,H Zsh Sharqin,Palestine
200,H Zsh Shuyukh,Palestine
201,Halin,Palestine
202,Haliyah,Palestine
203,Herbstil,Palestine
204,Hfuyikhav Yamun,Palestine
205,Hil,Palestine
206,Hiyah,Palestine
207,Hiyat Al Fajjar,Palestine
208,Hjbrah Ash Shuy,Palestine
209,Hlbad,Palestine
210,Hlban,Palestine
211,Hlehem,Palestine
212,Hqrda,Palestine
213,Hur,Palestine
214,Huu,Palestine
215,Hv Aah,Palestine
216,Hwyah,Palestine
217,Iddu,Palestine
218,Idya,Palestine
219,Ifah,Palestine
220,Ilhaliyah,Palestine
221,Inya,Palestine
222,Inyamit,Palestine
223,Ir Zayt `Ayzari,Palestine
224,Irqin,Palestine
225,Irqiyah,Palestine
226,Iz Aah,Palestine
227,J Ar Zahd,Palestine
228,J Da`Im,Palestine
229,J Sahur,Palestine
230,J Samun,Palestine
231,J Wa Dahiriyah,Palestine
232,J Zaytuniyah,Palestine
233,J`A,Palestine
234,Jaba,Palestine
235,Jbbah,Palestine
236,Jbfayqurya,Palestine
237,Jbna,Palestine
238,Jh Ash Sharas,Palestine
239,Jhbas,Palestine
240,Jhbeeov Aalat A,Palestine
241,Jil,Palestine
242,Jilan,Palestine
243,Jjbarid,Palestine
244,Jqnaaah,Palestine
245,Jrna Al Fawqa,Palestine
246,Jsbah,Palestine
247,Jwwarta,Palestine
248,Jyar,Palestine
249,K Sramallar,Palestine
250,K Srom,Palestine
251,Kbarhaliyah,Palestine
252,Kbarhaliyat Zee,Palestine
253,Kffrhta,Palestine
254,Khadir,Palestine
255,Kharas,Palestine
256,Khrma,Palestine
257,Khrnbarithiyah,Palestine
258,Khrnbariyah,Palestine
259,Khrv Aa Al Ghus,Palestine
260,Khrv Aa Zayt Um,Palestine
261,Khrv Aah,Palestine
262,Khrv Aal Harith,Palestine
263,Khrv Aalan,Palestine
264,Khvv Barithiyah,Palestine
265,Kkarm,Palestine
266,Kkfrrta,Palestine
267,Kmar,Palestine
268,Krarah,Palestine
269,L Barid,Palestine
270,L Barithiyah,Palestine
271,L Bariyah,Palestine
272,L Binyamin,Palestine
273,L Bir Zayd Ash ,Palestine
274,L Birah,Palestine
275,L Birah Ash Shu,Palestine
276,L Fajjar,Palestine
277,L Fawqa,Palestine
278,L Ghusun,Palestine
279,L Harid,Palestine
280,L Hariyah,Palestine
281,L Khadir,Palestine
282,L Kharbathaliya,Palestine
283,L Misbah,Palestine
284,L Na`In,Palestine
285,L Uama`Im,Palestine
286,L Ya'Ale Adummi,Palestine
287,L Ya'Alem,Palestine
288,L Ya'Aqov,Palestine
289,L Yamu`,Palestine
290,L Yamun,Palestine
291,L `Ayzarithiyah,Palestine
292,L'Qie,Palestine
293,L`Qya,Palestine
294,La`,Palestine
295,Lar,Palestine
296,Latanah,Palestine
297,Lban,Palestine
298,Ldir,Palestine
299,Ldiyah,Palestine
300,Leres,Palestine
301,Lfqya,Palestine
302,Lid,Palestine
303,Lil,Palestine
304,Liqya,Palestine
305,Liyah,Palestine
306,Lja,Palestine
307,Lk Rsh Shuyukh,Palestine
308,Llar,Palestine
309,Llqya,Palestine
310,Lnah,Palestine
311,Lon,Palestine
312,Lqa,Palestine
313,Lqilyah,Palestine
314,Lqiyah,Palestine
315,Lqiyat Al Fajja,Palestine
316,Lr`Im,Palestine
317,Lrwya,Palestine
318,Ltqya,Palestine
319,Luk,Palestine
320,Lun,Palestine
321,Luqiyah,Palestine
322,Lwqya,Palestine
323,Lyt Umma`I,Palestine
324,Lytha Al Harid,Palestine
325,M'Aron,Palestine
326,Malin,Palestine
327,Mallah,Palestine
328,Mallar,Palestine
329,Min,Palestine
330,Mmar,Palestine
331,Mumma`In,Palestine
332,Mun,Palestine
333,N Arye,Palestine
334,N Blah,Palestine
335,N Jericho,Palestine
336,N Samin,Palestine
337,Nebron,Palestine
338,Nehhml,Palestine
339,Nehrma,Palestine
340,Nin,Palestine
341,Nit,Palestine
342,Nkshrsabu`Darit,Palestine
343,Nl Harid,Palestine
344,Nnetslem,Palestine
345,Nnit,Palestine
346,Nthrebao,Palestine
347,Ny Jala,Palestine
348,Nyt'`Eeron,Palestine
349,Nytm Aal Ghusun,Palestine
350,Nytm Al Harid,Palestine
351,Nytmlin,Palestine
352,Nytmlir,Palestine
353,Nytmun,Palestine
354,Ov Aa Al Ghusun,Palestine
355,Ov Aa Al Harid,Palestine
356,Ov Aah,Palestine
357,Ov Aalan,Palestine
358,Ov Aalat Zeev,Palestine
359,Ov Aalun,Palestine
360,Over Dibwan,Palestine
361,Ovya Al Hariyah,Palestine
362,Q Ay Hayu Wi ,Palestine
363,Qid,Palestine
364,Qir,Palestine
365,Qiyah,Palestine
366,Qma,Palestine
367,Qqya,Palestine
368,Qya,Palestine
369,R Ra`I,Palestine
370,R Ra`Im,Palestine
371,R Ram Wa Dahiya,Palestine
372,R Ramaliyah,Palestine
373,R Ramaliyat Al ,Palestine
374,Rah,Palestine
375,Rah Ash Shuyukh,Palestine
376,Rani Zahr,Palestine
377,Rani Zayt Fajja,Palestine
378,Rani Zayt Furik,Palestine
379,Rani Zayt Lid,Palestine
380,Ranin,Palestine
381,Rata,Palestine
382,Ratah,Palestine
383,Rayah,Palestine
384,Rid,Palestine
385,Rithiyah,Palestine
386,Riyah,Palestine
387,Rlah,Palestine
388,Rmm`O,Palestine
389,Rqumya,Palestine
390,Rqya,Palestine
391,Rta,Palestine
392,Rut,Palestine
393,S Jalat Az Zayd,Palestine
394,S Lah,Palestine
395,S Lar,Palestine
396,S Samu`,Palestine
397,S `Awarah,Palestine
398,S `Awarah Ash S,Palestine
399,S `Awwa,Palestine
400,S `Ayzarid,Palestine
401,S `Ayzariyah,Palestine
402,S`Aratah,Palestine
403,S`La,Palestine
404,S`Lar,Palestine
405,S``Arabatiyah,Palestine
406,S``Arata,Palestine
407,S``Atarah,Palestine
408,Sa`I,Palestine
409,Sa`Im,Palestine
410,Sa`Ir,Palestine
411,Salfit,Palestine
412,Sblah,Palestine
413,Sblrhalun,Palestine
414,Sflfrta,Palestine
415,Sfr Ra`Ir,Palestine
416,Sh Sharbatha Al,Palestine
417,Sh Sharbatiyat ,Palestine
418,Sh Shomeron,Palestine
419,Sh Shuyukh,Palestine
420,Sh Ws Na`I,Palestine
421,Sharah,Palestine
422,Sharbatha Al Ba,Palestine
423,Shlah,Palestine
424,Silat Al Bir Za,Palestine
425,Sklrr Ra`In,Palestine
426,Sl`E,Palestine
427,Sliyah,Palestine
428,Sllah,Palestine
429,Slna Al Fawqa,Palestine
430,Snlan,Palestine
431,Snlat Zeev,Palestine
432,Srlah,Palestine
433,Srlat Al Ghusun,Palestine
434,Srle Adummim,Palestine
435,St`Ir,Palestine
436,Stamalin,Palestine
437,Surif,Palestine
438,Swqrabah,Palestine
439,Sy`A Wa Dahil,Palestine
440,Syla Bir Zahr,Palestine
441,Sylfit,Palestine
442,T Al Ghusun,Palestine
443,T Bmmar,Palestine
444,T Bza,Palestine
445,T Fajjar,Palestine
446,T Fratah,Palestine
447,T Ghusun,Palestine
448,T Grua,Palestine
449,T Hah,Palestine
450,T Harid,Palestine
451,T Iyah,Palestine
452,T Jerusan,Palestine
453,T Kahiriyah,Palestine
454,T Leres,Palestine
455,T Misbah,Palestine
456,T Na`I,Palestine
457,T Na`Im,Palestine
458,T Na`Ir,Palestine
459,T Sahur,Palestine
460,T Zeev,Palestine
461,T `Ayzarid,Palestine
462,T'Ale Adummim,Palestine
463,T'Aron,Palestine
464,Talun,Palestine
465,Tbunmalin,Palestine
466,Tdir,Palestine
467,Tdiyah,Palestine
468,Tha Al Fajjar,Palestine
469,Tha Al Fawqa,Palestine
470,Tha Al Ghusun,Palestine
471,Tha Al Harithiy,Palestine
472,Thu ,Palestine
473,Thuyukh,Palestine
474,Tid,Palestine
475,Tj Al Ghusun,Palestine
476,Tnala,Palestine
477,Tnhamallah,Palestine
478,Tnilwad,Palestine
479,Tqir,Palestine
480,Tt Al Fawqa,Palestine
481,Tt Zeev,Palestine
482,Tta,Palestine
483,Ttir,Palestine
484,Tuh,Palestine
485,Turif,Palestine
486,Turik,Palestine
487,Twa,Palestine
488,Ty Arye,Palestine
489,Tyirya,Palestine
490,Tyula,Palestine
491,U Bah,Palestine
492,U Wa Dahiriyah,Palestine
493,Ubayd,Palestine
494,Ubayd Ash Shama,Palestine
495,Ubayd Ash Shara,Palestine
496,Ubayd Ash Sharb,Palestine
497,Ubayd Ash Shome,Palestine
498,Ubayd Ash Shuyu,Palestine
499,Ubaydiyah,Palestine
500,Ublyhhalun,Palestine
501,Ublyshasalfit,Palestine
502,Ubuykhav Yamu`,Palestine
503,Ubuymkh,Palestine
504,Ukh,Palestine
505,Ummar,Palestine
506,W Da`Ir,Palestine
507,W Dawhah,Palestine
508,W Wa Dahiriyah,Palestine
509,Wan,Palestine
510,Wbah,Palestine
511,Whah,Palestine
512,Wla,Palestine
513,Wlah,Palestine
514,Wwarah Ash Shar,Palestine
515,Wwarah Ash Shom,Palestine
516,Wwaras,Palestine
517,Wyah,Palestine
518,Y Fajjar,Palestine
519,Y Ghusun,Palestine
520,Y Lid,Palestine
521,Y Tah,Palestine
522,Y``Bad,Palestine
523,Ybunmit,Palestine
524,Yd Ar Zahr,Palestine
525,Yd Ash Shamaliy,Palestine
526,Yd Ash Shamalla,Palestine
527,Yd Ash Sharah A,Palestine
528,Yd Ash Sharbati,Palestine
529,Yd Ash Shomeron,Palestine
530,Yd Ash Shuyukh,Palestine
531,Ydir,Palestine
532,Ydiyah,Palestine
533,Ydras,Palestine
534,Yf Ubaydiyah,Palestine
535,Yl Umma`I,Palestine
536,Yltah,Palestine
537,Ym'Ayd Ash Sham,Palestine
538,Yq Sahur,Palestine
539,Yqiyah,Palestine
540,Yr Abu Da`Ir,Palestine
541,Yr Abu Dibwan,Palestine
542,Yr Al Ghusun,Palestine
543,Yr Samun,Palestine
544,Yt Furif,Palestine
545,Yt Furik,Palestine
546,Yt Jerusale Adu,Palestine
547,Yt Lid,Palestine
548,Yt Liqya,Palestine
549,Yt Sahur,Palestine
550,Yt Ula,Palestine
551,Yt Umma`I,Palestine
552,Yt Ummar,Palestine
553,Yt `Awwarah,Palestine
554,Yt `Ayzarithiya,Palestine
555,Yt `Ayzariyah,Palestine
556,Yt`A,Palestine
557,Yta Al Harid,Palestine
558,Yta Al Misbah,Palestine
559,Ytha Al Fajjar,Palestine
560,Ytha Al Harithi,Palestine
561,Ytha Al Hariyah,Palestine
562,Ytha Al Misbah,Palestine
563,Ythalin,Palestine
564,Ythalun,Palestine
565,Yttu,Palestine
566,Yuh,Palestine
567,Yur'Abe`,Palestine
568,Yy Kbariyah,Palestine
569,Yy Ktarut,Palestine
570,Yy Lid,Palestine
571,Yy Lud,Palestine
572,Yy Luqya,Palestine
573,Yy Ubayd Ash Sh,Palestine
574,Yyta Al Binya,Palestine
575,Yytkarm,Palestine
576,Yytuniyah,Palestine
577,Yz Aayt Lid,Palestine
578,Yz Ra Al Fawqa,Palestine
579,Yz Rah,Palestine
580,Yz Rah Ash Sham,Palestine
581,Yz Rata,Palestine
582,Yz Rayah,Palestine
583,Yzarithiyah,Palestine
584,Yzariyah,Palestine
585,Z Zahr,Palestine
586,Z Zayt Fawqa,Palestine
587,Z `Twra,Palestine
588,Z``Tarah,Palestine
589,Za`Tarah,Palestine
590,Ze`Tvrua,Palestine
591,Zerv Aa Al Fawq,Palestine
592,Zevv Barithiyah,Palestine
593,Zt`Tarut,Palestine
594,` Qraba,Palestine
595,`Anabalan,Palestine
596,`Bwan,Palestine
597,`Bzzma,Palestine
598,`G Ash Shomeron,Palestine
599,`Il,Palestine
600,`Is,Palestine
601,`Iz,Palestine
602,`Izzani Na`Im,Palestine
603,`Jnanmaliyah,Palestine
604,`Jqraba`,Palestine
605,`Jqrabah,Palestine
606,`Jsin,Palestine
607,`Jtarut,Palestine
608,`Lqrqbad,Palestine
609,`Lsin,Palestine
610,`Nnabah,Palestine
611,`Nnata,Palestine
612,`Nwaba`,Palestine
613,`T Kahiyah,Palestine
614,`Tta,Palestine
615,`Twa,Palestine
616,`Ubayd Ash Sham,Palestine
