,Name,Origin
0, Ana,Philippines
1, Antich,Philippines
2, Batan,Philippines
3, Batuan,Philippines
4, Carlos,Philippines
5, Catao,Philippines
6, City,Philippines
7, Cruz,Philippines
8, Eudirgpo Pobla,Philippines
9, Franza,Philippines
10, Isidro,Philippines
11, Jose,Philippines
12, Lababayan Jose,Philippines
13, Na Libon,Philippines
14, Srsa,Philippines
15, Trinidad,Philippines
16, Vicenavia,Philippines
17,", Bgaca",Philippines
18,", Bgapita",Philippines
19,", Bgay",Philippines
20,", Bguez",Philippines
21,", Bgulo",Philippines
22,", Gsainga",Philippines
23,", Gsiao",Philippines
24,", Lguio",Philippines
25,", M Ne City",Philippines
26,", Psio",Philippines
27,", Psper",Philippines
28,", Psto",Philippines
29,",Cgbou Payombon",Philippines
30,",Lgonan",Philippines
31,",Lgtad",Philippines
32,-Aga,Philippines
33,-Agna,Philippines
34,-Ago,Philippines
35,-Aguiapol,Philippines
36,-Agusan,Philippines
37,-Aun Pablo,Philippines
38,-Aun Pedro,Philippines
39,-Aun Pequena,Philippines
40,-Aun Pequero,Philippines
41,-Aun Puntanga,Philippines
42,-Avid,Philippines
43,Aablaca,Philippines
44,Aanbangcob,Philippines
45,Abarawi City,Philippines
46,Abcao,Philippines
47,Ablacao,Philippines
48,Ablayan Ilawod,Philippines
49,Acnin,Philippines
50,Aetu,Philippines
51,Agaluga,Philippines
52,Aggahan,Philippines
53,Aglauiguilandon,Philippines
54,Ahillongouson,Philippines
55,Ahkta,Philippines
56,Aiao,Philippines
57,Aiban,Philippines
58,Aipoledo,Philippines
59,Aitugoy,Philippines
60,Akic,Philippines
61,Ala,Philippines
62,Alanta Monifaci,Philippines
63,Alegria,Philippines
64,Alejos,Philippines
65,Alisay,Philippines
66,Alla,Philippines
67,Alupao,Philippines
68,Aman,Philippines
69,Ambanto,Philippines
70,Amboangkai,Philippines
71,Ambul,Philippines
72,Anatu,Philippines
73,Anay,Philippines
74,Anban,Philippines
75,Andaue,Philippines
76,Ang,Philippines
77,Angan,Philippines
78,Ango,Philippines
79,Anng,Philippines
80,Anoy,Philippines
81,Ansud,Philippines
82,Antiagato,Philippines
83,Antoc,Philippines
84,Antogon,Philippines
85,Antogondon,Philippines
86,Anuelayhaya,Philippines
87,Anyan,Philippines
88,Aolugao,Philippines
89,Aque City,Philippines
90,Asi,Philippines
91,Asipita,Philippines
92,Atnog,Philippines
93,Ayan,Philippines
94,Ayan Jose,Philippines
95,Ayna,Philippines
96,"B,Nncabando",Philippines
97,Bacolok,Philippines
98,Bal,Philippines
99,Balipolesteros,Philippines
100,Balitogon,Philippines
101,Baloc,Philippines
102,Ban,Philippines
103,Bangkai,Philippines
104,Bantabatnon,Philippines
105,Bbanay,Philippines
106,Bbang,Philippines
107,Bbaradadadad,Philippines
108,Bbay,Philippines
109,Bburandin,Philippines
110,Bcang,Philippines
111,Bdlamboan,Philippines
112,Bertad,Philippines
113,Bflar,Philippines
114,Bfliray,Philippines
115,Bgan,Philippines
116,Bgayan,Philippines
117,Bhan,Philippines
118,Bho,Philippines
119,Binan,Philippines
120,Bing,Philippines
121,Bitin,Philippines
122,Blacsiaonga,Philippines
123,Blad,Philippines
124,Blado,Philippines
125,Blador,Philippines
126,Blan,Philippines
127,Blayan,Philippines
128,Bmolom,Philippines
129,Bnaoag,Philippines
130,Bnc Eoreto,Philippines
131,Bnn Carawi City,Philippines
132,Bon,Philippines
133,Bpato,Philippines
134,Bpling,Philippines
135,Btan,Philippines
136,Bul,Philippines
137,Bvnaed,Philippines
138,Calabast,Philippines
139,Calagan,Philippines
140,Calayan,Philippines
141,Calete,Philippines
142,Can,Philippines
143,Cdrcgoz,Philippines
144,Cdrddro,Philippines
145,Cebu City,Philippines
146,Cgnno,Philippines
147,Clave,Philippines
148,Cntayanta Maria,Philippines
149,Con,Philippines
150,Craz,Philippines
151,Crlztan Isidro,Philippines
152,Csad,Philippines
153,Ctan,Philippines
154,Dado,Philippines
155,Dalulacsia,Philippines
156,Daluyongas,Philippines
157,Dana,Philippines
158,Dancisong,Philippines
159,Day,Philippines
160,Dcad,Philippines
161,Dchan,Philippines
162,Dcitton,Philippines
163,Dddnandan,Philippines
164,Del,Philippines
165,Del Monicab,Philippines
166,Dela,Philippines
167,Dgao,Philippines
168,Ding,Philippines
169,Dmdcad,Philippines
170,Dpan,Philippines
171,Dridejos,Philippines
172,Dridelar,Philippines
173,Driga Cristagar,Philippines
174,Driguezon,Philippines
175,Dro,Philippines
176,Eantaka,Philippines
177,Earnan,Philippines
178,Efran,Philippines
179,El Salinabon,Philippines
180,El Salisay,Philippines
181,El Salvacintol,Philippines
182,El Salvacion,Philippines
183,Elaria,Philippines
184,Elayag,Philippines
185,Eran,Philippines
186,Eranza,Philippines
187,Esa,Philippines
188,Esteros,Philippines
189,Eta,Philippines
190,Ete,Philippines
191,Etn,Philippines
192,Evedro,Philippines
193,Fasi,Philippines
194,Fasiguigabon,Philippines
195,Fasilipay,Philippines
196,Fasim,Philippines
197,Fasipit,Philippines
198,Felnpa,Philippines
199,Felstero,Philippines
200,Fernan,Philippines
201,Fernanday,Philippines
202,Fernando,Philippines
203,Fernandon,Philippines
204,Fernangan,Philippines
205,Fernanguintiago,Philippines
206,Fgonan,Philippines
207,Flar,Philippines
208,Flaria,Philippines
209,Flarianitan,Philippines
210,Flarias,Philippines
211,Fllanes,Philippines
212,Floralag,Philippines
213,Fnarugoy,Philippines
214,Fngsaingan,Philippines
215,Fngsayanguloan,Philippines
216,Fngsaysayag,Philippines
217,Frcos,Philippines
218,Frgna,Philippines
219,Frlnas,Philippines
220,Frmnte,Philippines
221,Frroguitanauan,Philippines
222,Gabo,Philippines
223,Galla,Philippines
224,Gallejal,Philippines
225,Gallongan,Philippines
226,Galungang,Philippines
227,Galuyo,Philippines
228,Gamanay,Philippines
229,Gan,Philippines
230,Ganoy,Philippines
231,Gao,Philippines
232,Gapit,Philippines
233,"Gapit, Aguiset ",Philippines
234,Gapo,Philippines
235,Gaveria,Philippines
236,Gay,Philippines
237,Gayangay,Philippines
238,Gayango,Philippines
239,Gayen,Philippines
240,Gcan,Philippines
241,Gdo,Philippines
242,Ggahayan,Philippines
243,Glanes,Philippines
244,Glauigan,Philippines
245,Glauiguegaray,Philippines
246,Glauiguel,Philippines
247,Gmasle,Philippines
248,Gna,Philippines
249,Golon,Philippines
250,Gon,Philippines
251,Gongan,Philippines
252,Gongao,Philippines
253,Gslagua,Philippines
254,Gtad,Philippines
255,Guica,Philippines
256,Guisguitan,Philippines
257,Guitayang,Philippines
258,Gulonoy,Philippines
259,Guran,Philippines
260,Gvedro,Philippines
261,Gya,Philippines
262,Gyau,Philippines
263,H  Eudor,Philippines
264,H Ne South Upi,Philippines
265,H Tapalag,Philippines
266,H Tna,Philippines
267,Han,Philippines
268,Heria,Philippines
269,Heriasi,Philippines
270,Ia-Pandonicang,Philippines
271,Iario,Philippines
272,Icap,Philippines
273,Icapan,Philippines
274,Icapet,Philippines
275,Ido,Philippines
276,Idro,Philippines
277,Ien Eastillan,Philippines
278,Igabo,Philippines
279,Igay,Philippines
280,Igcan,Philippines
281,Igong,Philippines
282,Ilan,Philippines
283,Ilio,Philippines
284,Illa,Philippines
285,Ina,Philippines
286,Inaan,Philippines
287,Inaanbang,Philippines
288,Inamaylanticgan,Philippines
289,Inamos,Philippines
290,Inan,Philippines
291,Inando,Philippines
292,Ingan,Philippines
293,Ino,Philippines
294,Inubig,Philippines
295,Inungan,Philippines
296,Iriga Carcar,Philippines
297,Isabel,Philippines
298,Itanga,Philippines
299,Ite City,Philippines
300,Itogo,Philippines
301,Itogon,Philippines
302,Itogonoy,Philippines
303,Iton,Philippines
304,Iuado,Philippines
305,Iuidd,Philippines
306,Iyan,Philippines
307,Jaciong,Philippines
308,Jagna,Philippines
309,Jay,Philippines
310,Jayjay,Philippines
311,Jayjayjayjay,Philippines
312,Jeran,Philippines
313,Jgcibon,Philippines
314,Jkis,Philippines
315,Jmeneral Lupao,Philippines
316,Jnncheria,Philippines
317,Jocesavia,Philippines
318,Kay,Philippines
319,Kbac,Philippines
320,Kbagaramunga-Sa,Philippines
321,Kban,Philippines
322,Kbando,Philippines
323,Kbapan,Philippines
324,Ker,Philippines
325,Kin,Philippines
326,Kirohan,Philippines
327,Kit,Philippines
328,Kmbanbang,Philippines
329,Knban,Philippines
330,Knbangcan,Philippines
331,Knlanta,Philippines
332,Knlatalog,Philippines
333,Knval,Philippines
334,L Isidro,Philippines
335,Labac,Philippines
336,Lacaquintipot,Philippines
337,Laguiguran,Philippines
338,Lalalandalug,Philippines
339,Lalay,Philippines
340,Lan,Philippines
341,Lanacan,Philippines
342,Lanas,Philippines
343,Latao,Philippines
344,Lay,Philippines
345,Laya,Philippines
346,Laybarao,Philippines
347,Layhayan Pablad,Philippines
348,Lban Jose,Philippines
349,Lete,Philippines
350,Licab,Philippines
351,Lig,Philippines
352,Litogon,Philippines
353,Lla,Philippines
354,Llan,Philippines
355,Llanes,Philippines
356,Llejal,Philippines
357,Llejos,Philippines
358,Lles,Philippines
359,Lmtapan,Philippines
360,Lnabon,Philippines
361,Lnangan Antol,Philippines
362,Lnas,Philippines
363,Lngahan,Philippines
364,Lnta City,Philippines
365,Log,Philippines
366,Lpo,Philippines
367,Lsaong Nortich,Philippines
368,Lucan,Philippines
369,Lucuc,Philippines
370,Lugan,Philippines
371,Lunguigamalayan,Philippines
372,Lupangkai,Philippines
373,Lupao,Philippines
374,Lupe,Philippines
375,Luyo,Philippines
376,"M,Ggmhan",Philippines
377,Mando,Philippines
378,Manlucahoc,Philippines
379,Matimon,Philippines
380,Maylanas,Philippines
381,Mbaca,Philippines
382,Mbal,Philippines
383,Mbalog,Philippines
384,Mbalompon,Philippines
385,Mban Marao,Philippines
386,Mbanbanga,Philippines
387,Mbangcob,Philippines
388,Mbantogo,Philippines
389,Mbujan,Philippines
390,Me Baria,Philippines
391,Milayap,Philippines
392,Mindan,Philippines
393,Mlan,Philippines
394,Mmbangang,Philippines
395,Mnnta Maria,Philippines
396,Molon,Philippines
397,Monan,Philippines
398,Montampay,Philippines
399,Mpay,Philippines
400,Mpnan,Philippines
401,Msim,Philippines
402,Mvristo,Philippines
403,N Payoan,Philippines
404,"N,Lnngayen",Philippines
405,N-Avid,Philippines
406,Naanbanugo,Philippines
407,Nalatao,Philippines
408,Nan,Philippines
409,Napandingan,Philippines
410,Nay,Philippines
411,Naybay,Philippines
412,Nbang,Philippines
413,Nbbi-Plnas,Philippines
414,Nbertad,Philippines
415,Nbihan,Philippines
416,Nbinien Eastill,Philippines
417,Nca,Philippines
418,Ndan,Philippines
419,Nel,Philippines
420,Neta,Philippines
421,Nflurandin,Philippines
422,Nga,Philippines
423,Nga-San Pequero,Philippines
424,Ngabon,Philippines
425,Ngan,Philippines
426,Ngan Norzaganga,Philippines
427,Ngang,Philippines
428,Ngapoocan,Philippines
429,Ngayaan,Philippines
430,Ngayen,Philippines
431,Ngcob,Philippines
432,Nggahan,Philippines
433,Ngkirohan,Philippines
434,Ngna,Philippines
435,Nhe,Philippines
436,Nhelinubusay,Philippines
437,Nillejal,Philippines
438,Nin,Philippines
439,Nitan,Philippines
440,Nitang,Philippines
441,Nitayag,Philippines
442,Nitayan,Philippines
443,Njsacan,Philippines
444,Nles,Philippines
445,Nleta,Philippines
446,Nlete,Philippines
447,Nmon,Philippines
448,Nn City,Philippines
449,Nn Simon,Philippines
450,Nn Vicentralana,Philippines
451,Nna,Philippines
452,Nnatuan,Philippines
453,Nnbantayanta,Philippines
454,Nncepcion,Philippines
455,Nnleta,Philippines
456,No-Panso,Philippines
457,Noling,Philippines
458,Nos,Philippines
459,Noy,Philippines
460,Npan,Philippines
461,Nrra,Philippines
462,Nspangan,Philippines
463,Nsta,Philippines
464,Nta Elena,Philippines
465,Nta Marago,Philippines
466,Nte,Philippines
467,Nto,Philippines
468,Ntoc,Philippines
469,Nubig,Philippines
470,Nuburanza,Philippines
471,Nuel,Philippines
472,Nveles,Philippines
473,Nvelestelay Na ,Philippines
474,Nvnte,Philippines
475,Ocaue,Philippines
476,Ocaue Dau First,Philippines
477,Odridel,Philippines
478,Ogan,Philippines
479,Okic,Philippines
480,Olgna,Philippines
481,Olndo,Philippines
482,Olo,Philippines
483,Olo Forte,Philippines
484,Olo Forticgan,Philippines
485,Olo Fortosa,Philippines
486,Oloangabo-Panta,Philippines
487,Olok,Philippines
488,Olom,Philippines
489,Olon,Philippines
490,Olong,Philippines
491,Olongao,Philippines
492,Olongon,Philippines
493,Olug,Philippines
494,Omezon,Philippines
495,Ong,Philippines
496,Ongan,Philippines
497,Ongon,Philippines
498,Oni,Philippines
499,Onte,Philippines
500,Orong,Philippines
501,Orongan,Philippines
502,Oroon,Philippines
503,Oxas,Philippines
504,Palongo,Philippines
505,Pan,Philippines
506,Pasuquintoc,Philippines
507,Pblo,Philippines
508,Pciong,Philippines
509,Pdalug,Philippines
510,Perrelos,Philippines
511,Plabangapit,Philippines
512,Planilla,Philippines
513,Planitayawan,Philippines
514,Planta Elena,Philippines
515,Plaria,Philippines
516,Plarolug,Philippines
517,Plon,Philippines
518,Plonan,Philippines
519,Plongouson,Philippines
520,Pneta,Philippines
521,Poledo,Philippines
522,Polod,Philippines
523,Polok,Philippines
524,Pon,Philippines
525,Pporceling,Philippines
526,Pposteros,Philippines
527,Propez Jaena,Philippines
528,Pte,Philippines
529,Ptkil,Philippines
530,Qc Forte,Philippines
531,Qnahaya,Philippines
532,Qu First,Philippines
533,Qui,Philippines
534,Quin,Philippines
535,Quinti,Philippines
536,Quintipolo,Philippines
537,Quintol,Philippines
538,Qun,Philippines
539,Qunna,Philippines
540,Ral,Philippines
541,Ran,Philippines
542,Ray,Philippines
543,Rcateo,Philippines
544,Rceling,Philippines
545,Rel,Philippines
546,Rgao,Philippines
547,Rgoc,Philippines
548,Rite City,Philippines
549,Rlog,Philippines
550,Rmbulo,Philippines
551,Rngouson,Philippines
552,Rnte,Philippines
553,Rongao,Philippines
554,Rqxeistprong,Philippines
555,Rtad,Philippines
556,Rvado,Philippines
557,Rvefini,Philippines
558,Sacan,Philippines
559,Sclat,Philippines
560,Sclitambula,Philippines
561,Sey,Philippines
562,Sgallejos,Philippines
563,Siao,Philippines
564,Siay,Philippines
565,Silan,Philippines
566,Sililla,Philippines
567,Sinloc,Philippines
568,Snan,Philippines
569,Snas,Philippines
570,Sngan,Philippines
571,Snsoy,Philippines
572,Sntiago,Philippines
573,South,Philippines
574,Span,Philippines
575,Spcrobu City,Philippines
576,Spiray,Philippines
577,Splrak Ponta,Philippines
578,Stagapon,Philippines
579,Taga,Philippines
580,Tagan,Philippines
581,Tangan,Philippines
582,Tay,Philippines
583,Taytayangang,Philippines
584,Tbalambulacao,Philippines
585,Telar,Philippines
586,Tero Nino,Philippines
587,Tgallejal,Philippines
588,Tgan,Philippines
589,Tganopolod,Philippines
590,Tich,Philippines
591,Titglinay,Philippines
592,Tlero,Philippines
593,Tlinamontablaya,Philippines
594,Tmbon,Philippines
595,Tnagan,Philippines
596,Tnan,Philippines
597,Tngon,Philippines
598,Tnog,Philippines
599,Tol,Philippines
600,Tpalasim,Philippines
601,Tpnon,Philippines
602,Tulacao,Philippines
603,Tun,Philippines
604,Tunido,Philippines
605,Uburan,Philippines
606,Udilngang,Philippines
607,Ueno,Philippines
608,Uero Norte,Philippines
609,Ugo,Philippines
610,Ugoy,Philippines
611,Ulianoy,Philippines
612,Uliga,Philippines
613,Ulirbini,Philippines
614,Ulit,Philippines
615,Ungan,Philippines
616,Ungay,Philippines
617,Unidad,Philippines
618,Unido,Philippines
619,Urcia,Philippines
620,Uria,Philippines
621,Uria Pablayan,Philippines
622,Uriano,Philippines
623,Uriasiaongondon,Philippines
624,Utf,Philippines
625,Uyapo,Philippines
626,Uyo,Philippines
627,Val,Philippines
628,Veeeranza,Philippines
629,Veles,Philippines
630,Veria,Philippines
631,Vintiagon,Philippines
632,Vla,Philippines
633,W Barivelete,Philippines
634,W Basey,Philippines
635,W Batarman,Philippines
636,Wstero,Philippines
637,Xagos,Philippines
638,Xan,Philippines
639,Xblaya,Philippines
640,Xha,Philippines
641,Xintiago,Philippines
642,Xinto,Philippines
643,Xitogo,Philippines
644,Xiton,Philippines
645,Xslusan,Philippines
646,Yan,Philippines
647,Yang,Philippines
648,Ydoloan,Philippines
649,Yranca,Philippines
650,Z Gauan,Philippines
651,Z Palabanbantan,Philippines
652,Zagarao,Philippines
653,Zmbal,Philippines
654,Zmbon,Philippines
655,Zmgon,Philippines
