,Name,Origin
0, A Jacz,Poland
1, Gdanow,Poland
2, Gdanski,Poland
3, Gdanskie,Poland
4, Gorna,Poland
5, Ka,Poland
6, Ka Wielkiniato,Poland
7, Lodzieja,Poland
8, Lodziska Wielk,Poland
9, Lodzkiejon Pla,Poland
10, Macienica,Poland
11, Mazow,Poland
12, Mazow-Gorniki,Poland
13, Mazowiecko,Poland
14, P Ledzisk Maci,Poland
15, Poddebice,Poland
16, Polka,Poland
17, Rudnica,Poland
18, Slaska,Poland
19, Slaska Wielkow,Poland
20, Slaski,Poland
21, Slaskiejowe Ma,Poland
22, Snar,Poland
23, Tcmy Sacz,Poland
24, Traugutta,Poland
25, Trybunalska,Poland
26, Wiec,Poland
27, Wielanka-Zdroj,Poland
28, Wielawin,Poland
29, Wieleszcz,Poland
30, Wiernikow Wiec,Poland
31, Wierzyn,Poland
32, Zdroj,Poland
33,-Zdroj,Poland
34,-Zdroje,Poland
35,-Zdrojeczno,Poland
36,A A,Poland
37,A Gorlicy Miedz,Poland
38,A Gorzegom,Poland
39,A Kale-Ksiedle ,Poland
40,A Mazow,Poland
41,A Pola,Poland
42,A Wielski,Poland
43,A Zdroj,Poland
44,A-Kamierniki Ka,Poland
45,Abaty,Poland
46,Aboszczno,Poland
47,Adz,Poland
48,Adziskupiec,Poland
49,Adziskupiecborn,Poland
50,Adzyrzysk,Poland
51,Aepa,Poland
52,Ahola,Poland
53,Aisk Warmin Wie,Poland
54,Aitycze,Poland
55,Aka,Poland
56,Aka Podlaska Wi,Poland
57,Akanzyna,Poland
58,Akazimek,Poland
59,Akow Lubarka,Poland
60,Akowo,Poland
61,Aky,Poland
62,Ala,Poland
63,Alchatow,Poland
64,Ale-Ksiez,Poland
65,Alino,Poland
66,Alisz,Poland
67,Alkinia Goraga ,Poland
68,Alskie Podlaska,Poland
69,Anow,Poland
70,Ansk,Poland
71,Aoka,Poland
72,Aosko-Kamierz,Poland
73,Aowa,Poland
74,Aporkowice,Poland
75,Arlowno,Poland
76,Arow,Poland
77,Arzyn,Poland
78,Arzyna,Poland
79,Arzyzdroj,Poland
80,Aswonautow,Poland
81,Atewo,Poland
82,Aubice,Poland
83,Aukie,Poland
84,Awa,Poland
85,Awa Malkie,Poland
86,Awadzyca,Poland
87,Awawdom,Poland
88,Awer,Poland
89,Awor Mazow,Poland
90,Aworz,Poland
91,Awy,Poland
92,Azow,Poland
93,Azy,Poland
94,Bark,Poland
95,Barka,Poland
96,Biatyniatyn,Poland
97,Blun,Poland
98,Bnicz,Poland
99,Bork,Poland
100,Borkowiechod,Poland
101,Borz,Poland
102,Borzeczkowiec,Poland
103,Brzyna Dolna,Poland
104,Buszow,Poland
105,Buszow Wielenic,Poland
106,Bwice,Poland
107,C Swidwina,Poland
108,Cata,Poland
109,Catow,Poland
110,Cca,Poland
111,Ce Krakow,Poland
112,Ce Opolsztyn,Poland
113,Ceszow,Poland
114,Cie,Poland
115,Cko,Poland
116,Cna,Poland
117,Cno,Poland
118,Cogard,Poland
119,Corosnowo,Poland
120,Cu Grun,Poland
121,Cy Miastrzempin,Poland
122,Czawno-Zdrojecz,Poland
123,Cze,Poland
124,Czko Slaska,Poland
125,Czkow Male-Ksie,Poland
126,Czow,Poland
127,Dbazy,Poland
128,Dlin,Poland
129,Dniz Sanowe,Poland
130,Dobniki,Poland
131,Dobrzebica-Raty,Poland
132,Dobrzestowice,Poland
133,Drze,Poland
134,Dwor Mazow,Poland
135,Dwor Mazowa-Zdr,Poland
136,Dworz,Poland
137,Dworzowiec,Poland
138,Dzanski,Poland
139,Dziadz,Poland
140,Dzica,Poland
141,Dzice,Poland
142,Dziej,Poland
143,Dzienna,Poland
144,Dziez,Poland
145,Dzin,Poland
146,Dziny,Poland
147,Dziskupin,Poland
148,Dziszyce,Poland
149,Dzno,Poland
150,Dznowogard,Poland
151,Dzonow,Poland
152,Dzyna,Poland
153,Dzynek,Poland
154,Dzyrzyzdroj,Poland
155,Dzyzdroj,Poland
156,Dzyzow,Poland
157,E Slask,Poland
158,E Slaska,Poland
159,E Wieruszow,Poland
160,E Zdrojec,Poland
161,Eanik Nad Odrze,Poland
162,Ebkowiecki,Poland
163,Ecko,Poland
164,Ecrz,Poland
165,Edziszow,Poland
166,Ego,Poland
167,Egom,Poland
168,Eice,Poland
169,Ejow,Poland
170,Eleciercinawadz,Poland
171,Elecki,Poland
172,Elzyna Dolno,Poland
173,Embertow,Poland
174,Emowo,Poland
175,Emra,Poland
176,Emrikolomin,Poland
177,Emrzeszczalki S,Poland
178,Epczna-Zdroj,Poland
179,Epolski,Poland
180,Esko-Bialogard ,Poland
181,Esnica,Poland
182,Esniczew,Poland
183,Eszcz,Poland
184,Eszcz Gdanski,Poland
185,Eszczonow,Poland
186,Eszczow,Poland
187,Eszno,Poland
188,Etokrzyskie,Poland
189,Eukow Mazowa,Poland
190,Eukowiebodz,Poland
191,Euz,Poland
192,Ewchow,Poland
193,Ezajsk,Poland
194,Ezno,Poland
195,G Sarzyskiej,Poland
196,Gbudzisk Wark W,Poland
197,Gdanskie,Poland
198,Gora,Poland
199,Goraga Podlice,Poland
200,Gorajeczka,Poland
201,Gorz,Poland
202,Gorzowa-Zdroj,Poland
203,Gorzozowa-Zdroj,Poland
204,Gsecz,Poland
205,Gzyrzyki,Poland
206,Gzysko-Bialoszc,Poland
207,Hadoska Wielkow,Poland
208,Hbron,Poland
209,Hujnow,Poland
210,Hyju,Poland
211,Hyjunni,Poland
212,Hzurk,Poland
213,Hzurzeg,Poland
214,Hzurzelisz,Poland
215,Ibisk Warklowno,Poland
216,Idzyn Polkopot,Poland
217,Iedle Krasnyszk,Poland
218,Iedlin,Poland
219,Iedobczyrk,Poland
220,Ieejon Placu Sw,Poland
221,Iegom,Poland
222,Ielenice,Poland
223,Iepolsko,Poland
224,Ieszow,Poland
225,Ieszow Mazow Sl,Poland
226,Ieze Malkowo,Poland
227,Iki,Poland
228,Ilany,Poland
229,Ile,Poland
230,Ipdzacped,Poland
231,Isko,Poland
232,Isko-Kamielchac,Poland
233,Iuj,Poland
234,Iwielonna,Poland
235,Iyka,Poland
236,Iynia Goryja,Poland
237,Ize,Poland
238,Izeki,Poland
239,Izlin,Poland
240,Izreda,Poland
241,Jeczkow,Poland
242,Jow,Poland
243,K Sacze,Poland
244,Kalkopolowieteg,Poland
245,Karton,Poland
246,Kbrzelin,Poland
247,Kce,Poland
248,Kcin,Poland
249,Kczyce,Poland
250,Ke Slaski,Poland
251,Kelanki,Poland
252,Kie,Poland
253,Kie Miedzieszow,Poland
254,Kiej,Poland
255,Kiejon Ulice,Poland
256,Kiejon Ulicy Kl,Poland
257,Kiernik Nad Sar,Poland
258,Klarska Wielonk,Poland
259,Klin,Poland
260,Kmonautowa,Poland
261,Kolka,Poland
262,Kolkowski,Poland
263,Kolna,Poland
264,Kow,Poland
265,Kowski,Poland
266,Kpot,Poland
267,Ksa Wielski,Poland
268,Ksoakow,Poland
269,Kstantyn,Poland
270,Kstawa,Poland
271,Kstawa Slaskie,Poland
272,Kuznia Gora,Poland
273,Kzadnoz,Poland
274,Kzilecie,Poland
275,Kzpow,Poland
276,Kzyskie,Poland
277,Kzyz Wielki,Poland
278,Kzyzdroj,Poland
279,Ladek-Zdroj,Poland
280,Lancut,Poland
281,Lanow,Poland
282,Lawierakosciani,Poland
283,Lawka,Poland
284,Laworzno,Poland
285,Lbagy,Poland
286,Lbrzyna,Poland
287,Ldzycko,Poland
288,Lel,Poland
289,Lenia Gora,Poland
290,Leslawa,Poland
291,Lewice,Poland
292,Lewiska,Poland
293,Lice,Poland
294,Lice Krakow,Poland
295,Lice Slaski,Poland
296,Licy Klecina,Poland
297,Licy Tomaszynek,Poland
298,Licy Trybunalsk,Poland
299,Liczka,Poland
300,Liewy,Poland
301,Lki Slaski,Poland
302,Lkopolskich Zac,Poland
303,Lkow,Poland
304,Llaw Slaski,Poland
305,Lnapork,Poland
306,Lno,Poland
307,Lnoc,Poland
308,Lomianie,Poland
309,Lomin,Poland
310,Low,Poland
311,Lowice,Poland
312,Lowiecki,Poland
313,Lowierzanka,Poland
314,Lowno,Poland
315,Lowno-Zdroj,Poland
316,Lowogard,Poland
317,Lpnicz,Poland
318,Lsszowice,Poland
319,Lubawskie,Poland
320,Lubczyce,Poland
321,Lucze,Poland
322,Luszczyce,Poland
323,Luszow,Poland
324,Luwiec,Poland
325,Lybertowa,Poland
326,Lystaw,Poland
327,Lyzieze Mielski,Poland
328,Makow,Poland
329,Malenica,Poland
330,Marzysko,Poland
331,Mbatycze,Poland
332,Mienica,Poland
333,Mieniow,Poland
334,Mienskieja,Poland
335,Mierakoscie,Poland
336,Min,Poland
337,Min Wielanka-Zd,Poland
338,Mkawiecki,Poland
339,Mokotory,Poland
340,Molany,Poland
341,Mszanski,Poland
342,Mszawa,Poland
343,N-Gorniec,Poland
344,Na Bialolenia,Poland
345,Na Gora Kalety,Poland
346,Nak,Poland
347,Nar,Poland
348,Nawa,Poland
349,Nawadz,Poland
350,Nczonow,Poland
351,Ndzyce,Poland
352,Nia,Poland
353,Nice,Poland
354,Niec Wielkowice,Poland
355,Niec Wielowice,Poland
356,Niewisk Polna,Poland
357,Nik Nad Sanowo,Poland
358,Niki Kack,Poland
359,Nko,Poland
360,Now,Poland
361,Nowice,Poland
362,Nowo,Poland
363,Nowogroda Sol,Poland
364,Nski,Poland
365,Nskich Zachow,Poland
366,Nskie,Poland
367,Nskierz,Poland
368,Nstawa,Poland
369,Ntow,Poland
370,Nwor,Poland
371,Nworz,Poland
372,Nze,Poland
373,O Zdrojecz,Poland
374,Obazy,Poland
375,Obrzychow,Poland
376,Ochnia,Poland
377,Odziskupiec Kuj,Poland
378,Odzisz,Poland
379,Odzki,Poland
380,Oec,Poland
381,Ogozno,Poland
382,Ogy,Poland
383,Oka,Poland
384,Okazy,Poland
385,Okw,Poland
386,Okwe,Poland
387,Okwiecki,Poland
388,Ola,Poland
389,Olecin,Poland
390,Olenica,Poland
391,Olicz,Poland
392,Olomiard,Poland
393,Olomin,Poland
394,Olska Wielce Zd,Poland
395,Onie,Poland
396,Onka,Poland
397,Onki,Poland
398,Onow,Poland
399,Opolek,Poland
400,Orna,Poland
401,Oroslawa,Poland
402,Orun,Poland
403,Orunwalki,Poland
404,Osko-Kamiercin,Poland
405,Oslubin,Poland
406,Ostyn-Pustowa,Poland
407,Oszawa,Poland
408,Oszcz,Poland
409,Oszyn Podlaskie,Poland
410,Oszyna,Poland
411,Otrkowicz,Poland
412,Otrkowski,Poland
413,Otwice,Poland
414,Ouchow,Poland
415,Owa,Poland
416,Owa-Zdroj,Poland
417,Owiec,Poland
418,Owola,Poland
419,Ozefow,Poland
420,Parzyzdroj,Poland
421,Patow,Poland
422,Pconki,Poland
423,Pczyce,Poland
424,Pdubaczonow,Poland
425,Pdzansk,Poland
426,Plocianieze Wie,Poland
427,Pmie,Poland
428,Pniewiska Wielk,Poland
429,Pniewy,Poland
430,Pola,Poland
431,Polenia Gorce,Poland
432,Polno,Poland
433,Polskie,Poland
434,Polsko,Poland
435,Poludniki,Poland
436,Pozna-Zdroj,Poland
437,Pusnk ,Poland
438,Radow Mazowa Ma,Poland
439,Rag,Poland
440,Raniecki,Poland
441,Rdanski,Poland
442,Rki,Poland
443,Rkow,Poland
444,Rmakosc,Poland
445,Rolec Swidniewo,Poland
446,Ronki,Poland
447,Row,Poland
448,Row Slaska Wiel,Poland
449,Rowice,Poland
450,Rszno,Poland
451,Ruda Wielkowski,Poland
452,Rulawy,Poland
453,Rychowa Slawy,Poland
454,Rykowice,Poland
455,Rzasnik,Poland
456,Rzedzin,Poland
457,Rzelce,Poland
458,Rzelin,Poland
459,Sak,Poland
460,Sawerow,Poland
461,Scie,Poland
462,Siedle Lubelski,Poland
463,Siedzyrzesko,Poland
464,Sieze Miasto Lu,Poland
465,Sieze Wola,Poland
466,Siezno,Poland
467,Ski,Poland
468,Skie,Poland
469,Slaskie,Poland
470,Slaw Slaski,Poland
471,Slubice,Poland
472,Slupca,Poland
473,Slupsk,Poland
474,Snica,Poland
475,Snie,Poland
476,Sniewy,Poland
477,Sparosnowa,Poland
478,Sscianiewkowice,Poland
479,Sstocka,Poland
480,Sstrze,Poland
481,Szalisk Mazowic,Poland
482,Szanki,Poland
483,Szawa,Poland
484,Szawnice,Poland
485,Szczawadzycko,Poland
486,Szcze,Poland
487,Szczniatow,Poland
488,Szczno,Poland
489,Szczow,Poland
490,Szczyce,Poland
491,Szczycko,Poland
492,Szow,Poland
493,Sztyn-Pustochni,Poland
494,Szychotawa,Poland
495,Szyna,Poland
496,Tarnowice,Poland
497,Tatycze,Poland
498,Tchota,Poland
499,Tchow,Poland
500,Tchowa,Poland
501,Tedziec,Poland
502,Tekowski,Poland
503,Teleczkowo,Poland
504,Terniki Kaliska,Poland
505,Terzanski,Poland
506,Tjerow,Poland
507,Tkow,Poland
508,Toryja,Poland
509,Tow,Poland
510,Towice,Poland
511,Trzcian,Poland
512,Trzestow,Poland
513,Trzeszelchatowa,Poland
514,Trzeszowa Gorli,Poland
515,Tszow,Poland
516,Ttyczew,Poland
517,Twaria,Poland
518,Ubartow,Poland
519,Ubawskie,Poland
520,Ubica,Poland
521,Ubin,Poland
522,Uchota,Poland
523,Udzieszew,Poland
524,Udziska Wiercie,Poland
525,Uiecin,Poland
526,Uka,Poland
527,Ukawiebodziez,Poland
528,Ukawiecka,Poland
529,Ukawiecko,Poland
530,Ukie,Poland
531,Ukow,Poland
532,Ukow Mazowice,Poland
533,Ukowice,Poland
534,Ukowo,Poland
535,Ulawieradz,Poland
536,Ulec,Poland
537,Uliczno,Poland
538,Usice,Poland
539,Usz,Poland
540,Uszow,Poland
541,Uszow-Gora,Poland
542,Uszyn Nad Saczo,Poland
543,Uunol Malostyn,Poland
544,Walborkowietrza,Poland
545,Walbrzno,Poland
546,Waldzkie,Poland
547,Ward,Poland
548,Waria,Poland
549,Warzeczno,Poland
550,Warzyn,Poland
551,Wawerow Kujawsk,Poland
552,We Mazow-Gora,Poland
553,Wegrow,Poland
554,Welec,Poland
555,Wesola,Poland
556,Wice,Poland
557,Wice Slaski,Poland
558,Wiec,Poland
559,Wiec Kujawskiej,Poland
560,Wiec Swiecka,Poland
561,Wiec Wielaworzy,Poland
562,Wiecborzyna,Poland
563,Wiechowa,Poland
564,Wiecki,Poland
565,Wielcno,Poland
566,Wieliskupiecko,Poland
567,Wieradzkie,Poland
568,Wierutow,Poland
569,Wierz,Poland
570,Wietegom,Poland
571,Wilkow Mazowiec,Poland
572,Wina,Poland
573,Winow,Poland
574,Wnar,Poland
575,Wodzisko,Poland
576,Wogard,Poland
577,Wola,Poland
578,Wolczonowo,Poland
579,Wolicz,Poland
580,Wolo,Poland
581,Wonowe Mazow-Go,Poland
582,Wor,Poland
583,Wowo,Poland
584,Wuhelce Slaski,Poland
585,Wy Dwor,Poland
586,Wzatno,Poland
587,Wznzatyn,Poland
588,Yamieradzki,Poland
589,Ybon,Poland
590,Ychow,Poland
591,Ydzyna,Poland
592,Yierciej,Poland
593,Yierz,Poland
594,Yka,Poland
595,Yki,Poland
596,Ykowice,Poland
597,Yna,Poland
598,Ypynow Mazow,Poland
599,Yrzemyslawor Gd,Poland
600,Yrzysko-Zdroj,Poland
601,Yski,Poland
602,Yskie,Poland
603,Ysko,Poland
604,Ysko-Kamielkopo,Poland
605,Yszaliskupiec,Poland
606,Yszawno,Poland
607,Yszko,Poland
608,Yszlno,Poland
609,Zaaliszow Kujaw,Poland
610,Zabna,Poland
611,Zajsk,Poland
612,Zaka,Poland
613,Zaknol Wielaw S,Poland
614,Zalkopole,Poland
615,Zana Dolna,Poland
616,Zansk,Poland
617,Zawa,Poland
618,Zce,Poland
619,Zcga,Poland
620,Zcgarwionki,Poland
621,Zczawnica,Poland
622,Zczyce,Poland
623,Zdzin,Poland
624,Zeazow,Poland
625,Zejon Ulice Zdr,Poland
626,Zejon Ulicy Kle,Poland
627,Zemkowierzyki,Poland
628,Zemyslawy,Poland
629,Zersk,Poland
630,Zerska,Poland
631,Zesko,Poland
632,Zew,Poland
633,Zgryfino,Poland
634,Zimek,Poland
635,Zki,Poland
636,Zkieja,Poland
637,Zko,Poland
638,Zkow Wielun,Poland
639,Zkowski,Poland
640,Zle,Poland
641,Zlnoc,Poland
642,Znia,Poland
643,Zno,Poland
644,Znzow,Poland
645,Zoliborsk,Poland
646,Zonow,Poland
647,Zow,Poland
648,Zow-Gorz,Poland
649,Zowek,Poland
650,Zowice,Poland
651,Zowice Krasnysz,Poland
652,Zpiecholanski,Poland
653,Zr Mazow Mazowi,Poland
654,Zrzyz Wielce,Poland
655,Zwierakow,Poland
656,Zwierzyz Wielic,Poland
657,Zwina,Poland
658,Zwmel,Poland
659,Zwole,Poland
660,Zyca,Poland
661,Zyczew,Poland
662,Zyna Slaskie,Poland
663,Zyrardon,Poland
664,Zyrzebnica,Poland
665,Zyrzelce Zdroj,Poland
666,Zzbin,Poland
667,Zzdyncata,Poland
