,Name,Origin
0,  Madeirandarim,Portugal
1, Beira,Portugal
2, Beirao,Portugal
3, Che,Portugal
4, Coa,Portugal
5, Conde,Portugal
6, Jousa,Portugal
7, Ninha,Portugal
8,---Nvva,Portugal
9,---Vines,Portugal
10,-Derede,Portugal
11,-Linha,Portugal
12,-Linha Grandari,Portugal
13,-Linhais,Portugal
14,-Mbriao,Portugal
15,-Nova Do Douro,Portugal
16,-Novas,Portugal
17,-Novoa De Leiri,Portugal
18,-Rova De Santa ,Portugal
19,Achih,Portugal
20,Achit,Portugal
21,Acuinta Conde,Portugal
22,Aencalegado,Portugal
23,Aenra,Portugal
24,Aerreira,Portugal
25,Aes,Portugal
26,Afrozinho,Portugal
27,Ajmenta Coa,Portugal
28,Ajrao,Portugal
29,Alcains,Portugal
30,Alcobacaves,Portugal
31,Aljover,Portugal
32,Almoc-O,Portugal
33,Ambr Sordechete,Portugal
34,Amerafiel,Portugal
35,Amertdlhe,Portugal
36,Amesafargarinha,Portugal
37,Amreiro,Portugal
38,Ancalenquer,Portugal
39,Ancilhe,Portugal
40,Andaride,Portugal
41,Anede,Portugal
42,Anijo,Portugal
43,Apela,Portugal
44,Aprroso,Portugal
45,Aquirrosa,Portugal
46,Aquirrosas,Portugal
47,Arco Ao,Portugal
48,Are Da Beira,Portugal
49,Ares,Portugal
50,Argoncilhe,Portugal
51,Arreirandaridec,Portugal
52,Arzim,Portugal
53,Assafargarinhai,Portugal
54,Assafarge,Portugal
55,Ato Anciaes,Portugal
56,Ba Douro,Portugal
57,Bas,Portugal
58,Bbia E Fao,Portugal
59,Bcbala Novoa De,Portugal
60,Bcbchos,Portugal
61,Bcblaca,Portugal
62,Beira De Santa ,Portugal
63,Beirandola,Portugal
64,Beirao,Portugal
65,Berzeda Beira,Portugal
66,Berzeda De Leir,Portugal
67,Berzedo,Portugal
68,Bfia,Portugal
69,Bgura,Portugal
70,Bino,Portugal
71,Birrosa,Portugal
72,Birrosas,Portugal
73,Birroso,Portugal
74,Bjevaz,Portugal
75,Blcacer Da De F,Portugal
76,Blcbiao,Portugal
77,Bmbo,Portugal
78,Brcazeda Maride,Portugal
79,Brrrzim,Portugal
80,Brzim,Portugal
81,Burf,Portugal
82,Burfos De Valeg,Portugal
83,Burr,Portugal
84,Burrega,Portugal
85,Burregado,Portugal
86,Burrmgaeiria,Portugal
87,Burrmgas,Portugal
88,Burrmiaes,Portugal
89,Burrmiao,Portugal
90,Burrmines,Portugal
91,Burrms,Portugal
92,Burrosa,Portugal
93,Burrosas,Portugal
94,Burroso,Portugal
95,Bzeita,Portugal
96,Bzicha,Portugal
97,Canto Sousa,Portugal
98,Cao,Portugal
99,Cba,Portugal
100,Cbino,Portugal
101,Cbla,Portugal
102,Cbla Novar,Portugal
103,Cbla Real De Mo,Portugal
104,Cblacao,Portugal
105,Ccalinha Grande,Portugal
106,Cdlvela,Portugal
107,Ces,Portugal
108,Cgla,Portugal
109,Cha,Portugal
110,Chatgs,Portugal
111,Chbtnimenta Da ,Portugal
112,Che,Portugal
113,Chete,Portugal
114,Cho,Portugal
115,Chojeiria,Portugal
116,Chos,Portugal
117,Chot,Portugal
118,Chotroale Da Re,Portugal
119,Clarede,Portugal
120,Clia E Ferreira,Portugal
121,Cmines,Portugal
122,Cmsao,Portugal
123,Cola,Portugal
124,Colarede,Portugal
125,Cpalenquer,Portugal
126,Cpanta De Valde,Portugal
127,Cpantonio,Portugal
128,Cpes,Portugal
129,Crla,Portugal
130,Custoias,Portugal
131,Davidechete,Portugal
132,Dbeira,Portugal
133,Dbeiria,Portugal
134,Dcas,Portugal
135,Degos,Portugal
136,Deira,Portugal
137,Deirande,Portugal
138,Dgura,Portugal
139,Dres,Portugal
140,Drgarinhais,Portugal
141,Drgonciaes,Portugal
142,Driao,Portugal
143,Drrbfila Novar,Portugal
144,Drrbirrnichos,Portugal
145,Drrbirrosas,Portugal
146,Drrbirroso,Portugal
147,Drrmgarinhais,Portugal
148,Drrmira,Portugal
149,Drrmirande,Portugal
150,Dsrrosas,Portugal
151,Dtrrnifana,Portugal
152,Dve Da De Sal,Portugal
153,Dvoz Do Salvo,Portugal
154,Earcozelo,Portugal
155,Eberzeda Beira,Portugal
156,Eche,Portugal
157,Eerrega,Portugal
158,Eira,Portugal
159,Ela,Portugal
160,Elcabidos,Portugal
161,Elceinhais,Portugal
162,Elceinhas,Portugal
163,Elrardas Lampas,Portugal
164,Enhais,Portugal
165,Enhas,Portugal
166,Enhede,Portugal
167,Erge,Portugal
168,Eridechete,Portugal
169,Errega,Portugal
170,Erregado,Portugal
171,Erreirande,Portugal
172,Erreiria,Portugal
173,Ess Fala,Portugal
174,Expinha Granda ,Portugal
175,Exxi,Portugal
176,Fcas,Portugal
177,Feira,Portugal
178,Ferreira,Portugal
179,Fgario,Portugal
180,Fgplcibeira,Portugal
181,Fila Novar,Portugal
182,Finha Grandolar,Portugal
183,Finhais,Portugal
184,Finho,Portugal
185,Fla Nova De Lob,Portugal
186,Fla Nova Do Sal,Portugal
187,Fla Novar,Portugal
188,Fla Novas,Portugal
189,Fla Novoa De Lo,Portugal
190,Fla Regua,Portugal
191,Flas,Portugal
192,Flozelo,Portugal
193,Fmor-O-Novo,Portugal
194,Fmoreiria,Portugal
195,Fnhais,Portugal
196,Foz Do Douro,Portugal
197,Frz Do Douro,Portugal
198,Frz Do Santonio,Portugal
199,Frzso,Portugal
200,Ftils Ro Madeir,Portugal
201,Gpurim,Portugal
202,Guiar Da Beiran,Portugal
203,Gur,Portugal
204,Gura,Portugal
205,Gus,Portugal
206,Iar Do Santo Sa,Portugal
207,Iblares,Portugal
208,Ila Novar,Portugal
209,Ila Novoa De Lo,Portugal
210,Ila Real De Foz,Portugal
211,Ilhavo,Portugal
212,Imao,Portugal
213,Inha,Portugal
214,Inhais,Portugal
215,Ira,Portugal
216,Ire Da Amor-O-N,Portugal
217,Irrosas,Portugal
218,Ivolrcb Aarcos ,Portugal
219,Jcane,Portugal
220,Jiao,Portugal
221,Jmao,Portugal
222,Jnantonio,Portugal
223,Joao,Portugal
224,Jranda Do Douro,Portugal
225,Jrandas Lampas,Portugal
226,Jrande,Portugal
227,Jrao,Portugal
228,Jsao,Portugal
229,Justoias,Portugal
230,Justrel,Portugal
231,Justro Marim,Portugal
232,Justro Marinho,Portugal
233,Lcabide,Portugal
234,Lcabidechete,Portugal
235,Lcacer Da Amore,Portugal
236,Lcains,Portugal
237,Lcanecas,Portugal
238,Lcanelas,Portugal
239,Leira,Portugal
240,Leira De Sao Jo,Portugal
241,Leiranda Amor-O,Portugal
242,Leirande,Portugal
243,Leiria,Portugal
244,Lenque,Portugal
245,Lenquer,Portugal
246,Lijo,Portugal
247,Limao,Portugal
248,Linho,Portugal
249,Lio,Portugal
250,Liso,Portugal
251,Ljustoias,Portugal
252,Lmadanque,Portugal
253,Lmadarque,Portugal
254,Lmadarquer,Portugal
255,Lmal,Portugal
256,Lmala,Portugal
257,Lmas,Portugal
258,Lmela,Portugal
259,Lmelacavidechet,Portugal
260,Lmiaes,Portugal
261,Lmile Da Beira,Portugal
262,Lmocelo,Portugal
263,Lmocerede,Portugal
264,Lmpas,Portugal
265,Lmpdesedzovoa D,Portugal
266,Loba,Portugal
267,Loca,Portugal
268,Lova De Varzim,Portugal
269,Lpola,Portugal
270,Lriao,Portugal
271,Lrma,Portugal
272,Lrosa,Portugal
273,Lrozinhais,Portugal
274,Lrozinhos,Portugal
275,Lvo,Portugal
276,M-O,Portugal
277,M-Oaregua,Portugal
278,Maneca,Portugal
279,Mar,Portugal
280,Marinhais,Portugal
281,Mario,Portugal
282,Mas,Portugal
283,Mba Dao,Portugal
284,Mba Do Comba Da,Portugal
285,Mba Do Conde,Portugal
286,Mba Douro,Portugal
287,Mbirrosas,Portugal
288,Mbr Do Sousa,Portugal
289,Mbrireo,Portugal
290,Mcas,Portugal
291,Mctalega,Portugal
292,Mctavem,Portugal
293,Mde,Portugal
294,Mela,Portugal
295,Merafita,Portugal
296,Mertelas,Portugal
297,Mgre,Portugal
298,Mira,Portugal
299,Mjurto Sousa,Portugal
300,Mla Novas,Portugal
301,Mleurem,Portugal
302,Mlia E Fao,Portugal
303,Mmraldevez,Portugal
304,Mmreiriao,Portugal
305,Mninhos,Portugal
306,Mnire,Portugal
307,Mnto Sousa,Portugal
308,Mntonio,Portugal
309,Moao Joao,Portugal
310,Mon-O,Portugal
311,Mpas,Portugal
312,Mpelas,Portugal
313,Mqre,Portugal
314,Mrrifana,Portugal
315,Mrro Madeiria,Portugal
316,Mrro Maride,Portugal
317,Mrrosa,Portugal
318,Mrrosas,Portugal
319,Mrroso,Portugal
320,Mscrvem,Portugal
321,Msraldevez,Portugal
322,Msrcas,Portugal
323,Msrinhos,Portugal
324,Msrrosa,Portugal
325,Mtemoreira,Portugal
326,Mtirso,Portugal
327,Mtrihe,Portugal
328,Mtro Margarim,Portugal
329,Murim,Portugal
330,Mvelaca,Portugal
331,Nba Dao,Portugal
332,Nbaca,Portugal
333,Nbroso,Portugal
334,Ncacer Da Amore,Portugal
335,Ncacer Da Regua,Portugal
336,Ncacer Das Lamp,Portugal
337,Ncains,Portugal
338,Ncal,Portugal
339,Ncalegre,Portugal
340,Ncares,Portugal
341,Ncas,Portugal
342,Nciaes,Portugal
343,Ncovar,Portugal
344,Nde,Portugal
345,Ndevez,Portugal
346,Ndla,Portugal
347,Ndlmodovas,Portugal
348,Neia,Portugal
349,Nelas,Portugal
350,Nenafiel,Portugal
351,Nenta Comba Dao,Portugal
352,Nerede,Portugal
353,Nerozinhos,Portugal
354,Nesa O Foz Do D,Portugal
355,Nesafargario,Portugal
356,Nhede,Portugal
357,Nhr Nbpalegre,Portugal
358,Nire,Portugal
359,Njcane,Portugal
360,Njo,Portugal
361,Njoveidiaes,Portugal
362,Njovo,Portugal
363,Nlcabidos,Portugal
364,Nlcains,Portugal
365,Nlerozinha,Portugal
366,Nnhos,Portugal
367,Nova De Ferreir,Portugal
368,Nova Do Douro,Portugal
369,Npelacaves,Portugal
370,Nque,Portugal
371,Nquer,Portugal
372,Nrcazedo,Portugal
373,Nrede,Portugal
374,Nriao,Portugal
375,Nrrazedo,Portugal
376,Ntnninhas,Portugal
377,Nto Tirso,Portugal
378,Ntoviaes,Portugal
379,Nvon Eche,Portugal
380,Ocas,Portugal
381,Oha,Portugal
382,Ohais,Portugal
383,Ohas,Portugal
384,Ohidscinhais,Portugal
385,Ohne,Portugal
386,Oho,Portugal
387,Ohrede,Portugal
388,Oines,Portugal
389,Oire Da Marge,Portugal
390,Oiroamelres,Portugal
391,Ojmon-O,Portugal
392,Ojroomtinha,Portugal
393,Ona Do Do Comba,Portugal
394,Oncilhe,Portugal
395,Onela,Portugal
396,Ooines,Portugal
397,Oorede,Portugal
398,Opuiito,Portugal
399,Oride E Portela,Portugal
400,Oride Leira,Portugal
401,Oride Mouro,Portugal
402,Oridelo,Portugal
403,Ortirso,Portugal
404,Oscer Da Amor-O,Portugal
405,Oss,Portugal
406,Otbia E Fao,Portugal
407,Ousa,Portugal
408,Ova Da De Fao,Portugal
409,Over,Portugal
410,P#Rosa,Portugal
411,P-Rovas,Portugal
412,Pbrosas,Portugal
413,Pbroso,Portugal
414,Pbrrrgfnalieiri,Portugal
415,Pdrozinho,Portugal
416,Peia,Portugal
417,Pela,Portugal
418,Pelaca,Portugal
419,Pelacaes,Portugal
420,Pelacao,Portugal
421,Pelacaves,Portugal
422,Pelacavidelo,Portugal
423,Pelas,Portugal
424,Penafiel,Portugal
425,Perafiel,Portugal
426,Perafita,Portugal
427,Perafitao,Portugal
428,Perozinha Grand,Portugal
429,Pervede,Portugal
430,Pgus,Portugal
431,Pjrandolares,Portugal
432,Pjrao,Portugal
433,Pjres,Portugal
434,Pjroamarge,Portugal
435,Pnrosa,Portugal
436,Ppelas,Portugal
437,Prco A,Portugal
438,Prrosa,Portugal
439,Prrosas,Portugal
440,Psro Madeira,Portugal
441,Pssafarge,Portugal
442,Pulia E Fao,Portugal
443,Pulia E Foz Do ,Portugal
444,Pulia E Portale,Portugal
445,Pulia E Portela,Portugal
446,Pulia E Portima,Portugal
447,Pulia E Porto T,Portugal
448,Pus,Portugal
449,Puss,Portugal
450,Qferreira,Portugal
451,Qieirao,Portugal
452,Qleirao,Portugal
453,Qreiriao,Portugal
454,Qus,Portugal
455,Qusr,Portugal
456,Qusroimenrazeda,Portugal
457,Qusrosa,Portugal
458,Qusroso,Portugal
459,Qusrrazedo,Portugal
460,Qusrrosa,Portugal
461,Qusrrosas,Portugal
462,R-O Romao,Portugal
463,R-O Roquer,Portugal
464,Rb-Uontemor-O-N,Portugal
465,Rbbe,Portugal
466,Rbifonbiao,Portugal
467,Rchzemor-O-Nova,Portugal
468,Rco Antonio,Portugal
469,Rco De Valendas,Portugal
470,Reilie Da Beira,Portugal
471,Rgpncilhe,Portugal
472,Rgura,Portugal
473,Rguro,Portugal
474,Rhbe,Portugal
475,Rhbiso,Portugal
476,Rhbrnsinha,Portugal
477,Rho Da Beirande,Portugal
478,Rho Da Madeiria,Portugal
479,Rho Da Regua,Portugal
480,Rho Das Novas,Portugal
481,Rho De E Foz Do,Portugal
482,Rho Granda Beir,Portugal
483,Rho Granda Made,Portugal
484,Rho Grandarinha,Portugal
485,Rho Grandas Lam,Portugal
486,Rho Grande,Portugal
487,Rho Grandola,Portugal
488,Rho Grandolares,Portugal
489,Rhos,Portugal
490,Rio Da De Anto ,Portugal
491,Rir,Portugal
492,Rlcabidos,Portugal
493,Rmba Dao,Portugal
494,Rmo Das Nova De,Portugal
495,Rosa,Portugal
496,Rpela,Portugal
497,Rquer,Portugal
498,Rrgaridelo,Portugal
499,Rrgfa,Portugal
500,Rrgiro,Portugal
501,Rrrifana,Portugal
502,Rrzim,Portugal
503,Rto Santo Sal,Portugal
504,Rzeda Beirande,Portugal
505,Rzim,Portugal
506,S-Orno De Foz C,Portugal
507,Sao Joanecas,Portugal
508,Sao Joao,Portugal
509,Sbinoa De Lobac,Portugal
510,Sbiuo,Portugal
511,Scaneca,Portugal
512,Sco A,Portugal
513,Sco Antanhede,Portugal
514,Sco Anto Adria,Portugal
515,Sco Aomjo,Portugal
516,Scouartalegado,Portugal
517,Sdo Codo,Portugal
518,Sdo Do Coa,Portugal
519,Seia,Portugal
520,Sfnane,Portugal
521,Sha,Portugal
522,Shavo,Portugal
523,Shes,Portugal
524,Sho Grandas Lam,Portugal
525,Sines,Portugal
526,Sjbrrsfarge,Portugal
527,Sjo Da Regua,Portugal
528,Sjo Noabeira,Portugal
529,Slbres,Portugal
530,Slo Adriao,Portugal
531,Smntonio,Portugal
532,Sncalendas Lamp,Portugal
533,Snntanhede,Portugal
534,Snntonio,Portugal
535,Sno Cao,Portugal
536,Sobaca,Portugal
537,Spus,Portugal
538,Spusioho,Portugal
539,Spusioines,Portugal
540,Squsrontinho,Portugal
541,Srba Dao,Portugal
542,Srbamaus,Portugal
543,Srcazeda Real D,Portugal
544,Srntanhede,Portugal
545,Sro A,Portugal
546,Sro Madeira,Portugal
547,Ss-Fina,Portugal
548,Ssbaodo,Portugal
549,Ssbres,Portugal
550,Sso Sousa,Portugal
551,Ssrfiaas,Portugal
552,Sssffila Nova D,Portugal
553,Sssffila Noval,Portugal
554,Stins,Portugal
555,Suiar Da Beira ,Portugal
556,Svo Joao Joao R,Portugal
557,Svo Santa Conde,Portugal
558,Svousa,Portugal
559,Szerafiel,Portugal
560,Tanhede,Portugal
561,Tcblacaves,Portugal
562,Tcha,Portugal
563,Tdpla Regua,Portugal
564,Teirao,Portugal
565,Tilsererede,Portugal
566,Tins,Portugal
567,Tirso,Portugal
568,Tiss,Portugal
569,Tissnfargario,Portugal
570,Tmelas,Portugal
571,Tmon-O,Portugal
572,To Tirso,Portugal
573,Tosinhas,Portugal
574,Tpela,Portugal
575,Tpulia E Foz Do,Portugal
576,Trchzto,Portugal
577,Trreiria,Portugal
578,Uca,Portugal
579,Ueto,Portugal
580,Urroso,Portugal
581,Uss,Portugal
582,Ussofiaas,Portugal
583,Ustoias,Portugal
584,Ustrel,Portugal
585,Ustro Madeira D,Portugal
586,Ustro Marinha G,Portugal
587,Ustro Marinhas,Portugal
588,Ustro Marinho,Portugal
589,Valoneijas,Portugal
590,Vandiacer Da Am,Portugal
591,Var,Portugal
592,Vas,Portugal
593,Vbedrosa,Portugal
594,Vbeira,Portugal
595,Vberzedo,Portugal
596,Vbines,Portugal
597,Vceerieira,Portugal
598,Vceinha Grandol,Portugal
599,Vceinhais,Portugal
600,Vceinho,Portugal
601,Vceira,Portugal
602,Vceira Da Marin,Portugal
603,Vceiriao,Portugal
604,Vcer Da De Mour,Portugal
605,Vei,Portugal
606,Veia,Portugal
607,Vem,Portugal
608,Venda Amoreira,Portugal
609,Venda Do Sousa,Portugal
610,Vendas Lamas,Portugal
611,Vendas Lampas,Portugal
612,Vendas Nova De ,Portugal
613,Ver,Portugal
614,Ves,Portugal
615,Vez,Portugal
616,Vila Novas,Portugal
617,Vines,Portugal
618,Vinha Grandas N,Portugal
619,Vinho,Portugal
620,Vire,Portugal
621,Vire Das Lampas,Portugal
622,Vlede,Portugal
623,Vledrosas,Portugal
624,Vleldevez,Portugal
625,Vlemoreira,Portugal
626,Vlenda Real De ,Portugal
627,Vlllarede,Portugal
628,Vmeda Beira,Portugal
629,Vnede,Portugal
630,Vnhos,Portugal
631,Vol De Mouro,Portugal
632,Volr,Portugal
633,Voz Comba Dao,Portugal
634,Vpnhis,Portugal
635,Vquer,Portugal
636,Vrede,Portugal
637,Vrneca,Portugal
638,Vseia,Portugal
639,Vsnermedrosas,Portugal
640,Vtids Ao Joao,Portugal
641,Xcaves,Portugal
642,Xntanhede,Portugal
643,Xos,Portugal
644,Xro A De Ancilh,Portugal
645,Zeda Beira,Portugal
646,Zedo,Portugal
647,Zeita,Portugal
648,Zeitao,Portugal
649,Zelo,Portugal
650,Zerozinhais,Portugal
651,Zerozinho,Portugal
652,Zrgoncilhe,Portugal
