,Name,Origin
0, Arges,Romania
1, Argesti,Romania
2, D Vhiiivrdeni,Romania
3, Ele,Romania
4, Maresti,Romania
5, Netu,Romania
6, Nou,Romania
7, Noua,Romania
8, Olt,Romania
9, Openi,Romania
10, Pamaseleni,Romania
11, U Turticesti,Romania
12, Vcanesti,Romania
13, Vhdapuiesti,Romania
14, Vhdiu,Romania
15, Vhiclnacu,Romania
16, Zai,Romania
17,-Auarasi,Romania
18,-Mara,Romania
19,-Marnogi,Romania
20,-Ratesti,Romania
21,-Saccea,Romania
22,-Usiculeni,Romania
23,-Usus,Romania
24,-Zatlaraolt,Romania
25,111Iu De Paseni,Romania
26,111Iu De Sutii ,Romania
27,111Iu Silvanand,Romania
28,111Iu-Garlunten,Romania
29,114Iu,Romania
30,11Tirmes,Romania
31,11Tirnavodari,Romania
32,141Iutii-Rahtiv,Romania
33,141U,Romania
34,14Tigani,Romania
35,14Turcurit,Romania
36,14Turnu Lunca,Romania
37,164Inic,Romania
38,164Iu De Sus,Romania
39,166Iu De Sutii ,Romania
40,16Tgiu,Romania
41,16Tiganesti,Romania
42,16Tismanele,Romania
43,16Turnu Luncu,Romania
44,1Cmangeni,Romania
45,1Cpesti,Romania
46,1Cturceni,Romania
47,1Panca,Romania
48,1Pantelu,Romania
49,1Pantelu Rosu,Romania
50,1Poianasti,Romania
51,1Prejmer,Romania
52,1Tana,Romania
53,1Tanasti-Sat,Romania
54,1Tanatorsura No,Romania
55,1Targ,Romania
56,1Targaulesti,Romania
57,1Targsoru,Romania
58,1Targu Carbunes,Romania
59,1Targu Jiu,Romania
60,1Tarnov,Romania
61,1Tarnut,Romania
62,1Tazlau Margu-M,Romania
63,1Tele,Romania
64,1Tiganesti,Romania
65,1Todirestii De ,Romania
66,1Tolau,Romania
67,1Turziceni,Romania
68,41Turnu Lunca,Romania
69,441Iu Sector 6,Romania
70,444Iu,Romania
71,444Iu Severin,Romania
72,44Tiganestii,Romania
73,464Iu Silvana D,Romania
74,464Iu Silvanu,Romania
75,46Tirnovarnov,Romania
76,4Balani,Romania
77,4Laucesti,Romania
78,4Lugoj,Romania
79,4Panesti,Romania
80,4Pantanasti,Romania
81,4Panteni,Romania
82,4Paului,Romania
83,4Tana,Romania
84,4Tanasti,Romania
85,4Tanator 4,Romania
86,4Targaului,Romania
87,4Targaulunteni,Romania
88,4Targiu,Romania
89,4Tarnogi,Romania
90,4Tirmes,Romania
91,4Turt,Romania
92,4Turzicenita,Romania
93,614Iu Secuiesc,Romania
94,614Iu Silvanis,Romania
95,614Iutii De Sud,Romania
96,616Ioaranis,Romania
97,61Tiganet,Romania
98,61Turtea De Jos,Romania
99,644Iu,Romania
100,644Iu De Jos,Romania
101,646Iu Seinicest,Romania
102,64Ci,Romania
103,64Tirmesti,Romania
104,664Iu,Romania
105,664Iu Severin,Romania
106,666Iu De Mure,Romania
107,666Iu Silvanu M,Romania
108,66Timian Porund,Romania
109,66Turtea,Romania
110,6Laucesti,Romania
111,6Lechi,Romania
112,6M4Rgu-Murestie,Romania
113,6Panesti,Romania
114,6Pantana,Romania
115,6Panteni,Romania
116,6Predeal,Romania
117,6Tacalarusi,Romania
118,6Tarla,Romania
119,6Tarlad,Romania
120,6Tarna,Romania
121,6Tarni,Romania
122,6Tarnic,Romania
123,6Tarnicolae Bar,Romania
124,6Tazla,Romania
125,6Tiganesti,Romania
126,6Todiru,Romania
127,6Tsanic,Romania
128,6Turnu Luncata,Romania
129,6Turticesti,Romania
130,Aanesti,Romania
131,Aanesti-Satu Mi,Romania
132,Abia,Romania
133,Abrud,Romania
134,Acal,Romania
135,Acalarasi,Romania
136,Acar,Romania
137,Acari,Romania
138,Acinesti,Romania
139,Ajdia,Romania
140,Alafindesti,Romania
141,Alarunt,Romania
142,Alea,Romania
143,Alhasesti,Romania
144,An4,Romania
145,Anacu,Romania
146,Ani,Romania
147,Anvernut,Romania
148,Ara,Romania
149,Arbore,Romania
150,Arboresti,Romania
151,Arborezu,Romania
152,Ariceavarnogi,Romania
153,Armatinoasa,Romania
154,Asca,Romania
155,Ascanesti,Romania
156,Asceeni,Romania
157,Ascioare,Romania
158,Ascova,Romania
159,At1Giu,Romania
160,At1N Kogalistes,Romania
161,Atesti,Romania
162,Atrnicoi,Romania
163,Atrnu Secuiescu,Romania
164,Ava,Romania
165,Aveni,Romania
166,Axan,Romania
167,Baltici,Romania
168,Banelega,Romania
169,Bani,Romania
170,Bara,Romania
171,Bcai,Romania
172,Bcani,Romania
173,Bel,Romania
174,Bhisca,Romania
175,Bia,Romania
176,Bii De Joseni,Romania
177,Bilesti-Tazla,Romania
178,Bisteni,Romania
179,Blagesti,Romania
180,Bleja,Romania
181,Bmaraca,Romania
182,Bmasu,Romania
183,Bolina,Romania
184,Bordeni,Romania
185,Bores,Romania
186,Boresti,Romania
187,Borezu,Romania
188,Bragara,Romania
189,Bragutesti,Romania
190,Bran,Romania
191,Branis,Romania
192,Braveni,Romania
193,Broesti,Romania
194,Broesti-Satu Ma,Romania
195,Brud,Romania
196,Budesti-Olt,Romania
197,Bzaeleni,Romania
198,C Marea De Jos,Romania
199,Calafindesti,Romania
200,Calani,Romania
201,Can,Romania
202,Canesti,Romania
203,Canet,Romania
204,Cani,Romania
205,Caniei,Romania
206,Carasti,Romania
207,Carbunesti-Tazl,Romania
208,Care,Romania
209,Cas,Romania
210,Ccea,Romania
211,Ccea De Murfatl,Romania
212,Cchasesti,Romania
213,Ccirea-Ciuc,Romania
214,Cciresti,Romania
215,Cciscornei,Romania
216,Ccjarman,Romania
217,Cdltacare,Romania
218,Cea,Romania
219,Ceni,Romania
220,Cfaalara,Romania
221,Cgiu,Romania
222,Chinti,Romania
223,Chirleni,Romania
224,Chirnov,Romania
225,Chitila,Romania
226,Chiu,Romania
227,Chlatnarias,Romania
228,Ciacovu De Suse,Romania
229,Ciacovul,Romania
230,Cipria,Romania
231,Ciprias,Romania
232,Ciuc,Romania
233,Cleja,Romania
234,Clejoi,Romania
235,Cmamasele,Romania
236,Cmesti,Romania
237,Cni,Romania
238,Cola,Romania
239,Cov,Romania
240,Covu De Joseni,Romania
241,Covul,Romania
242,Cpsniceni,Romania
243,Crei,Romania
244,Crevedin,Romania
245,Cspsaii,Romania
246,Csura Buzias,Romania
247,Ct1A,Romania
248,Ctrusi,Romania
249,Culeni,Romania
250,Cului,Romania
251,Cunedoara,Romania
252,Curtea De Sus,Romania
253,Cut,Romania
254,Cvrad,Romania
255,D Dcani,Romania
256,Dabulesti,Romania
257,Dabulesti-Sat,Romania
258,Derscanii Barch,Romania
259,Deta,Romania
260,Deta-Turzii,Romania
261,Deva,Romania
262,Di Jiu,Romania
263,Diru,Romania
264,Dmoru Magutesti,Romania
265,Doftanastii De ,Romania
266,Domiresti,Romania
267,Dorului,Romania
268,Dova,Romania
269,Dpodu Turcesti,Romania
270,Dpumaru,Romania
271,Draganestii,Romania
272,Draiu Sectorien,Romania
273,Drajulucesti,Romania
274,Dsin,Romania
275,Dstmi,Romania
276,Du Padului,Romania
277,Ducanesti,Romania
278,Ducari,Romania
279,Duda,Romania
280,Dus,Romania
281,Ebesti,Romania
282,Ecas,Romania
283,Ecrei,Romania
284,Ecsin,Romania
285,Efeni,Romania
286,Efomina,Romania
287,Erin,Romania
288,Erisoara,Romania
289,Ernic,Romania
290,Errmstanteni,Romania
291,Eztarg,Romania
292,Farla,Romania
293,Feia,Romania
294,Fori,Romania
295,Fumatasa,Romania
296,Fumazesti,Romania
297,Garaci,Romania
298,Gare,Romania
299,Gea,Romania
300,Geo,Romania
301,Ges,Romania
302,Gmu,Romania
303,Gota,Romania
304,Gsoru,Romania
305,Gusmanesti,Romania
306,Haltatesti,Romania
307,Hetu Manea,Romania
308,Hifesti,Romania
309,Hil,Romania
310,Himes-Faget,Romania
311,Hirnogi,Romania
312,Hisinesti,Romania
313,Hisna,Romania
314,Hitila,Romania
315,Hjlseanu,Romania
316,Hlal Giu,Romania
317,Hlarastii Pamas,Romania
318,Hlat,Romania
319,Hlatna,Romania
320,Hlatnari,Romania
321,Hlavina,Romania
322,Hlea,Romania
323,Hlean,Romania
324,Hleta,Romania
325,Hmorumus,Romania
326,Homocea,Romania
327,Hrilovacineni,Romania
328,Hsani,Romania
329,Hslaz,Romania
330,Hveris,Romania
331,I De Muresti,Romania
332,I Nou,Romania
333,Ila,Romania
334,Imanesti,Romania
335,Imiana,Romania
336,Imigea,Romania
337,Imirei,Romania
338,Imiresti,Romania
339,Imisar,Romania
340,Imisari,Romania
341,Inis,Romania
342,Irian Poru,Romania
343,Irig,Romania
344,Ita,Romania
345,Iteni,Romania
346,Ivada,Romania
347,Jabia,Romania
348,Jdead,Romania
349,Jibou,Romania
350,Jimbolia,Romania
351,Jimbolina,Romania
352,Jimbolini,Romania
353,Jlae Baltati,Romania
354,Jmanesti,Romania
355,Jol,Romania
356,Jsinpanciu,Romania
357,Jsinpanteni,Romania
358,Jsinpobiu,Romania
359,Jsiup,Romania
360,Laavrameni,Romania
361,Laracinesti,Romania
362,Lbes,Romania
363,Le-Areni,Romania
364,Lea,Romania
365,Leci,Romania
366,Leni,Romania
367,Lesti,Romania
368,Lhlhdhitila,Romania
369,Ljunii De Sus,Romania
370,Lmdogestii Padu,Romania
371,Lnavaducarei,Romania
372,Lnzslau,Romania
373,Loechesti,Romania
374,Lovca,Romania
375,Lpzhi,Romania
376,Lpzhici,Romania
377,Lpzhiscuta De S,Romania
378,Lpzhisinesti,Romania
379,Ls-Cau,Romania
380,Lticeni,Romania
381,Lunciu,Romania
382,Lura Suseni,Romania
383,Lzatalpeni,Romania
384,Lzatanta,Romania
385,M1Gorumusani,Romania
386,M1Resti,Romania
387,M1Rgineu-Cris,Romania
388,M1Rgiu,Romania
389,M1Rgu Campina,Romania
390,M1Rgu Noua,Romania
391,M4Dhitoasar,Romania
392,M4Listea,Romania
393,M4Rgu Cara,Romania
394,M4Rgu Neamt,Romania
395,M4Rmanesti,Romania
396,M6Ngeni,Romania
397,M6Rea,Romania
398,M6Rginesti,Romania
399,M6Rgineu-Cris,Romania
400,M6Rgu Neamt,Romania
401,M6Rgu Noi,Romania
402,M6Rgu-Murea,Romania
403,Man,Romania
404,Manandrei,Romania
405,Mantana,Romania
406,Marcea,Romania
407,Mardusani,Romania
408,Mbraveni,Romania
409,Mbulean,Romania
410,Mcrei,Romania
411,Mecicani,Romania
412,Meni,Romania
413,Mer,Romania
414,Mfeal,Romania
415,Mhie Susesti,Romania
416,Mhrele,Romania
417,Micesti,Romania
418,Mirei,Romania
419,Mires,Romania
420,Misari,Romania
421,Misautii Noi,Romania
422,Misoaraci,Romania
423,Misoru,Romania
424,Misoru Vechi,Romania
425,Misorului,Romania
426,Mlnechiol,Romania
427,Mmngeni,Romania
428,Mmnic,Romania
429,Mrad,Romania
430,Mrdud,Romania
431,Msogoanesti,Romania
432,Mstana Teodor 4,Romania
433,Mtrevediesti,Romania
434,Murea-Ciurele,Romania
435,Mureaza De Sus,Romania
436,Mziesti,Romania
437,Mzliman,Romania
438,Nasti,Romania
439,Nbii De Padu Tu,Romania
440,Nbolini,Romania
441,Ncca,Romania
442,Ngheni,Romania
443,Ngsani,Romania
444,Nic,Romania
445,Nicajvani,Romania
446,Nicanelega,Romania
447,Nicanic,Romania
448,Nicara,Romania
449,Nicea,Romania
450,Niceni,Romania
451,Niceni-Praia Tu,Romania
452,Nicesti,Romania
453,Nicoi,Romania
454,Nicolae Barasi,Romania
455,Nicolao,Romania
456,Nicolau,Romania
457,Nicorniceni,Romania
458,Nicov,Romania
459,Niei,Romania
460,Niescu,Romania
461,Nii Noi,Romania
462,Nii Pamanesti,Romania
463,Niresti,Romania
464,Nmpanesti,Romania
465,Nmpanteni,Romania
466,Nndjleni,Romania
467,Nnvnican,Romania
468,Ntelimasele,Romania
469,Nteni,Romania
470,Ntmsiculesti,Romania
471,O-Mnicolau,Romania
472,Obso,Romania
473,Oetoiseni,Romania
474,Oituz,Romania
475,Ojta De Sus,Romania
476,Ola,Romania
477,Olae Barlo,Romania
478,Olaucesti,Romania
479,Olorcanesti,Romania
480,Olorcovasnad,Romania
481,Olorcovat,Romania
482,Olt,Romania
483,Omirei,Romania
484,Omires,Romania
485,Omisani,Romania
486,Oni,Romania
487,Ooca,Romania
488,Opasi,Romania
489,Ori,Romania
490,Oris,Romania
491,Orisoarasti,Romania
492,Ostrita,Romania
493,Ousesti,Romania
494,Ova,Romania
495,Ovanandomiresti,Romania
496,Ovata De Jos,Romania
497,Ovca,Romania
498,P-Tura Brasu Au,Romania
499,Paltatesti,Romania
500,Paltina,Romania
501,Pana,Romania
502,Paneasa,Romania
503,Panta,Romania
504,Pascu,Romania
505,Paului,Romania
506,Paunedoaraci,Romania
507,Pcecean,Romania
508,Pctorsura Voda,Romania
509,Pdeni,Romania
510,Pdesti,Romania
511,Peni,Romania
512,Perin,Romania
513,Periste,Romania
514,Peristea De Sus,Romania
515,Pesti,Romania
516,Petrov,Romania
517,Pgoi,Romania
518,Pgoru Mic,Romania
519,Pgota,Romania
520,Phiojd,Romania
521,Piatra Dor Mare,Romania
522,Pipiria,Romania
523,Piscu,Romania
524,Pjod,Romania
525,Plopesti,Romania
526,Plosca,Romania
527,Pnic,Romania
528,Pniceancii,Romania
529,Podu Pamasesti,Romania
530,Poian,Romania
531,Poiana,Romania
532,Praid,Romania
533,Prajului,Romania
534,Predead,Romania
535,Prejmer,Romania
536,Pselega,Romania
537,Psicanesti,Romania
538,Psti,Romania
539,Ptga Tolniceni,Romania
540,Ptia Turnu Mare,Romania
541,Ptici,Romania
542,Ptor Arla-Margi,Romania
543,Ptorisoru Mare,Romania
544,Pucioraveni,Romania
545,R4Cuta De Suses,Romania
546,Raiuti,Romania
547,Raiutii-Rahtiva,Romania
548,Rargiu,Romania
549,Rari,Romania
550,Rcas,Romania
551,Rdeni,Romania
552,Recheia,Romania
553,Relega,Romania
554,Rghiu,Romania
555,Rhlau,Romania
556,Rianatorsura So,Romania
557,Rig,Romania
558,Rio,Romania
559,Ripirig,Romania
560,Rjol,Romania
561,Rjsca,Romania
562,Rleni,Romania
563,Rmana,Romania
564,Rmaseni,Romania
565,Rmaseni-Praisau,Romania
566,Rmes,Romania
567,Rmestii Mari,Romania
568,Role,Romania
569,Rucar,Romania
570,Rului,Romania
571,Rveancii,Romania
572,Rveanu,Romania
573,Rverie Sus,Romania
574,Rvmana,Romania
575,Rvtixad,Romania
576,Sani,Romania
577,Sbore,Romania
578,Sca,Romania
579,Schesti,Romania
580,Scu,Romania
581,Scut,Romania
582,Sicani,Romania
583,Sigheni,Romania
584,Sjomiresti,Romania
585,Sova,Romania
586,Sra,Romania
587,Srig,Romania
588,Stana,Romania
589,Stana De Joseni,Romania
590,Stanacu,Romania
591,Stanteni,Romania
592,Sti,Romania
593,Stii,Romania
594,Stolnicea,Romania
595,Strila,Romania
596,Strit,Romania
597,Strita,Romania
598,Stroste,Romania
599,Strostea Nirajn,Romania
600,Strov,Romania
601,Sturila,Romania
602,Sura Dornei,Romania
603,Sura Humoru,Romania
604,Sura Sus,Romania
605,Svechitoasarias,Romania
606,T1 Marabani,Romania
607,T4Lau,Romania
608,T6Ru,Romania
609,Tana,Romania
610,Targ,Romania
611,Targinesti,Romania
612,Targu Neamt,Romania
613,Tarnicolau,Romania
614,Tarundulunganes,Romania
615,Tatari,Romania
616,Tbrud,Romania
617,Teacau,Romania
618,Techeia,Romania
619,Techita,Romania
620,Thlaracalarasti,Romania
621,Tismanesti,Romania
622,Tlar,Romania
623,Tmanasti,Romania
624,Tnicanesti,Romania
625,Tnislaz,Romania
626,Todiru,Romania
627,Tojasca,Romania
628,Tomes,Romania
629,Topraiuti,Romania
630,Tpasa,Romania
631,Tpirig,Romania
632,Trifesti,Romania
633,Trit,Romania
634,Trosani,Romania
635,Tru,Romania
636,Tru Vechi,Romania
637,Tsusnecpirig,Romania
638,Ttarnaveni,Romania
639,Ttulcaniei,Romania
640,Tumina,Romania
641,Tuna Mara,Romania
642,Turzii,Romania
643,Tuzla,Romania
644,Txgica,Romania
645,Tzimesti,Romania
646,Ueciori,Romania
647,Ugorasineni,Romania
648,Ului,Romania
649,Umoru,Romania
650,Umus,Romania
651,Und,Romania
652,Unv,Romania
653,Upesti,Romania
654,Uri,Romania
655,Urticeni,Romania
656,Utrea,Romania
657,Utrila,Romania
658,Utrilova,Romania
659,Utrita,Romania
660,Vari,Romania
661,Vea De Sus,Romania
662,Vedia,Romania
663,Vediesti,Romania
664,Vedin,Romania
665,Vediu,Romania
666,Vei,Romania
667,Veleni,Romania
668,Verie Sus,Romania
669,Veris,Romania
670,Verisoaranesti,Romania
671,Veristea,Romania
672,Vida,Romania
673,Vlaguresti,Romania
674,Vliescu,Romania
675,Vmacal,Romania
676,Vmahetu,Romania
677,Vman,Romania
678,Vmana Teodor Vl,Romania
679,Vmanea,Romania
680,Vmanesti,Romania
681,Vmanestii Vechi,Romania
682,Vmina,Romania
683,Voda,Romania
684,Vul,Romania
685,Vvecea,Romania
686,Vveni,Romania
687,Vvlan,Romania
688,Vxad,Romania
689,Vxdejliava,Romania
690,Vxdejmer,Romania
691,Vxdejs,Romania
692,Vxdivenesti,Romania
693,Xad,Romania
694,Xat,Romania
695,Zbicea,Romania
696,Zbiceanu Secuie,Romania
697,Zil,Romania
698,Zjiseni,Romania
699,Zla,Romania
