,Name,Origin
0, Arakovsk,Russia
1, Chogorsk,Russia
2, Igirenogorokov,Russia
3, Kavan'-Na-Obi,Russia
4, Kozlovskoye,Russia
5, Mam,Russia
6, Nae,Russia
7, Olkovo,Russia
8, Posad,Russia
9, Uchekino,Russia
10, Yuzhskaya,Russia
11,'Shorob'Yovo,Russia
12,-Akhty,Russia
13,-Iohgsazyuzin,Russia
14,-Neregrayshet,Russia
15,-Ralnechnyy,Russia
16,-Rezhnevarovka,Russia
17,-Uchka,Russia
18,-Yurt,Russia
19,-Zuyevo,Russia
20,9-Mazh'Ye,Russia
21,9Evozhga,Russia
22,9Ezhniyevo,Russia
23,9Kalero-Zuyeda,Russia
24,9Shevo,Russia
25,9Skiy,Russia
26,Aaklnashi,Russia
27,Aazhanskiy,Russia
28,Achny,Russia
29,Achurba,Russia
30,Agas,Russia
31,Akh,Russia
32,Aksandrey,Russia
33,Aktashinga,Russia
34,Aktyabr'Sko-Pec,Russia
35,Alina,Russia
36,Amyshlovicha,Russia
37,Amyshly,Russia
38,Ansk,Russia
39,Ansky,Russia
40,Ardobna,Russia
41,Arnyshskaya,Russia
42,Artem,Russia
43,Artsensk,Russia
44,Ary,Russia
45,Ash,Russia
46,Askiy,Russia
47,Assk-Orlovskiy,Russia
48,Astun,Russia
49,Atovomanovo,Russia
50,Atrovoye,Russia
51,Auda,Russia
52,Avino,Russia
53,Aya,Russia
54,Bal'Kal,Russia
55,Balektrogoronni,Russia
56,Barka,Russia
57,Barkovskaya,Russia
58,Baromy,Russia
59,Barovsk,Russia
60,Baryye Salda,Russia
61,Bavala,Russia
62,Baza,Russia
63,Bboksandryusin-,Russia
64,Bibreza,Russia
65,Bikaterov,Russia
66,Binino,Russia
67,Binsk,Russia
68,Biryuk,Russia
69,Bka-Vydrino,Russia
70,Bkaya,Russia
71,Blasovskaya,Russia
72,Bnya,Russia
73,Borsk,Russia
74,Bpart,Russia
75,Bratrel,Russia
76,Brik,Russia
77,Bron,Russia
78,Bsi,Russia
79,Burey,Russia
80,Buturovyy,Russia
81,Bydrin,Russia
82,Byznvka,Russia
83,Cgino,Russia
84,Chakhty,Russia
85,Chalym,Russia
86,Chbaakh,Russia
87,Chbudennoy,Russia
88,Chbudennoye,Russia
89,Chdalmatovsk,Russia
90,Chdye-Sibirsk,Russia
91,Chdygen,Russia
92,Chenkovskoye,Russia
93,Chep,Russia
94,Cherkhneyev-Pol,Russia
95,Chevartovka,Russia
96,Chgkhalym,Russia
97,Chgrabulak,Russia
98,Chhipunovka,Russia
99,Chik,Russia
100,Chino,Russia
101,Chkan,Russia
102,Chlenigornogozh,Russia
103,Chlkoz,Russia
104,Chlukhoretsk,Russia
105,Chok,Russia
106,Chokolazov,Russia
107,Choksandrovogor,Russia
108,Choksary,Russia
109,Chpal'Manovo,Russia
110,Chskuriysk,Russia
111,Churba,Russia
112,Ckha,Russia
113,Ckhova Polyalov,Russia
114,Credegtyabinsk,Russia
115,Crisovo,Russia
116,Crogireyevo,Russia
117,Cron,Russia
118,Csertanino,Russia
119,Cvirsk,Russia
120,Cyanko,Russia
121,Cyartsevo,Russia
122,Desnyy,Russia
123,Dinka,Russia
124,Dino,Russia
125,Dkovsk-On-Amure,Russia
126,Dlinnovo-Borsk,Russia
127,Dno,Russia
128,Dolgorsk,Russia
129,Donezhsk,Russia
130,Dor,Russia
131,Dov,Russia
132,Dovich,Russia
133,Dovo,Russia
134,Dovo-Kunda,Russia
135,Dovokumskoye,Russia
136,Dovoy,Russia
137,Drinburumovo,Russia
138,Drovo,Russia
139,Dubratovo,Russia
140,Dzha,Russia
141,Echek,Russia
142,Echor,Russia
143,Ecrolev,Russia
144,Edino,Russia
145,Egino,Russia
146,Ehchenskolinnoy,Russia
147,Elmontol,Russia
148,Emskiy,Russia
149,Endelezin,Russia
150,Engorsk,Russia
151,Eoslavsk,Russia
152,Ereyevskoye,Russia
153,Erkha,Russia
154,Erlyaze-Volzhsk,Russia
155,Esovka,Russia
156,Ety Il'Skiy,Russia
157,Eysk,Russia
158,Gachakovo,Russia
159,Gachanskaya,Russia
160,Gachnyy,Russia
161,Garkovsk,Russia
162,Gelekseyevka,Russia
163,Gestereznodol'S,Russia
164,Get,Russia
165,Giagil,Russia
166,Gil,Russia
167,Gino,Russia
168,Gkhov'Ye,Russia
169,Gopshikhaylovsk,Russia
170,Gorechkan,Russia
171,Goretsk,Russia
172,Gornogorskiy,Russia
173,Gorossiysk,Russia
174,Gorsk,Russia
175,Gorskoye,Russia
176,Gorsma,Russia
177,Grabula,Russia
178,Hgorsk,Russia
179,Hinskiy,Russia
180,Hok,Russia
181,Hskiy,Russia
182,Hvishchensk,Russia
183,Iartsensk,Russia
184,Ichga,Russia
185,Iechka,Russia
186,Igarkan,Russia
187,Igradnaya,Russia
188,Iibary,Russia
189,Iikaterechnoe D,Russia
190,Ikhensk,Russia
191,Ikhonstanitskoy,Russia
192,Ikhovodskoye,Russia
193,Ikinskaya,Russia
194,Ikol,Russia
195,Ikrasnovodsk,Russia
196,Il'Skiy,Russia
197,Ilan',Russia
198,Ilan-Churalnye ,Russia
199,Ilyino,Russia
200,Imirsk,Russia
201,Ino,Russia
202,Insk,Russia
203,Insky,Russia
204,Inzhanskaya,Russia
205,Inzhensk,Russia
206,Irbinskiy,Russia
207,Irbit,Russia
208,Irkessk-Ilimbar,Russia
209,Irkutsa,Russia
210,Is'Manka,Russia
211,Isharan',Russia
212,Ishartka,Russia
213,Ishary,Russia
214,Iskha,Russia
215,Iskoye,Russia
216,Isovka,Russia
217,Itbesy,Russia
218,Itsk,Russia
219,Iyalovoye,Russia
220,Iye Atagi,Russia
221,Iye Kalino,Russia
222,Iye Sergiyevo,Russia
223,Iyglazna,Russia
224,K'Yanka,Russia
225,K'Ye,Russia
226,K-Kyuysk,Russia
227,Kamarskoye,Russia
228,Kan,Russia
229,Kar-Ola,Russia
230,Kari-Yurt,Russia
231,Kaya,Russia
232,Kbi,Russia
233,Kchinogorob'Yev,Russia
234,Kelizhnevsk,Russia
235,Kent,Russia
236,Kevichinyshly,Russia
237,Kevil',Russia
238,Key,Russia
239,Kha,Russia
240,Kha Never,Russia
241,Kha Nevero-Zuye,Russia
242,Kha Nevre,Russia
243,Khachkan,Russia
244,Khakhunsk,Russia
245,Khaksin-Yurt,Russia
246,Khanyy Cherechn,Russia
247,Kharatsk,Russia
248,Kharoslavl,Russia
249,Kharovka,Russia
250,Kharyshevo,Russia
251,Khayevka,Russia
252,Khaylovo,Russia
253,Khaylovogirey,Russia
254,Khaylovsk,Russia
255,Khazurochkan,Russia
256,Khi,Russia
257,Khonstanyshskay,Russia
258,Khovka,Russia
259,Khovo,Russia
260,Khovo-Mnevniki,Russia
261,Kin,Russia
262,Kino,Russia
263,Kinsk,Russia
264,Kiren',Russia
265,Kizhnevo,Russia
266,Kizhniy Urgalys,Russia
267,Kizlyayevka,Russia
268,Kkaemary,Russia
269,Kkmariyskaya,Russia
270,Kkovskaya,Russia
271,Klyankrushkul',Russia
272,Klyanyshniy Vod,Russia
273,Knodok,Russia
274,Kolochnyy,Russia
275,Konsk,Russia
276,Korodnyy,Russia
277,Kovazhelevka,Russia
278,Kovka,Russia
279,Kovo,Russia
280,Kovskaya,Russia
281,Kozeyevo,Russia
282,Kozlobnaya,Russia
283,Ksin,Russia
284,Ktyakhi,Russia
285,Kul',Russia
286,Kulovsk,Russia
287,Kuraya,Russia
288,Kurikhayskhaylo,Russia
289,Kuvakhunskoye,Russia
290,Kyzburumochenev,Russia
291,Kzima,Russia
292,Lakal,Russia
293,Lakal'Mensk,Russia
294,Lan',Russia
295,Latovo,Russia
296,Lda,Russia
297,Lerovskaya,Russia
298,Levatskaya,Russia
299,Ley,Russia
300,Leznyy,Russia
301,Lgorod,Russia
302,Lin-Yurt,Russia
303,Lina Gora,Russia
304,Lino,Russia
305,Linsk,Russia
306,Lintsy,Russia
307,Lipetsk,Russia
308,Lkanevsk,Russia
309,Lkav,Russia
310,Llobnya,Russia
311,Llostradnikolin,Russia
312,Lniseye Ognitsk,Russia
313,Lobva,Russia
314,Lovka,Russia
315,Lovskaya Kaley,Russia
316,Lradnik,Russia
317,Lrovo,Russia
318,Lsa,Russia
319,Lvinovo,Russia
320,Lya,Russia
321,Lyabinich,Russia
322,Lyaninogozhga,Russia
323,Lyanyshastok,Russia
324,Lyarnaul,Russia
325,Lyubokhvista,Russia
326,Maloyarsk,Russia
327,Matovo,Russia
328,Mdreya,Russia
329,Mdshino,Russia
330,Mikhovka,Russia
331,Mkent,Russia
332,Mkentgen,Russia
333,Mkentgenegorodn,Russia
334,Mman,Russia
335,Mnoye,Russia
336,Mozhdes,Russia
337,Mozlvylovo,Russia
338,Msaltayskaya,Russia
339,Mskoye,Russia
340,Myas'Stra-Dubna,Russia
341,Myazansk,Russia
342,Myazovka,Russia
343,Mysharovskoye,Russia
344,Mysherdonsk,Russia
345,Myshetikhovoye,Russia
346,Mysheva,Russia
347,Myshevo,Russia
348,Myshlyar,Russia
349,N'Yanovoye,Russia
350,N-Yurt,Russia
351,Ndratovsk,Russia
352,Ndrovsk,Russia
353,Ndyga,Russia
354,Nezha,Russia
355,Nidovo,Russia
356,Nikol,Russia
357,Ningradskoye,Russia
358,Ninovo,Russia
359,Nisha,Russia
360,Nka,Russia
361,Nkino,Russia
362,Nnoye,Russia
363,Novishelenogors,Russia
364,Novo,Russia
365,Noyarovskiy,Russia
366,Nozovsk,Russia
367,Nremushary,Russia
368,Nskiy,Russia
369,Nskoye,Russia
370,Ntinskoye,Russia
371,Nvoye,Russia
372,Nyshna,Russia
373,Nyurt,Russia
374,Nzhavino,Russia
375,Nzhe,Russia
376,O Sergi,Russia
377,Ochegornyy,Russia
378,Ochekovsk,Russia
379,Ochep,Russia
380,Ochnyy,Russia
381,Ognitogorovo,Russia
382,Ograbovarti,Russia
383,Okal,Russia
384,Okhaylovskoye,Russia
385,Okhovo,Russia
386,Okkov,Russia
387,Oklyaya Purg,Russia
388,Okrovsk,Russia
389,Okrovyyerkhotur,Russia
390,Okubakha,Russia
391,Okubanskiy,Russia
392,Okuz'Minkino,Russia
393,Olenegosh',Russia
394,Olenka,Russia
395,Oleno,Russia
396,Olensk,Russia
397,Ollostok,Russia
398,Olvichinsk,Russia
399,Onsk,Russia
400,Ootur'Ye-Sibire,Russia
401,Orenka,Russia
402,Orinsk-Ilimbay,Russia
403,Orod,Russia
404,Oskovsk,Russia
405,Osokaya,Russia
406,Osta,Russia
407,Ostary,Russia
408,Ostok,Russia
409,Ostral'Nikoloch,Russia
410,Otalner,Russia
411,Otur'Ye-Sibirsk,Russia
412,Ovo-Mazheno,Russia
413,Ovolovka,Russia
414,Ozhdesta,Russia
415,Ozhsk,Russia
416,Padimirovsk,Russia
417,Padivosilimsk,Russia
418,Padnoye,Russia
419,Pas-Klepikino,Russia
420,Passk-9,Russia
421,Pnechetikhov'Ye,Russia
422,Pni-Ilimorsma,Russia
423,Poyarsk,Russia
424,Ralnashka,Russia
425,Ralnecherno-Ver,Russia
426,Ratovo,Russia
427,Ratuzskoy,Russia
428,Rbuny,Russia
429,Rcha,Russia
430,Rdvonyrihskaya,Russia
431,Relino,Russia
432,Revo,Russia
433,Rey,Russia
434,Reyevo,Russia
435,Ribreza,Russia
436,Riitnoye,Russia
437,Rino,Russia
438,Rka,Russia
439,Rkan,Russia
440,Rkino,Russia
441,Rkok,Russia
442,Rmeykino,Russia
443,Rmitsk,Russia
444,Rnda,Russia
445,Rov,Russia
446,Rovichalyarka,Russia
447,Rovka,Russia
448,Rovo,Russia
449,Rovoye,Russia
450,Rovskoye,Russia
451,Rovyy,Russia
452,Rrouhchensk,Russia
453,Rrovoye,Russia
454,Rskiy,Russia
455,Rskoye,Russia
456,Rtan,Russia
457,Ryborsk-Ilimsk,Russia
458,Ryshevskoye,Russia
459,Ryukovo,Russia
460,Ryungrim,Russia
461,Ryusin-Yurtanov,Russia
462,Ryusinda,Russia
463,Rzhikhi,Russia
464,S'Strov,Russia
465,S'Strovikov,Russia
466,S'Strovo,Russia
467,S'Ya,Russia
468,Satkin,Russia
469,Say,Russia
470,Schek,Russia
471,Schikha,Russia
472,Sdiya,Russia
473,Sevo,Russia
474,Seysk,Russia
475,Sha,Russia
476,Shchegorsk,Russia
477,Shelenigovetins,Russia
478,Shereznodol,Russia
479,Sherno-Aleksand,Russia
480,Shetikha Nevre,Russia
481,Shevalakino,Russia
482,Shevaleysk,Russia
483,Shevatsk,Russia
484,Shevo,Russia
485,Shevsk,Russia
486,Shira,Russia
487,Shki,Russia
488,Silimbarovskiy,Russia
489,Sinsk,Russia
490,Sisichukov,Russia
491,Sisiolkonskiy,Russia
492,Siyskaya,Russia
493,Skha,Russia
494,Skhayev-Polyany,Russia
495,Skhaylovo,Russia
496,Skol,Russia
497,Skovo,Russia
498,Skoy,Russia
499,Skoye,Russia
500,Skurin,Russia
501,Skurinskiy,Russia
502,Slavetinogvarov,Russia
503,Slyuyskiy,Russia
504,Sma,Russia
505,Smolaya,Russia
506,Snka,Russia
507,Snskiy,Russia
508,Sovskoye,Russia
509,Sreno,Russia
510,Sta,Russia
511,Stanogorukovo,Russia
512,Star,Russia
513,Starovsk,Russia
514,Starovskiy,Russia
515,Stroye,Russia
516,Styabrsk,Russia
517,Styarsk,Russia
518,Svoye,Russia
519,Tara,Russia
520,Taraya Igireye ,Russia
521,Taroalegorsk,Russia
522,Tarovosigil,Russia
523,Tikhazurochnoye,Russia
524,Tikhinsk,Russia
525,Tka,Russia
526,Tkar-Ola,Russia
527,Tlyy Yar,Russia
528,Tor,Russia
529,Tra-Dubna,Russia
530,Trogorskoye,Russia
531,Trovka,Russia
532,Truinyazov,Russia
533,Tskaya,Russia
534,Tskiy,Russia
535,Tskoye,Russia
536,Tskoye Tagino,Russia
537,Tulakhty,Russia
538,Tulybna,Russia
539,Tuvrilovka,Russia
540,Tuymak,Russia
541,Ubaayutino,Russia
542,Uiataysk,Russia
543,Ulan',Russia
544,Uotty,Russia
545,Urkh-Nesvet,Russia
546,Usinskoye,Russia
547,Ussuriysk,Russia
548,Utradnikovskoye,Russia
549,Uysk,Russia
550,V'Yany,Russia
551,V'Ye,Russia
552,Valkha,Russia
553,Vardevka,Russia
554,Vary,Russia
555,Vavodvizhin,Russia
556,Vdoroovo,Russia
557,Verkhniy Odestv,Russia
558,Veshary,Russia
559,Veshchenevaleye,Russia
560,Vikolino,Russia
561,Vikolodov,Russia
562,Vikul',Russia
563,Vikun',Russia
564,Vishevo,Russia
565,Vka,Russia
566,Vkevichinovo,Russia
567,Voburguzin,Russia
568,Vodskoy,Russia
569,Vogirma,Russia
570,Vogorokol,Russia
571,Vogozha,Russia
572,Volgorsk,Russia
573,Volzhskoye,Russia
574,Vopchatayevo,Russia
575,Vorechevatskiy,Russia
576,Vorechnyy,Russia
577,Vorod,Russia
578,Vorodino,Russia
579,Vorodinskiy,Russia
580,Voye,Russia
581,Vskaya,Russia
582,Vskoye,Russia
583,Vyatti,Russia
584,Vyy Odes,Russia
585,Vyyerkhneva,Russia
586,Yana,Russia
587,Yanakhazansk,Russia
588,Yanaul,Russia
589,Yandriysk,Russia
590,Yandryuk,Russia
591,Yandskaya,Russia
592,Yanogorodol,Russia
593,Yanovartovka,Russia
594,Yanovo,Russia
595,Yansk,Russia
596,Yant,Russia
597,Yantipino,Russia
598,Yantsukul'Kal'N,Russia
599,Yanturlinsk,Russia
600,Yany,Russia
601,Yanyy,Russia
602,Yanyye Borinsko,Russia
603,Yar,Russia
604,Yaromy,Russia
605,Yars,Russia
606,Yarvi,Russia
607,Yayevka,Russia
608,Ye Devyatinsk,Russia
609,Ye Kozinogotovs,Russia
610,Ykalarinsk,Russia
611,Ykalaya Slobnya,Russia
612,Ykalesnyy,Russia
613,Ylovchi,Russia
614,Ylovo,Russia
615,Ynitsk,Russia
616,Ysha,Russia
617,Yshelno-Verkino,Russia
618,Yshere,Russia
619,Ysheremkhovo,Russia
620,Ysherinsk,Russia
621,Yshernyy,Russia
622,Yshevo,Russia
623,Yshevo-Kundrovs,Russia
624,Yshevozybkov,Russia
625,Yshlovka,Russia
626,Yshlovskoye,Russia
627,Yshlyansk,Russia
628,Yshna,Russia
629,Yshskaya,Russia
630,Yskiy,Russia
631,Yskoye,Russia
632,Yvino,Russia
633,Zaroslavets,Russia
634,Zarovka,Russia
635,Zavedennoye,Russia
636,Zavetaroalta,Russia
637,Zavetinskiy,Russia
638,Zavetsk,Russia
639,Zavety Il'Ich,Russia
640,Zavodskoye,Russia
641,Zavorodol'Shoy ,Russia
642,Zeleyny,Russia
643,Zeyevo,Russia
644,Zha,Russia
645,Zhavitinsk,Russia
646,Zhent,Russia
647,Zhinsk,Russia
648,Zhok,Russia
649,Zilair,Russia
650,Zima,Russia
651,Ziman,Russia
652,Zkoye,Russia
653,Zlubinsk,Russia
654,Zmiye Kalitva,Russia
655,Zolinnoye,Russia
656,Zsigino,Russia
657,Zteino,Russia
658,Zvensk,Russia
