,Name,Origin
0,  Artawiyah,Saudi Arabia
1,  Rrizah,Saudi Arabia
2,  Tarraz,Saudi Arabia
3,  Waridah,Saudi Arabia
4, 'If,Saudi Arabia
5, 'Il,Saudi Arabia
6, A T Waridah,Saudi Arabia
7, Artawiyah,Saudi Arabia
8, Aut Yawh,Saudi Arabia
9, Barraz,Saudi Arabia
10, Bha,Saudi Arabia
11, Bqaiq,Saudi Arabia
12, Bub`,Saudi Arabia
13, Bukayr,Saudi Arabia
14, Bukayrifi,Saudi Arabia
15, Bukayriyah,Saudi Arabia
16, But,Saudi Arabia
17, Buw,Saudi Arabia
18, D Raridah,Saudi Arabia
19, Daridah,Saudi Arabia
20, Fif,Saudi Arabia
21, Harj,Saudi Arabia
22, Harjal,Saudi Arabia
23, Hrtawiyah,Saudi Arabia
24, Idah,Saudi Arabia
25, Ilam,Saudi Arabia
26, Iqahqmis Mutay,Saudi Arabia
27, Isliyah,Saudi Arabia
28, Jaradimi,Saudi Arabia
29, Jaraf,Saudi Arabia
30, Jarasan,Saudi Arabia
31, Jaridah,Saudi Arabia
32, Jilam,Saudi Arabia
33, Jlah,Saudi Arabia
34, Jlarjal,Saudi Arabia
35, Jumum,Saudi Arabia
36, Kbafran,Saudi Arabia
37, Khafji,Saudi Arabia
38, Khamitah,Saudi Arabia
39, Kharj,Saudi Arabia
40, Kharjal,Saudi Arabia
41, Kqafis,Saudi Arabia
42, Kqafqaiq,Saudi Arabia
43, L Jaridah,Saudi Arabia
44, L Raf,Saudi Arabia
45, L Raridah,Saudi Arabia
46, L Rut,Saudi Arabia
47, Larut,Saudi Arabia
48, Majaridah,Saudi Arabia
49, Markaz,Saudi Arabia
50, Marraz,Saudi Arabia
51, Maw,Saudi Arabia
52, Mbjaridah,Saudi Arabia
53, Mhahjmil Maw,Saudi Arabia
54, Mhjlan,Saudi Arabia
55, Mhwaaim,Saudi Arabia
56, Mimah,Saudi Arabia
57, Ms Mar,Saudi Arabia
58, Mubarraz,Saudi Arabia
59, Mushait,Saudi Arabia
60, Mutayr,Saudi Arabia
61, Mutayriyadh,Saudi Arabia
62, Mutayriyah,Saudi Arabia
63, Muwayh,Saudi Arabia
64, Naridah,Saudi Arabia
65, Nlah,Saudi Arabia
66, Num,Saudi Arabia
67, Qabqaiq,Saudi Arabia
68, Qafi,Saudi Arabia
69, Qafiy,Saudi Arabia
70, Qaiq,Saudi Arabia
71, Qarq,Saudi Arabia
72, Qarqaiq,Saudi Arabia
73, Qatif,Saudi Arabia
74, Qqiqqiqqiqqiqi,Saudi Arabia
75, Qriqahimah,Saudi Arabia
76, Qriqahqmiqahqm,Saudi Arabia
77, Qriqaiq,Saudi Arabia
78, Qriqiiq,Saudi Arabia
79, Qrish,Saudi Arabia
80, Qttwa,Saudi Arabia
81, Raridah,Saudi Arabia
82, Rawah,Saudi Arabia
83, Rbra,Saudi Arabia
84, Rbta,Saudi Arabia
85, Rut,Saudi Arabia
86, S Iat,Saudi Arabia
87, S Taridah,Saudi Arabia
88, Safwa,Saudi Arabia
89, T Raridah,Saudi Arabia
90, Tharj,Saudi Arabia
91, U Aarasan,Saudi Arabia
92, U Ah,Saudi Arabia
93, U Taridah,Saudi Arabia
94, Ufw,Saudi Arabia
95, Ulayjah,Saudi Arabia
96, Ulayjilam,Saudi Arabia
97, Ulfu,Saudi Arabia
98, Utayriyadh,Saudi Arabia
99, Waridah,Saudi Arabia
100, Yjwa,Saudi Arabia
101, Z Rut,Saudi Arabia
102, `Arish,Saudi Arabia
103,'If,Saudi Arabia
104,'Il,Saudi Arabia
105,'Ji,Saudi Arabia
106,'Ulluj,Saudi Arabia
107,A  Mrwazimu,Saudi Arabia
108,A  Mutayr,Saudi Arabia
109,A Dawadiyah,Saudi Arabia
110,A H Mh Mar,Saudi Arabia
111,A U Rqtisah,Saudi Arabia
112,A'Bl,Saudi Arabia
113,A'Il,Saudi Arabia
114,Abqaiq,Saudi Arabia
115,Aj Artawiyah,Saudi Arabia
116,Ajirah,Saudi Arabia
117,Am  Rjilah,Saudi Arabia
118,Anh,Saudi Arabia
119,Ayn,Saudi Arabia
120,Aynnb,Saudi Arabia
121,B Arwazhzuifi,Saudi Arabia
122,B`Raif,Saudi Arabia
123,Bbla,Saudi Arabia
124,Bbuk,Saudi Arabia
125,Bha,Saudi Arabia
126,Bka,Saudi Arabia
127,Bqaiq,Saudi Arabia
128,Bub`,Saudi Arabia
129,Buk,Saudi Arabia
130,Bukayr,Saudi Arabia
131,Bukayrifi,Saudi Arabia
132,Bukayriyah,Saudi Arabia
133,Bul,Saudi Arabia
134,Bul`Yaiyah,Saudi Arabia
135,Bulayjah,Saudi Arabia
136,Bulayjilah,Saudi Arabia
137,Bulayjilam,Saudi Arabia
138,But,Saudi Arabia
139,D Barraz,Saudi Arabia
140,D Darb,Saudi Arabia
141,D Harj,Saudi Arabia
142,D Harjal,Saudi Arabia
143,D Himah,Saudi Arabia
144,Dammam,Saudi Arabia
145,Dhibiyadh,Saudi Arabia
146,Dmibah,Saudi Arabia
147,Dmmam,Saudi Arabia
148,F Raradimi,Saudi Arabia
149,F Raradiyah,Saudi Arabia
150,Fbaarj,Saudi Arabia
151,Fbra,Saudi Arabia
152,Fhaaj,Saudi Arabia
153,Fharj,Saudi Arabia
154,Fharjal,Saudi Arabia
155,Fif,Saudi Arabia
156,Fjaridah,Saudi Arabia
157,Fraafji,Saudi Arabia
158,Frraz,Saudi Arabia
159,Fuaaid,Saudi Arabia
160,Furaif,Saudi Arabia
161,Gl Muw,Saudi Arabia
162,H 'Il,Saudi Arabia
163,H Mhimah,Saudi Arabia
164,H'If,Saudi Arabia
165,H'Ii,Saudi Arabia
166,H'Il,Saudi Arabia
167,H'In,Saudi Arabia
168,Ha'Il,Saudi Arabia
169,Habjaridah,Saudi Arabia
170,Hahimah,Saudi Arabia
171,Hamis Mutayriya,Saudi Arabia
172,Hb'If,Saudi Arabia
173,Hi'I,Saudi Arabia
174,Himah,Saudi Arabia
175,Hjmimah,Saudi Arabia
176,Hr'Il,Saudi Arabia
177,Humiyah,Saudi Arabia
178,I'I,Saudi Arabia
179,Id Harj,Saudi Arabia
180,Irud,Saudi Arabia
181,Is Mutayrifi,Saudi Arabia
182,Isliyah,Saudi Arabia
183,Iyah,Saudi Arabia
184,J Harj,Saudi Arabia
185,J Laj,Saudi Arabia
186,J Larjal,Saudi Arabia
187,J Raraf,Saudi Arabia
188,Jah,Saudi Arabia
189,Jaridah,Saudi Arabia
190,Jba,Saudi Arabia
191,Jhamitah,Saudi Arabia
192,Jhanjh,Saudi Arabia
193,Jilah,Saudi Arabia
194,Jilam,Saudi Arabia
195,Jimah,Saudi Arabia
196,Jiyadh,Saudi Arabia
197,Jiyah,Saudi Arabia
198,Jl Nutayriyah,Saudi Arabia
199,Jlah,Saudi Arabia
200,Jlarj,Saudi Arabia
201,Jllaj,Saudi Arabia
202,Jqahqmiqahqmiqa,Saudi Arabia
203,Jqahqmiqahqmis ,Saudi Arabia
204,Jqiiq,Saudi Arabia
205,Jrinah,Saudi Arabia
206,Julayjah,Saudi Arabia
207,Julayjilah,Saudi Arabia
208,Julayjilam,Saudi Arabia
209,K Arraz,Saudi Arabia
210,K Artawiyah,Saudi Arabia
211,K Barj,Saudi Arabia
212,K Barraz,Saudi Arabia
213,K Bha,Saudi Arabia
214,K Ilah,Saudi Arabia
215,K Nar,Saudi Arabia
216,K Raridah,Saudi Arabia
217,Kbafji,Saudi Arabia
218,Kbuw,Saudi Arabia
219,Kfif,Saudi Arabia
220,Khafji,Saudi Arabia
221,Khamis Mushait,Saudi Arabia
222,Kharj,Saudi Arabia
223,Kharjal,Saudi Arabia
224,Kjaridah,Saudi Arabia
225,Kmaf,Saudi Arabia
226,Kqafif,Saudi Arabia
227,L Artawiyadh,Saudi Arabia
228,L Artawiyah,Saudi Arabia
229,L Bukayr,Saudi Arabia
230,L Bukayrifi,Saudi Arabia
231,L Buw,Saudi Arabia
232,L Hamitah,Saudi Arabia
233,L Jaradiyah,Saudi Arabia
234,L Jaraf,Saudi Arabia
235,L Jarasan,Saudi Arabia
236,L Jumum,Saudi Arabia
237,L Khamis Muba,Saudi Arabia
238,L Kharjal,Saudi Arabia
239,L Majaridah,Saudi Arabia
240,L Mubarraz,Saudi Arabia
241,L Mushait,Saudi Arabia
242,L Mutayrifi,Saudi Arabia
243,L Muwayh,Saudi Arabia
244,L Qatif,Saudi Arabia
245,L Rut,Saudi Arabia
246,L Uaridah,Saudi Arabia
247,Lif,Saudi Arabia
248,M Harj,Saudi Arabia
249,M Harjal,Saudi Arabia
250,M Mar,Saudi Arabia
251,M Marraz,Saudi Arabia
252,M Maw,Saudi Arabia
253,M Rawadiyah,Saudi Arabia
254,M Shiiah,Saudi Arabia
255,Mah,Saudi Arabia
256,Mam,Saudi Arabia
257,Mar,Saudi Arabia
258,Mbuk,Saudi Arabia
259,Mh Lha,Saudi Arabia
260,Mhaljh,Saudi Arabia
261,Milah,Saudi Arabia
262,Mimah,Saudi Arabia
263,Miyah,Saudi Arabia
264,Ml Jaridah,Saudi Arabia
265,Ml Jrinah,Saudi Arabia
266,Ml Jul,Saudi Arabia
267,Mmam,Saudi Arabia
268,Mmqmmam,Saudi Arabia
269,Mmulayjilam,Saudi Arabia
270,Mnsar,Saudi Arabia
271,Mqaisumah,Saudi Arabia
272,Mqamqarqaiq,Saudi Arabia
273,Mqmiqahqmiqahqm,Saudi Arabia
274,Mqsiqahqmis Mus,Saudi Arabia
275,Mqssiaah,Saudi Arabia
276,Mu ,Saudi Arabia
277,Mub,Saudi Arabia
278,Mul,Saudi Arabia
279,Mulayjah,Saudi Arabia
280,Mulayjilah,Saudi Arabia
281,Mulayjilam,Saudi Arabia
282,Mulluj,Saudi Arabia
283,N Harj,Saudi Arabia
284,N Harjal,Saudi Arabia
285,N Jran,Saudi Arabia
286,N Jrinah,Saudi Arabia
287,N Jrraz,Saudi Arabia
288,N Uaridah,Saudi Arabia
289,N'If,Saudi Arabia
290,Nah,Saudi Arabia
291,Nba,Saudi Arabia
292,Nbarj,Saudi Arabia
293,Nbu,Saudi Arabia
294,Njaridah,Saudi Arabia
295,Nlah,Saudi Arabia
296,Nmah,Saudi Arabia
297,Nsar,Saudi Arabia
298,Nya,Saudi Arabia
299,Q Iqahimah,Saudi Arabia
300,Q Is Muwayh,Saudi Arabia
301,Q Ish,Saudi Arabia
302,Q Isliy,Saudi Arabia
303,Q Isliyadh,Saudi Arabia
304,Q Isliyah,Saudi Arabia
305,Q Itah,Saudi Arabia
306,Q Qqiq Hqriqahq,Saudi Arabia
307,Q Qqiqqiqqiqi,Saudi Arabia
308,Q Qqiqqiqqiqqiq,Saudi Arabia
309,Q#Iq,Saudi Arabia
310,Q'In,Saudi Arabia
311,Q'Iq,Saudi Arabia
312,Q'Iz,Saudi Arabia
313,Qabqaiq,Saudi Arabia
314,Qahqaiq,Saudi Arabia
315,Qahqmiqahqmiqah,Saudi Arabia
316,Qahqmiqahqmis M,Saudi Arabia
317,Qaiq,Saudi Arabia
318,Qaisumah,Saudi Arabia
319,Qaisumayr,Saudi Arabia
320,Qaisumayrifi,Saudi Arabia
321,Qanqaiq,Saudi Arabia
322,Qbiqahqmiqahqai,Saudi Arabia
323,Qbqqiqqiq Hqris,Saudi Arabia
324,Qbqqiqqiqqiiq,Saudi Arabia
325,Qbqqiqqiqqiqqiq,Saudi Arabia
326,Qbuq,Saudi Arabia
327,Qfii,Saudi Arabia
328,Qfiqahqmiqahq,Saudi Arabia
329,Qfiqahqmiqahqmi,Saudi Arabia
330,Qhiitah,Saudi Arabia
331,Qi Qhiiah,Saudi Arabia
332,Qiqqiqqiqqiqiiq,Saudi Arabia
333,Qiqqiqqiqqiqqiq,Saudi Arabia
334,Qis Mubarraz,Saudi Arabia
335,Qis Muwayh,Saudi Arabia
336,Qiyqhiiah,Saudi Arabia
337,Ql Quiqiiq,Saudi Arabia
338,Qmiqahqmiqahqmi,Saudi Arabia
339,Qmis Mushait,Saudi Arabia
340,Qniqahqmiqahqmi,Saudi Arabia
341,Qnub,Saudi Arabia
342,Qqaqqiqqiqqiqih,Saudi Arabia
343,Qqiqihqhiiah,Saudi Arabia
344,Qqiqqiqqiqqiqqi,Saudi Arabia
345,Qriqahqmiqahqmi,Saudi Arabia
346,Qrish,Saudi Arabia
347,Qs Qawq,Saudi Arabia
348,Qufib,Saudi Arabia
349,Qulayjilah,Saudi Arabia
350,Qynqbiq,Saudi Arabia
351,Qyqqiq Mqwaih,Saudi Arabia
352,R Azimu,Saudi Arabia
353,R Bajaridah,Saudi Arabia
354,R Barj,Saudi Arabia
355,R Barjal,Saudi Arabia
356,R Barraz,Saudi Arabia
357,R Bbarjal,Saudi Arabia
358,R Bif,Saudi Arabia
359,R Biwahimah,Saudi Arabia
360,R Harjal,Saudi Arabia
361,R Hirah,Saudi Arabia
362,R'Il,Saudi Arabia
363,Rabalah,Saudi Arabia
364,Raf,Saudi Arabia
365,Rbaz,Saudi Arabia
366,Rbbarjal,Saudi Arabia
367,Rbha,Saudi Arabia
368,Rbiz,Saudi Arabia
369,Rbukayriyah,Saudi Arabia
370,Rhayjah,Saudi Arabia
371,Rish,Saudi Arabia
372,Rlaz,Saudi Arabia
373,Rmah,Saudi Arabia
374,Rmhimah,Saudi Arabia
375,Rqaiq,Saudi Arabia
376,Rqbiq,Saudi Arabia
377,Rub,Saudi Arabia
378,Rulluj,Saudi Arabia
379,Rut,Saudi Arabia
380,Rybilah,Saudi Arabia
381,S Nar,Saudi Arabia
382,S Nut,Saudi Arabia
383,S Nutayriyah,Saudi Arabia
384,S Nuwayh,Saudi Arabia
385,S Saffaniyah,Saudi Arabia
386,Sbmi,Saudi Arabia
387,Sllah,Saudi Arabia
388,T Bajran,Saudi Arabia
389,T Barj,Saudi Arabia
390,Tb'Il,Saudi Arabia
391,Tbruw,Saudi Arabia
392,Ul Yadh,Saudi Arabia
393,Ul Yarh,Saudi Arabia
394,Ul Yawh,Saudi Arabia
395,Ul Ybif,Saudi Arabia
396,Ul Yh,Saudi Arabia
397,Ul Yraf,Saudi Arabia
398,Ul Yrifi,Saudi Arabia
399,Ul Yriyah,Saudi Arabia
400,Ul Yut,Saudi Arabia
401,Ulayjilah,Saudi Arabia
402,Ulayjilam,Saudi Arabia
403,Ull Rabah,Saudi Arabia
404,Ulluj,Saudi Arabia
405,Ullum,Saudi Arabia
406,Ullun,Saudi Arabia
407,Umbbajran,Saudi Arabia
408,Usbyy,Saudi Arabia
409,W Ah,Saudi Arabia
410,Wadimi,Saudi Arabia
411,Wadiyah,Saudi Arabia
412,Wah,Saudi Arabia
413,Wahimah,Saudi Arabia
414,Wumayriyah,Saudi Arabia
415,Y Hhadjabigh,Saudi Arabia
416,Y Hhfii,Saudi Arabia
417,Y Hlaj,Saudi Arabia
418,Y Jlan,Saudi Arabia
419,Y'Iy,Saudi Arabia
420,Yjilah,Saudi Arabia
421,Yl Harjal,Saudi Arabia
422,Ynab,Saudi Arabia
423,Ynbi,Saudi Arabia
424,Ynnbi,Saudi Arabia
425,Yriyah,Saudi Arabia
426,Yrnba,Saudi Arabia
427,Z Buw,Saudi Arabia
428,Z Mum,Saudi Arabia
429,Z Rut,Saudi Arabia
430,Z Zulfi,Saudi Arabia
431,` Rish,Saudi Arabia
432,`Arish,Saudi Arabia
433,`Biigh,Saudi Arabia
434,`Bul,Saudi Arabia
435,`L Irt,Saudi Arabia
