,Name,Origin
0,  D Ham,Senegal
1, Atbm,Senegal
2, Baabab,Senegal
3, Dahra,Senegal
4, Iagui,Senegal
5, Iawara,Senegal
6, Io K Nk Essi,Senegal
7, Io Ro Du Rip,Senegal
8, Ko Eo Loma,Senegal
9, Lam,Senegal
10, Mamoulaye,Senegal
11, Ninro,Senegal
12, None,Senegal
13, Oum,Senegal
14, Uehies,Senegal
15,'Diareme,Senegal
16,'Diareme Limamo,Senegal
17,'Diaye,Senegal
18,--Oll,Senegal
19,-Anel,Senegal
20,-Iofior,Senegal
21,-Iofioro Soguin,Senegal
22,-Ko,Senegal
23,-Louis,Senegal
24,-Olda,Senegal
25,-Oll,Senegal
26,-Uol,Senegal
27,-Uole,Senegal
28,-Uolere,Senegal
29,Aki,Senegal
30,Alick,Senegal
31,Altiicounde,Senegal
32,Aounda,Senegal
33,Aoundiaye,Senegal
34,Arbal,Senegal
35,Areme,Senegal
36,Areme Limamoul,Senegal
37,Areme Limamoula,Senegal
38,Aro Du Rip,Senegal
39,Aroud,Senegal
40,Arsassi,Senegal
41,Arsasso,Senegal
42,Assi,Senegal
43,At-Moul,Senegal
44,Atick,Senegal
45,Aura,Senegal
46,Ayar,Senegal
47,Aye,Senegal
48,Bane,Senegal
49,Banel,Senegal
50,Bice,Senegal
51,Bine,Senegal
52,Bkgne,Senegal
53,Bkhnkee,Senegal
54,Bkhnkhe,Senegal
55,Bkhnkoeesin,Senegal
56,Bkine,Senegal
57,Bkone,Senegal
58,Bmg Uo Du Rip,Senegal
59,Bouba,Senegal
60,Ck Ne Dahra,Senegal
61,Ckan,Senegal
62,Ckane,Senegal
63,Ckankieediiye,Senegal
64,Ckankieemi,Senegal
65,Ckankieesi,Senegal
66,Cke,Senegal
67,Cken,Senegal
68,Ckene Dahra,Senegal
69,Ckhnkee,Senegal
70,Ckhnkherhim,Senegal
71,Dakar,Senegal
72,Dara,Senegal
73,Darbal,Senegal
74,Ddiou,Senegal
75,Dekhe,Senegal
76,Dem,Senegal
77,Deraies,Senegal
78,Dfior,Senegal
79,Dfioro Sogui,Senegal
80,Dguekhokh,Senegal
81,Dgueoul,Senegal
82,Dgur,Senegal
83,Dgurnee,Senegal
84,Diareme,Senegal
85,Diareme Limamou,Senegal
86,Diofioro Du Rip,Senegal
87,Diou,Senegal
88,Diougou,Senegal
89,Dioum,Senegal
90,Diourbel,Senegal
91,Diourham,Senegal
92,Dk Essil,Senegal
93,Dkar,Senegal
94,Dkoke,Senegal
95,Dliogui,Senegal
96,Doka,Senegal
97,Dougne,Senegal
98,Dougou,Senegal
99,Dro Sogui,Senegal
100,Drofdofane,Senegal
101,Drouds,Senegal
102,Drousoeo Lum,Senegal
103,Dt- Olack,Senegal
104,Dt-Louis,Senegal
105,Dtokh,Senegal
106,Duguekhokh,Senegal
107,Duia,Senegal
108,Duiremh,Senegal
109,Dura,Senegal
110,Dvuii,Senegal
111,Dwara,Senegal
112,Dyar,Senegal
113,E Dahra,Senegal
114,Ed Ugne,Senegal
115,Edi,Senegal
116,Ediignona,Senegal
117,Ediou,Senegal
118,Ediougne,Senegal
119,Ediougou,Senegal
120,Edioum,Senegal
121,Ediourham,Senegal
122,Edougou,Senegal
123,Eduir,Senegal
124,Eitim,Senegal
125,Ekhe,Senegal
126,Ekhokh,Senegal
127,Eme Limamoul,Senegal
128,Emi,Senegal
129,Emo Loma,Senegal
130,Ere,Senegal
131,Erhombole,Senegal
132,Es Nones,Senegal
133,Essi,Senegal
134,Essil,Senegal
135,Etiicounda,Senegal
136,Ez None,Senegal
137,Fatick,Senegal
138,Fior,Senegal
139,Fioro Du Rip,Senegal
140,Fioro Sogui,Senegal
141,Founda,Senegal
142,Founde,Senegal
143,Frene Dahra,Senegal
144,Ftink Essil,Senegal
145,Futi,Senegal
146,Futiack,Senegal
147,Futie,Senegal
148,Gandiareme,Senegal
149,Gionk Essi,Senegal
150,Gionk Essil,Senegal
151,Gkone,Senegal
152,Glene Dahra,Senegal
153,Glingara,Senegal
154,Glingui,Senegal
155,Gme,Senegal
156,Gmenl Easii,Senegal
157,Gro,Senegal
158,Gui,Senegal
159,Guin,Senegal
160,Guine,Senegal
161,Guineo,Senegal
162,Guingara,Senegal
163,Guingui,Senegal
164,Guinguine,Senegal
165,Guinguineo,Senegal
166,Guoke,Senegal
167,Hem,Senegal
168,Hiou,Senegal
169,Hiougou,Senegal
170,Hioum,Senegal
171,Hiourham,Senegal
172,Hrous,Senegal
173,I-Ioum,Senegal
174,Iafire,Senegal
175,Iafirroedhioum,Senegal
176,Iafirrotsobone,Senegal
177,Iaie,Senegal
178,Iane,Senegal
179,Iaoundiaye,Senegal
180,Iareme,Senegal
181,Iat,Senegal
182,Iaye,Senegal
183,Ibene Dahra,Senegal
184,Ick,Senegal
185,Ied None,Senegal
186,Ifior,Senegal
187,Iga,Senegal
188,Igoo,Senegal
189,Iiou,Senegal
190,Ik Ne Dahra,Senegal
191,Ikine,Senegal
192,Ikone,Senegal
193,Ilane,Senegal
194,Ilanel,Senegal
195,Ilgne,Senegal
196,Ilingui,Senegal
197,Iliogou,Senegal
198,Ilougne,Senegal
199,Imoml,Senegal
200,Iofioro Du Rip,Senegal
201,Iok Ne Dahra,Senegal
202,Iom,Senegal
203,Iot,Senegal
204,Iou,Senegal
205,Iougne,Senegal
206,Iougou,Senegal
207,Ioum,Senegal
208,Iourbel,Senegal
209,Iourham,Senegal
210,Itie,Senegal
211,K Essi,Senegal
212,K Essil,Senegal
213,K Ne Dahra,Senegal
214,K None,Senegal
215,K Nsnoua,Senegal
216,Kan,Senegal
217,Kankieesil,Senegal
218,Kankiesii,Senegal
219,Kedougou,Senegal
220,Kgne,Senegal
221,Kha,Senegal
222,Khi,Senegal
223,Khies,Senegal
224,Khies Nones,Senegal
225,Khokh,Senegal
226,Kie,Senegal
227,Kine,Senegal
228,Kineo,Senegal
229,Kioe,Senegal
230,Kkole,Senegal
231,Kkolere,Senegal
232,Klole,Senegal
233,Kne,Senegal
234,Knolack,Senegal
235,Kofeonl,Senegal
236,Koke,Senegal
237,Kone,Senegal
238,Kones,Senegal
239,Koue,Senegal
240,Kouebe,Senegal
241,Kouedhiougne,Senegal
242,Kouedhioum,Senegal
243,Kouedhiouya,Senegal
244,Kouerhombolere,Senegal
245,Kouesh,Senegal
246,Kouesh ,Senegal
247,Koueshouba,Senegal
248,Lack,Senegal
249,Lameml Lameml L,Senegal
250,Lanel,Senegal
251,Lareme,Senegal
252,Ldakar,Senegal
253,Ldi,Senegal
254,Leme,Senegal
255,Leme Limamoul,Senegal
256,Lguekhokh,Senegal
257,Liagui,Senegal
258,Liareme,Senegal
259,Lick,Senegal
260,Liegui,Senegal
261,Ligaoandiareme ,Senegal
262,Liiignona,Senegal
263,Liiiguoke,Senegal
264,Liiiougou,Senegal
265,Lioum,Senegal
266,Lkan,Senegal
267,Lnne,Senegal
268,Loke,Senegal
269,Lougou,Senegal
270,Lre,Senegal
271,Lri,Senegal
272,Lrichard-Toll,Senegal
273,Lsii,Senegal
274,Lsken,Senegal
275,Lt-Aolack,Senegal
276,Lt-Moll,Senegal
277,Lteebo,Senegal
278,Ltiok Ne Dahra,Senegal
279,Luiguoke,Senegal
280,Lye,Senegal
281,Lzma,Senegal
282,M Dlake,Senegal
283,M Dlhra,Senegal
284,M Mo Lum,Senegal
285,M Mo Lume,Senegal
286,M Momlolgaea,Senegal
287,M Olack,Senegal
288,M Ul Gana,Senegal
289,M-Moll,Senegal
290,Mamoulaye,Senegal
291,Mbolere,Senegal
292,Meml Lameml,Senegal
293,Miack,Senegal
294,Micounde,Senegal
295,Miol,Senegal
296,Miolm,Senegal
297,Mkmlfinro Du Ri,Senegal
298,Mkolere,Senegal
299,Mm Llmacoundiou,Senegal
300,Moul,Senegal
301,Moulaye,Senegal
302,Mrasei,Senegal
303,Mtt-Louis,Senegal
304,Mumo Lum,Senegal
305,Mumoulaye,Senegal
306,Murs So Mo Lume,Senegal
307,N Ouba,Senegal
308,Nareme Limamoul,Senegal
309,Naye,Senegal
310,Ndiourbel,Senegal
311,Ndirwaeamumoula,Senegal
312,Nes,Senegal
313,Nfoundiareme,Senegal
314,Nia,Senegal
315,Nior,Senegal
316,Nk Essi,Senegal
317,Nk Essil,Senegal
318,Nkones,Senegal
319,Nme,Senegal
320,Nmo,Senegal
321,Nne,Senegal
322,Nouack,Senegal
323,Noue,Senegal
324,Noueddiougne,Senegal
325,Nouedhiou,Senegal
326,Nouedhioum,Senegal
327,Nouesh,Senegal
328,Nrichard-Toll,Senegal
329,Oat,Senegal
330,Ogui,Senegal
331,Oiro Sogui,Senegal
332,Ok ,Senegal
333,Ok Ne Dahra,Senegal
334,Ok Nk Essi,Senegal
335,Ok Nk Essil,Senegal
336,Okh,Senegal
337,Okt,Senegal
338,Olgaekhokh,Senegal
339,Olick,Senegal
340,Olra,Senegal
341,Olu,Senegal
342,Ooro Du Rip,Senegal
343,Ooro Soguine,Senegal
344,Ooro Soguingara,Senegal
345,Ooudsa,Senegal
346,Oouol,Senegal
347,Orl,Senegal
348,Orooda,Senegal
349,Oroodafareme,Senegal
350,Oroodougou,Senegal
351,Oroosoouddibene,Senegal
352,Ou'Sam,Senegal
353,Ouas,Senegal
354,Oudiaye,Senegal
355,Ougne,Senegal
356,Ougou,Senegal
357,Oul,Senegal
358,Oulaye,Senegal
359,Ourham,Senegal
360,Out,Senegal
361,Ouudguekhokh,Senegal
362,Ouuse,Senegal
363,Owaounde,Senegal
364,Passil,Senegal
365,Pfirr Eshinu,Senegal
366,Pikine,Senegal
367,Pk Ne Dahra,Senegal
368,Pko,Senegal
369,Pkone,Senegal
370,Pout,Senegal
371,Psku,Senegal
372,Pssu,Senegal
373,Pt-Louis,Senegal
374,R Dehri,Senegal
375,R Oahard-Toll,Senegal
376,R-Oll,Senegal
377,Rameml,Senegal
378,Rbal,Senegal
379,Rbel,Senegal
380,Rd-Toll,Senegal
381,Rdssu,Senegal
382,Rede,Senegal
383,Reme,Senegal
384,Rfitre,Senegal
385,Rhim,Senegal
386,Rhimeml,Senegal
387,Rhimemoulaye,Senegal
388,Rhombole,Senegal
389,Rhombolere,Senegal
390,Richard-Toll,Senegal
391,Rioe,Senegal
392,Riol,Senegal
393,Rk Essi,Senegal
394,Rmaz Boabab,Senegal
395,Rmccounda,Senegal
396,Rmcdlra,Senegal
397,Rmez None,Senegal
398,Rmez Nones,Senegal
399,Rnee,Senegal
400,Ro Du Rip,Senegal
401,Ro Sogui,Senegal
402,Ro Soguine,Senegal
403,Ro Soguingui,Senegal
404,Rols,Senegal
405,Rolsckones,Senegal
406,Rolsreme Limamo,Senegal
407,Rouda,Senegal
408,Roudougou,Senegal
409,Rouds,Senegal
410,Rousdiaye,Senegal
411,Rousneo,Senegal
412,Rousoeonl,Senegal
413,Roussin,Senegal
414,Rsshi,Senegal
415,Ruchard-Toll,Senegal
416,Rwawara,Senegal
417,Ryee,Senegal
418,S Doha,Senegal
419,Sam,Senegal
420,Sckenk Essil,Senegal
421,Sco,Senegal
422,Sdi,Senegal
423,Sdiougou,Senegal
424,Sdioum,Senegal
425,Sdiourham,Senegal
426,Sdouaye,Senegal
427,Sfioro Soguine,Senegal
428,Sguekhe,Senegal
429,Sia,Senegal
430,Sio,Senegal
431,Siougne,Senegal
432,Siougou,Senegal
433,Ske,Senegal
434,Ski,Senegal
435,Skine,Senegal
436,Skineo,Senegal
437,Sko,Senegal
438,Smindiougou,Senegal
439,Smo,Senegal
440,Sokone,Senegal
441,Soum,Senegal
442,Sro,Senegal
443,Ssioum,Senegal
444,Stick,Senegal
445,Sui,Senegal
446,T-Dolg,Senegal
447,T-Louis,Senegal
448,T-Moll,Senegal
449,T-Moml,Senegal
450,T-Oolack,Senegal
451,T-Ousrehe,Senegal
452,Tankieesi,Senegal
453,Tembul,Senegal
454,Tfinro Du Rip,Senegal
455,Tick,Senegal
456,Tik-Nel,Senegal
457,Tionk Essil,Senegal
458,U Ninr,Senegal
459,Ud#Eri,Senegal
460,Udiareme,Senegal
461,Uedhioum,Senegal
462,Uerhombole,Senegal
463,Uerhombolere,Senegal
464,Uguekhe,Senegal
465,Uguekhokh,Senegal
466,Uhiaseoulaye,Senegal
467,Ui'Guine,Senegal
468,Uie,Senegal
469,Uig,Senegal
470,Uii,Senegal
471,Uil,Senegal
472,Uine,Senegal
473,Uingara,Senegal
474,Uiue,Senegal
475,Uiuguekhe,Senegal
476,Ukh,Senegal
477,Uko,Senegal
478,Ulviiionk Essil,Senegal
479,Uougne,Senegal
480,Ura,Senegal
481,Urbel,Senegal
482,Ure Di Yankieed,Senegal
483,Ure Eihioum,Senegal
484,Uri,Senegal
485,Urishim,Senegal
486,Urishimumoul,Senegal
487,Ut-,Senegal
488,Ut-Louis,Senegal
489,Ute,Senegal
490,Uume,Senegal
491,Uwayar,Senegal
492,Uzoul,Senegal
493,Vdiie,Senegal
494,Vkiieo,Senegal
495,Vliiguokh,Senegal
496,Vlliegui,Senegal
497,Vllinguine,Senegal
498,Wakar,Senegal
499,Wara,Senegal
500,Wioum,Senegal
501,Wiourbel,Senegal
502,Woka,Senegal
503,Woou,Senegal
504,Woouda,Senegal
505,Woouddayar,Senegal
506,Wooum,Senegal
507,Wouu,Senegal
508,Wouube,Senegal
509,Wouuoe,Senegal
510,Wouuse,Senegal
511,Wtoum,Senegal
512,Yar,Senegal
513,Yek,Senegal
514,Yia,Senegal
515,Yie,Senegal
516,Yin,Senegal
517,Yok,Senegal
518,Yoke,Senegal
519,You,Senegal
520,Z Boabab,Senegal
521,Z None,Senegal
522,Z Ooa,Senegal
523,Z Oougou,Senegal
524,Z Uo Gui,Senegal
525,Zdiou,Senegal
526,Zfior,Senegal
527,Ziou,Senegal
528,Zmo,Senegal
529,Zro Soguinguing,Senegal
530,Zuiou,Senegal
531,Zuone,Senegal
