,Name,Origin
0, Banja,Serbia
1, Basta,Serbia
2, Bbska,Serbia
3, Biste,Serbia
4, Bknja,Serbia
5, Bksta,Serbia
6, Bpnjacko Gradi,Serbia
7, Bpnjanisic,Serbia
8, Bssta,Serbia
9, Btsko Gradiste,Serbia
10, Buski Petrovic,Serbia
11, Iste,Serbia
12, Jmiar Cet,Serbia
13, Lalenci,Serbia
14, Milanka,Serbia
15, Petrovo Selo,Serbia
16, Ptzova,Serbia
17, Set,Serbia
18, Tppoja,Serbia
19, Vklasevo,Serbia
20, Zelarevo,Serbia
21,Abac,Serbia
22,Acka,Serbia
23,Acka Banj,Serbia
24,Acka Milanova,Serbia
25,Acki Petrova,Serbia
26,Adimirot,Serbia
27,Adimirovi Sad,Serbia
28,Adiste,Serbia
29,Ajina,Serbia
30,Alje,Serbia
31,Anja,Serbia
32,Anjazevac,Serbia
33,Anjazevacin,Serbia
34,Aric,Serbia
35,B#Cki Petrova P,Serbia
36,Bac,Serbia
37,Backa Banjanisi,Serbia
38,Backa Pazovacin,Serbia
39,Backi Knezevac,Serbia
40,Bajina Basta,Serbia
41,Banovci,Serbia
42,Bar,Serbia
43,Baric,Serbia
44,Bbce,Serbia
45,Bbrenovac,Serbia
46,Bcin,Serbia
47,Bcska,Serbia
48,Bica,Serbia
49,Bicr,Serbia
50,Birovac,Serbia
51,Biste,Serbia
52,Bja,Serbia
53,Bjika,Serbia
54,Bjropaljevo,Serbia
55,Bkcki Karlovci,Serbia
56,Bkdoginci,Serbia
57,Bkrigrevo,Serbia
58,Bkris,Serbia
59,Blo,Serbia
60,Bmski Karlovci,Serbia
61,Bmski Knezevac,Serbia
62,Bnti,Serbia
63,Bogatica,Serbia
64,Bogatin,Serbia
65,Bon,Serbia
66,Bor,Serbia
67,Botic,Serbia
68,Botica,Serbia
69,Botin,Serbia
70,Bpcka,Serbia
71,Brevac,Serbia
72,Bska,Serbia
73,Bsska Milosevo,Serbia
74,Btre,Serbia
75,Btretsovac,Serbia
76,Bucevo,Serbia
77,Bvce,Serbia
78,Bze,Serbia
79,Cel,Serbia
80,Celo,Serbia
81,Cevo,Serbia
82,Cin,Serbia
83,Cka,Serbia
84,Cka Banjiza,Serbia
85,Cka Basta,Serbia
86,Cka Milanka,Serbia
87,Cka Palanovci,Serbia
88,Cka Pazovac,Serbia
89,Cki Petrovi Sad,Serbia
90,Dabac,Serbia
91,Dba,Serbia
92,Dbme,Serbia
93,Dimirovica,Serbia
94,Dimirovo Selo,Serbia
95,Din,Serbia
96,Dina,Serbia
97,Dirin,Serbia
98,Diste,Serbia
99,Dovi Knezevac,Serbia
100,Dovi Sad,Serbia
101,Drevo,Serbia
102,Dsevo,Serbia
103,Ebka,Serbia
104,Eelarevska Pala,Serbia
105,Eeska Banj,Serbia
106,Egotin,Serbia
107,Eja,Serbia
108,Ejo,Serbia
109,Eknik,Serbia
110,Elarevac,Serbia
111,Elarevacin,Serbia
112,Elarevica,Serbia
113,Elarevo,Serbia
114,Elarevska,Serbia
115,Elarevska Basta,Serbia
116,Enja,Serbia
117,Enjacka Basta,Serbia
118,Eovin,Serbia
119,Eternik,Serbia
120,Etlo,Serbia
121,Etnovci,Serbia
122,Etnr,Serbia
123,Etrova,Serbia
124,Etrova Palanka,Serbia
125,Etrova Palanovc,Serbia
126,Etrova Pazovac,Serbia
127,Etrovac,Serbia
128,Etrovacica,Serbia
129,Etrovacin,Serbia
130,Etrovaradin,Serbia
131,Etrovi Karlovci,Serbia
132,Etrovi Knezevac,Serbia
133,Etrovi Sad,Serbia
134,Etrovica,Serbia
135,Etrovo,Serbia
136,Etrovo Milanka,Serbia
137,Etrovo Miloseva,Serbia
138,Etrovo Mitrovac,Serbia
139,Ets,Serbia
140,Etsovac,Serbia
141,Evac,Serbia
142,Evacica,Serbia
143,Evacin,Serbia
144,Evo,Serbia
145,Evska,Serbia
146,Evska Mitrovac,Serbia
147,Gatica,Serbia
148,Gatin,Serbia
149,Getir,Serbia
150,Getira,Serbia
151,Gmrdiste,Serbia
152,Gotica,Serbia
153,Gptio,Serbia
154,Grbas,Serbia
155,Grbdsna Banj,Serbia
156,Grevacica,Serbia
157,Grevo,Serbia
158,Grevska Banjack,Serbia
159,Grrda,Serbia
160,Grrdagice,Serbia
161,Grrdaric,Serbia
162,Grrdimirot,Serbia
163,Grrdin,Serbia
164,Grrdina Banjack,Serbia
165,Grrdina Basta,Serbia
166,Grrdiste,Serbia
167,Gtein,Serbia
168,Gtevnc,Serbia
169,Gtti,Serbia
170,Gttin,Serbia
171,Gutein,Serbia
172,Gutevnc,Serbia
173,I Karlovci,Serbia
174,Ick,Serbia
175,Idina Banjanisi,Serbia
176,Ielenci,Serbia
177,Ika,Serbia
178,Ikant,Serbia
179,Ikgnda,Serbia
180,Iknazisecar,Serbia
181,Ikranjiza,Serbia
182,Ikrenovac,Serbia
183,Ikrenovci,Serbia
184,Ikrepoartva,Serbia
185,Ikundi Isle,Serbia
186,Inci,Serbia
187,Ipka Palanka,Serbia
188,Iplajecar,Serbia
189,Ipovo,Serbia
190,Iradimirova Paz,Serbia
191,Iretsova,Serbia
192,Iric,Serbia
193,Irik,Serbia
194,Irimrovacin,Serbia
195,Irin,Serbia
196,Irisa,Serbia
197,Iriste,Serbia
198,Irit,Serbia
199,Irnsa,Serbia
200,Irzvac,Serbia
201,Isna,Serbia
202,Iste,Serbia
203,Izse,Serbia
204,Jacko Gradiste,Serbia
205,Janin,Serbia
206,Jazevac,Serbia
207,Jeanovac,Serbia
208,Jezar,Serbia
209,Jezarevac,Serbia
210,Jezovac,Serbia
211,Jgttin,Serbia
212,Ji Milosevac,Serbia
213,Jiza,Serbia
214,Jmzarevo,Serbia
215,Jsna,Serbia
216,Jurug,Serbia
217,K Gkadla,Serbia
218,Kadbvmi,Serbia
219,Kadmelenci,Serbia
220,Kajbck,Serbia
221,Kbas,Serbia
222,Ketto,Serbia
223,Kevo,Serbia
224,Kevska,Serbia
225,Kevska Palanka,Serbia
226,Kgrpdaric,Serbia
227,Kgrpdirin,Serbia
228,Kjazevac,Serbia
229,Kk Pitrovica,Serbia
230,Kkagbjecar,Serbia
231,Kljsva Pazovara,Serbia
232,Kmepejrin,Serbia
233,Knjacka,Serbia
234,Koggradin,Serbia
235,Kpaja,Serbia
236,Kraljevo,Serbia
237,Kska,Serbia
238,Kska Palanka,Serbia
239,Kuplje,Serbia
240,Kupljevac,Serbia
241,Kupljevo,Serbia
242,Kurdiste,Serbia
243,Kurgvavac,Serbia
244,Kurpirot,Serbia
245,Kuspi Oazevacin,Serbia
246,Kutdina,Serbia
247,Kuurevo,Serbia
248,Kvac,Serbia
249,Kzarevac,Serbia
250,Kzezaneseaaja,Serbia
251,Kzezavecka Topo,Serbia
252,Lanka,Serbia
253,Larevac,Serbia
254,Lemska Banjiza,Serbia
255,Lesca,Serbia
256,Leska Pazova,Serbia
257,Linci,Serbia
258,Lje,Serbia
259,Ljevac,Serbia
260,Ljevo,Serbia
261,Lovci,Serbia
262,Lppoko,Serbia
263,Lszanevac,Serbia
264,Lvecka Basta,Serbia
265,Lvzazevac,Serbia
266,Lzppejevo,Serbia
267,Lzpzeja,Serbia
268,Lzza,Serbia
269,Maric,Serbia
270,Melenci,Serbia
271,Menevac,Serbia
272,Mevecka,Serbia
273,Mevecka Milosev,Serbia
274,Mgrevica,Serbia
275,Mgrod,Serbia
276,Milanka,Serbia
277,Milosevo,Serbia
278,Min,Serbia
279,Mka,Serbia
280,Mke,Serbia
281,Mki,Serbia
282,Mki Karlovci,Serbia
283,Mki Knezevac,Serbia
284,Mki Pazarevacic,Serbia
285,Mklanka,Serbia
286,Mko Set,Serbia
287,Mkprpjarevska M,Serbia
288,Mlarevska,Serbia
289,Mllevci,Serbia
290,Mlorcin,Serbia
291,Mmloeciravica,Serbia
292,Moka,Serbia
293,Mokrin,Serbia
294,Msevo,Serbia
295,Mski Knezevac,Serbia
296,Mvi,Serbia
297,Nbo,Serbia
298,Ncevo,Serbia
299,Nda,Serbia
300,Nja,Serbia
301,Njacka,Serbia
302,Njacki Karlovci,Serbia
303,Njacki Petrovac,Serbia
304,Njacki Petrovo,Serbia
305,Njacko Gradina ,Serbia
306,Njacko Gradiste,Serbia
307,Njacko Petrovo,Serbia
308,Njanin,Serbia
309,Njanisic,Serbia
310,Njazevac,Serbia
311,Njiza,Serbia
312,Njo Arlovci,Serbia
313,Nnji Milosevac,Serbia
314,Novac,Serbia
315,Nska Palanka,Serbia
316,Nti,Serbia
317,Nus,Serbia
318,Nusai,Serbia
319,Nusevac,Serbia
320,Nzezav,Serbia
321,O Zezav,Serbia
322,Ocevo,Serbia
323,Ogttin,Serbia
324,Oka,Serbia
325,Okuplje,Serbia
326,Okupljevo,Serbia
327,Ola,Serbia
328,Omski Karlovci,Serbia
329,Onta,Serbia
330,Opljevo,Serbia
331,Ova,Serbia
332,Ovac,Serbia
333,Ovaracica,Serbia
334,Ovica,Serbia
335,Ovk Pzzrevo,Serbia
336,Ovkcar,Serbia
337,Ovzize,Serbia
338,Paja,Serbia
339,Pancevo,Serbia
340,Paracin,Serbia
341,Paradimirovac,Serbia
342,Peternik,Serbia
343,Petrovac,Serbia
344,Petrovaracica,Serbia
345,Petrovica,Serbia
346,Pgradinin,Serbia
347,Pirot,Serbia
348,Pirovac,Serbia
349,Pirovo,Serbia
350,Pjira,Serbia
351,Pkarmcl,Serbia
352,Pki Karlovci,Serbia
353,Pki Knezevac,Serbia
354,Pki Petrova,Serbia
355,Pknozarevska Ba,Serbia
356,Pknranj,Serbia
357,Pkragujevo,Serbia
358,Pkralje,Serbia
359,Pkrrnik,Serbia
360,Plajecar,Serbia
361,Plajo,Serbia
362,Plarevac,Serbia
363,Plarevo,Serbia
364,Plje,Serbia
365,Pljevac,Serbia
366,Pljevacin,Serbia
367,Pljevo,Serbia
368,Pmirot,Serbia
369,Pnjanisic,Serbia
370,Pnjazevac,Serbia
371,Prija,Serbia
372,Ptaric,Serbia
373,Ptir,Serbia
374,Ptira,Serbia
375,Ptiraric,Serbia
376,Ptrovin,Serbia
377,Ptrovo Selo,Serbia
378,Pvinci,Serbia
379,Pzirepsar,Serbia
380,Pzirevo,Serbia
381,Ragujevo,Serbia
382,Rasic,Serbia
383,Rbcin,Serbia
384,Reairovac,Serbia
385,Redir,Serbia
386,Regatic,Serbia
387,Regotic,Serbia
388,Regotica,Serbia
389,Regotin,Serbia
390,Rekarlovci,Serbia
391,Relo,Serbia
392,Remanovci,Serbia
393,Renja,Serbia
394,Retaric,Serbia
395,Retsovac,Serbia
396,Revac,Serbia
397,Revacica,Serbia
398,Revacin,Serbia
399,Revica,Serbia
400,Revo,Serbia
401,Revska,Serbia
402,Revska Banji Mi,Serbia
403,Revska Milanka,Serbia
404,Ris,Serbia
405,Rnjiza,Serbia
406,Rnka,Serbia
407,Rovacica,Serbia
408,Rska Milosevac,Serbia
409,Rusevac,Serbia
410,Rusevo,Serbia
411,Sbacka,Serbia
412,Semo,Serbia
413,Sevo,Serbia
414,Sjenovac,Serbia
415,Ska,Serbia
416,Ska Banj,Serbia
417,Ska Banja,Serbia
418,Ska Banjazevac,Serbia
419,Ska Banjiza,Serbia
420,Ska Basta,Serbia
421,Ska Milanka,Serbia
422,Ska Milosevo,Serbia
423,Ska Palanka,Serbia
424,Ska Pazovaradin,Serbia
425,Ska Topola,Serbia
426,Skabbc,Serbia
427,Skabpc,Serbia
428,Smederevo,Serbia
429,Sonta,Serbia
430,Ssetaric,Serbia
431,Sta,Serbia
432,Svecka,Serbia
433,Teternik,Serbia
434,Tnte,Serbia
435,Totin,Serbia
436,Tpeternik,Serbia
437,Tpnnjanin,Serbia
438,Tpteanj,Serbia
439,Tptej,Serbia
440,Tptejnik,Serbia
441,Tpttin,Serbia
442,Trovac,Serbia
443,Ttto,Serbia
444,Tva,Serbia
445,Ubrtnovac,Serbia
446,Ubut,Serbia
447,Ugrevo,Serbia
448,Ujica,Serbia
449,Unjezovac,Serbia
450,Uplje,Serbia
451,Uprija,Serbia
452,Uregotic,Serbia
453,Uregotica,Serbia
454,Uregotin,Serbia
455,Uric,Serbia
456,Usevo,Serbia
457,Vac,Serbia
458,Vbac,Serbia
459,Vbanovac,Serbia
460,Vbssic,Serbia
461,Vci,Serbia
462,Vi Knezevac,Serbia
463,Vi Sad,Serbia
464,Vica,Serbia
465,Vinci,Serbia
466,Vip,Serbia
467,Vipsar,Serbia
468,Visac,Serbia
469,Vjazevac,Serbia
470,Vka,Serbia
471,Vknja,Serbia
472,Vlacevo,Serbia
473,Vladina Banjani,Serbia
474,Vogatic,Serbia
475,Vogatin,Serbia
476,Vogsan,Serbia
477,Voka,Serbia
478,Vokk,Serbia
479,Voks,Serbia
480,Vols,Serbia
481,Vopsagadina,Serbia
482,Vozkaalonca,Serbia
483,Vozmikoagradina,Serbia
484,Vozsa,Serbia
485,Vpico,Serbia
486,Vsci,Serbia
487,Vska Topola,Serbia
488,Vti,Serbia
489,Zemun,Serbia
490,Zevac,Serbia
491,Zevacin,Serbia
492,Zezar,Serbia
