,Name,Origin
0, Dju,Slovenia
1, Dska Bistrnik,Slovenia
2, Galec,Slovenia
3, Garina,Slovenia
4, Jajsperkno,Slovenia
5, Jslon. Na Gorn,Slovenia
6, Na Dravske Las,Slovenia
7, Petrovci,Slovenia
8, Rska Bistrica,Slovenia
9, Sku,Slovenia
10, V Slatina,Slovenia
11, Zajap,Slovenia
12,. Na Pec,Slovenia
13,. Trojica Ob Pa,Slovenia
14,. Trojica Pri D,Slovenia
15,. Trojice,Slovenia
16,.A Krki,Slovenia
17,.Akomen,Slovenia
18,.Ancna V Slov. ,Slovenia
19,.Apec,Slovenia
20,.Je,Slovenia
21,.Ozirje,Slovenia
22,.Rje,Slovenia
23,.Rono,Slovenia
24,.Rovscina,Slovenia
25,.Slanj,Slovenia
26,.Vo,Slovenia
27,A Jolon. Gornja,Slovenia
28,Ab-Roske Toplic,Slovenia
29,Addovlje,Slovenia
30,Addovlje Pri Du,Slovenia
31,Addovljica,Slovenia
32,Addovscina,Slovenia
33,Addvor,Slovenia
34,Adec,Slovenia
35,Adkolenj Grad,Slovenia
36,Adkovica Ob Dra,Slovenia
37,Adovlje,Slovenia
38,Ajap,Slovenia
39,Ajapec,Slovenia
40,Ajdina,Slovenia
41,Aje,Slovenia
42,Ajica,Slovenia
43,Ajica Na Dravce,Slovenia
44,Ajica V Slatina,Slovenia
45,Ajicah,Slovenia
46,Ajsperkno,Slovenia
47,Aka,Slovenia
48,Akalah,Slovenia
49,Aks,Slovenia
50,Ale,Slovenia
51,Alec,Slovenia
52,Alje,Slovenia
53,Alje Ob Dravce,Slovenia
54,Alje Ob Paki,Slovenia
55,Alovenja Hajdin,Slovenia
56,Alskh Pji Grad,Slovenia
57,Anje,Slovenia
58,Ankaranj,Slovenia
59,Ankaranje,Slovenia
60,Aranje,Slovenia
61,Arje,Slovenia
62,Aroecicah,Slovenia
63,Arse,Slovenia
64,Aska Sobota,Slovenia
65,Aska Sotlika,Slovenia
66,Aska Sotlike La,Slovenia
67,Asko,Slovenia
68,Avce,Slovenia
69,Avi,Slovenia
70,B-Oole,Slovenia
71,B-Oolenja,Slovenia
72,B-Roske Lasce O,Slovenia
73,B-Roskem Potok,Slovenia
74,Bana Krki,Slovenia
75,Bana Pohorju,Slovenia
76,Bano Pri Dol,Slovenia
77,Baran,Slovenia
78,Bava,Slovenia
79,Baza,Slovenia
80,Bcran,Slovenia
81,Bdravce,Slovenia
82,Berk,Slovenia
83,Bgoanje,Slovenia
84,Biranjevica,Slovenia
85,Bistrica,Slovenia
86,Bistrica Na Gor,Slovenia
87,Bistrica Na Krk,Slovenia
88,Bistrica Na Pec,Slovenia
89,Bistrica Na Poh,Slovenia
90,Bistrica Ob Dra,Slovenia
91,Bistrica V Slat,Slovenia
92,Bistricevje,Slovenia
93,Bistrici,Slovenia
94,Bistrnik,Slovenia
95,Bkorici,Slovenia
96,Blrace,Slovenia
97,Bnra,Slovenia
98,Bol,Slovenia
99,Bor,Slovenia
100,Brna,Slovenia
101,Brovci,Slovenia
102,Brovo,Slovenia
103,Brran,Slovenia
104,Brshaid,Slovenia
105,Brtrojica Ob Sa,Slovenia
106,Brva,Slovenia
107,Bshinjice,Slovenia
108,Bshlika,Slovenia
109,Bshtika,Slovenia
110,Bshtni Petrovsc,Slovenia
111,Bshtnji Gornja,Slovenia
112,Bshtrjice,Slovenia
113,Btrajapec,Slovenia
114,Btrao,Slovenia
115,Btrojica,Slovenia
116,Btrojice,Slovenia
117,Bv. Ana Gornja,Slovenia
118,Bv. Gornji Domz,Slovenia
119,Bv. Trojica Ob ,Slovenia
120,Bz Ja,Slovenia
121,Ca Na Polju,Slovenia
122,Ca Na Potok,Slovenia
123,Ca Ob Paki,Slovenia
124,Ca Ob Sotlika,Slovenia
125,Ca Pri Jelsah,Slovenia
126,Ca V Slatina,Slovenia
127,Ca V Slov. Troj,Slovenia
128,Calah,Slovenia
129,Cama,Slovenia
130,Cana,Slovenia
131,Canpen,Slovenia
132,Cava,Slovenia
133,Cb Oravce,Slovenia
134,Cevo,Slovenia
135,Cica,Slovenia
136,Cica Na Pec,Slovenia
137,Cica Ob Dravski,Slovenia
138,Cko,Slovenia
139,Criolici,Slovenia
140,D.Jnpen,Slovenia
141,D.Olenj Gradec,Slovenia
142,Dale,Slovenia
143,Das,Slovenia
144,Dbona,Slovenia
145,Ddraza,Slovenia
146,Ddstrica,Slovenia
147,Ddvor,Slovenia
148,Dec,Slovenia
149,Destrica,Slovenia
150,Dgarina,Slovenia
151,Dgrzija,Slovenia
152,Djsorica Na Pet,Slovenia
153,Dlohorju,Slovenia
154,Dlrsgornja Krki,Slovenia
155,Dlutimaztraza,Slovenia
156,Dlutlm,Slovenia
157,Dmzel,Slovenia
158,Dobrna,Slovenia
159,Dol,Slovenia
160,Dovljica Na Gor,Slovenia
161,Dravce,Slovenia
162,Dravi,Slovenia
163,Dravske Toplice,Slovenia
164,Draza,Slovenia
165,Drazica Ob Savi,Slovenia
166,Drjz Savi,Slovenia
167,Drozoravce,Slovenia
168,Drozoravske Top,Slovenia
169,Dsalec,Slovenia
170,Dskz Savi,Slovenia
171,Dslrnji,Slovenia
172,Dsota,Slovenia
173,Dsrnnsevni Liti,Slovenia
174,Dsrznjak,Slovenia
175,Dsstrica Pri Do,Slovenia
176,Dtbsltnj Gradec,Slovenia
177,Dtdsbrnava,Slovenia
178,Dtrsani Duplek,Slovenia
179,Dtvsnica,Slovenia
180,Dur,Slovenia
181,Dure,Slovenia
182,Durnva,Slovenia
183,Dv.Rtnjicah,Slovenia
184,Dvalje Ob Savi,Slovenia
185,Dvski Polju,Slovenia
186,Dzaranj,Slovenia
187,E Gorna,Slovenia
188,Ealov. Goricah,Slovenia
189,Earse,Slovenia
190,Ebljana,Slovenia
191,Ebnje,Slovenia
192,Ebrje,Slovenia
193,Ebrovci,Slovenia
194,Ece,Slovenia
195,Ecevje,Slovenia
196,Ecevo,Slovenia
197,Ecica,Slovenia
198,Ecica V Slov. G,Slovenia
199,Edrsja Hajdina,Slovenia
200,Edsstnl Petrovo,Slovenia
201,Egrodo,Slovenia
202,Ekbvprk Lasko,Slovenia
203,Ekpici,Slovenia
204,Elsah,Slovenia
205,Emsce Ob Paki,Slovenia
206,Ensovci,Slovenia
207,Erdvor,Slovenia
208,Esbna Pohorju,Slovenia
209,Eslovci,Slovenia
210,Estrica,Slovenia
211,Esu,Slovenia
212,Etalec,Slovenia
213,Eter Pri Jelsah,Slovenia
214,Etrovci,Slovenia
215,Etrovo,Slovenia
216,Etrovscina,Slovenia
217,Ezer,Slovenia
218,Ezrna,Slovenia
219,Gare,Slovenia
220,Garnna Dravski ,Slovenia
221,Garnna Gornja,Slovenia
222,Garnnica Na Gor,Slovenia
223,Gasko,Slovenia
224,Gatec,Slovenia
225,Gcarono,Slovenia
226,Gja Loka,Slovenia
227,Gjska Slov. Ana,Slovenia
228,Go Na Dravce,Slovenia
229,Goanj,Slovenia
230,Gola,Slovenia
231,Gomenda,Slovenia
232,Gomer,Slovenia
233,Gomeru,Slovenia
234,Gorica,Slovenia
235,Gorica Na Goric,Slovenia
236,Gorica Ob Paki,Slovenia
237,Gorica Ob Sobot,Slovenia
238,Gorica Ob Sotli,Slovenia
239,Goricah,Slovenia
240,Gorice,Slovenia
241,Gorici,Slovenia
242,Gorna,Slovenia
243,Gornja Loka,Slovenia
244,Gornja Radgona,Slovenia
245,Gornjak,Slovenia
246,Gornji Dole,Slovenia
247,Gornji Gornja R,Slovenia
248,Gornjica Na Pec,Slovenia
249,Gornjica Ob Sot,Slovenia
250,Gota,Slovenia
251,Grad,Slovenia
252,Gradec,Slovenia
253,Greddvor,Slovenia
254,Gskd Bistrica O,Slovenia
255,Gskd Savi,Slovenia
256,Gskd Savinjska ,Slovenia
257,Gskn  Pri Gornj,Slovenia
258,Gvrina,Slovenia
259,Gzirje Ob Dravs,Slovenia
260,Haid,Slovenia
261,Henj Gradec,Slovenia
262,Hjibdialicevo,Slovenia
263,Hjibdvazska Sot,Slovenia
264,Hjibgrad,Slovenia
265,Hjibpiran,Slovenia
266,Hrija,Slovenia
267,Hrina,Slovenia
268,Hrnja,Slovenia
269,Hrnja Loka,Slovenia
270,Hrnji Domzalah,Slovenia
271,Hski Duplek,Slovenia
272,Hvikje,Slovenia
273,Ib-Loski Dol,Slovenia
274,Ib-Loski Domzal,Slovenia
275,Ib-Loski Pohorj,Slovenia
276,Ici,Slovenia
277,Ija,Slovenia
278,Ika,Slovenia
279,Imslov. Gorica ,Slovenia
280,Insica Ob Dravs,Slovenia
281,Irgo,Slovenia
282,Irnava,Slovenia
283,Isce,Slovenia
284,Iska Bistrica,Slovenia
285,Iski Domzalah,Slovenia
286,Isko,Slovenia
287,Ivca,Slovenia
288,J.Sko,Slovenia
289,Ja Radovski Pot,Slovenia
290,Jbssgnida,Slovenia
291,Jbssgnidaije,Slovenia
292,Jcslon. Krki,Slovenia
293,Jesenica,Slovenia
294,Jesenica Na Kor,Slovenia
295,Jesenica Na Kun,Slovenia
296,Jesenica Ob Sob,Slovenia
297,Jesenice,Slovenia
298,Jica V Slovenjs,Slovenia
299,Jitanje,Slovenia
300,Jjsorica Na V S,Slovenia
301,Jjsorica V Slov,Slovenia
302,Jlsku,Slovenia
303,Jlsski Pohorju,Slovenia
304,Jske Toplice,Slovenia
305,Jskem Pohorju,Slovenia
306,Jsko,Slovenia
307,Jskr V Slov. An,Slovenia
308,Jssrnik,Slovenia
309,Jssrnna V Slovc,Slovenia
310,Jtstrnik,Slovenia
311,Jucljana,Slovenia
312,Jurovski Pohorj,Slovenia
313,Juvlje Pri Ljut,Slovenia
314,Jzsran,Slovenia
315,K.Ornja Konjica,Slovenia
316,K.Rna,Slovenia
317,K.Vne Na Pohorj,Slovenia
318,Kace,Slovenia
319,Kaji,Slovenia
320,Kajica V Slatin,Slovenia
321,Kalah,Slovenia
322,Kalovrenc Na Po,Slovenia
323,Karan,Slovenia
324,Katinci,Slovenia
325,Kbina,Slovenia
326,Kcina,Slovenia
327,Kddioa,Slovenia
328,Kdravi,Slovenia
329,Kdraza,Slovenia
330,Kkmrna Pec,Slovenia
331,Kluje,Slovenia
332,Kndnagomenda,Slovenia
333,Kole,Slovenia
334,Kolenj Gradec,Slovenia
335,Kolenja Loka,Slovenia
336,Kolenjska Bistr,Slovenia
337,Kpovlje,Slovenia
338,Ksce,Slovenia
339,Ksina,Slovenia
340,Ksobndregota,Slovenia
341,Ksovci,Slovenia
342,Ksski Pohorju,Slovenia
343,Ktina,Slovenia
344,Kuce,Slovenia
345,Kucija,Slovenia
346,Kur,Slovenia
347,Lah,Slovenia
348,Lale,Slovenia
349,Lanje,Slovenia
350,Lbihtika,Slovenia
351,Lc Vos,Slovenia
352,Lcava,Slovenia
353,Lecevo,Slovenia
354,Leskn ,Slovenia
355,Lice,Slovenia
356,Lika,Slovenia
357,Lju,Slovenia
358,Ljubljana,Slovenia
359,Ljutomen,Slovenia
360,Ljutomer,Slovenia
361,Ljutomeru,Slovenia
362,Locevo,Slovenia
363,Lod.En,Slovenia
364,Loder,Slovenia
365,Logetale,Slovenia
366,Logeter Pri Dol,Slovenia
367,Logeter Pri Jel,Slovenia
368,Lol. ,Slovenia
369,Lole,Slovenia
370,Lom.Atno Ob Sot,Slovenia
371,Lomca Ob Paki,Slovenia
372,Losce,Slovenia
373,Lotceoo,Slovenia
374,Lov. Ana Potok,Slovenia
375,Lov. Gorica Ob ,Slovenia
376,Lov. Gornji,Slovenia
377,Lov. Trojica V ,Slovenia
378,Lovci,Slovenia
379,Lovenja,Slovenia
380,Lovrensovci,Slovenia
381,Lrekalah,Slovenia
382,Lsce Ob Dravce,Slovenia
383,Lscina,Slovenia
384,Lsgridlici,Slovenia
385,Lsica,Slovenia
386,Lska Slovensovc,Slovenia
387,Lskh Pji Duplek,Slovenia
388,Lskh Pjica,Slovenia
389,Lsku Loka,Slovenia
390,Lslunomoje,Slovenia
391,Lsska Bistrici,Slovenia
392,Lsski Pohorju,Slovenia
393,Lsski Polju,Slovenia
394,Lsukivancna Gor,Slovenia
395,Lv.Ngornjice,Slovenia
396,Ma Tote,Slovenia
397,Madgona,Slovenia
398,Madjica,Slovenia
399,Madtna Gorica P,Slovenia
400,Maetore,Slovenia
401,Maltnj Grad,Slovenia
402,Maltomen,Slovenia
403,Mattaoskem Poto,Slovenia
404,Mavte,Slovenia
405,Muru,Slovenia
406,Mziljica,Slovenia
407,Mzrla,Slovenia
408,Nadec,Slovenia
409,Ncva Loka,Slovenia
410,Nja Radovlje,Slovenia
411,Njd Loka,Slovenia
412,Njevicah,Slovenia
413,Nji,Slovenia
414,Nji Duplek,Slovenia
415,Njica Pri Ljuto,Slovenia
416,Njice,Slovenia
417,Njske Laska Slo,Slovenia
418,Nsje Ob Sobota,Slovenia
419,Ob. Na Dravske ,Slovenia
420,Oblov. Gorici,Slovenia
421,Odcevje,Slovenia
422,Odlehnik,Slovenia
423,Odo,Slovenia
424,Odraza,Slovenia
425,Odrazica,Slovenia
426,Odske Lasko,Slovenia
427,Odviranj,Slovenia
428,Oggsrdnji Grade,Slovenia
429,Oggtaice,Slovenia
430,Oggtrica V Slov,Slovenia
431,Ogstanjevica Ob,Slovenia
432,Ogstrnik,Slovenia
433,Ojlsshnik,Slovenia
434,Ojsko,Slovenia
435,Olu,Slovenia
436,Orrve,Slovenia
437,Orspohorju,Slovenia
438,Ovrensovci,Slovenia
439,P.Dvnj Grad,Slovenia
440,Palice,Slovenia
441,Pca,Slovenia
442,Pce,Slovenia
443,Pec,Slovenia
444,Pedrsja Loka,Slovenia
445,Pek,Slovenia
446,Pel,Slovenia
447,Peljica,Slovenia
448,Pelnice,Slovenia
449,Pem,Slovenia
450,Per,Slovenia
451,Pju,Slovenia
452,Plice,Slovenia
453,Plov. Ana Petro,Slovenia
454,Podlehnik,Slovenia
455,Pornjak,Slovenia
456,Pornjica,Slovenia
457,Pre Bistrica Ob,Slovenia
458,Pre Na Kungota,Slovenia
459,Pri Litiji,Slovenia
460,Pri Ljubljana,Slovenia
461,Pri Ljutomen,Slovenia
462,Pudjevica,Slovenia
463,Pudlje Pri Liti,Slovenia
464,Radovlje Ob Sav,Slovenia
465,Rae,Slovenia
466,Rap,Slovenia
467,Rasica Na Pohor,Slovenia
468,Ravske Konji Po,Slovenia
469,Rbno Ob Paki,Slovenia
470,Rbno Pri Jelsah,Slovenia
471,Rcana,Slovenia
472,Rcdnji Domzalah,Slovenia
473,Rcpna Dravce,Slovenia
474,Rdmartno Ob Pak,Slovenia
475,Rdsko,Slovenia
476,Rdvsni Petrovo,Slovenia
477,Re Na V Slov. T,Slovenia
478,Rebnje,Slovenia
479,Recapale,Slovenia
480,Recapnr Gorici,Slovenia
481,Recapork,Slovenia
482,Recapornja Radl,Slovenia
483,Recica Na Pohor,Slovenia
484,Recica Ob Dravi,Slovenia
485,Reddvor,Slovenia
486,Redisce,Slovenia
487,Redisce Ob Sotl,Slovenia
488,Reecica,Slovenia
489,Rescina,Slovenia
490,Reu,Slovenia
491,Revalje Ob Drag,Slovenia
492,Rezica,Slovenia
493,Rezscana,Slovenia
494,Ridjije,Slovenia
495,Rika,Slovenia
496,Rike Lasko,Slovenia
497,Rjica,Slovenia
498,Rjrazicah,Slovenia
499,Rjsko,Slovenia
500,Rju,Slovenia
501,Rkce,Slovenia
502,Rlcica,Slovenia
503,Rogaska Slovenj,Slovenia
504,Rogota,Slovenia
505,Rscana,Slovenia
506,Rslona,Slovenia
507,Rtbnlevscina,Slovenia
508,Rvca,Slovenia
509,Rzijj,Slovenia
510,S.Dovlje,Slovenia
511,Salec,Slovenia
512,Salje,Slovenia
513,Salov. Ana Kung,Slovenia
514,Salov. Gorica N,Slovenia
515,Sbenkoroskem Po,Slovenia
516,Scana,Slovenia
517,Sce,Slovenia
518,Sce Ob Dravi,Slovenia
519,Sce Ob Dravinji,Slovenia
520,Sce Ob Dravski ,Slovenia
521,Sce Ob Savi,Slovenia
522,Sdol,Slovenia
523,Sdomlanje,Slovenia
524,Sdravi,Slovenia
525,Selnica,Slovenia
526,Selnice,Slovenia
527,Semic,Slovenia
528,Sempeter Pri Do,Slovenia
529,Sempeter Pri Je,Slovenia
530,Sgoina,Slovenia
531,Sgonica Na Krki,Slovenia
532,Sgorice,Slovenia
533,Sgorici,Slovenia
534,Sgridaice,Slovenia
535,Sgridaije,Slovenia
536,Sgridem,Slovenia
537,Shand,Slovenia
538,Sibiran,Slovenia
539,Siri,Slovenia
540,Sje Ob Sotli,Slovenia
541,Sje Pri Jelsah,Slovenia
542,Ska Bistrica,Slovenia
543,Ska Bistrici,Slovenia
544,Ska Slatinci,Slovenia
545,Ska Slov. Troji,Slovenia
546,Ska Slovci,Slovenia
547,Ska Slovenje,Slovenia
548,Ska Sobota,Slovenia
549,Ska Sotli,Slovenia
550,Sko,Slovenia
551,Slov. Ana Pohor,Slovenia
552,Slov. Trojica,Slovenia
553,Slovci Pri Grad,Slovenia
554,Sna Pohorju,Slovenia
555,Sodraza,Slovenia
556,Solcava,Slovenia
557,Sslov. Gorica,Slovenia
558,Suk,Slovenia
559,Surivci,Slovenia
560,Sv. Goricah,Slovenia
561,Sv.Ntrojica Na ,Slovenia
562,Sz.Na Pohorju,Slovenia
563,Tabor,Slovenia
564,Taksko,Slovenia
565,Tale,Slovenia
566,Talec,Slovenia
567,Tbbor,Slovenia
568,Tboj,Slovenia
569,Tbshtnj Gradec,Slovenia
570,Tbspgradec,Slovenia
571,Tcelop. O,Slovenia
572,Tdbota,Slovenia
573,Tebica Ob Dravc,Slovenia
574,Tebovlje,Slovenia
575,Tebovlje Ob Dra,Slovenia
576,Tebovlje Pri Gr,Slovenia
577,Tebovljica Ob P,Slovenia
578,Tebovljice,Slovenia
579,Tel,Slovenia
580,Ter Pri Ljutome,Slovenia
581,Tesina,Slovenia
582,Tgarnnvp,Slovenia
583,Thooje,Slovenia
584,Titci,Slovenia
585,Tjelsah,Slovenia
586,Tjeoica Na Petr,Slovenia
587,Tkuogoske Topli,Slovenia
588,Tlbor,Slovenia
589,Tlsobnte,Slovenia
590,Tlsonji Potok,Slovenia
591,Tlsotci Pri Dom,Slovenia
592,Tlspovljica,Slovenia
593,Tlsrnina,Slovenia
594,Tole,Slovenia
595,Trbor,Slovenia
596,Treisce Ob Paki,Slovenia
597,Tsbbna,Slovenia
598,Tsbna Koroskem,Slovenia
599,Tsbo,Slovenia
600,Tsbona,Slovenia
601,Tsbonji,Slovenia
602,Tski Pohorju,Slovenia
603,Tspri Dolenjevi,Slovenia
604,Tuaovlje Ob Pak,Slovenia
605,Tueljicah,Slovenia
606,Tuk,Slovenia
607,Tur,Slovenia
608,Turovci,Slovenia
609,Tuzija,Slovenia
610,Uce,Slovenia
611,Ucija,Slovenia
612,Udrovskem,Slovenia
613,Uji.E,Slovenia
614,Ukovica,Slovenia
615,Ukovica Ob Sotl,Slovenia
616,Ukovica V Slov.,Slovenia
617,Ukovicah,Slovenia
618,Ure,Slovenia
619,Urevalje,Slovenia
620,Usko,Slovenia
621,V. Ana Koroski ,Slovenia
622,V. Gorica,Slovenia
623,V. Gorica Ob Dr,Slovenia
624,V. Gorica Pri D,Slovenia
625,V. Gornja,Slovenia
626,V. Gornja Radgo,Slovenia
627,V. Trojica,Slovenia
628,V. Trojicah,Slovenia
629,V.Tgorica V Sla,Slovenia
630,Vci,Slovenia
631,Vebnje,Slovenia
632,Vecje,Slovenia
633,Vke,Slovenia
634,Vmi,Slovenia
635,Vor,Slovenia
636,Vrenc Na V Slov,Slovenia
637,Vski Domzalah,Slovenia
638,Vtrnik,Slovenia
639,Z Jak,Slovenia
640,Z.Ja,Slovenia
641,Z.Jak,Slovenia
642,Zajaohavde,Slovenia
643,Zajap,Slovenia
644,Zajapec,Slovenia
645,Zara Ce Ob Paki,Slovenia
646,Zaranj,Slovenia
647,Zel,Slovenia
648,Zer,Slovenia
649,Zhjabtrao,Slovenia
650,Zhjabtrojica Ob,Slovenia
651,Zrjadljitanje,Slovenia
652,Zrjana,Slovenia
653,Zrjavce,Slovenia
654,Ztjao,Slovenia
655,Ztjaoloski Domz,Slovenia
