,Name,Origin
0, Banska Bebranc,Slovakia
1, Bubnica,Slovakia
2, Hronom,Slovakia
3, Kalic,Slovakia
4, Marnova Pod Br,Slovakia
5, Meder,Slovakia
6, Nad Bodvou,Slovakia
7, Nad Bratis,Slovakia
8, Nad Vahom,Slovakia
9, Nova,Slovakia
10, Pidza,Slovakia
11, Yjava Nad Bodv,Slovakia
12,- Nad Vahom,Slovakia
13,- Nad Vajnory,Slovakia
14,-La,Slovakia
15,-Lava,Slovakia
16,-Lava Nad Hrad,Slovakia
17,-Lna Aanovica,Slovakia
18,Abainovce Nad B,Slovakia
19,Abcikov,Slovakia
20,Abcikovo,Slovakia
21,Able,Slovakia
22,Abnica,Slovakia
23,Abovazska Bela,Slovakia
24,Aby Nid,Slovakia
25,Abzsdva,Slovakia
26,Aely,Slovakia
27,Ahy,Slovakia
28,Akovo,Slovakia
29,Ala,Slovakia
30,Alacky,Slovakia
31,Alanta,Slovakia
32,Albc,Slovakia
33,Ale,Slovakia
34,Allava,Slovakia
35,Allce,Slovakia
36,Alnc ,Slovakia
37,Alsca,Slovakia
38,Amarok,Slovakia
39,Ambrrn,Slovakia
40,Ambrrno,Slovakia
41,Ambrrvce,Slovakia
42,Amlec,Slovakia
43,Amlstany,Slovakia
44,Amnsce,Slovakia
45,Anov Nad Vahom,Slovakia
46,Any,Slovakia
47,Apisska Bebravo,Slovakia
48,Ara Lubovna,Slovakia
49,Ara Turzova Ban,Slovakia
50,Arke Kapusany,Slovakia
51,Arovo,Slovakia
52,Arr Nad Bela,Slovakia
53,Artis,Slovakia
54,Asca Nad Toplou,Slovakia
55,Ascenec,Slovakia
56,Aubky,Slovakia
57,Aunajska Streda,Slovakia
58,Aurance,Slovakia
59,Ava,Slovakia
60,Avit,Slovakia
61,Avou,Slovakia
62,Azlava Pod Bela,Slovakia
63,Aznovice,Slovakia
64,Barovo,Slovakia
65,Bbezavnica,Slovakia
66,Bbrin,Slovakia
67,Bcenec,Slovakia
68,Bena,Slovakia
69,Beno,Slovakia
70,Benoc,Slovakia
71,Benoc Nad Toplo,Slovakia
72,Benoc Nad Vajno,Slovakia
73,Benocc,Slovakia
74,Benovice,Slovakia
75,Beny,Slovakia
76,Bica Nad Vahom,Slovakia
77,Bina,Slovakia
78,Bla,Slovakia
79,Blate Moravce,Slovakia
80,Bnad Bratis,Slovakia
81,Bnad Hradlovce ,Slovakia
82,Bned,Slovakia
83,Bnica,Slovakia
84,Bnica Nad Toplo,Slovakia
85,Bnica Nad Vahom,Slovakia
86,Bnica Nad Vajno,Slovakia
87,Bove Meder,Slovakia
88,Bovna,Slovakia
89,Bratis,Slovakia
90,Bratislava,Slovakia
91,Brevac,Slovakia
92,Brevoca,Slovakia
93,Brezno,Slovakia
94,Brezovce Nad Hr,Slovakia
95,Brin,Slovakia
96,Brinov,Slovakia
97,Brinov Nad Brat,Slovakia
98,Brinov Nad Topl,Slovakia
99,Brinovce,Slovakia
100,Brinovica Nad T,Slovakia
101,Brinovo,Slovakia
102,Brivo,Slovakia
103,Brivove Meder,Slovakia
104,Brivvo,Slovakia
105,Bsina,Slovakia
106,Burovo,Slovakia
107,Bytca,Slovakia
108,Bzavce,Slovakia
109,Bzonta,Slovakia
110,Cenec,Slovakia
111,Cmpoca,Slovakia
112,Dbnica,Slovakia
113,Dbnske,Slovakia
114,Dbo,Slovakia
115,Dlanta,Slovakia
116,Dlom,Slovakia
117,Dlovce,Slovakia
118,Dnala,Slovakia
119,Dplou,Slovakia
120,Drnava Pod Bela,Slovakia
121,Dzlns Ana,Slovakia
122,Dzlo,Slovakia
123,Eca,Slovakia
124,Ecovce,Slovakia
125,Ela,Slovakia
126,Ena,Slovakia
127,Enec,Slovakia
128,Enica,Slovakia
129,Enica Nad Vajno,Slovakia
130,Ensca,Slovakia
131,Gbely,Slovakia
132,Halovce,Slovakia
133,Handlom,Slovakia
134,Hlae,Slovakia
135,Hol,Slovakia
136,Hrin,Slovakia
137,Hrinov,Slovakia
138,Hrinov Nad Bodv,Slovakia
139,Hrinov Nad Hrad,Slovakia
140,Hrinova Nad Vaj,Slovakia
141,Hrinova Pod Bel,Slovakia
142,Hrinovce,Slovakia
143,Hrinovice,Slovakia
144,Hrinovicovce,Slovakia
145,Hrinovo,Slovakia
146,Hylava Dubnica,Slovakia
147,Iar Nad Toplou,Slovakia
148,Iava,Slovakia
149,Iavnica,Slovakia
150,Ica,Slovakia
151,Ice,Slovakia
152,Ilakovo,Slovakia
153,Ina,Slovakia
154,Jnara Lubove,Slovakia
155,Jnara Lubovna,Slovakia
156,Jnara Turzovazs,Slovakia
157,Jnara Turzovka,Slovakia
158,Jnory,Slovakia
159,Jol,Slovakia
160,Kalic,Slovakia
161,Kaviizanske,Slovakia
162,Kb Kstin,Slovakia
163,Kbomen,Slovakia
164,Kbsina,Slovakia
165,Kbuinica,Slovakia
166,Klomenrce,Slovakia
167,Knamarok,Slovakia
168,Knem,Slovakia
169,Krupina,Slovakia
170,Kssova,Slovakia
171,Kunajska Bela,Slovakia
172,Kurin,Slovakia
173,Kuumnmedica,Slovakia
174,Kvlmopiounyjsva,Slovakia
175,Kzomberok,Slovakia
176,Kzumarno,Slovakia
177,Kzuska Bela,Slovakia
178,Laboke Novazska,Slovakia
179,Lacky,Slovakia
180,Ladkovicovce,Slovakia
181,Lalen,Slovakia
182,Lanta,Slovakia
183,Larok,Slovakia
184,Larovo,Slovakia
185,Lava,Slovakia
186,Lava Bela,Slovakia
187,Lavd,Slovakia
188,Lavuuany,Slovakia
189,Lbe,Slovakia
190,Lcjnory,Slovakia
191,Lec,Slovakia
192,Len,Slovakia
193,Les,Slovakia
194,Liptovo,Slovakia
195,Lles,Slovakia
196,Lnava,Slovakia
197,Lny Kubin,Slovakia
198,Lovica,Slovakia
199,Lovicovce,Slovakia
200,Lovicovo,Slovakia
201,Luca,Slovakia
202,Lvimeldev,Slovakia
203,Malacky,Slovakia
204,Marnov,Slovakia
205,Marnovo,Slovakia
206,Marok,Slovakia
207,Marovo,Slovakia
208,Mbrrnov Nad Hra,Slovakia
209,Mbrrnovo,Slovakia
210,Meder,Slovakia
211,Mela,Slovakia
212,Mele,Slovakia
213,Mhradlom,Slovakia
214,Mjnsravou,Slovakia
215,Mkramlriova - V,Slovakia
216,Mna,Slovakia
217,Mnaca,Slovakia
218,Mnica,Slovakia
219,Moldava,Slovakia
220,Mpachy,Slovakia
221,Mtartizanska By,Slovakia
222,Myjava Nad Hrad,Slovakia
223,Nala,Slovakia
224,Nalacky,Slovakia
225,Nalanta,Slovakia
226,Nava,Slovakia
227,Nava Nad Toplou,Slovakia
228,Nbmey,Slovakia
229,Nbtezavnica,Slovakia
230,Nce,Slovakia
231,Nec,Slovakia
232,Nel,Slovakia
233,Nica,Slovakia
234,Nica Nad Toplou,Slovakia
235,Nica Nad Vajnor,Slovakia
236,Nil,Slovakia
237,Nmestany,Slovakia
238,Nmpechov,Slovakia
239,Nmprcice,Slovakia
240,Nna,Slovakia
241,Nnae Tapasska S,Slovakia
242,Nnme,Slovakia
243,Nob,Slovakia
244,Nov,Slovakia
245,Nov Nad Vajnory,Slovakia
246,Nova,Slovakia
247,Nova Nad Bodvou,Slovakia
248,Novce,Slovakia
249,Novo,Slovakia
250,Nra,Slovakia
251,Nske,Slovakia
252,Ntteza,Slovakia
253,Nyjava,Slovakia
254,Obla,Slovakia
255,Obpany,Slovakia
256,Obrance,Slovakia
257,Obravce Nad Vaj,Slovakia
258,Obsina,Slovakia
259,Oho,Slovakia
260,Olarovo,Slovakia
261,Olbc,Slovakia
262,Ompachy,Slovakia
263,Ovo,Slovakia
264,Pina,Slovakia
265,Pisska Banska B,Slovakia
266,Pisska Banska S,Slovakia
267,Pisska Bystrica,Slovakia
268,Pisska Stiavnic,Slovakia
269,Pizanska Bystri,Slovakia
270,Pkovica,Slovakia
271,Pkovo,Slovakia
272,Rable,Slovakia
273,Rahom,Slovakia
274,Ralova - Vahom,Slovakia
275,Ralovce,Slovakia
276,Rance,Slovakia
277,Ranovce,Slovakia
278,Rany,Slovakia
279,Rarok,Slovakia
280,Ravou,Slovakia
281,Rbenoc Nad Hrad,Slovakia
282,Rena,Slovakia
283,Renoc,Slovakia
284,Renoc Nad Hrad,Slovakia
285,Rinovo,Slovakia
286,Rladkovo,Slovakia
287,Rnala,Slovakia
288,Ropkovazska Ban,Slovakia
289,Rralovce,Slovakia
290,Rucke Kapusany,Slovakia
291,Rucke Nova,Slovakia
292,Rucke Novazska ,Slovakia
293,Rucke Nove Mora,Slovakia
294,Rzlot,Slovakia
295,S A Dubnica,Slovakia
296,Salacky,Slovakia
297,Samorinova Byst,Slovakia
298,Sbrinovce,Slovakia
299,Sdahamorin,Slovakia
300,Sdubnica,Slovakia
301,Senoc,Slovakia
302,Shrena,Slovakia
303,Sjidana,Slovakia
304,Ska Banska Bebr,Slovakia
305,Ska Banska Byst,Slovakia
306,Ska Banske,Slovakia
307,Ska Bebranova D,Slovakia
308,Ska Bystrica,Slovakia
309,Ska Bystrica Na,Slovakia
310,Ska Stiavnica,Slovakia
311,Ska Stropkovica,Slovakia
312,Ska Stropkovo,Slovakia
313,Sladkovica,Slovakia
314,Sladkovo,Slovakia
315,Slava,Slovakia
316,Slava - Vahom,Slovakia
317,Snad Bebravou,Slovakia
318,Snad Hronom,Slovakia
319,Snad Vahom,Slovakia
320,Snad Vajnory,Slovakia
321,Snae Nad Bela,Slovakia
322,Sova,Slovakia
323,Srunky Hronom,Slovakia
324,Sska Bebrance,Slovakia
325,Sska Bystrica,Slovakia
326,Surance,Slovakia
327,Tara Turany,Slovakia
328,Tara Turzova - ,Slovakia
329,Tena,Slovakia
330,Tiavnica,Slovakia
331,Tnra,Slovakia
332,Todnov Nad Brad,Slovakia
333,Tovsky Krtis,Slovakia
334,Tra,Slovakia
335,Trnalanta,Slovakia
336,Tropkovo,Slovakia
337,Tsska Bystrica,Slovakia
338,Tupava Dubnica,Slovakia
339,Turanov,Slovakia
340,Turanov Nad Bod,Slovakia
341,Turovo,Slovakia
342,Turzova Pod Bra,Slovakia
343,Turzovazska Ban,Slovakia
344,Turzovce,Slovakia
345,Turzovka,Slovakia
346,Tvna,Slovakia
347,Tza,Slovakia
348,Ubanske,Slovakia
349,Ubln,Slovakia
350,Ubnad Bodvou,Slovakia
351,Ubnica,Slovakia
352,Uca,Slovakia
353,Ucopova Banska ,Slovakia
354,Umoldava,Slovakia
355,Unajska Bebravo,Slovakia
356,Unajska Bystric,Slovakia
357,Ura,Slovakia
358,Urance,Slovakia
359,Uranov,Slovakia
360,Uranov Nad Topl,Slovakia
361,Urany,Slovakia
362,Urenoc,Slovakia
363,Urovo,Slovakia
364,Uura,Slovakia
365,Uzamna,Slovakia
366,Uzlavaytiavnica,Slovakia
367,Va Dubnica,Slovakia
368,Vaboke,Slovakia
369,Vabove Mestovo,Slovakia
370,Vaety Jur,Slovakia
371,Vahamorinov Nad,Slovakia
372,Vahem,Slovakia
373,Vahom,Slovakia
374,Valbnta,Slovakia
375,Vapssavnica,Slovakia
376,Vava,Slovakia
377,Vbutzo,Slovakia
378,Vcbanov Nad Hro,Slovakia
379,Vce,Slovakia
380,Vci,Slovakia
381,Veemova Dubnica,Slovakia
382,Venz,Slovakia
383,Vhbolen,Slovakia
384,Vica,Slovakia
385,Vice,Slovakia
386,Vicovce,Slovakia
387,Vjok,Slovakia
388,Vka,Slovakia
389,Vlab,Slovakia
390,Vna,Slovakia
391,Vnabsina,Slovakia
392,Vnica,Slovakia
393,Vo Nad Bela,Slovakia
394,Voe,Slovakia
395,Volen,Slovakia
396,Vop,Slovakia
397,Vsky Krtin,Slovakia
398,Vuca,Slovakia
399,Vzova Nad Vahom,Slovakia
400,Y Bradlovazska ,Slovakia
401,Y-La,Slovakia
402,Yjava,Slovakia
403,Ystrica,Slovakia
404,Ystrica Nad Bod,Slovakia
405,Ytca,Slovakia
406,Yteama,Slovakia
407,Yteamesto,Slovakia
408,Ytna,Slovakia
409,Ytopkovice,Slovakia
410,Ytoplou,Slovakia
411,Ytra,Slovakia
412,Ytupava,Slovakia
413,Ytupava Bystric,Slovakia
414,Yturovo,Slovakia
415,Yzavnica,Slovakia
416,Yzhrinov,Slovakia
417,Zalnc ,Slovakia
418,Zalscke Kapusan,Slovakia
419,Zalska Stropkov,Slovakia
420,Zarno,Slovakia
421,Zavce,Slovakia
422,Zavnica,Slovakia
423,Zcale,Slovakia
424,Zcalec,Slovakia
425,Zkaviz,Slovakia
426,Zla,Slovakia
427,Zlate Mestany,Slovakia
428,Zlate Mestovo,Slovakia
429,Zlate Mestovsky,Slovakia
430,Zlate Moravou,Slovakia
431,Zlava,Slovakia
432,Zlava Bystrica,Slovakia
433,Zlava Dubnica,Slovakia
434,Znava,Slovakia
435,Zobaaoky,Slovakia
436,Zobka,Slovakia
437,Zova,Slovakia
438,Zovce,Slovakia
439,Zovka,Slovakia
440,Zralovce,Slovakia
441,Zranov,Slovakia
442,Zrupina,Slovakia
443,Zska Bystrica,Slovakia
444,Zska Stiavnica,Slovakia
445,Zsova - Vahom,Slovakia
446,Zzolka Bela,Slovakia
