,Name,Origin
0,  Aafberg,South Africa
1, Aabelginia,South Africa
2, Aafelginia,South Africa
3, Aafeltinfontei,South Africa
4, Aafradock,South Africa
5, Aaiwrlnarvon,South Africa
6, Agfartenburg,South Africa
7, Anfrtd,South Africa
8, Ext 60,South Africa
9, Gadey,South Africa
10, Gankoeng,South Africa
11, Ge,South Africa
12, Gkeeisterworth,South Africa
13, Gleni,South Africa
14, Imstown,South Africa
15, Itfontein,South Africa
16, Ivfrlden Glen ,South Africa
17, Ngrlborwa,South Africa
18, Own,South Africa
19, Sselsbronkhors,South Africa
20, West,South Africa
21, Wysticfmoton,South Africa
22, Y Freres,South Africa
23,6Berton,South Africa
24,6Leigh,South Africa
25,6Man,South Africa
26,A#Ridfort,South Africa
27,Aaberton,South Africa
28,Aailetter,South Africa
29,Aastenberton,South Africa
30,Abbert,South Africa
31,Abopane,South Africa
32,Abouw,South Africa
33,Abupgerstad,South Africa
34,Abwuntein,South Africa
35,Acberlettenburg,South Africa
36,Adwwhrina,South Africa
37,Afaltinfontein,South Africa
38,Afolt ,South Africa
39,Afoltsnra,South Africa
40,Afort,South Africa
41,Agleni,South Africa
42,Agnale,South Africa
43,Agnaleni,South Africa
44,Akll Oty,South Africa
45,Akni,South Africa
46,Alberg,South Africa
47,Alfast,South Africa
48,Alibgeni,South Africa
49,Alinge,South Africa
50,Aliwal Nort,South Africa
51,Aliwal Nort Wes,South Africa
52,Alkumusha,South Africa
53,Almas,South Africa
54,Alsbron,South Africa
55,Amberg,South Africa
56,Ambirginia,South Africa
57,Amith,South Africa
58,Amiver,South Africa
59,Ampierstspruit,South Africa
60,Anberg,South Africa
61,Ank,South Africa
62,Ankoeng,South Africa
63,Anman,South Africa
64,Anpeelsbron,South Africa
65,Ape Town,South Africa
66,Apiwrlna,South Africa
67,Apo Rismith,South Africa
68,Apo Rnirstad,South Africa
69,Apo Rsha,South Africa
70,Apo Rshoort,South Africa
71,Ar Ty,South Africa
72,Arberton,South Africa
73,Are,South Africa
74,Aret,South Africa
75,Arhittleigh,South Africa
76,Ari,South Africa
77,Arilfontein,South Africa
78,Aritc Dey,South Africa
79,Arp,South Africa
80,Ary,South Africa
81,Asberg,South Africa
82,Aspirrismith,South Africa
83,Ast,South Africa
84,Astenburg,South Africa
85,Ausberton,South Africa
86,Avol,South Africa
87,Bank,South Africa
88,Bar,South Africa
89,Barkly Wesselsb,South Africa
90,Barkly Wessen,South Africa
91,Barkly West,South Africa
92,Bellina,South Africa
93,Bellingeni,South Africa
94,Bemley,South Africa
95,Berg,South Africa
96,Berg Bay,South Africa
97,Berlea,South Africa
98,Berton,South Africa
99,Birginia,South Africa
100,Bon,South Africa
101,Borwa,South Africa
102,Boywnro,South Africa
103,Bupgirs,South Africa
104,Burg,South Africa
105,Cdefandfontein,South Africa
106,Chard,South Africa
107,Chardt,South Africa
108,Chtenburg,South Africa
109,Chu,South Africa
110,Cturs,South Africa
111,Darandfort Alfr,South Africa
112,Dburg,South Africa
113,Ddelaide,South Africa
114,Dee,South Africa
115,Deiv,South Africa
116,Dem,South Africa
117,Dforth,South Africa
118,Dgoonstad,South Africa
119,Dhulamahashi,South Africa
120,Dkal,South Africa
121,Don,South Africa
122,Dopoirberton,South Africa
123,Dorp,South Africa
124,Drenton,South Africa
125,Dtan,South Africa
126,Dtrhathalen Ext,South Africa
127,Dufort West,South Africa
128,Dumpierstspruit,South Africa
129,Dundi,South Africa
130,Durfampierstspr,South Africa
131,Duster,South Africa
132,Duthaditjhaba N,South Africa
133,Duthaville,South Africa
134,E Alberg,South Africa
135,E Estenburg,South Africa
136,Ean,South Africa
137,Eap,South Africa
138,Ebenleigh,South Africa
139,Ebunge,South Africa
140,Ech,South Africa
141,Edenvaleni,South Africa
142,Eelsbron,South Africa
143,Eersdorp,South Africa
144,Eest Lond,South Africa
145,Efontein,South Africa
146,Egkai,South Africa
147,Ehal,South Africa
148,Ehalaborwa,South Africa
149,Eham,South Africa
150,Ein,South Africa
151,Eitz,South Africa
152,Ekal,South Africa
153,Ekolesea,South Africa
154,Ekuvukeng,South Africa
155,Eky,South Africa
156,Elburg,South Africa
157,Eleigh,South Africa
158,Eley,South Africa
159,Elfastleigh,South Africa
160,Elrince Alberto,South Africa
161,Emad,South Africa
162,Emadustenburg,South Africa
163,Emaduster,South Africa
164,Emaduthadismith,South Africa
165,Emaduthaville,South Africa
166,En Ext 60,South Africa
167,Enberton,South Africa
168,Eni,South Africa
169,Enua,South Africa
170,Eostenburg,South Africa
171,Eoster,South Africa
172,Erstad,South Africa
173,Eru,South Africa
174,Eruneim,South Africa
175,Erutenburg,South Africa
176,Esselsbronkhors,South Africa
177,Essnleigh,South Africa
178,Essnnenmanus,South Africa
179,Est,South Africa
180,Estenberg,South Africa
181,Estenberley,South Africa
182,Estenburg,South Africa
183,Esterworth,South Africa
184,Estneem,South Africa
185,Estnpeeg,South Africa
186,Ethaditjhaba Nc,South Africa
187,Eustenburg,South Africa
188,Ewa,South Africa
189,Ewstbeng,South Africa
190,Ewstbenleigh,South Africa
191,Exs Triom,South Africa
192,Ext 60,South Africa
193,Ey Vi,South Africa
194,Eysville,South Africa
195,Fart,South Africa
196,Fort,South Africa
197,Fort Alberton,South Africa
198,Forth,South Africa
199,Fustenburg,South Africa
200,Fusterworth,South Africa
201,G Bay,South Africa
202,G Taige,South Africa
203,Gaabe,South Africa
204,Gaabeulima,South Africa
205,Gaablegi,South Africa
206,Gaableton,South Africa
207,Gaablundee,South Africa
208,Gaahashi,South Africa
209,Gale,South Africa
210,Galen Ext 60,South Africa
211,Gban,South Africa
212,Gbank,South Africa
213,Gbankoeng,South Africa
214,Geabe,South Africa
215,Geni,South Africa
216,Gerstad,South Africa
217,Ggonberleton,South Africa
218,Ghaba,South Africa
219,Ghoorn,South Africa
220,Ghusha,South Africa
221,Ginia,South Africa
222,Gios,South Africa
223,Glan,South Africa
224,Glandfontein,South Africa
225,Glands,South Africa
226,Gllborwa,South Africa
227,Gnal,South Africa
228,Gnus,South Africa
229,Gonin,South Africa
230,Goonstad,South Africa
231,Goonstown,South Africa
232,Gorn,South Africa
233,Gtab,South Africa
234,Gtonville,South Africa
235,Guabd Wootttenb,South Africa
236,Gulemadock,South Africa
237,Gulesbert,South Africa
238,Gulesberton,South Africa
239,Gulesea,South Africa
240,Gurbankoeng,South Africa
241,Gure,South Africa
242,Gurlato,South Africa
243,Gurt,South Africa
244,Hal,South Africa
245,Hale,South Africa
246,Haleni,South Africa
247,Hard,South Africa
248,Hardt,South Africa
249,Hman,South Africa
250,Hmanus,South Africa
251,Hmindley,South Africa
252,Hoopstad,South Africa
253,Huis Trichard,South Africa
254,Hulamahashi,South Africa
255,Husha,South Africa
256,Hushadismith,South Africa
257,Hushean,South Africa
258,Hushetter,South Africa
259,Hushi,South Africa
260,Huthadismith,South Africa
261,Huthaditjhaba,South Africa
262,Huthal,South Africa
263,Huthalabouw,South Africa
264,Huthalen Ext 60,South Africa
265,Huthaville,South Africa
266,Iad,South Africa
267,Ichard,South Africa
268,Ichmondon,South Africa
269,Ichtein,South Africa
270,Iga,South Africa
271,Igi,South Africa
272,Igits Ryheid,South Africa
273,Igt,South Africa
274,Ima,South Africa
275,Imae,South Africa
276,Imahashi,South Africa
277,Imal,South Africa
278,Imalabouw,South Africa
279,Imanus,South Africa
280,Imar,South Africa
281,Imat,South Africa
282,Imatbeng,South Africa
283,Imkeeis,South Africa
284,Imkeeissen,South Africa
285,Iraide,South Africa
286,Jon Ee,South Africa
287,Kan,South Africa
288,Kar,South Africa
289,Kay,South Africa
290,Khulamahashi,South Africa
291,Khurs,South Africa
292,Koonstown,South Africa
293,Korn,South Africa
294,Kumushi,South Africa
295,Kumustenburg,South Africa
296,Lands,South Africa
297,Lbert,South Africa
298,Le  Nyruneisten,South Africa
299,Lea,South Africa
300,Lebeng,South Africa
301,Leigh,South Africa
302,Leleigh,South Africa
303,Len Glen Gleni,South Africa
304,Lesberley,South Africa
305,Lgeni,South Africa
306,Lichard,South Africa
307,Limahashi,South Africa
308,Lina,South Africa
309,Lingtonville,South Africa
310,Liuforth,South Africa
311,Lleigh,South Africa
312,M Aefontein,South Africa
313,M Gleni,South Africa
314,Mab,South Africa
315,Mabu Nerton,South Africa
316,Mabu Nrits Ry,South Africa
317,Mahashi,South Africa
318,Man,South Africa
319,Manus,South Africa
320,Mar,South Africa
321,Mburg,South Africa
322,Mhiee,South Africa
323,Mith,South Africa
324,Mkherismith,South Africa
325,Moodepoorth,South Africa
326,Mpane,South Africa
327,Mpange,South Africa
328,Mpiersdorp,South Africa
329,Mpierstad,South Africa
330,Mpierstspruit,South Africa
331,Mpies,South Africa
332,Mpieska,South Africa
333,Musterwort,South Africa
334,N Glen Glen Gle,South Africa
335,Narvon,South Africa
336,Nge,South Africa
337,Nhu,South Africa
338,Nia,South Africa
339,Nim,South Africa
340,Niw,South Africa
341,Npi,South Africa
342,Nuri,South Africa
343,Nus,South Africa
344,Okdley,South Africa
345,Okkligt,South Africa
346,Onkhorstad,South Africa
347,Opane,South Africa
348,Opange,South Africa
349,Opangeni,South Africa
350,Orr,South Africa
351,Orr Ismith,South Africa
352,Ort,South Africa
353,Oru,South Africa
354,Ostenburg,South Africa
355,Otchefstroom,South Africa
356,Oussen,South Africa
357,Owa,South Africa
358,Owato,South Africa
359,Owottter,South Africa
360,Owotttn Ext 60,South Africa
361,Owrtn,South Africa
362,Owuttenberlette,South Africa
363,Owuttenburg,South Africa
364,Owutterwort,South Africa
365,Pagesselsbron,South Africa
366,Pborwa,South Africa
367,Pburg,South Africa
368,Pigrenton,South Africa
369,Pimrince Alberg,South Africa
370,Pirrismith,South Africa
371,Pman,South Africa
372,Pnan,South Africa
373,Priimith,South Africa
374,Psgad,South Africa
375,Psmat,South Africa
376,Pugersdorp,South Africa
377,Pumas,South Africa
378,Pumein,South Africa
379,Pumrince Albert,South Africa
380,Pure,South Africa
381,Pusre,South Africa
382,Pusreat,South Africa
383,Qaey,South Africa
384,R Nchu,South Africa
385,Raro,South Africa
386,Rbert,South Africa
387,Rborwa,South Africa
388,Rchefstroonstow,South Africa
389,Rgon,South Africa
390,Rhale,South Africa
391,Richardt,South Africa
392,Rigfontein,South Africa
393,Rigt,South Africa
394,Rina,South Africa
395,Riverlea,South Africa
396,Riwal Nort,South Africa
397,Rowm,South Africa
398,Rown,South Africa
399,Sburg,South Africa
400,Sgeni,South Africa
401,Smanus,South Africa
402,Smat,South Africa
403,Svrod,South Africa
404,Tab,South Africa
405,Tar,South Africa
406,Tbeng,South Africa
407,Tbunge,South Africa
408,Tchefstroom,South Africa
409,Tchefstroonstow,South Africa
410,Tg Wasr Oy,South Africa
411,Tginia,South Africa
412,Thadismith,South Africa
413,Thaville,South Africa
414,Tinfort,South Africa
415,Tjleni,South Africa
416,Tkneysville,South Africa
417,Ton,South Africa
418,Tor,South Africa
419,Town,South Africa
420,Tunissen,South Africa
421,Tvuneessen,South Africa
422,Twan Kempdorp,South Africa
423,Twlstroonstad,South Africa
424,Uabelg Wabrinan,South Africa
425,Ucdu,South Africa
426,Udes,South Africa
427,Uestinfontein,South Africa
428,Ug Ray,South Africa
429,Ugersdorp,South Africa
430,Ugerstad,South Africa
431,Ugerstspruit,South Africa
432,Umden Ext 60,South Africa
433,Umdenberg,South Africa
434,Umdenberton,South Africa
435,Umdenburg,South Africa
436,Umdenvale,South Africa
437,Umdinjnia,South Africa
438,Umpiersdorp,South Africa
439,Unberton,South Africa
440,Unisselsbron,South Africa
441,Unisselsbronkho,South Africa
442,Unissen,South Africa
443,Ure,South Africa
444,Urekton,South Africa
445,Uri,South Africa
446,Uriafootter,South Africa
447,Urtan,South Africa
448,Ustenberg,South Africa
449,Ustenburg,South Africa
450,Uster,South Africa
451,Usterwort,South Africa
452,Usterwort Alber,South Africa
453,Usterworth,South Africa
454,Utbankoeng,South Africa
455,Utbeng,South Africa
456,Utbenton,South Africa
457,Utterwort Alber,South Africa
458,Uwa,South Africa
459,Uworth,South Africa
460,Valeni,South Africa
461,Ville,South Africa
462,Vol,South Africa
463,Volesea,South Africa
464,Vulem,South Africa
465,Vuleni,South Africa
466,Vulesberg,South Africa
467,Vulesberton,South Africa
468,Vuneia,South Africa
469,Warrismith,South Africa
470,Wburg,South Africa
471,Wcbleg Faltbrn,South Africa
472,Wchu,South Africa
473,Welkom,South Africa
474,Wesselsbron,South Africa
475,Wgilito,South Africa
476,Wgiriimith,South Africa
477,Wgits Ravol,South Africa
478,Wgtrias,South Africa
479,Wgtrnermanus,South Africa
480,Witbank,South Africa
481,Wlito,South Africa
482,Wllro,South Africa
483,Wmpleigh,South Africa
484,Wmptor,South Africa
485,Worb,South Africa
486,Wort,South Africa
487,Wort Alberg Bay,South Africa
488,Wort Alfred,South Africa
489,Wort Alfreden G,South Africa
490,Wort Alfredenbe,South Africa
491,Wort Wessen,South Africa
492,Wort West,South Africa
493,Worth,South Africa
494,Worttndrina,South Africa
495,Woster,South Africa
496,Wriefontein,South Africa
497,Writc,South Africa
498,Writo,South Africa
499,Wrotk,South Africa
500,Wstroonstad,South Africa
501,Wthrentonville,South Africa
502,Wtol,South Africa
503,Wtor,South Africa
504,Wtrrandfort Alf,South Africa
505,Wurt,South Africa
506,Wuster,South Africa
507,Wutbeng,South Africa
508,Wutter,South Africa
509,Wyss Leigh,South Africa
510,Wysstlesea,South Africa
511,Xarwborwa,South Africa
512,Y Frere,South Africa
513,Y Freres,South Africa
514,Y Hesd,South Africa
515,Y Ieska,South Africa
516,Y Teichardt,South Africa
517,Y Teichmondon,South Africa
518,Y Uis Trichtenb,South Africa
519,Yburg,South Africa
520,Yesinan,South Africa
521,Yhaide,South Africa
522,Yhiie,South Africa
523,Yhiverismith,South Africa
524,Yhiversdorp,South Africa
525,Yhivtrlato,South Africa
526,Yhuih,South Africa
527,Yhuis Trichtenb,South Africa
528,Yhusheenstad,South Africa
529,Yi T,South Africa
530,Yospeut,South Africa
531,Ypiersdorp,South Africa
532,Yuri,South Africa
533,Yville,South Africa
534,Yweis,South Africa
535,Zworth,South Africa
