,Name,Origin
0, 'El Burgo De L,Spain
1, Aidanyola,Spain
2, Alamonte De La,Spain
3, Alaquasi - Bar,Spain
4, Alcon,Spain
5, Alicios,Spain
6, Alicios Lloset,Spain
7, Almagro,Spain
8, Almerife,Spain
9, Almora,Spain
10, Alta,Spain
11, Altet,Spain
12, Aric,Spain
13, Arousa,Spain
14, Aznalcarriozar,Spain
15, Badaria,Spain
16, Baneza,Spain
17, Barbal,Spain
18, Barcia Del Gua,Spain
19, Barradal,Spain
20, Barta,Spain
21, Basencarriz,Spain
22, Besos,Spain
23, Caballejo De L,Spain
24, Caballena,Spain
25, Caleta,Spain
26, Camp,Spain
27, Campillamarti,Spain
28, Camplonge,Spain
29, Canada,Spain
30, Cardilladel Ri,Spain
31, Casas Viejas,Spain
32, Castell,Spain
33, Cente De Les,Spain
34, Cerra,Spain
35, Cid,Spain
36, Colino,Spain
37, Coria,Spain
38, Corra De Alcon,Spain
39, Correjo,Spain
40, Corvera,Spain
41, Criptando Cart,Spain
42, Cristofol Del ,Spain
43, Cruz,Spain
44, De Ardoba,Spain
45, De Arrola Font,Spain
46, De Arroyosa,Spain
47, De Cecirasar,Spain
48, De Composterni,Spain
49, De Duerrioba,Spain
50, De Duerto Domi,Spain
51, De Gorgo De Gr,Spain
52, De Granca De O,Spain
53, De Henas,Spain
54, De Llano,Spain
55, De Loseca,Spain
56, De Mata Do De ,Spain
57, De Mont Viejos,Spain
58, De Monte,Spain
59, De Pontequilla,Spain
60, De Tira,Spain
61, Del Corveras,Spain
62, Del Del Teneri,Spain
63, Del Guadul,Spain
64, Del Pratos,Spain
65, Del Rincon,Spain
66, Del Rivasi - B,Spain
67, Dela,Spain
68, Dicravas De Ba,Spain
69, Dl Vega,Spain
70, Dla Fonts-Monc,Spain
71, Drlgarroell,Spain
72, Duercala De Or,Spain
73, Duerenredo,Spain
74, Eularil,Spain
75, Ferriozarrigur,Spain
76, Font D'En Ferr,Spain
77, Font Victorroy,Spain
78, Frono,Spain
79, Front Boi De G,Spain
80, Fronte / Mondo,Spain
81, Ga,Spain
82, Gaballes,Spain
83, Ganzos,Spain
84, Garava,Spain
85, Garca,Spain
86, Gerena,Spain
87, Gerent,Spain
88, Geres,Spain
89, Gotic,Spain
90, Gran Felicia R,Spain
91, Hena,Spain
92, Ill,Spain
93, Illanos Corren,Spain
94, Ingles,Spain
95, Inglesa Del Ri,Spain
96, Ixome De Gracu,Spain
97, Ixoneros,Spain
98, Jarana De Orti,Spain
99, Joan Mar,Spain
100, Joan Marriz,Spain
101, Joan Marti,Spain
102, Juan Agustin,Spain
103, Juan Castepona,Spain
104, Juance,Spain
105, La De Aridanyi,Spain
106, La De Monca De,Spain
107, La De Montser,Spain
108, La Fonts-Mont ,Spain
109, La Torrato,Spain
110, Las,Spain
111, Llcia,Spain
112, Llobre,Spain
113, Llobrega Deled,Spain
114, Llobrena,Spain
115, Llodonjimenare,Spain
116, Llos Gaballesa,Spain
117, Lluise,Spain
118, Los,Spain
119, M/Edveldembarr,Spain
120, M/N Oell,Spain
121, Maesteiz / Mon,Spain
122, Mance,Spain
123, Maniz,Spain
124, Mar,Spain
125, Mart De Duero,Spain
126, Marto De La Cr,Spain
127, Matander,Spain
128, Mataria,Spain
129, Matayud,Spain
130, Mbia Del Duera,Spain
131, Minojos,Spain
132, Mrejos,Spain
133, N Campilla,Spain
134, Nove,Spain
135, Novena,Spain
136, Olivareas,Spain
137, Oreja,Spain
138, Palma,Spain
139, Palmaguerto De,Spain
140, Pasol,Spain
141, Peirafo,Spain
142, Pia,Spain
143, Playa De Barro,Spain
144, Pobleno,Spain
145, Poblet,Spain
146, Pobre,Spain
147, Ponte / Montes,Spain
148, Ponto Dominare,Spain
149, Pratxi,Spain
150, Ralberia Del R,Spain
151, Raspeig,Spain
152, Ravalcoy,Spain
153, Ravas-Vacion,Spain
154, Reas,Spain
155, Ribes,Spain
156, Riel,Spain
157, Rio,Spain
158, Rioseta,Spain
159, Rivarena,Spain
160, Rivera,Spain
161, Rodrid Cente D,Spain
162, Rro,Spain
163, Sebastepona,Spain
164, Sebastro-Urdil,Spain
165, Seren,Spain
166, Serenalcolle,Spain
167, Sgeval,Spain
168, Sierrolanos,Spain
169, Sola,Spain
170, Sola Gomera,Spain
171, Teguelcassuard,Spain
172, Teguelma De Ma,Spain
173, Teixac,Spain
174, Tene,Spain
175, Tenera,Spain
176, Tes,Spain
177, Tlatrada,Spain
178, Valda,Spain
179, Valdaria,Spain
180, Vallejala Torr,Spain
181, Vallindres,Spain
182, Vegat,Spain
183, Vic,Spain
184, Viel,Spain
185, Vilagues,Spain
186, Villavicios Y ,Spain
187, Viso De Arid,Spain
188, Vistofol De Le,Spain
189, Vitoria,Spain
190, Vllonge,Spain
191, Vllosetasol,Spain
192, Vlo,Spain
193, Za De Alma,Spain
194,'Alcoy,Spain
195,'Arco De Cruz D,Spain
196,-Acde,Spain
197,-Acdel Tene,Spain
198,-Acdentequer,Spain
199,-Acdia,Spain
200,-Agde,Spain
201,-Custin,Spain
202,-El Besos,Spain
203,-El Canim,Spain
204,-El Casternes,Spain
205,-El Valdembar,Spain
206,-Ketradi,Spain
207,/ Vic,Spain
208,/Ma,Spain
209,A Del Montes De,Spain
210,A Do De Hena,Spain
211,A Munt,Spain
212,A R Dello De La,Spain
213,A Reinarde,Spain
214,A Rio,Spain
215,A Sola,Spain
216,Adeca,Spain
217,Adecaniz,Spain
218,Adeje,Spain
219,Adel Vega,Spain
220,Adel Ventorres,Spain
221,Ado Cazorla,Spain
222,Aedrontafe,Spain
223,Almora,Spain
224,Aredemba,Spain
225,Aredo,Spain
226,Arejon Besos,Spain
227,Arenys De Montc,Spain
228,Ares,Spain
229,Arra De Rio,Spain
230,As-Casainarin,Spain
231,Bdegri,Spain
232,Bdegueros,Spain
233,Bdenllet De La ,Spain
234,Bdo Mengibar,Spain
235,Bdrggorte / Vil,Spain
236,Bea,Spain
237,Beric,Spain
238,Berife,Spain
239,Berin,Spain
240,Bero,Spain
241,Biga,Spain
242,Bilballana,Spain
243,Bitacios Ojos,Spain
244,Bitorell,Spain
245,Bituguez,Spain
246,Blgorte,Spain
247,Blt De Pau,Spain
248,Bltoro,Spain
249,Bpgarcia Delari,Spain
250,Bra Dellerrasas,Spain
251,Bre,Spain
252,Bregat,Spain
253,Breguimenou,Spain
254,Bretxaballes,Spain
255,Brus,Spain
256,Bsledo,Spain
257,Btadin De La To,Spain
258,Btuna,Spain
259,Cacenciama,Spain
260,Cala D'Ametllan,Spain
261,Cala Servera,Spain
262,Calamos,Spain
263,Calatantijo,Spain
264,Calatoria Dela,Spain
265,Calavera,Spain
266,Cant Pedronte,Spain
267,Canta Cruz,Spain
268,Car,Spain
269,Cerras,Spain
270,Cerri De Carbal,Spain
271,Cga,Spain
272,Cia,Spain
273,Cia De Almoro,Spain
274,Cion,Spain
275,Cja,Spain
276,Crevilla De Alc,Spain
277,Csr Mengiro De ,Spain
278,Cts - Bailen,Spain
279,Dalobregueros,Spain
280,Dbimarto De Cen,Spain
281,Ddjdanes,Spain
282,Debaixent,Spain
283,Debrija,Spain
284,Decratinajoz,Spain
285,Decratosa Vella,Spain
286,Decravaca,Spain
287,Degoteldaia,Spain
288,Degran Mar Meni,Spain
289,Del Bartos,Spain
290,Del Clot,Spain
291,Dellanueva D'Am,Spain
292,Dep Mbell,Spain
293,Dep Mtril,Spain
294,Dep Perent,Spain
295,Depasol,Spain
296,Depena,Spain
297,Depera,Spain
298,Deplas Peirajar,Spain
299,Der De Isoraya ,Spain
300,Der De Llobre,Spain
301,Der Del Guillaf,Spain
302,Deraneeros,Spain
303,Deredo,Spain
304,Derlapozo De Va,Spain
305,Derlavera,Spain
306,Derlero,Spain
307,Derleu,Spain
308,Derlo,Spain
309,Des De Almussa,Spain
310,Desa,Spain
311,Desas Vistanain,Spain
312,Desauzal,Spain
313,Desearedo,Spain
314,Deseeruengiba,Spain
315,Deserramingo De,Spain
316,Dev De La De Ti,Spain
317,Devaldeorriozar,Spain
318,Deventequetasol,Spain
319,Devillano,Spain
320,Devio,Spain
321,Devlalberife,Spain
322,Dfnon,Spain
323,Dgi,Spain
324,Dial,Spain
325,Diba,Spain
326,Digna,Spain
327,Dina Alamo,Spain
328,Dinalup-Castro,Spain
329,Dl Valle,Spain
330,Dla Pardero,Spain
331,Dllos Corralell,Spain
332,Dlsgues,Spain
333,Dna,Spain
334,Dne,Spain
335,Dneda,Spain
336,Doms,Spain
337,Dopela,Spain
338,Dopesadalup-Cas,Spain
339,Dos,Spain
340,Dosmeras,Spain
341,Drega,Spain
342,Dron,Spain
343,Drontjuic,Spain
344,Dt Del Manlucar,Spain
345,Dtigueras,Spain
346,Dtin,Spain
347,Durcaix Guada,Spain
348,Eaa,Spain
349,Eb Del Pau,Spain
350,Eb Fonte Poblet,Spain
351,Eba,Spain
352,Ebeip,Spain
353,Ebesos,Spain
354,Ebesos De La De,Spain
355,Ebrija,Spain
356,Ebronil,Spain
357,Ec Zena,Spain
358,Ecla La De Dalt,Spain
359,Edel Mate,Spain
360,Edel Palma,Spain
361,Edemora,Spain
362,Egguttu,Spain
363,Ekeitia,Spain
364,Ekeitio,Spain
365,Ekeitiriz,Spain
366,El Calonadalix,Spain
367,El Molinar De M,Spain
368,El Riel,Spain
369,El Riells,Spain
370,El Valsequeta,Spain
371,El Vega,Spain
372,Emple,Spain
373,Eparavaca,Spain
374,Eq Realejo,Spain
375,Er Carachico,Spain
376,Es De Aridanyi,Spain
377,Es De Mario,Spain
378,Es Del Manacor,Spain
379,Es Vitorontcada,Spain
380,Esa,Spain
381,Fder,Spain
382,Fer,Spain
383,Fera,Spain
384,Fergarcia Reale,Spain
385,Ferna,Spain
386,Ferras,Spain
387,Ferrat,Spain
388,Ferriguercaixen,Spain
389,Ferrol,Spain
390,Fintro,Spain
391,Fol De Martin D,Spain
392,Gal,Spain
393,Galdeig,Spain
394,Gan,Spain
395,Ganzona,Spain
396,Gar,Spain
397,Garachico,Spain
398,Garacios,Spain
399,Garama De Rio,Spain
400,Garamancadalix,Spain
401,Garava,Spain
402,Garazon,Spain
403,Garrio,Spain
404,Gina,Spain
405,Ginalup-Candoai,Spain
406,Gra,Spain
407,Gre,Spain
408,Guero,Spain
409,Guerra,Spain
410,Guerrada,Spain
411,Guerto De Gotic,Spain
412,Guescarrat Vill,Spain
413,Guez,Spain
414,Hama,Spain
415,Hamartin De Jar,Spain
416,Haya,Spain
417,Ian Mar,Spain
418,Ibba Del Besos ,Spain
419,Ibsent,Spain
420,Ierbenar De La ,Spain
421,Iguera,Spain
422,Iguertolome De ,Spain
423,Igues,Spain
424,Igura,Spain
425,Illoz,Spain
426,Imielha,Spain
427,In De Duque,Spain
428,In De Isoral,Spain
429,In De Los,Spain
430,In De Matarin,Spain
431,Ina Alcantoria,Spain
432,Inalseque,Spain
433,Inar Vicenca,Spain
434,Inareasateranch,Spain
435,Inaredo,Spain
436,Iosa Pobrega,Spain
437,Janar,Spain
438,Jeca,Spain
439,Jera,Spain
440,Jet,Spain
441,Jeta,Spain
442,Jicentes,Spain
443,Jumilla,Spain
444,Jumillana,Spain
445,Kentarroells,Spain
446,Kerto De La Fro,Spain
447,Kerto De Lesias,Spain
448,Kerto De Teide,Spain
449,Kertolome Dell,Spain
450,Kertoro,Spain
451,Kertorren,Spain
452,Kertos,Spain
453,Kertosa,Spain
454,L Alcarrenares ,Spain
455,L Burgo De Isor,Spain
456,L Cabalella De ,Spain
457,L Carballdigna,Spain
458,L Clot,Spain
459,L De Almagron,Spain
460,L Duero,Spain
461,L Guada,Spain
462,L Guar,Spain
463,L Guardiano,Spain
464,L Guillos Colle,Spain
465,L Guintro,Spain
466,L Juan Vistofol,Spain
467,L Lagues,Spain
468,L Mar,Spain
469,L Martin Del Ca,Spain
470,L Pratos,Spain
471,L Rio,Spain
472,L Riva,Spain
473,L Saz,Spain
474,L Seba,Spain
475,L Segues Del De,Spain
476,L Serena,Spain
477,L Serratosa De ,Spain
478,L Vallcar,Spain
479,L Villejo,Spain
480,La D'En Farguei,Spain
481,La De La Sierra,Spain
482,Lberia,Spain
483,Lbero,Spain
484,Lberos,Spain
485,Lbes,Spain
486,Lbira,Spain
487,Lcar De Gotic,Spain
488,Lciparoz,Spain
489,Ld Celona,Spain
490,Ldembarratxi,Spain
491,Lebla Fonte De ,Spain
492,Lebrija,Spain
493,Ledova De Tegue,Spain
494,Legat,Spain
495,Lejon Serena,Spain
496,Lequilato,Spain
497,Lequillaviciosa,Spain
498,Lerenardo,Spain
499,Les,Spain
500,Les De Muelma,Spain
501,Let,Spain
502,Letasol,Spain
503,Lhamarta,Spain
504,Licant Gernes,Spain
505,Licat,Spain
506,Lilla,Spain
507,Lina,Spain
508,Lindarin,Spain
509,Linon,Spain
510,Liz,Spain
511,Ll Del Cardoba,Spain
512,Llbunol,Spain
513,Lleros,Spain
514,Llicios,Spain
515,Llinojos,Spain
516,Llo,Spain
517,Llo De Martina,Spain
518,Llonadas,Spain
519,Llosecante,Spain
520,Lna,Spain
521,Locans,Spain
522,Locina,Spain
523,Locinaredeu,Spain
524,Locinares,Spain
525,Locinda I Rio,Spain
526,Locindal,Spain
527,Lojos,Spain
528,Lon,Spain
529,Lorra,Spain
530,Los,Spain
531,Los Reina,Spain
532,Loz,Spain
533,Lpica De Cabra ,Spain
534,Ls De Ardo,Spain
535,Ls De Astura,Spain
536,Ls De Burgo De ,Spain
537,Ls De Cruz De D,Spain
538,Ls De Cruz De L,Spain
539,Ls De Grachenar,Spain
540,Ls De La Cruz D,Spain
541,Ls De La Sierra,Spain
542,Ls De Llodonjim,Spain
543,Ls Del Monte,Spain
544,Ls Del Pobla,Spain
545,Lsi - Galdeig,Spain
546,Lspeig,Spain
547,Lta,Spain
548,Lturtzi,Spain
549,Lujstella,Spain
550,M De Alcar,Spain
551,Mal,Spain
552,Mbarros,Spain
553,Mbdena,Spain
554,Mbia De Dalt,Spain
555,Mbla,Spain
556,Mbla Frontjuic,Spain
557,Mbla Serenarill,Spain
558,Mbre,Spain
559,Mbrega,Spain
560,Mbreguervo,Spain
561,Mhesa De Almena,Spain
562,Milla,Spain
563,Millavera,Spain
564,Mina,Spain
565,Mina De Mar,Spain
566,Minal,Spain
567,Mingo,Spain
568,Mlinojos,Spain
569,Mpdepera,Spain
570,Mpilla,Spain
571,Mpilla Puebla,Spain
572,Mpillafran Camb,Spain
573,Mpillejas,Spain
574,Mpillo,Spain
575,Mpostellavia,Spain
576,Mpostelloz,Spain
577,Mpveillaria Del,Spain
578,Muriel,Spain
579,N De Arid Celon,Spain
580,N Farguera,Spain
581,N Seguimeno,Spain
582,Na De Marca,Spain
583,Ncada,Spain
584,Ncarcalaciamart,Spain
585,Ncistofol Del R,Spain
586,Nda De Hena,Spain
587,Nder,Spain
588,Ndo,Spain
589,Ndo Cample,Spain
590,Ndoain,Spain
591,Nes,Spain
592,Nillanueva De A,Spain
593,Nlo,Spain
594,Nova Del Bena,Spain
595,Nt De La De Los,Spain
596,Nueval,Spain
597,O Yomo De La De,Spain
598,Oca,Spain
599,Ocistofol De La,Spain
600,Odonjimena,Spain
601,Odtin De Lluise,Spain
602,Ogijas,Spain
603,Oldepera,Spain
604,Olla,Spain
605,Ollafes,Spain
606,Ollar,Spain
607,Ollet De La Del,Spain
608,On Segurena,Spain
609,Ondreguer,Spain
610,Onser,Spain
611,Onsta Del Rinco,Spain
612,Orgivaredemba,Spain
613,Orts,Spain
614,Os Colmerin,Spain
615,Osladasserrabia,Spain
616,Osta De Munto D,Spain
617,Osta Torrenal,Spain
618,Ostanzo De Llob,Spain
619,Ostell,Spain
620,Otic,Spain
621,Otn,Spain
622,Ots,Spain
623,Pala De Rio,Spain
624,Parredemoraya,Spain
625,Pdepera,Spain
626,Peitiriz,Spain
627,Penaria,Spain
628,Penas,Spain
629,Pera,Spain
630,Piggarrat,Spain
631,Pigge,Spain
632,Piggeledo,Spain
633,Piggeras,Spain
634,Pinaril,Spain
635,Pirajareas,Spain
636,Plon,Spain
637,Plonge,Spain
638,Ptera,Spain
639,Pteriportagentr,Spain
640,Ptraval,Spain
641,Qlas-Vacia De L,Spain
642,Qlesa De Muela ,Spain
643,Que,Spain
644,R Icent,Spain
645,R'Beeo,Spain
646,Radi,Spain
647,Ragonerial,Spain
648,Ral De Centa Cr,Spain
649,Ral-El Prat,Spain
650,Ralbes,Spain
651,Rameda,Spain
652,Rance,Spain
653,Rano,Spain
654,Ratxi,Spain
655,Rell,Spain
656,Relodonera,Spain
657,Renagueror,Spain
658,Renals De Las-C,Spain
659,Renares Riel,Spain
660,Rerde,Spain
661,Res,Spain
662,Retera,Spain
663,Rgar,Spain
664,Rgarribarrada I,Spain
665,Rgcerenardoba,Spain
666,Rhant Ferna,Spain
667,Rhaurial,Spain
668,Ria,Spain
669,Rilla,Spain
670,Rja,Spain
671,Rkgptrrniganiz,Spain
672,Rla,Spain
673,Rlda,Spain
674,Rloz,Spain
675,Rmia,Spain
676,Rna Alta,Spain
677,Rna De La Torre,Spain
678,Rnander,Spain
679,Rnenares,Spain
680,Rnika-Lumo,Spain
681,Ro De La Rodria,Spain
682,Rola,Spain
683,Ror,Spain
684,Rorianares,Spain
685,Royo De Pobrega,Spain
686,Rtgge,Spain
687,Run Gernes,Spain
688,Runa,Spain
689,S Bada,Spain
690,S Cazal,Spain
691,S De Acenares,Spain
692,S De De La La V,Spain
693,S De Les,Spain
694,S De Llobreguer,Spain
695,S De Llos Del C,Spain
696,S De Tirasas Vi,Spain
697,S Del Rio,Spain
698,S Della Mar,Spain
699,S Der,Spain
700,S Gabalellares,Spain
701,S Galdeigles,Spain
702,S Ganga Do Del ,Spain
703,S Joan Fargues,Spain
704,S Molid,Spain
705,S Mollesias,Spain
706,S Mollullos Llo,Spain
707,S Palmen,Spain
708,S Poblena,Spain
709,S Reina,Spain
710,S Rio,Spain
711,S Sebastre,Spain
712,S Vic,Spain
713,S'Nito,Spain
714,Santeques,Spain
715,Sbelleros,Spain
716,Sentruena,Spain
717,Sepalma,Spain
718,Separachico,Spain
719,Sepaso,Spain
720,Seranfronera,Spain
721,Sesa,Spain
722,Sgues Carlet,Spain
723,Sjuka,Spain
724,Sme,Spain
725,Spe,Spain
726,Speig,Spain
727,Speigles Comba,Spain
728,Spt Villama,Spain
729,Ssafes,Spain
730,Ssra-Seco,Spain
731,Ssta Criste,Spain
732,Ssta Torra,Spain
733,Sstana,Spain
734,Sstandel Colmer,Spain
735,Sstant Gerena,Spain
736,Sstell,Spain
737,Sstelles Del Ma,Spain
738,Sstofol Dells,Spain
739,Sva,Spain
740,Tde,Spain
741,Teprat,Spain
742,Tguise,Spain
743,Tin,Spain
744,Tis,Spain
745,Tmna,Spain
746,Tril,Spain
747,Ts - Bailen,Spain
748,Ts - Baixent,Spain
749,Ts - Banes,Spain
750,Ts - Banos,Spain
751,Ts - Galvan,Spain
752,Ts - Ganga De A,Spain
753,Ts - Gangosa De,Spain
754,Ts - Garcala Do,Spain
755,Tser,Spain
756,Tuduero,Spain
757,Tujol,Spain
758,Tuna,Spain
759,Uhitaciosa,Spain
760,Ujite,Spain
761,Ujiterna,Spain
762,Ulgemes,Spain
763,Ullona,Spain
764,Ulloz,Spain
765,Unito,Spain
766,Uva,Spain
767,Uveldepera,Spain
768,V Es I Rlo,Spain
769,Va Del Raspeiti,Spain
770,Va Eularedeu,Spain
771,Val,Spain
772,Valobre,Spain
773,Van,Spain
774,Vanes Del Cazor,Spain
775,Vera,Spain
776,Veralberia De L,Spain
777,Verdamas,Spain
778,Verde,Spain
779,Verna De La Sol,Spain
780,Vernandar,Spain
781,Verneda,Spain
782,Vernes,Spain
783,Vernes Blancada,Spain
784,Vjentosa,Spain
785,Vola,Spain
786,Vstro-Urdiana,Spain
787,Xepllgecinaren,Spain
788,Y Dia,Spain
789,Yia,Spain
790,Zdblet,Spain
791,Zdllva,Spain
792,Zdllvatiera,Spain
793,Zdnalcoy,Spain
794,Zgra,Spain
795,Zhalaguna,Spain
796,Zhalona,Spain
797,Zhdo,Spain
798,Zkeitiagona D'E,Spain
