,Name,Origin
0,  Jincomagama,Sri Lanka
1, Evavur Town,Sri Lanka
2, Ihala,Sri Lanka
3, Ihalam,Sri Lanka
4, Lenio,Sri Lanka
5, Ppdra,Sri Lanka
6, Riaulya,Sri Lanka
7, South,Sri Lanka
8, Ukandana,Sri Lanka
9,-Mount Lavinia,Sri Lanka
10,-Mount Lavinuwa,Sri Lanka
11,-Mount Pedro,Sri Lanka
12,-Viuile,Sri Lanka
13,Ail,Sri Lanka
14,Angalleriya,Sri Lanka
15,Anm,Sri Lanka
16,Antea,Sri Lanka
17,Antelegama,Sri Lanka
18,Antota,Sri Lanka
19,Anuwaramulla,Sri Lanka
20,Atta,Sri Lanka
21,Attala-Mount Pe,Sri Lanka
22,Attegama,Sri Lanka
23,Atticaloa,Sri Lanka
24,Atton,Sri Lanka
25,Bbala,Sri Lanka
26,Bella,Sri Lanka
27,Bella Junction,Sri Lanka
28,Bfna,Sri Lanka
29,Biya,Sri Lanka
30,Bod,Sri Lanka
31,Bom,Sri Lanka
32,Bot,Sri Lanka
33,Bott,Sri Lanka
34,Btalam,Sri Lanka
35,Btalee,Sri Lanka
36,Btdle,Sri Lanka
37,Btlle,Sri Lanka
38,Bttla,Sri Lanka
39,Bttlalinochchi,Sri Lanka
40,Bulla,Sri Lanka
41,Bullalee,Sri Lanka
42,Bulle,Sri Lanka
43,Caloa,Sri Lanka
44,Cllonnawala,Sri Lanka
45,Dala,Sri Lanka
46,Dana,Sri Lanka
47,Dana South,Sri Lanka
48,Dncamo,Sri Lanka
49,Dnmbala,Sri Lanka
50,Dra,Sri Lanka
51,Dta,Sri Lanka
52,Dyapitiya,Sri Lanka
53,Elgovlni,Sri Lanka
54,Ella,Sri Lanka
55,Ella Ihalam,Sri Lanka
56,Ella Junction,Sri Lanka
57,Ella South,Sri Lanka
58,Engoda,Sri Lanka
59,Eniyam,Sri Lanka
60,Enlota,Sri Lanka
61,Eriya,Sri Lanka
62,Fle,Sri Lanka
63,Fnnawaya,Sri Lanka
64,Fntalaya,Sri Lanka
65,Fta,Sri Lanka
66,Galleriya,Sri Lanka
67,Gama,Sri Lanka
68,Gana,Sri Lanka
69,Ggmbalam,Sri Lanka
70,Gindchl,Sri Lanka
71,Glla,Sri Lanka
72,Glmbulla Juncti,Sri Lanka
73,Gmlleriyawala,Sri Lanka
74,Gmma,Sri Lanka
75,Gndana,Sri Lanka
76,Gnulangoda,Sri Lanka
77,Gnulara,Sri Lanka
78,Gombo,Sri Lanka
79,Gtala South,Sri Lanka
80,Gtala-Mount Ped,Sri Lanka
81,Gtmbala,Sri Lanka
82,Hipawatta,Sri Lanka
83,Hiwala,Sri Lanka
84,Hiwala-Mount La,Sri Lanka
85,Hiwala-Mount Pe,Sri Lanka
86,Hiwalaniya,Sri Lanka
87,Hnwalam,Sri Lanka
88,How,Sri Lanka
89,Htwalaniyawa,Sri Lanka
90,Htwangalleriyap,Sri Lanka
91,Huwa,Sri Lanka
92,Huwaragama,Sri Lanka
93,Huwarale,Sri Lanka
94,Hwala,Sri Lanka
95,Igtalangalle,Sri Lanka
96,Igtmbala,Sri Lanka
97,Ihala,Sri Lanka
98,Ihala-Mount Lav,Sri Lanka
99,Ihala-Mount Ped,Sri Lanka
100,Ihiwalangoda,Sri Lanka
101,Ijt Eaiy,Sri Lanka
102,Ilgwada,Sri Lanka
103,Ilinochchi,Sri Lanka
104,Illa,Sri Lanka
105,Illw,Sri Lanka
106,Illwn,Sri Lanka
107,Iltwictlonnaway,Sri Lanka
108,Imt,Sri Lanka
109,Inia,Sri Lanka
110,Inl Ruwa,Sri Lanka
111,Int Lavinia,Sri Lanka
112,Int Lavinuwa,Sri Lanka
113,Int Lavinuwanga,Sri Lanka
114,Int Lavinuwango,Sri Lanka
115,Int Lavinuwara,Sri Lanka
116,Int Pedro,Sri Lanka
117,Irigama,Sri Lanka
118,Ittegalleriya,Sri Lanka
119,Ittwala,Sri Lanka
120,Iyl,Sri Lanka
121,Jgfma,Sri Lanka
122,Jh Evikiwala,Sri Lanka
123,Jl Eeiyapitiya,Sri Lanka
124,Jl Epa,Sri Lanka
125,Jlffna,Sri Lanka
126,Jmffaa,Sri Lanka
127,Jncela,Sri Lanka
128,Klwalam,Sri Lanka
129,Knwalam,Sri Lanka
130,Ktta,Sri Lanka
131,L Ihala,Sri Lanka
132,L Lavinuwangoda,Sri Lanka
133,L Njwatticaloa,Sri Lanka
134,L Ola,Sri Lanka
135,L-Mmulla,Sri Lanka
136,Langoda,Sri Lanka
137,Latara,Sri Lanka
138,Lba,Sri Lanka
139,Lberawaya,Sri Lanka
140,Lbnnlwlali,Sri Lanka
141,Lbon,Sri Lanka
142,Lbtala,Sri Lanka
143,Ldi,Sri Lanka
144,Lelegall-Rmuwlr,Sri Lanka
145,Leriya,Sri Lanka
146,Leriyapitiya,Sri Lanka
147,Lfngalleriyawat,Sri Lanka
148,Lfnia,Sri Lanka
149,Lgalleriyawatti,Sri Lanka
150,Lgama,Sri Lanka
151,Lgmbala-Mount L,Sri Lanka
152,Lgntliyawattica,Sri Lanka
153,Lgombo,Sri Lanka
154,Lgpama,Sri Lanka
155,Lgundinochchi,Sri Lanka
156,Lhawaya,Sri Lanka
157,Lhtian,Sri Lanka
158,Ligama,Sri Lanka
159,Lihala,Sri Lanka
160,Linalutara,Sri Lanka
161,Linochchi,Sri Lanka
162,Liya,Sri Lanka
163,Ljfncamo,Sri Lanka
164,Ljnnchi,Sri Lanka
165,Ll-Rmuwl,Sri Lanka
166,Lla,Sri Lanka
167,Lla Ihala,Sri Lanka
168,Lle,Sri Lanka
169,Lleriya,Sri Lanka
170,Lleriyapitiya,Sri Lanka
171,Lleriyawa,Sri Lanka
172,Lliiala,Sri Lanka
173,Llle,Sri Lanka
174,Llli,Sri Lanka
175,Lln Ipatton,Sri Lanka
176,Lln Suutfra,Sri Lanka
177,Llnra Eliya,Sri Lanka
178,Llnruwara,Sri Lanka
179,Llnwalaniya,Sri Lanka
180,Llorb Ela,Sri Lanka
181,Llvinuwara,Sri Lanka
182,Lmbo,Sri Lanka
183,Lmbulla Ihalam,Sri Lanka
184,Lmpara Ela,Sri Lanka
185,Lmtnepiwala Sou,Sri Lanka
186,Lmunai,Sri Lanka
187,Ln Ipaltta,Sri Lanka
188,Lnbo,Sri Lanka
189,Lnbulla Junctio,Sri Lanka
190,Lndana,Sri Lanka
191,Lnfa,Sri Lanka
192,Lngalleriya,Sri Lanka
193,Lngalleriyawa,Sri Lanka
194,Lni,Sri Lanka
195,Lnnirawattalee,Sri Lanka
196,Lnruwa,Sri Lanka
197,Lntalee,Sri Lanka
198,Lntapa Junction,Sri Lanka
199,Lntara,Sri Lanka
200,Lntaragama,Sri Lanka
201,Lntatala,Sri Lanka
202,Lntgalleriya,Sri Lanka
203,Lntipe,Sri Lanka
204,Lnuwangoda,Sri Lanka
205,Lorbtcleombo,Sri Lanka
206,Lpa,Sri Lanka
207,Lpi,Sri Lanka
208,Lpikiwala-Mount,Sri Lanka
209,Lpritown,Sri Lanka
210,Lrincomagama,Sri Lanka
211,Lrowa,Sri Lanka
212,Lrtruwala-Mount,Sri Lanka
213,Lsnutaramulla I,Sri Lanka
214,Lsouth,Sri Lanka
215,Lta,Sri Lanka
216,Ltba,Sri Lanka
217,Ltga,Sri Lanka
218,Ltiicaloa,Sri Lanka
219,Ltiinochchi,Sri Lanka
220,Ltlgama,Sri Lanka
221,Ltmalee,Sri Lanka
222,Ltnapura,Sri Lanka
223,Ltngpdla,Sri Lanka
224,Ltnicaloa,Sri Lanka
225,Ltnigama,Sri Lanka
226,Lton,Sri Lanka
227,Ltraruwa,Sri Lanka
228,Ltt Pedro,Sri Lanka
229,Lttwa,Sri Lanka
230,Ltwangoda,Sri Lanka
231,Lunai,Sri Lanka
232,Lutara,Sri Lanka
233,Lya,Sri Lanka
234,M Oeikowa,Sri Lanka
235,Mbo,Sri Lanka
236,Mlee,Sri Lanka
237,Mlleriya,Sri Lanka
238,Mnula,Sri Lanka
239,Morawala,Sri Lanka
240,Mpola,Sri Lanka
241,N Lpvinuwa,Sri Lanka
242,N Ttangalleriya,Sri Lanka
243,Na South,Sri Lanka
244,Nbala Ihala,Sri Lanka
245,Nbalangalleriya,Sri Lanka
246,Ndana,Sri Lanka
247,Ndana South,Sri Lanka
248,Neligama,Sri Lanka
249,Nffna,Sri Lanka
250,Ngalle,Sri Lanka
251,Ngallerawala,Sri Lanka
252,Ngallergvul A-L,Sri Lanka
253,Ngalleriya,Sri Lanka
254,Ngalleriyapitiy,Sri Lanka
255,Ngoda,Sri Lanka
256,Ngvllunai,Sri Lanka
257,Nia,Sri Lanka
258,Niya,Sri Lanka
259,Niyala-Mount Pe,Sri Lanka
260,Niyapitiya,Sri Lanka
261,Niyawa,Sri Lanka
262,Niyawala,Sri Lanka
263,Niyawatta,Sri Lanka
264,Niyawaya,Sri Lanka
265,Nle,Sri Lanka
266,Nlelegama,Sri Lanka
267,Nleligama,Sri Lanka
268,Nleriya,Sri Lanka
269,Nli,Sri Lanka
270,Nlinochchi,Sri Lanka
271,Nltra,Sri Lanka
272,Nmtale,Sri Lanka
273,Nn Hsomtlegalle,Sri Lanka
274,Nn Ipalmunai,Sri Lanka
275,Nn Llvvi Iaa,Sri Lanka
276,Nn Lnviculoa,Sri Lanka
277,Nn Mpdatala Jun,Sri Lanka
278,Nn Pedro,Sri Lanka
279,Nn Pldvinia,Sri Lanka
280,Nn Rdlam,Sri Lanka
281,Nn Wpatticaloa,Sri Lanka
282,Nn Wpolonnaruwa,Sri Lanka
283,Nnaruwa,Sri Lanka
284,Nnaruwangoda,Sri Lanka
285,Nnura,Sri Lanka
286,Nota,Sri Lanka
287,Npara,Sri Lanka
288,Npilinochchi,Sri Lanka
289,Npola,Sri Lanka
290,Nr Goda,Sri Lanka
291,Nrrunction,Sri Lanka
292,Nselta,Sri Lanka
293,Nt Lahiya,Sri Lanka
294,Nt Lavinia,Sri Lanka
295,Nt Lavinuwa,Sri Lanka
296,Nt Lavinuwala,Sri Lanka
297,Nt Lavinuwala S,Sri Lanka
298,Nt Lavinuwalam,Sri Lanka
299,Nt Lavinuwangal,Sri Lanka
300,Nt Lavinuwangod,Sri Lanka
301,Nt Lavinuwara,Sri Lanka
302,Nt Lavinuwaraga,Sri Lanka
303,Nt Lavinuwaramu,Sri Lanka
304,Nt Pedro,Sri Lanka
305,Ntala,Sri Lanka
306,Ntala Ihalangod,Sri Lanka
307,Ntana,Sri Lanka
308,Ntana South,Sri Lanka
309,Ntara,Sri Lanka
310,Ntara Eliyawatt,Sri Lanka
311,Ntaramulleriya,Sri Lanka
312,Ntatala-Mount L,Sri Lanka
313,Ntatale,Sri Lanka
314,Ntatalee,Sri Lanka
315,Ntatara,Sri Lanka
316,Ntataragama,Sri Lanka
317,Ntataramulla Ju,Sri Lanka
318,Ntatiana South,Sri Lanka
319,Ntawa,Sri Lanka
320,Ntda,Sri Lanka
321,Ntegama,Sri Lanka
322,Ntelaniyawa,Sri Lanka
323,Ntepenioa,Sri Lanka
324,Ntetama,Sri Lanka
325,Ntfta,Sri Lanka
326,Nti,Sri Lanka
327,Ntilaliyi,Sri Lanka
328,Ntilapitiya,Sri Lanka
329,Ntitala,Sri Lanka
330,Ntiya,Sri Lanka
331,Ntota,Sri Lanka
332,Ntpictlonnaruwa,Sri Lanka
333,Ntpperiya,Sri Lanka
334,Ntra,Sri Lanka
335,Ntta,Sri Lanka
336,Nttalangoda,Sri Lanka
337,Nttara,Sri Lanka
338,Ntticaloa,Sri Lanka
339,Nttta,Sri Lanka
340,Ntttala,Sri Lanka
341,Ntttala-Mount P,Sri Lanka
342,Ntttalee,Sri Lanka
343,Ntttara,Sri Lanka
344,Ntttegalleriya,Sri Lanka
345,Ntttegama,Sri Lanka
346,Ntttla,Sri Lanka
347,Nttton,Sri Lanka
348,Ntttyala,Sri Lanka
349,Nttyapitiyawa,Sri Lanka
350,Nttygalleriya,Sri Lanka
351,Ntula,Sri Lanka
352,Ntwa,Sri Lanka
353,Nu Ana South,Sri Lanka
354,Nueara,Sri Lanka
355,Nuhawatta,Sri Lanka
356,Nula,Sri Lanka
357,Numa,Sri Lanka
358,Nupa,Sri Lanka
359,Nura,Sri Lanka
360,Nuradhapura,Sri Lanka
361,Nuradhapuradhap,Sri Lanka
362,Nutara,Sri Lanka
363,Nuwa,Sri Lanka
364,Nuwala,Sri Lanka
365,Nuwalam,Sri Lanka
366,Nuwangalleriya,Sri Lanka
367,Nuwangoda,Sri Lanka
368,Nuwara,Sri Lanka
369,Nuwaramulla,Sri Lanka
370,Nuyaramulla,Sri Lanka
371,Nvruam,Sri Lanka
372,Nwella,Sri Lanka
373,Nwella Ihalaniy,Sri Lanka
374,Nwella South,Sri Lanka
375,Nwellawa,Sri Lanka
376,Obon,Sri Lanka
377,Ohn,Sri Lanka
378,Ole,Sri Lanka
379,Olme,Sri Lanka
380,Oln,Sri Lanka
381,Ombo,Sri Lanka
382,Ontala,Sri Lanka
383,Or Nchi,Sri Lanka
384,Orbnclioo,Sri Lanka
385,Oth,Sri Lanka
386,Otm,Sri Lanka
387,Pgiala-Mount Pe,Sri Lanka
388,Pinia,Sri Lanka
389,Pitiya,Sri Lanka
390,Pitiyapitiya,Sri Lanka
391,Pitiyawa,Sri Lanka
392,Plinochchi,Sri Lanka
393,Plla,Sri Lanka
394,Pllo Boa,Sri Lanka
395,Plnruwa,Sri Lanka
396,Plorbth,Sri Lanka
397,Plra Eliyapitiy,Sri Lanka
398,Plrawa,Sri Lanka
399,Pntatara,Sri Lanka
400,Pomagama,Sri Lanka
401,Pomalee,Sri Lanka
402,Poratuwangoda,Sri Lanka
403,Pritown,Sri Lanka
404,Ptiana,Sri Lanka
405,Ptiangoda,Sri Lanka
406,Ptianiyapitiya,Sri Lanka
407,Ptinawa,Sri Lanka
408,Pvinuwaramulle,Sri Lanka
409,R Town,Sri Lanka
410,Rbochchi,Sri Lanka
411,Rdfna,Sri Lanka
412,Rgptlonnaruwang,Sri Lanka
413,Rgtoln,Sri Lanka
414,Rhicaloa,Sri Lanka
415,Rhwctton,Sri Lanka
416,Rjgama,Sri Lanka
417,Rlihala-Mount P,Sri Lanka
418,Rlwa Thapura,Sri Lanka
419,Rmbulleriya,Sri Lanka
420,Rmmulleriya,Sri Lanka
421,Rnwala Ihala,Sri Lanka
422,Rpikiwala,Sri Lanka
423,Rsautiyawa,Sri Lanka
424,Rta,Sri Lanka
425,Rtavarm,Sri Lanka
426,Rtevanuwara,Sri Lanka
427,Rtihalam,Sri Lanka
428,Rtihalaniya,Sri Lanka
429,Rtlali,Sri Lanka
430,Rtpcamo,Sri Lanka
431,Rttvra Eliyaway,Sri Lanka
432,Rtvun Lavinuwa,Sri Lanka
433,Rtvun Pldra,Sri Lanka
434,Rtvun Pndocamo,Sri Lanka
435,Rulangoda,Sri Lanka
436,Ruwara,Sri Lanka
437,Sllt Lavinuwala,Sri Lanka
438,Sntttalaniyaway,Sri Lanka
439,Solt,Sri Lanka
440,T Hada,Sri Lanka
441,T Led,Sri Lanka
442,Tala-Mount Lavi,Sri Lanka
443,Tana,Sri Lanka
444,Tara Ela,Sri Lanka
445,Tatalam,Sri Lanka
446,Teegama,Sri Lanka
447,Tegama,Sri Lanka
448,Teonoa,Sri Lanka
449,Tfna,Sri Lanka
450,Tga,Sri Lanka
451,Tgara,Sri Lanka
452,Tgictlonnawalam,Sri Lanka
453,Ticaloa,Sri Lanka
454,Tilaw,Sri Lanka
455,Tilawa,Sri Lanka
456,Tilawattegalle,Sri Lanka
457,Tina South,Sri Lanka
458,Tirawa,Sri Lanka
459,Tiwala,Sri Lanka
460,Tiya,Sri Lanka
461,Tiyapitiya,Sri Lanka
462,Tjfaeala,Sri Lanka
463,Tla,Sri Lanka
464,Tlalgama,Sri Lanka
465,Tlangalle,Sri Lanka
466,Tlba,Sri Lanka
467,Tlga,Sri Lanka
468,Tlga Lea,Sri Lanka
469,Tlgama,Sri Lanka
470,Tlha,Sri Lanka
471,Tlhawalam,Sri Lanka
472,Tlicaloa,Sri Lanka
473,Tliyawa,Sri Lanka
474,Tlla,Sri Lanka
475,Tlla Junction,Sri Lanka
476,Tlla South,Sri Lanka
477,Tlle,Sri Lanka
478,Tlleriya,Sri Lanka
479,Tllgama,Sri Lanka
480,Tlra Eliya,Sri Lanka
481,Tlrawa,Sri Lanka
482,Tlrawala,Sri Lanka
483,Tluwangalle,Sri Lanka
484,Tmlee,Sri Lanka
485,Tn Lmvinuwaraga,Sri Lanka
486,Tnapura,Sri Lanka
487,Tnapuradhapura,Sri Lanka
488,Tnapuradhapurad,Sri Lanka
489,Tnaruwalaniya,Sri Lanka
490,Tnbala,Sri Lanka
491,Tndana,Sri Lanka
492,Tndana South,Sri Lanka
493,Tngalleriya,Sri Lanka
494,Tngalleriyapiti,Sri Lanka
495,Tngalleriyawa,Sri Lanka
496,Tngpdla,Sri Lanka
497,Tngpdlangalleri,Sri Lanka
498,Tngpdlangoda,Sri Lanka
499,Tnia,Sri Lanka
500,Tnicaloa,Sri Lanka
501,Tniyawalaniya,Sri Lanka
502,Tnlelangoda,Sri Lanka
503,Tnlpura,Sri Lanka
504,Tnlpuradhapurad,Sri Lanka
505,Tnlpwralutara,Sri Lanka
506,Tnpalaniyapitiy,Sri Lanka
507,Tnpara,Sri Lanka
508,Tnppiataramulla,Sri Lanka
509,Tnrawa,Sri Lanka
510,Tnrtwangoda,Sri Lanka
511,Tntpara,Sri Lanka
512,Tntpictlonnawal,Sri Lanka
513,Tnupara,Sri Lanka
514,Tnwpllawalam,Sri Lanka
515,Tole,Sri Lanka
516,Tomale,Sri Lanka
517,Tombo,Sri Lanka
518,Ton,Sri Lanka
519,Torana,Sri Lanka
520,Tponaaunt Lavin,Sri Lanka
521,Tponaauttala,Sri Lanka
522,Tra,Sri Lanka
523,Trgama,Sri Lanka
524,Trhdhapura,Sri Lanka
525,Trwalam,Sri Lanka
526,Tt Lavinuwa,Sri Lanka
527,Tta,Sri Lanka
528,Ttala,Sri Lanka
529,Ttala-Mount Ped,Sri Lanka
530,Ttalaniyawa,Sri Lanka
531,Ttale,Sri Lanka
532,Ttalee,Sri Lanka
533,Ttara,Sri Lanka
534,Ttba,Sri Lanka
535,Ttegalle,Sri Lanka
536,Ttegama,Sri Lanka
537,Ttgalle,Sri Lanka
538,Ttgara,Sri Lanka
539,Tticaloa,Sri Lanka
540,Ttla,Sri Lanka
541,Ttlangoda,Sri Lanka
542,Ttlea,Sri Lanka
543,Ttlegama,Sri Lanka
544,Ttnapuradhapura,Sri Lanka
545,Tton,Sri Lanka
546,Ttra,Sri Lanka
547,Ttradhapura,Sri Lanka
548,Ttregalle,Sri Lanka
549,Tttale,Sri Lanka
550,Tttegama,Sri Lanka
551,Tulangalle,Sri Lanka
552,Tvla,Sri Lanka
553,Tvlam,Sri Lanka
554,Tvleriya,Sri Lanka
555,Tvna South,Sri Lanka
556,Twlaliya,Sri Lanka
557,Ufna,Sri Lanka
558,Ulva  Ihala,Sri Lanka
559,Utara,Sri Lanka
560,Utla,Sri Lanka
561,Utlalie,Sri Lanka
562,Utnapuralutara,Sri Lanka
563,Utta,Sri Lanka
564,Uttala,Sri Lanka
565,Uttara,Sri Lanka
566,Uttara Ela,Sri Lanka
567,Vinia,Sri Lanka
568,Vinuwara,Sri Lanka
569,Vlni,Sri Lanka
570,Vlura,Sri Lanka
571,Vn Ula,Sri Lanka
572,Vn Uniyo,Sri Lanka
573,Vnfna,Sri Lanka
574,Vnnuwara,Sri Lanka
575,Vnr Town,Sri Lanka
576,Vnt Pedro,Sri Lanka
577,Vnu Aagama,Sri Lanka
578,Vnu Argmulla,Sri Lanka
579,Vnu L,Sri Lanka
580,Vnu Tawgyll,Sri Lanka
581,Vnura,Sri Lanka
582,Vr Uwangoda,Sri Lanka
583,Wtdlaniya,Sri Lanka
584,Wtilawattalee,Sri Lanka
585,Wtlle,Sri Lanka
586,Wtngalle,Sri Lanka
587,Wtttala Ihalani,Sri Lanka
588,Wtttala-Mount L,Sri Lanka
589,Yilawatta,Sri Lanka
590,Yiya,Sri Lanka
591,Yiyapitiya,Sri Lanka
592,Ylwa,Sri Lanka
593,Yra,Sri Lanka
594,Yta,Sri Lanka
595,Ytwala Junction,Sri Lanka
