,Name,Origin
0,  Abu Jibeha,Sudan
1,  An Az Zaki,Sudan
2,  As Llkmar,Sudan
3,  Atbarabba,Sudan
4,  Au  Ijlad,Sudan
5,  Aw Kas,Sudan
6,  Awakin,Sudan
7,  Dumeh,Sudan
8,  Had,Sudan
9,  Harbiyyin,Sudan
10,  Ijlad,Sudan
11,  Jtdalti,Sudan
12,  Ktramiyyin,Sudan
13,  Motaiarn,Sudan
14,  Qttoam,Sudan
15,  Rwa,Sudan
16,  Twaling,Sudan
17,  Wah,Sudan
18,  `Arakiyya,Sudan
19, A  Mttaaaqil,Sudan
20, Ad Az Zakiyyin,Sudan
21, Agar,Sudan
22, Agwr,Sudan
23, Ah `Arakiyyin,Sudan
24, Ai Jldd,Sudan
25, Al Fasher,Sudan
26, Al Kaddadah,Sudan
27, Al `Arakin,Sudan
28, Am  Atbmr,Sudan
29, Am `Arabbah,Sudan
30, As Jl  Aw H,Sudan
31, Atbarabbah,Sudan
32, Au  Ijlad,Sudan
33, Bad,Sudan
34, Bah,Sudan
35, Barabbah,Sudan
36, Bbu,Sudan
37, Bu Jibeha,Sudan
38, Burjoba,Sudan
39, D Dabba,Sudan
40, D Dabbah,Sudan
41, D Daein,Sudan
42, D Douiem,Sudan
43, Dabba,Sudan
44, Dabbah,Sudan
45, Dadah,Sudan
46, Dadtilmiyya,Sudan
47, Dddoda,Sudan
48, Deui,Sudan
49, Dugli,Sudan
50, Erdi,Sudan
51, Erowe,Sudan
52, Fasher,Sudan
53, Flsa,Sudan
54, Fula,Sudan
55, Fulah,Sudan
56, Gar,Sudan
57, Gaw,Sudan
58, Gharbiyya,Sudan
59, Gharbiyyin,Sudan
60, Ghartoum,Sudan
61, Gil,Sudan
62, Gir,Sudan
63, Gla,Sudan
64, Gowa,Sudan
65, Gsweliiyya,Sudan
66, Gwa,Sudan
67, Harbiyya,Sudan
68, Hasaheisa,Sudan
69, Hasallamiyyin,Sudan
70, Hilaling,Sudan
71, Hilalingei,Sudan
72, Hilaliyya,Sudan
73, Ijlad,Sudan
74, Illing,Sudan
75, Imbah,Sudan
76, Imjiuda,Sudan
77, In Az Zaki,Sudan
78, Indar,Sudan
79, Ing,Sudan
80, Ingei,Sudan
81, Jibeha,Sudan
82, K Sasala,Sudan
83, Kab,Sudan
84, Kah,Sudan
85, Kas,Sudan
86, Kawakin,Sudan
87, Kddadah,Sudan
88, Kiremit Al `Ar,Sudan
89, L Fula,Sudan
90, L Gharbiyya,Sudan
91, L Ghartoum,Sudan
92, L Hasaheisa,Sudan
93, L Hilalingei,Sudan
94, L Hilaliyya,Sudan
95, L Kaddadah,Sudan
96, L Kadugli,Sudan
97, L Kawah,Sudan
98, L Kiremit Al `,Sudan
99, L Lagowa,Sudan
100, L Mana,Sudan
101, L Masaheisa,Sudan
102, L Matama,Sudan
103, L Mijlad,Sudan
104, L Nasallamiyya,Sudan
105, L Sadah,Sudan
106, L Saslaling,Sudan
107, L Tama,Sudan
108, L Tinanaqil,Sudan
109, L Uah,Sudan
110, L Yin,Sudan
111, Lagowa,Sudan
112, Lakinana,Sudan
113, Lan,Sudan
114, Latizlilyin,Sudan
115, Lawik,Sudan
116, Ldkidendi,Sudan
117, Lggo,Sudan
118, Ling,Sudan
119, Lka,Sudan
120, Lmtiuln,Sudan
121, Lsnala,Sudan
122, Lun,Sudan
123, M  As Her,Sudan
124, M  Atbara,Sudan
125, M  Atbarabbah,Sudan
126, M  Aw ,Sudan
127, M  Aw H,Sudan
128, M  Aw Kin,Sudan
129, M  Awah,Sudan
130, M Raki,Sudan
131, M Toum,Sudan
132, M`Nar,Sudan
133, Mana,Sudan
134, Manaqil,Sudan
135, Masaheisa,Sudan
136, Masala,Sudan
137, Masallamiyya,Sudan
138, Matama,Sudan
139, Mijlad,Sudan
140, Mm Kawaki,Sudan
141, Mttaaabak,Sudan
142, Mttaaazaki,Sudan
143, Mu Jibeha,Sudan
144, N Al `Araki,Sudan
145, N Ar Al Matama,Sudan
146, N Az Zakin,Sudan
147, N Kiremit Al `,Sudan
148, N Nuhud,Sudan
149, N Ur Odg,Sudan
150, N Urgo,Sudan
151, Nad,Sudan
152, Nadah,Sudan
153, Nana,Sudan
154, Nrarabbah,Sudan
155, Nur,Sudan
156, Obeit,Sudan
157, Ougei,Sudan
158, Our,Sudan
159, Qil,Sudan
160, Qitena,Sudan
161, Qrtoum,Sudan
162, R Rawah,Sudan
163, Rahad,Sudan
164, Rawa,Sudan
165, Rawah,Sudan
166, Rawaki,Sudan
167, Rawakiyyin,Sudan
168, Riheisa,Sudan
169, Sasallamiyya,Sudan
170, Sawl,Sudan
171, Sbulj,Sudan
172, Strlo,Sudan
173, Stwlling,Sudan
174, Swllingei,Sudan
175, Swweii,Sudan
176, Tbara,Sudan
177, Tbarabba,Sudan
178, Tbarabbah,Sudan
179, Ul ,Sudan
180, Ur Our,Sudan
181, Ur Yla,Sudan
182, Ur Yln,Sudan
183, Uraymah,Sudan
184, Urgo,Sudan
185, Wingei,Sudan
186, Yahad,Sudan
187, Yana,Sudan
188, Yasaheisa,Sudan
189, Yasala,Sudan
190, Yatama,Sudan
191, Yin,Sudan
192, Z  Aw ,Sudan
193, Z Damer,Sudan
194, Z Kar,Sudan
195, `Araki,Sudan
196, `Arakin,Sudan
197, `Arakiyya,Sudan
198, `Arakiyyin,Sudan
199,A Rahad,Sudan
200,Ad Az Zaki,Sudan
201,Ad Rahad,Sudan
202,Al `Araki,Sudan
203,Al `Arakiyyin,Sudan
204,Am `Arabba,Sudan
205,An `Arakiyya,Sudan
206,Atbarabba,Sudan
207,B Ahud,Sudan
208,Bba,Sudan
209,Bbah,Sudan
210,Bbu,Sudan
211,Bbuh,Sudan
212,Bd Az Zakin,Sudan
213,Bd Az Zakiyyin,Sudan
214,Bu Jibeha,Sudan
215,Burjob ,Sudan
216,Burjobg,Sudan
217,Burjobu,Sudan
218,Burjoburjob ,Sudan
219,Burjoburjoberdi,Sudan
220,Burjoburjoburjo,Sudan
221,Burjou ,Sudan
222,Burjou Eij,Sudan
223,D Az Zaki,Sudan
224,D Az Zakin,Sudan
225,D Az Zakiyya,Sudan
226,D Az Zakiyyin,Sudan
227,D Daein,Sudan
228,D Douiem,Sudan
229,D La ,Sudan
230,D Rahad,Sudan
231,D Rawah,Sudan
232,D Rawaki,Sudan
233,Dmillingei,Sudan
234,Dmlekiiem,Sudan
235,Eggd,Sudan
236,Ein,Sudan
237,Emit Al `Arakin,Sudan
238,Fasher,Sudan
239,Fl Aa `Araki,Sudan
240,Fllamiyya,Sudan
241,Fllamiyyin,Sudan
242,Fllumiyyin,Sudan
243,Flsa,Sudan
244,Fngal,Sudan
245,Fula,Sudan
246,Fulah,Sudan
247,Gbi,Sudan
248,Gdi,Sudan
249,Gei,Sudan
250,Ger,Sudan
251,Gher,Sudan
252,Gil,Sudan
253,Giy,Sudan
254,Gli,Sudan
255,Gmi,Sudan
256,Goda,Sudan
257,Gola,Sudan
258,Gowa,Sudan
259,Gwi,Sudan
260,Gyi,Sudan
261,H Aawa,Sudan
262,H Lasijlad,Sudan
263,Hala,Sudan
264,Heisa,Sudan
265,Her,Sudan
266,Hilaling,Sudan
267,Hilalingei,Sudan
268,Hilaliyya,Sudan
269,Hilaliyyin,Sudan
270,Hlai,Sudan
271,Hlilyin,Sudan
272,Hllamiyya,Sudan
273,Hur,Sudan
274,Iblh,Sudan
275,Il Ing,Sudan
276,Il Lingei,Sudan
277,Illingei,Sudan
278,Ilnin,Sudan
279,Ing,Sudan
280,Ingei,Sudan
281,Iurno,Sudan
282,Iyya,Sudan
283,Jibeha,Sudan
284,K Auraymah,Sudan
285,K Ijlad,Sudan
286,K Yasallamiyyin,Sudan
287,Kassala,Sudan
288,Kin,Sudan
289,Kinana,Sudan
290,Kiyyin,Sudan
291,Klssallamiyya,Sudan
292,Kqise,Sudan
293,L  Aw ,Sudan
294,L  Ijlad,Sudan
295,L Aad,Sudan
296,L Damtiuln,Sudan
297,L Dastolm,Sudan
298,L Eij,Sudan
299,L Fasher,Sudan
300,L Fula,Sudan
301,L Fulah,Sudan
302,L Gaw,Sudan
303,L Gharbiyya,Sudan
304,L Ghartoum,Sudan
305,L Gowa,Sudan
306,L Hasaheisa,Sudan
307,L Hilaliyya,Sudan
308,L Ingei,Sudan
309,L Iuniola,Sudan
310,L Kadugli,Sudan
311,L Kawah,Sudan
312,L Kawaki,Sudan
313,L Kawakin,Sudan
314,L Kiremit Al `A,Sudan
315,L Lagowa,Sudan
316,L Lamiyya,Sudan
317,L Latijlad,Sudan
318,L Lingei,Sudan
319,L Ma Kadugli,Sudan
320,L Mana,Sudan
321,L Manaqil,Sudan
322,L Masaheisa,Sudan
323,L Mat,Sudan
324,L Mijlad,Sudan
325,L Nad,Sudan
326,L Ninanaqil,Sudan
327,L Qitena,Sudan
328,L Rakin,Sudan
329,L Rowa,Sudan
330,L Sadeid,Sudan
331,L Tilmiyya,Sudan
332,L Tinana,Sudan
333,L Ua Ak ,Sudan
334,L Uad,Sudan
335,L Uadah,Sudan
336,L Uinmnr,Sudan
337,L Wasinlar,Sudan
338,L `Arakin,Sudan
339,L `Arakiyya,Sudan
340,L `Arakiyyin,Sudan
341,Lggo,Sudan
342,Ll Ma Kawaki,Sudan
343,M  A Wakin,Sudan
344,M  Abu Jibeha,Sudan
345,M  Ar Al Mijlad,Sudan
346,M  As Her,Sudan
347,M  As Llwm,Sudan
348,M  As Rahad,Sudan
349,M  Asoher,Sudan
350,M  Atbara,Sudan
351,M  Atbarabbah,Sudan
352,M  Atbmr,Sudan
353,M  Aw ,Sudan
354,M  Aw H,Sudan
355,M  Aw Harbiyya,Sudan
356,M  Aw Hbr,Sudan
357,M  Aw Kin,Sudan
358,M  Awa,Sudan
359,M  Awah,Sudan
360,M  Awakiyya,Sudan
361,M Gar,Sudan
362,M Gas,Sudan
363,M Gaw,Sudan
364,M Ijlad,Sudan
365,M Jar Al Gharto,Sudan
366,M Jar Al Lagowa,Sudan
367,M Kadugli,Sudan
368,M Kawakin,Sudan
369,Marabba,Sudan
370,Mdir,Sudan
371,Meiu Nin,Sudan
372,Mgil,Sudan
373,Minana,Sudan
374,Minanaqil,Sudan
375,Mirambah,Sudan
376,Miremit Al `Ara,Sudan
377,Mkradmad,Sudan
378,Mm Kaddadah,Sudan
379,Mm Kadugli,Sudan
380,Mm Kawa,Sudan
381,Mm Kawah,Sudan
382,Mm Kawaki,Sudan
383,Mm Kawakiyya,Sudan
384,Mrara,Sudan
385,Mringei,Sudan
386,Mriumiyyin,Sudan
387,Muraymah,Sudan
388,N Al `Araki,Sudan
389,N Al `Arakin,Sudan
390,N Al `Arakiyya,Sudan
391,N An Ar Al Mata,Sudan
392,N Ar Al Fasher,Sudan
393,N Ar Al Hasahei,Sudan
394,N Ar Al Hasalla,Sudan
395,N Ar Al Mana,Sudan
396,N Ar Al Masalla,Sudan
397,N Argo,Sudan
398,N Az Zaki,Sudan
399,N Az Zakin,Sudan
400,N Az Zakiyya,Sudan
401,N Gowa,Sudan
402,N I,Sudan
403,N Ijlad,Sudan
404,N Il Lamiyya,Sudan
405,N Iuli,Sudan
406,N Iuna,Sudan
407,N Iunnorarbiyya,Sudan
408,N Iunnoreoii,Sudan
409,N Iurno,Sudan
410,N Izlaqil,Sudan
411,N Nuhud,Sudan
412,N Qil,Sudan
413,N Rahad,Sudan
414,N Rawah,Sudan
415,N Rawakin,Sudan
416,N `Arakin,Sudan
417,Ndalti,Sudan
418,Ndar,Sudan
419,Ngal,Sudan
420,Nkar,Sudan
421,Obbihyit,Sudan
422,Obeid,Sudan
423,Obeit,Sudan
424,Od ,Sudan
425,Okar,Sudan
426,Okir,Sudan
427,Q Latimmh,Sudan
428,Qil,Sudan
429,Qitena,Sudan
430,Qrbeid,Sudan
431,Qreoii,Sudan
432,R Ah `Bra,Sudan
433,R Al Kiremit Al,Sudan
434,R Al Mana,Sudan
435,R Al Matama,Sudan
436,R Bad,Sudan
437,R Bah,Sudan
438,R Bat,Sudan
439,Rbarabba,Sudan
440,Rburjou ,Sudan
441,Rbuyji,Sudan
442,Rgo,Sudan
443,Ribeha,Sudan
444,Riymah,Sudan
445,S Al Fula,Sudan
446,S Lasallamiyyin,Sudan
447,S Llfahhad,Sudan
448,S Llkmarabbah,Sudan
449,S Llnin,Sudan
450,S Llti,Sudan
451,S Rloyi,Sudan
452,S Wabikyyya,Sudan
453,Salagher,Sudan
454,Salahilaliyya,Sudan
455,Sbllamiyya,Sudan
456,Sjlldin,Sudan
457,Sllling,Sudan
458,Sokar,Sudan
459,Soker,Sudan
460,Srllamiyya,Sudan
461,Srlling,Sudan
462,Srllingei,Sudan
463,Ssala,Sudan
464,Ssllling,Sudan
465,Sullhmit Al `Ar,Sudan
466,Szlling,Sudan
467,Tbara,Sudan
468,Tbarabba,Sudan
469,Tbarabbah,Sudan
470,U Ling,Sudan
471,U `Araki,Sudan
472,Umiingei,Sudan
473,Ur Olw,Sudan
474,Ur Ylti,Sudan
475,Urgo,Sudan
476,W Gaw,Sudan
477,W Hilalingei,Sudan
478,W Kah,Sudan
479,Wodai,Sudan
480,Wrkiyyin,Sudan
481,Y A,Sudan
482,Y Ah `Araki,Sudan
483,Y Ah `Arakin,Sudan
484,Y Ah `Arakiyya,Sudan
485,Y Aheisa,Sudan
486,Yana,Sudan
487,Yin,Sudan
488,Ymah,Sudan
489,Ymihya,Sudan
490,Yna,Sudan
491,Yya,Sudan
492,Yyin,Sudan
493,Z Lingei,Sudan
