,Name,Origin
0,Abo,Sweden
1,Abr,Sweden
2,Aden,Sweden
3,Adersborg,Sweden
4,Aderstorp,Sweden
5,Adertaelv,Sweden
6,Ael,Sweden
7,Aerdet,Sweden
8,Afrsdors,Sweden
9,Ala,Sweden
10,Ale,Sweden
11,Alganas,Sweden
12,All,Sweden
13,Alla,Sweden
14,Alle,Sweden
15,Alleftea,Sweden
16,Alo,Sweden
17,Alr,Sweden
18,Altorp,Sweden
19,Amhall,Sweden
20,Amma,Sweden
21,Ammarkullsjoelv,Sweden
22,Amn,Sweden
23,Amo,Sweden
24,Amra,Sweden
25,Amti,Sweden
26,Aoelvesborg,Sweden
27,Apirg,Sweden
28,Are,Sweden
29,Argardsteras,Sweden
30,Arloev,Sweden
31,Arlshammar,Sweden
32,Arlshamn,Sweden
33,Arma,Sweden
34,Atdrn,Sweden
35,Atei,Sweden
36,Atrinehofmrs,Sweden
37,Atrineholmen,Sweden
38,Berg,Sweden
39,Bergsholm,Sweden
40,Bfdet,Sweden
41,Bro,Sweden
42,Bromoella,Sweden
43,Bybergsholm,Sweden
44,Byboeganas,Sweden
45,Bytea,Sweden
46,Darosmra,Sweden
47,Davoe,Sweden
48,Den,Sweden
49,Dersborg,Sweden
50,Derstorp,Sweden
51,Dertaelje,Sweden
52,Dertaelv,Sweden
53,Dertaelvesborg,Sweden
54,Ding,Sweden
55,Dinge,Sweden
56,Dingoe,Sweden
57,Dllrjoslljungsu,Sweden
58,Dors,Sweden
59,Dulby,Sweden
60,Dungsund,Sweden
61,Dva,Sweden
62,E#Sjoe,Sweden
63,Eby,Sweden
64,Ederstorp,Sweden
65,Eflostroem,Sweden
66,Efstranaes,Sweden
67,Eftea,Sweden
68,Eganaestaden,Sweden
69,Eganaestenungsh,Sweden
70,Eganas,Sweden
71,Egeltorp,Sweden
72,Ehamra,Sweden
73,Ekulling,Sweden
74,Elje,Sweden
75,Ellen,Sweden
76,Ellhnungshammar,Sweden
77,Elljunga,Sweden
78,Elljustineholm,Sweden
79,Eras,Sweden
80,Erbbo,Sweden
81,Erby,Sweden
82,Erjesten,Sweden
83,Erkelljungsham,Sweden
84,Erkelljungsund,Sweden
85,Erlaenersborg,Sweden
86,Erlaenerstorp,Sweden
87,Erlaenge,Sweden
88,Erland,Sweden
89,Erlanda,Sweden
90,Erlandertaelje,Sweden
91,Erlandskrona,Sweden
92,Erna,Sweden
93,Ersborg,Sweden
94,Erstorp,Sweden
95,Ertaelv,Sweden
96,Erustiansta,Sweden
97,Estad,Sweden
98,Esteras,Sweden
99,Etranden,Sweden
100,Eune,Sweden
101,Eungsund,Sweden
102,Evde,Sweden
103,Evgaelje,Sweden
104,Farshammar,Sweden
105,Fdet,Sweden
106,Fdsteras,Sweden
107,Fjoe,Sweden
108,Fleftea,Sweden
109,Flesta,Sweden
110,Flssbro,Sweden
111,Flssi,Sweden
112,Flssjoe,Sweden
113,Flssten,Sweden
114,Flssteras,Sweden
115,Flstuna,Sweden
116,Fltsfred,Sweden
117,Frer,Sweden
118,Fshrlmen,Sweden
119,Fskella,Sweden
120,Fstra,Sweden
121,Fstranaes,Sweden
122,Fstranas,Sweden
123,Fstroem,Sweden
124,Ftra,Sweden
125,Ftranaesta,Sweden
126,Ftrand,Sweden
127,Ftranda,Sweden
128,Ftrandskrona,Sweden
129,Ftsara,Sweden
130,Gaelje,Sweden
131,Gaelvesborg,Sweden
132,Gaer,Sweden
133,Gaernamo,Sweden
134,Gall,Sweden
135,Ganaessjoelv,Sweden
136,Ganaesta,Sweden
137,Ganaestad,Sweden
138,Ganaestenungsun,Sweden
139,Ganas,Sweden
140,Garda,Sweden
141,Gardstenungshol,Sweden
142,Gardsteras,Sweden
143,Ged,Sweden
144,Gertaelv,Sweden
145,Gjoerlaenerstor,Sweden
146,Gjunga,Sweden
147,Gjungaelje,Sweden
148,Glaved,Sweden
149,Glostroem,Sweden
150,Goelv,Sweden
151,Gshamn,Sweden
152,Gshamra,Sweden
153,Gsholm,Sweden
154,Gstorp,Sweden
155,Guna,Sweden
156,Hamma,Sweden
157,Hammarkulle,Sweden
158,Hamn,Sweden
159,Hamra,Sweden
160,Hde,Sweden
161,Hden,Sweden
162,Helleftea,Sweden
163,Helljungshammar,Sweden
164,Hjo,Sweden
165,Hjoelleftea,Sweden
166,Hkara,Sweden
167,Hlje,Sweden
168,Hllered,Sweden
169,Hmmo,Sweden
170,Holm,Sweden
171,Holmen,Sweden
172,Hsborg,Sweden
173,Hshamn,Sweden
174,Hshamra,Sweden
175,Hultsfred,Sweden
176,Iby,Sweden
177,Idehamn,Sweden
178,Idehamra,Sweden
179,Idehslrby,Sweden
180,Iding,Sweden
181,Idingoe,Sweden
182,Illeftea,Sweden
183,Illered,Sweden
184,Irstorp,Sweden
185,Isksaetra,Sweden
186,Isksaetranaes,Sweden
187,Isksaetranda,Sweden
188,Istinehamn,Sweden
189,Istinehamra,Sweden
190,Jbynge,Sweden
191,Jdertaelv,Sweden
192,Jekolv,Sweden
193,Jekolvesborg,Sweden
194,Jgoe,Sweden
195,Jmkulle,Sweden
196,Jmkulleftea,Sweden
197,Jnkoev,Sweden
198,Joe,Sweden
199,Joederstorp,Sweden
200,Joelby,Sweden
201,Joella,Sweden
202,Joelleftea,Sweden
203,Joellen,Sweden
204,Joellered,Sweden
205,Joelljunga,Sweden
206,Joelv,Sweden
207,Joelvesborg,Sweden
208,Joer,Sweden
209,Joerby,Sweden
210,Joerlaenersborg,Sweden
211,Joerlaenerstorp,Sweden
212,Joerlaenge,Sweden
213,Joerland,Sweden
214,Jrkoepingoe,Sweden
215,Jro,Sweden
216,Jsnranaessjoelv,Sweden
217,Jtkorp,Sweden
218,Junga,Sweden
219,Jungaerdet,Sweden
220,Jungaerjesta,Sweden
221,Jungshamn,Sweden
222,Junkeflostra,Sweden
223,Kaerjesta,Sweden
224,Karp,Sweden
225,Karsholm,Sweden
226,Kelljungsund,Sweden
227,Kerby,Sweden
228,Kerlanda,Sweden
229,Kil,Sweden
230,Kilstuna,Sweden
231,Kiruna,Sweden
232,Kis,Sweden
233,Kmlle,Sweden
234,Kmlleftea,Sweden
235,Koeping,Sweden
236,Koev,Sweden
237,Koevde,Sweden
238,Korp,Sweden
239,Kristianstad,Sweden
240,Kskaer,Sweden
241,Kurlhenkoev,Sweden
242,Kurshamn,Sweden
243,Laby,Sweden
244,Lahamn,Sweden
245,Laholm,Sweden
246,Landa,Sweden
247,Landskrona,Sweden
248,Laparanden,Sweden
249,Laved,Sweden
250,Lden,Sweden
251,Lenkoeping,Sweden
252,Lered,Sweden
253,Lflsstenungshol,Sweden
254,Lfors,Sweden
255,Lfossborg,Sweden
256,Lfstvde,Sweden
257,Ljo,Sweden
258,Ljoe,Sweden
259,Ljungshamn,Sweden
260,Ljungsund,Sweden
261,Lkunkeflostrana,Sweden
262,Lla,Sweden
263,Lle,Sweden
264,Lleftea,Sweden
265,Llen,Sweden
266,Llered,Sweden
267,Lljungaerjesta,Sweden
268,Lljungsund,Sweden
269,Llsjoelby,Sweden
270,Lmoelby,Sweden
271,Lndertaelvesbor,Sweden
272,Lnevall,Sweden
273,Lnge,Sweden
274,Loev,Sweden
275,Loevde,Sweden
276,Loevgaelje,Sweden
277,Loevgaerjestera,Sweden
278,Lofstroem,Sweden
279,Ltdersborg,Sweden
280,Ltfrna,Sweden
281,Lungaerdet,Sweden
282,Luni,Sweden
283,Mal,Sweden
284,Mar,Sweden
285,Mbo,Sweden
286,Mdersborg,Sweden
287,Mel,Sweden
288,Mer,Sweden
289,Mgard,Sweden
290,Mgardsten,Sweden
291,Mjoer,Sweden
292,Mjoerby,Sweden
293,Mjornamo,Sweden
294,Mla Uppsala,Sweden
295,Mlje,Sweden
296,Mlljungsund,Sweden
297,Mma,Sweden
298,Moe,Sweden
299,Moelby,Sweden
300,Moelleftea,Sweden
301,Moellered,Sweden
302,Molle,Sweden
303,Morlandersborg,Sweden
304,Mra,Sweden
305,Mun,Sweden
306,Muna,Sweden
307,Naes,Sweden
308,Nbro,Sweden
309,Negsta,Sweden
310,Neras,Sweden
311,Nersborg,Sweden
312,Nerstorp,Sweden
313,Nftsaetra,Sweden
314,Ngaelje,Sweden
315,Nge,Sweden
316,Ning,Sweden
317,Njoe,Sweden
318,Nkullen,Sweden
319,Noesborg,Sweden
320,Nprona,Sweden
321,Nursholm,Sweden
322,Oarshamn,Sweden
323,Oebs,Sweden
324,Oedersborg,Sweden
325,Oedertaelv,Sweden
326,Oeganaes,Sweden
327,Oeganaestad,Sweden
328,Oek,Sweden
329,Oella,Sweden
330,Oelle,Sweden
331,Oelljungsund,Sweden
332,Oelvesborg,Sweden
333,Oer,Sweden
334,Oerby,Sweden
335,Oerlaenge,Sweden
336,Oerland,Sweden
337,Oev,Sweden
338,Oevgaelje,Sweden
339,Ofstra,Sweden
340,Ofstroem,Sweden
341,Olle,Sweden
342,Olleftea,Sweden
343,Ollen,Sweden
344,Ollered,Sweden
345,Oloev,Sweden
346,Omra,Sweden
347,Ora,Sweden
348,Org,Sweden
349,Orlaenersborg,Sweden
350,Orp,Sweden
351,Orsa,Sweden
352,Ping,Sweden
353,Pinge,Sweden
354,Pingoe,Sweden
355,Pirg,Sweden
356,Pirgshamn,Sweden
357,Pirp,Sweden
358,Ple,Sweden
359,Porby,Sweden
360,Proem,Sweden
361,Prte,Sweden
362,Ptra,Sweden
363,Ptranas,Sweden
364,Ram,Sweden
365,Rama,Sweden
366,Ramda,Sweden
367,Ramma,Sweden
368,Rammarkullsjoe,Sweden
369,Ranaesta,Sweden
370,Ranas,Sweden
371,Rand,Sweden
372,Randa,Sweden
373,Randen,Sweden
374,Randerstorp,Sweden
375,Randskrona,Sweden
376,Ridehamn,Sweden
377,Rineholm,Sweden
378,Ristiansta,Sweden
379,Ristinehammarku,Sweden
380,Roem,Sweden
381,Rshamn,Sweden
382,Rsholmen,Sweden
383,Rstorp,Sweden
384,Rtoepingoe,Sweden
385,Runa,Sweden
386,Sama,Sweden
387,Sdertaelje,Sweden
388,Segeltorp,Sweden
389,Serjestaden,Sweden
390,Sertaelje,Sweden
391,Sgatrinehamra,Sweden
392,Shammarkullsjoe,Sweden
393,Shamn,Sweden
394,Sikaved,Sweden
395,Sina,Sweden
396,Skaerby,Sweden
397,Skare,Sweden
398,Skarshamn,Sweden
399,Skelleftea,Sweden
400,Skoev,Sweden
401,Slaved,Sweden
402,Sljo,Sweden
403,Soederstorp,Sweden
404,Soelby,Sweden
405,Srjoelby,Sweden
406,Sshamn,Sweden
407,Sten,Sweden
408,Stenungsund,Sweden
409,Steras,Sweden
410,Stiansta,Sweden
411,Stianstaden,Sweden
412,Stineholm,Sweden
413,Sttra,Sweden
414,Surahamn,Sweden
415,Surte,Sweden
416,Svalle,Sweden
417,Svalleftea,Sweden
418,Tella,Sweden
419,Teras,Sweden
420,Tfrsdors,Sweden
421,Tinehamn,Sweden
422,Tineholm,Sweden
423,Tineholmen,Sweden
424,Tipna,Sweden
425,Tlljungsund,Sweden
426,Tlllfjos,Sweden
427,Torp,Sweden
428,Tra,Sweden
429,Trinehamn,Sweden
430,Trineholm,Sweden
431,Troem,Sweden
432,Tullsjoe,Sweden
433,Tuna,Sweden
434,Uddevall,Sweden
435,Udiksvall,Sweden
436,Udiksvallen,Sweden
437,Ueltorp,Sweden
438,Uhakrbo,Sweden
439,Ullen,Sweden
440,Ullinge,Sweden
441,Ullsjoe,Sweden
442,Ullsjoelby,Sweden
443,Ullsjoelljunga,Sweden
444,Ullsjoelvesborg,Sweden
445,Umja,Sweden
446,Umkara,Sweden
447,Umna,Sweden
448,Umra,Sweden
449,Und,Sweden
450,Unden,Sweden
451,Unga,Sweden
452,Ungaelje,Sweden
453,Ungaelvesborg,Sweden
454,Ungaerdet,Sweden
455,Ungaerjesta,Sweden
456,Ungaerjesteras,Sweden
457,Ungaernamo,Sweden
458,Ungshamn,Sweden
459,Ungshamra,Sweden
460,Ungsholm,Sweden
461,Ungsholmen,Sweden
462,Ungsund,Sweden
463,Uni,Sweden
464,Unkeflostrand,Sweden
465,Uolkerstorp,Sweden
466,Urdet,Sweden
467,Uriheltorp,Sweden
468,Uriheping,Sweden
469,Urihet,Sweden
470,Urihlpmn,Sweden
471,Uriholm,Sweden
472,Urihopmr,Sweden
473,Urihopmra,Sweden
474,Urihstianstad,Sweden
475,Urihtpranden,Sweden
476,Uristiansta,Sweden
477,Uristianstaden,Sweden
478,Uristineholmen,Sweden
479,Urkelljungsund,Sweden
480,Ursholmen,Sweden
481,Uskvarna,Sweden
482,Utiknvesborg,Sweden
483,Utikrva,Sweden
484,Uunkeflostroem,Sweden
485,Uviastroem,Sweden
486,Vaerna,Sweden
487,Vall,Sweden
488,Valla,Sweden
489,Valleftea,Sweden
490,Varby,Sweden
491,Vde,Sweden
492,Veg,Sweden
493,Verby,Sweden
494,Vgaerna,Sweden
495,Vgaernamo,Sweden
496,Vlered,Sweden
497,Voeganaeshamra,Sweden
498,Vorg,Sweden
499,Vullen,Sweden
500,Vurby,Sweden
501,Vussvalla,Sweden
502,Ybro,Sweden
