,Name,Origin
0, 0)An,Switzerland
1, Dorf,Switzerland
2, Ex,Switzerland
3, Fhausanne,Switzerland
4, Lo,Switzerland
5, Mrrich (Kreis ,Switzerland
6, Ober-Ustern,Switzerland
7, Ol Interswil,Switzerland
8, Olaigterthur,Switzerland
9, P(Rlesheim,Switzerland
10, Pkon,Switzerland
11, Rlobagez,Switzerland
12, Tourgdorf,Switzerland
13, Valnenber-Uste,Switzerland
14,) / Flunter,Switzerland
15,) / Hoengg,Switzerland
16,) / Hottigny-Vi,Switzerland
17,)En,Switzerland
18,)Ich (Kreis 10),Switzerland
19,)Ich (Kreis 11),Switzerland
20,)Nex,Switzerland
21,-Fonds,Switzerland
22,-Mitte,Switzerland
23,-Mohtern,Switzerland
24,-Mottigen,Switzerland
25,-Mottigen-Mitte,Switzerland
26,-Mottigenthalwi,Switzerland
27,-Mottigny-Ville,Switzerland
28,-Mottingen,Switzerland
29,-Mottingen-Mitt,Switzerland
30,-Mottingentfeld,Switzerland
31,-Uttenbuchs,Switzerland
32,0) / Fluntern,Switzerland
33,0)En,Switzerland
34,0-Mwthenbach,Switzerland
35,03) / Fluntersi,Switzerland
36,0Dep,Switzerland
37,0Derthur,Switzerland
38,0Esrich (Kreis ,Switzerland
39,0Eviberg,Switzerland
40,0Hapx,Switzerland
41,0Inter / Hottin,Switzerland
42,0Ll / Dorf,Switzerland
43,0Ndesterthur,Switzerland
44,0Ona,Switzerland
45,0P/Fbede-Fonds,Switzerland
46,0Tprach,Switzerland
47,0Wy (Urentfeld,Switzerland
48,11) / Wipkingen,Switzerland
49,13) / Wipkingen,Switzerland
50,1Ex,Switzerland
51,1Hegnau,Switzerland
52,1Inchen,Switzerland
53,1M0Swil / Dorf,Switzerland
54,1Olhontreux,Switzerland
55,1Uzwel,Switzerland
56,2) / Hoengg,Switzerland
57,2) / Wittenbach,Switzerland
58,2Hpnchen,Switzerland
59,2Taufen,Switzerland
60,3) / Deutweg,Switzerland
61,3) / Hoengg,Switzerland
62,3) / Seebach,Switzerland
63,3-Bougerich (Kr,Switzerland
64,5-Te-,Switzerland
65,5Ra-,Switzerland
66,6-De-Fonds,Switzerland
67,6-Wette,Switzerland
68,6Iswil,Switzerland
69,6Re-Toingen,Switzerland
70,7) / Hoengg,Switzerland
71,7-Mittenberg,Switzerland
72,A Chaux-De-Fond,Switzerland
73,A Chavannes,Switzerland
74,A Tour-De-Fonds,Switzerland
75,A Tour-De-Peilz,Switzerland
76,A1Treux,Switzerland
77,Aen,Switzerland
78,Ageoteinfelden,Switzerland
79,Aingen,Switzerland
80,Alotaingen,Switzerland
81,Ater / Hoengg,Switzerland
82,Aterswil,Switzerland
83,Atorrentfelden,Switzerland
84,Aurenthal,Switzerland
85,Ausanne,Switzerland
86,Ausen,Switzerland
87,Auzern,Switzerland
88,Awligen,Switzerland
89,Bach,Switzerland
90,Bach (Kreis 10),Switzerland
91,Bach (Kreis 11),Switzerland
92,Bach (Kreis 12),Switzerland
93,Bachen,Switzerland
94,Bachene-Bougeri,Switzerland
95,Becd,Switzerland
96,Berentfeld,Switzerland
97,Buchwil,Switzerland
98,Buchwyz,Switzerland
99,Burg,Switzerland
100,C Loengg,Switzerland
101,C Olgen,Switzerland
102,C-Mettigentreux,Switzerland
103,C5Los,Switzerland
104,Cach,Switzerland
105,Cchen,Switzerland
106,Cel,Switzerland
107,Cen,Switzerland
108,Cfelden,Switzerland
109,Ch (Kreis 10) /,Switzerland
110,Chdorf,Switzerland
111,Chen,Switzerland
112,Chlona,Switzerland
113,Chontruy,Switzerland
114,Chremx,Switzerland
115,Chter / Sihlfel,Switzerland
116,Chubelbach (Kre,Switzerland
117,Clen,Switzerland
118,Cnenberg,Switzerland
119,Coberentreux,Switzerland
120,Crikon,Switzerland
121,Ctenzburgdorf,Switzerland
122,Cvavnnn,Switzerland
123,Cwc3Lofa ,Switzerland
124,Cwil,Switzerland
125,Cyvanne,Switzerland
126,Cz9Anex,Switzerland
127,Czen,Switzerland
128,D1O)Ex,Switzerland
129,Daffikon,Switzerland
130,Darfich,Switzerland
131,Dberg,Switzerland
132,De-Fonds,Switzerland
133,De-Peilz,Switzerland
134,Debtrgue-Kotfkl,Switzerland
135,Den,Switzerland
136,Derth,Switzerland
137,Derthur,Switzerland
138,Dherm,Switzerland
139,Diggen,Switzerland
140,Dingen,Switzerland
141,Dingenthal,Switzerland
142,Dmette,Switzerland
143,Dne,Switzerland
144,Dorf,Switzerland
145,Dorfkern,Switzerland
146,Dornach,Switzerland
147,Dre)Lona,Switzerland
148,Drexx,Switzerland
149,Drikon,Switzerland
150,Drithen,Switzerland
151,Dvenn,Switzerland
152,Dwil,Switzerland
153,Dyon,Switzerland
154,E-Coul0Enr-De-F,Switzerland
155,E-Iowf,Switzerland
156,E-Mottigny-Vill,Switzerland
157,E-Mottingen,Switzerland
158,E5Ne-Bougerich ,Switzerland
159,E6S,Switzerland
160,Eang,Switzerland
161,Ehfng,Switzerland
162,Ehuz,Switzerland
163,Einhausen,Switzerland
164,Elwil / Seebach,Switzerland
165,Erh,Switzerland
166,Esheinhaux-De-F,Switzerland
167,Espexlo,Switzerland
168,Eyz,Switzerland
169,Ez /Ksich (Krei,Switzerland
170,F-D0-Fonds,Switzerland
171,F-U)Te,Switzerland
172,F7H /Ksccwin,Switzerland
173,Facfhausanne,Switzerland
174,Faffhausanne,Switzerland
175,Fchkornach,Switzerland
176,Fdenthalwil,Switzerland
177,Felden,Switzerland
178,Ffhausannes,Switzerland
179,Ffhausen,Switzerland
180,Ffhaux-De-Peilz,Switzerland
181,Fh3Tnenbuchs,Switzerland
182,Fhausanne,Switzerland
183,Fhausen,Switzerland
184,Fhaux-De-Peilz,Switzerland
185,Fhharfich (Krei,Switzerland
186,Fhlen,Switzerland
187,Fhutegnau,Switzerland
188,Flinzona,Switzerland
189,Flinzonay,Switzerland
190,Flona,Switzerland
191,Flunter,Switzerland
192,Flunter / Hoeng,Switzerland
193,Flunter / Witte,Switzerland
194,Foberg,Switzerland
195,Fprfheum,Switzerland
196,Fprilona,Switzerland
197,Fsingen,Switzerland
198,Fsntern,Switzerland
199,Fsutlen,Switzerland
200,Ftrumbach (Krei,Switzerland
201,Fwil,Switzerland
202,Fwurentreux,Switzerland
203,Fzbnrucis,Switzerland
204,G /Pdorfkernex,Switzerland
205,Gaaloengg,Switzerland
206,Ganl,Switzerland
207,Ganlesheim,Switzerland
208,Gen,Switzerland
209,Genlos,Switzerland
210,Ggen,Switzerland
211,Ggen-Mitte,Switzerland
212,Ggentruy,Switzerland
213,Ggrntcunlesheim,Switzerland
214,Ghal,Switzerland
215,Ghalwil,Switzerland
216,Gnag,Switzerland
217,Gnal,Switzerland
218,Gnan,Switzerland
219,Gny-Villen,Switzerland
220,Gtorrenlos,Switzerland
221,Gualatgen,Switzerland
222,Gullen,Switzerland
223,Gyan,Switzerland
224,Gyon,Switzerland
225,H (Kreis 9),Switzerland
226,H Nchene-Bouger,Switzerland
227,Hachene-Bougeri,Switzerland
228,Haefich (Kreis ,Switzerland
229,Hal,Switzerland
230,Havannes,Switzerland
231,Hdirchber-Uster,Switzerland
232,Hdorf,Switzerland
233,Hefm,Switzerland
234,Henbach,Switzerland
235,Heona,Switzerland
236,Hfch (Kreis 1),Switzerland
237,Hfchaffhausanne,Switzerland
238,Hhgentfelden,Switzerland
239,Hoberg,Switzerland
240,Hochdorf,Switzerland
241,Hochdorfkern,Switzerland
242,Hogex,Switzerland
243,Hpch (Kreis 3) ,Switzerland
244,Hpch (Kreis 7) ,Switzerland
245,Hpchiber-Usters,Switzerland
246,Hpenlos,Switzerland
247,Hpgerich (Kreis,Switzerland
248,Hpgnruish3Imend,Switzerland
249,Hpnccebendorf,Switzerland
250,Hpnccenbach,Switzerland
251,Hpnccenbuchs,Switzerland
252,Hpnccenbuchwame,Switzerland
253,Hpnchen,Switzerland
254,Hpnchene-Bouger,Switzerland
255,Hs C) ( Rau,Switzerland
256,Hschwil,Switzerland
257,Htgen,Switzerland
258,Htgenthalwil,Switzerland
259,Htreux,Switzerland
260,Hyo,Switzerland
261,Hzber-Usterthur,Switzerland
262,Hzberg,Switzerland
263,Hzgnnu,Switzerland
264,Hzwel,Switzerland
265,Ich (Kreis 9),Switzerland
266,Ikon,Switzerland
267,Ilz,Switzerland
268,Indisch,Switzerland
269,Ingen,Switzerland
270,Inningen,Switzerland
271,Inningen-Mitte,Switzerland
272,Intern,Switzerland
273,Interswil,Switzerland
274,Jinzona,Switzerland
275,Kcagvanne,Switzerland
276,Kon,Switzerland
277,Kt Martigen,Switzerland
278,Ktmmntruy,Switzerland
279,Kttnal,Switzerland
280,Lombey,Switzerland
281,Lpeahen,Switzerland
282,Lpnach,Switzerland
283,Lpnachen,Switzerland
284,Lpnachene-Bouge,Switzerland
285,M2Ndorf,Switzerland
286,Mfthal,Switzerland
287,Mggntur,Switzerland
288,Mhrchberg,Switzerland
289,Mintern,Switzerland
290,Mlttrgux-De-Pei,Switzerland
291,Mprs)Igzona,Switzerland
292,Mriswil,Switzerland
293,Mriswil / Dorf,Switzerland
294,Mriswil / Wipki,Switzerland
295,Mrttunberg,Switzerland
296,Mtrcublen,Switzerland
297,Mtrgub-Lonay,Switzerland
298,Mtthlona,Switzerland
299,Muttenbachen,Switzerland
300,N (Kreis 12) / ,Switzerland
301,N (Kreis 3) / H,Switzerland
302,N (Kreis 7) / O,Switzerland
303,N0Ohaes,Switzerland
304,Nach,Switzerland
305,Nau,Switzerland
306,Ncuenkirch,Switzerland
307,Nde,Switzerland
308,Ndorf,Switzerland
309,Ne-Bougerich,Switzerland
310,Ne-Bougerich (K,Switzerland
311,Nhe,Switzerland
312,Nkirchberg,Switzerland
313,Nol,Switzerland
314,Non,Switzerland
315,Nter / Sihlfeld,Switzerland
316,Nthalwil,Switzerland
317,Nwy-Nitgen,Switzerland
318,Nyon,Switzerland
319,O) ( (Kreis 9),Switzerland
320,Ober-Uster,Switzerland
321,Ober-Uster / De,Switzerland
322,Ober-Uster / Fl,Switzerland
323,Ober-Ustern,Switzerland
324,Ober-Usters,Switzerland
325,Ober-Ustersoix,Switzerland
326,Ober-Usterth,Switzerland
327,Oberenlos,Switzerland
328,Oberenthal,Switzerland
329,Oberentruy,Switzerland
330,Oberg,Switzerland
331,Oberichter / Ho,Switzerland
332,Off7Kpnnchene-B,Switzerland
333,Oh Ektecn,Switzerland
334,Ohaes,Switzerland
335,Ohaex,Switzerland
336,Ol En,Switzerland
337,Olden,Switzerland
338,Ollen,Switzerland
339,Olligen,Switzerland
340,Ollikon,Switzerland
341,Ona,Switzerland
342,P-Rrich (Kreis ,Switzerland
343,Palrthur,Switzerland
344,Pbachen,Switzerland
345,Pfaffhausen,Switzerland
346,Pkon,Switzerland
347,Pnccenbach,Switzerland
348,Pri)Wil,Switzerland
349,Prilombey,Switzerland
350,Prl)Bargrethen,Switzerland
351,Prlle,Switzerland
352,Prllen,Switzerland
353,Prllombey,Switzerland
354,Prllsngrnterswi,Switzerland
355,Pzbargrethen,Switzerland
356,Pzbargrethene-B,Switzerland
357,R / Flunter,Switzerland
358,R / Hoengg,Switzerland
359,Rau,Switzerland
360,Rcu,Switzerland
361,Renlos,Switzerland
362,Rgaalotaingen,Switzerland
363,Rich (Kreis 9),Switzerland
364,Rlobagerich (Kr,Switzerland
365,Rthur,Switzerland
366,Rtigen,Switzerland
367,Rtigny-Villerau,Switzerland
368,Ruchs,Switzerland
369,Ruchsee,Switzerland
370,Ruis 10) / Seeb,Switzerland
371,S Aigen,Switzerland
372,S Sogx,Switzerland
373,S Wig,Switzerland
374,Sachene-Bougeri,Switzerland
375,Sbafer,Switzerland
376,Sbeig,Switzerland
377,Schubelbach,Switzerland
378,Schwamendingen,Switzerland
379,Schwamendorf,Switzerland
380,Schwil,Switzerland
381,Sen,Switzerland
382,Senbach,Switzerland
383,Senberenlos,Switzerland
384,Senberg,Switzerland
385,Senbuchwyz,Switzerland
386,Sgarich (Kreis ,Switzerland
387,Shaffhausen,Switzerland
388,Shaffhaux-De-Fo,Switzerland
389,Shaffhaux-De-Pe,Switzerland
390,Shefm,Switzerland
391,Sissach,Switzerland
392,Sissach (Kreis ,Switzerland
393,Slzfhaux-De-Pei,Switzerland
394,Snach (Kreis 10,Switzerland
395,Snaf,Switzerland
396,Snan,Switzerland
397,Snas,Switzerland
398,Snaswil,Switzerland
399,Solxigen,Switzerland
400,Speilz,Switzerland
401,Sreis 7) / Ober,Switzerland
402,Ssen,Switzerland
403,Sssich (Kreis 7,Switzerland
404,Staifh,Switzerland
405,Steinfeld,Switzerland
406,Sussich (Kreis ,Switzerland
407,Sussiggen,Switzerland
408,Suzberenlos,Switzerland
409,Suzberg,Switzerland
410,Svafnigen,Switzerland
411,Svenn,Switzerland
412,Swil,Switzerland
413,Tauces,Switzerland
414,Taucesen,Switzerland
415,Taufen,Switzerland
416,Tbendisch,Switzerland
417,Tden,Switzerland
418,Tex,Switzerland
419,Tflonay,Switzerland
420,Thalwil,Switzerland
421,Then,Switzerland
422,Thenbuchs,Switzerland
423,Thene-Bougeries,Switzerland
424,Ticm,Switzerland
425,Tilmendorf,Switzerland
426,Tlona,Switzerland
427,Tm7Nthal,Switzerland
428,Toifg,Switzerland
429,Toirg,Switzerland
430,Tol,Switzerland
431,Tolbich (Kreis ,Switzerland
432,Torrenlos,Switzerland
433,Torrentfelden,Switzerland
434,Torrentreux,Switzerland
435,Tour-De-Fonds,Switzerland
436,Tourgdorfkernex,Switzerland
437,Trimbachen,Switzerland
438,Tsruis 5),Switzerland
439,Tten,Switzerland
440,Ttrgub-Lonay,Switzerland
441,Tvalnenberg,Switzerland
442,Twageotwigen,Switzerland
443,Twagerich,Switzerland
444,Twig,Switzerland
445,Twig Ppnccenbuc,Switzerland
446,Ubelbach,Switzerland
447,Ufen,Switzerland
448,Uhen,Switzerland
449,Ur-De-Fonds,Switzerland
450,Urgdorfkern,Switzerland
451,Urn,Switzerland
452,Utegnau,Switzerland
453,Utte,Switzerland
454,Uttigen,Switzerland
455,Uzberg,Switzerland
456,Uzern,Switzerland
457,Vacn,Switzerland
458,Valnenbach,Switzerland
459,Valnenberg,Switzerland
460,Valnenbuchs,Switzerland
461,Valnenbuchwil,Switzerland
462,Valntfelden,Switzerland
463,Valntkrnux,Switzerland
464,Velnigen-Mitten,Switzerland
465,Vunnes,Switzerland
466,Vurndorf,Switzerland
467,Vurnex,Switzerland
468,W Wttingen,Switzerland
469,W-Heumeadorfedf,Switzerland
470,W-Len,Switzerland
471,W-Rethenbach,Switzerland
472,W3Llpnach,Switzerland
473,Waueeis 3) / Do,Switzerland
474,Wauerich (Kreis,Switzerland
475,Waueries,Switzerland
476,Wctibgrgte,Switzerland
477,Wctigen,Switzerland
478,Wdrentfelden,Switzerland
479,Wex,Switzerland
480,Wfllombey,Switzerland
481,Whhlen,Switzerland
482,Whlen,Switzerland
483,Wil,Switzerland
484,Wil / Witikon,Switzerland
485,Winter,Switzerland
486,Winter / Flunte,Switzerland
487,Wliteena,Switzerland
488,Wlle,Switzerland
489,Wnau,Switzerland
490,Wnlesheim,Switzerland
491,Wntreux,Switzerland
492,Woberenlos,Switzerland
493,Wprex,Switzerland
494,Wslesheinhaux-D,Switzerland
495,Wsnal,Switzerland
496,Wsreis 11) / Ob,Switzerland
497,Wthene-Bougeric,Switzerland
498,Wtilden,Switzerland
499,Wtreux,Switzerland
500,Wulen,Switzerland
501,Wur,Switzerland
502,Wurg,Switzerland
503,Wvrlobageon,Switzerland
504,Wwil,Switzerland
505,Wyy-Villerau,Switzerland
506,X-De-Fonds,Switzerland
507,Xrexthen,Switzerland
508,Xrlobakotfilona,Switzerland
509,Y-Di-Ch,Switzerland
510,Y-Mitte,Switzerland
511,Y-Mitten,Switzerland
512,Y-Mittenberg,Switzerland
513,Y-Xieen,Switzerland
514,Yzona,Switzerland
515,Zbareis 10) / S,Switzerland
516,Zbareis 12) / S,Switzerland
517,Zbareis 7) / Wi,Switzerland
518,Zbargrethen,Switzerland
519,Zbargrethene-Bo,Switzerland
520,Zbariich (Kreis,Switzerland
521,Zberenlos,Switzerland
522,Zberentreux,Switzerland
523,Zberg,Switzerland
524,Zburg,Switzerland
525,Zburgdorf,Switzerland
