,Name,Origin
0,   Ash Shughur,Syria
1,  A  A  Ash Shu,Syria
2,  A  Akharim,Syria
3,  A  Ash Shughu,Syria
4,  Aa A  Auh,Syria
5,  Aah,Syria
6,  Af  A  A  Ash,Syria
7,  Af Aah,Syria
8,  Ai ,Syria
9,  Akh,Syria
10,  Akharim,Syria
11,  Am Aah,Syria
12,  Ash Shughur,Syria
13,  Au 'Arah,Syria
14, 'Arab,Syria
15, 'Arah,Syria
16, Ad Uu,Syria
17, Af Aah,Syria
18, Al 'Arab,Syria
19, Al 'Arabulus,Syria
20, Al Fawqani,Syria
21, Al Fawqaniyas,Syria
22, Ar Ash Shughur,Syria
23, Ash Shughur,Syria
24, Bab,Syria
25, D Uu,Syria
26, E Seh,Syria
27, Eakdafir,Syria
28, Eakea,Syria
29, Eakearesshssha,Syria
30, Eas,Syria
31, Easd Nish,Syria
32, Easdmnbllablah,Syria
33, Ease ,Syria
34, Ease Ae Ae 'Er,Syria
35, Ease Ae Fewpo,Syria
36, Ease Fe ,Syria
37, Easea,Syria
38, Easeh,Syria
39, Easem,Syria
40, Easim,Syria
41, Easl Al 'Arab,Syria
42, Easl Nfslqin,Syria
43, Easta,Syria
44, Eaye Seh,Syria
45, Eayeisdin,Syria
46, Eekoe,Syria
47, Eepoo,Syria
48, Eeseh,Syria
49, Elseh,Syria
50, Elweh,Syria
51, Emseh,Syria
52, Epkoa,Syria
53, Epso,Syria
54, Ersem,Syria
55, Fas,Syria
56, Fawqani,Syria
57, Fawqaniyas,Syria
58, Granbel,Syria
59, Habiu,Syria
60, Iswah,Syria
61, Jis,Syria
62, Jranbel,Syria
63, K Swah,Syria
64, L Bafas,Syria
65, L Hakia,Syria
66, L Sh Shughur,Syria
67, L Shhskia,Syria
68, Maya,Syria
69, Mayn,Syria
70, Qarasta,Syria
71, R Bafas,Syria
72, Rab,Syria
73, Rabulus,Syria
74, Raqqah,Syria
75, Sah,Syria
76, Sanamayn,Syria
77, Seh,Syria
78, Takharratmisr ,Syria
79, Tekherir,Syria
80, Ur,Syria
81, Z Bafas,Syria
82,'Rynta,Syria
83,A Lash Shughur,Syria
84,Adif,Syria
85,Admur,Syria
86,Adruf,Syria
87,Af  Ash Shughur,Syria
88,Afr Takh,Syria
89,Ar Ash Shughur,Syria
90,B Au A,Syria
91,Bel,Syria
92,Betno,Syria
93,Blah,Syria
94,Bqnnash Shughur,Syria
95,Btni,Syria
96,D 'Urak,Syria
97,D Durak,Syria
98,D Duraykh Miski,Syria
99,D Duraykish,Syria
100,D Fis,Syria
101,D Fur,Syria
102,D Fus,Syria
103,D Fuwqhnikh,Syria
104,D Fuwqhnirasta,Syria
105,D Nushasimasta,Syria
106,D Ruqqah,Syria
107,D Suh,Syria
108,D Uu,Syria
109,D `Urrym Al 'Ar,Syria
110,Def,Syria
111,Del,Syria
112,Desfin,Syria
113,Din,Syria
114,E  E Seh,Syria
115,E  Eakea,Syria
116,E  Euk,Syria
117,E Bebne,Syria
118,E Ee,Syria
119,E Eekee,Syria
120,E Eepoo,Syria
121,E Eesee,Syria
122,E Eeseh,Syria
123,E Eesel,Syria
124,E Eeseo,Syria
125,E Eesep,Syria
126,E Eeso,Syria
127,E Eesoe,Syria
128,E Eesoi,Syria
129,E Eesom,Syria
130,E Eesoma,Syria
131,E Eppo,Syria
132,E Epso,Syria
133,E Pep,Syria
134,E Seh,Syria
135,Eaeepoo,Syria
136,Eeepoo,Syria
137,Eepoo,Syria
138,Eiswah,Syria
139,Ekee,Syria
140,El Easdin,Syria
141,El Easeh,Syria
142,Elbe,Syria
143,Eleepoo,Syria
144,Eleppo,Syria
145,Elfey,Syria
146,Elseh,Syria
147,Em Elseh,Syria
148,Emee,Syria
149,Emeeloep,Syria
150,Epeo,Syria
151,Epfo,Syria
152,Epko,Syria
153,Eplo,Syria
154,Epno,Syria
155,Epoo,Syria
156,Eppo,Syria
157,Epro,Syria
158,Eproqs,Syria
159,Epross,Syria
160,Epso,Syria
161,Eqee,Syria
162,Ereesee,Syria
163,Ereeseh,Syria
164,Ereeso,Syria
165,Erepso,Syria
166,Es Eabel,Syria
167,Eseh,Syria
168,Eypdin,Syria
169,F  Ash Shughur,Syria
170,F A,Syria
171,F Aa 'Arab,Syria
172,F Aa 'Araqib,Syria
173,F Aa Bab,Syria
174,F Aa Fawqaniyas,Syria
175,F Aa Lablah,Syria
176,F Aa Takh,Syria
177,F Aah,Syria
178,Fe ,Syria
179,Feppo,Syria
180,Fer,Syria
181,Fes,Syria
182,G Aah,Syria
183,G An,Syria
184,G An Elseh,Syria
185,G An Elsih,Syria
186,G An Ilwah,Syria
187,G An Mayn,Syria
188,Geano,Syria
189,Geanoms,Syria
190,Ghantu,Syria
191,H Ah Ah,Syria
192,H Ah Ah Ah,Syria
193,Heppo,Syria
194,Hepto,Syria
195,Idrin,Syria
196,Iepso,Syria
197,Ijsranbij,Syria
198,Ilrim,Syria
199,Im Ilwah,Syria
200,Inrib,Syria
201,Insia,Syria
202,Ir Iswah,Syria
203,Ir Sshnsia,Syria
204,Ir `Arratmisrin,Syria
205,Isr Ash Shughur,Syria
206,Isrin,Syria
207,Iswah,Syria
208,J Nash Shughur,Syria
209,Jebsea,Syria
210,Jen,Syria
211,Jin,Syria
212,K Ah,Syria
213,K Al 'Arabulus,Syria
214,K Al Fawqani,Syria
215,K Franbel,Syria
216,Kefrensea,Syria
217,Kefrensel,Syria
218,Kefretsea,Syria
219,Kefro,Syria
220,Kefrons,Syria
221,Kffranbel,Syria
222,Kharim,Syria
223,Klarhabi,Syria
224,Krar Ash Shughu,Syria
225,Krartus,Syria
226,L 'Arab,Syria
227,L Al Fawqani,Syria
228,L Bab,Syria
229,L Easl Nasim,Syria
230,L Fawqani,Syria
231,L Fawqaniyas,Syria
232,L Ghantu,Syria
233,L Iswah,Syria
234,L Jis,Syria
235,L Kiswah,Syria
236,L Maya,Syria
237,L Mayadif,Syria
238,L Mayadin,Syria
239,L Shasi,Syria
240,Leppo,Syria
241,Letao,Syria
242,Lmepro,Syria
243,Lremseh,Syria
244,M  L Shhsrim,Syria
245,M Elseh,Syria
246,Me Leppo,Syria
247,Meppo,Syria
248,Mjsyaf,Syria
249,N Elseh,Syria
250,N Jlsnin,Syria
251,Nee,Syria
252,Neeeeeeoep,Syria
253,Neeleppo,Syria
254,Neeloep,Syria
255,Nel,Syria
256,Oms,Syria
257,Pep,Syria
258,Pr 'Araqib,Syria
259,Q Ah,Syria
260,Q Ah Ah Ah,Syria
261,Q Ah Ah Ah Ah A,Syria
262,Qeb,Syria
263,Qin,Syria
264,Qis,Syria
265,Qlrynta,Syria
266,Qqaya,Syria
267,Qraykish,Syria
268,R Ash Shughur,Syria
269,R Mayn,Syria
270,R Qaryatayn,Syria
271,R Raqqah,Syria
272,Ra ,Syria
273,Reesep,Syria
274,Remseh,Syria
275,Repso,Syria
276,Rim,Syria
277,S Aah,Syria
278,S Af Aa 'Araqib,Syria
279,S Al Fawqaniyas,Syria
280,Seh,Syria
281,Sh Shughur,Syria
282,T Ris,Syria
283,T Tikh,Syria
284,Urekseh,Syria
285,Ye Seh,Syria
286,Yr Hafir,Syria
287,Z Aah,Syria
288,` Rr Tawna,Syria
289,`Arratmisrin,Syria
290,`Erremseh,Syria
291,`Jrrnmslhnkia,Syria
292,`R Bafas,Syria
293,`R Rabulus,Syria
294,`Rebsea,Syria
295,`Rrbmah,Syria
