,Name,Origin
0, Nomo,Tajikistan
1, Rum,Tajikistan
2,''Mnno,Tajikistan
3,'Arm,Tajikistan
4,'Mzni-Jolitus,Tajikistan
5,'Nzoda,Tajikistan
6,'Onsoy,Tajikistan
7,'Qoshkent,Tajikistan
8,'Run,Tajikistan
9,'U'Minobod,Tajikistan
10,'U'Minobodom,Tajikistan
11,'Uriuasot,Tajikistan
12,'Uruugh,Tajikistan
13,'Urzu,Tajikistan
14,'Uzikengash,Tajikistan
15,'Uzn,Tajikistan
16,-Maston,Tajikistan
17,Afraasht,Tajikistan
18,Anbe,Tajikistan
19,Anr,Tajikistan
20,Anv,Tajikistan
21,Ara,Tajikistan
22,Aravshan,Tajikistan
23,Aravshar,Tajikistan
24,Aravsharavshara,Tajikistan
25,Arikhor,Tajikistan
26,Arikhosor,Tajikistan
27,Arov,Tajikistan
28,Aru,Tajikistan
29,Aruv,Tajikistan
30,Arvvsiarv,Tajikistan
31,Avshanbe,Tajikistan
32,Bdar,Tajikistan
33,Boshim,Tajikistan
34,Bus,Tajikistan
35,Cusuizoda,Tajikistan
36,Dzha-Maston,Tajikistan
37,Fara,Tajikistan
38,Faravshan,Tajikistan
39,Faravshanbe,Tajikistan
40,Faravsharavuti,Tajikistan
41,Faravuti,Tajikistan
42,Forak,Tajikistan
43,Fraa,Tajikistan
44,Frak,Tajikistan
45,Fuaa,Tajikistan
46,Han,Tajikistan
47,Har,Tajikistan
48,Hlshanbe,Tajikistan
49,Hon,Tajikistan
50,Hor,Tajikistan
51,Hu'Uimoni Jomi,Tajikistan
52,Hur,Tajikistan
53,Hurahmoni Jomi,Tajikistan
54,Hurahmonibod,Tajikistan
55,Iravshan,Tajikistan
56,Iravshar,Tajikistan
57,Iravuti,Tajikistan
58,Jllikul,Tajikistan
59,K Nsoy,Tajikistan
60,Kletar,Tajikistan
61,Knle,Tajikistan
62,Knshydzna-Masto,Tajikistan
63,Kros,Tajikistan
64,Letar,Tajikistan
65,Letaravshan,Tajikistan
66,Letaravshanbe,Tajikistan
67,Letaravuti,Tajikistan
68,Letarikhosor,Tajikistan
69,Letariyon,Tajikistan
70,Lkhorugh,Tajikistan
71,Lkhosor,Tajikistan
72,Lkhozobod,Tajikistan
73,Lkhozobodom,Tajikistan
74,Lusuazorak,Tajikistan
75,Lyon,Tajikistan
76,Mrugh,Tajikistan
77,Murghob,Tajikistan
78,N Bod,Tajikistan
79,N Jjmiiobod,Tajikistan
80,N Jjmiiobodom,Tajikistan
81,Nav,Tajikistan
82,Nbe,Tajikistan
83,Nbod,Tajikistan
84,Ngash,Tajikistan
85,Nibodom,Tajikistan
86,Nketgranm,Tajikistan
87,Nle,Tajikistan
88,Nnbod,Tajikistan
89,Nobod,Tajikistan
90,Nsoy,Tajikistan
91,Nug,Tajikistan
92,Nvon,Tajikistan
93,Nzoda,Tajikistan
94,Olkhor,Tajikistan
95,Olkhorugh,Tajikistan
96,Olkhosor,Tajikistan
97,Olkhozobod,Tajikistan
98,Olkhozobodom,Tajikistan
99,Onbod,Tajikistan
100,Ongobhdat,Tajikistan
101,Ongoshim,Tajikistan
102,Ongusharavuti,Tajikistan
103,Oni Jomi,Tajikistan
104,Onibod,Tajikistan
105,Onsoy,Tajikistan
106,Orugh,Tajikistan
107,Osor,Tajikistan
108,Ovskiy,Tajikistan
109,Qyyyqoqhuhe,Tajikistan
110,Rabms,Tajikistan
111,Rak,Tajikistan
112,Ranghara,Tajikistan
113,Rangharavshanbe,Tajikistan
114,Ranm,Tajikistan
115,Rarm,Tajikistan
116,Raumo,Tajikistan
117,Ravshan,Tajikistan
118,Ravshanbe,Tajikistan
119,Ravsharavshan,Tajikistan
120,Ravuti,Tajikistan
121,Ray,Tajikistan
122,Rfuaa,Tajikistan
123,Rinav,Tajikistan
124,Ritus,Tajikistan
125,Rletar,Tajikistan
126,Rnletar,Tajikistan
127,Roletariyon,Tajikistan
128,Ron,Tajikistan
129,Roqqum,Tajikistan
130,Rov,Tajikistan
131,Ru'Minobod,Tajikistan
132,Ruah,Tajikistan
133,Rud,Tajikistan
134,Rugh,Tajikistan
135,Rukhorugh,Tajikistan
136,Rukhosor,Tajikistan
137,Ruletar,Tajikistan
138,Ruletariyon,Tajikistan
139,Ruleua,Tajikistan
140,Ruleuariyon,Tajikistan
141,Run,Tajikistan
142,Rung,Tajikistan
143,Rungoshim,Tajikistan
144,Rungoshkent,Tajikistan
145,Rushan,Tajikistan
146,Rushanbe,Tajikistan
147,Ruston,Tajikistan
148,Rut,Tajikistan
149,Ruu,Tajikistan
150,Ruugh,Tajikistan
151,Ruv,Tajikistan
152,Ruy,Tajikistan
153,Rvu,Tajikistan
154,Sfara,Tajikistan
155,Shan,Tajikistan
156,Shara,Tajikistan
157,Shon,Tajikistan
158,Skovskiy,Tajikistan
159,Soletar,Tajikistan
160,Son,Tajikistan
161,Sor,Tajikistan
162,Surzh,Tajikistan
163,Surzu,Tajikistan
164,Syon,Tajikistan
165,Tus,Tajikistan
166,U'Minobod,Tajikistan
167,U'Minobodhm,Tajikistan
168,U'Minobodom,Tajikistan
169,Uleuar,Tajikistan
170,Uleuarikhozobod,Tajikistan
171,Urahmoni Jomi,Tajikistan
172,Urahmonibod,Tajikistan
173,Urahmonibodom,Tajikistan
174,Urihar,Tajikistan
175,Urihara,Tajikistan
176,Uriharavshan,Tajikistan
177,Uriharavshara,Tajikistan
178,Uriharavuti,Tajikistan
179,Urihur,Tajikistan
180,Uritus,Tajikistan
181,Uriuasor,Tajikistan
182,Uriufshanbe,Tajikistan
183,Urzh,Tajikistan
184,Ushanbe,Tajikistan
185,Uuj,Tajikistan
186,V'Kinto,Tajikistan
187,Vshan,Tajikistan
188,Vshanbe,Tajikistan
189,Vshara,Tajikistan
190,Vskiy,Tajikistan
191,Vusianshyn,Tajikistan
192,Vusiariyon,Tajikistan
193,Vusiarov,Tajikistan
194,Vuti,Tajikistan
195,Vzkkeht,Tajikistan
196,Ydon,Tajikistan
197,Ydzna-,Tajikistan
198,Ydzna-Maston,Tajikistan
199,Yon,Tajikistan
200,Yun,Tajikistan
201,Yvon,Tajikistan
202,Zo-Musganshy,Tajikistan
203,Zobod,Tajikistan
204,Zobodom,Tajikistan
205,Zoda,Tajikistan
206,Zoketgr,Tajikistan
207,Zokotob,Tajikistan
208,Zona ,Tajikistan
209,Zorak,Tajikistan
210,Zoron,Tajikistan
211,Zosor,Tajikistan
212,Zovobod,Tajikistan
213,Ztok,Tajikistan
