,Name,Origin
0, Aru,Tanzania
1, Chumu,Tanzania
2, Kbso,Tanzania
3, Kisimani,Tanzania
4, Oba,Tanzania
5, Osa,Tanzania
6, Pisds,Tanzania
7, Ra Wi Irari,Tanzania
8, Sachumu,Tanzania
9, Wa Mbu,Tanzania
10,Abanga,Tanzania
11,Abango,Tanzania
12,Abhambakwe,Tanzania
13,Agole,Tanzania
14,Akahango,Tanzania
15,Akumba,Tanzania
16,Akumi,Tanzania
17,Alo,Tanzania
18,Ambi,Tanzania
19,Ambile,Tanzania
20,Amku,Tanzania
21,Amli,Tanzania
22,Amlo,Tanzania
23,Amuswa,Tanzania
24,Angu,Tanzania
25,Apsanga,Tanzania
26,Aramuswa,Tanzania
27,Asa,Tanzania
28,Asak,Tanzania
29,Asha,Tanzania
30,Atai,Tanzania
31,Atonge,Tanzania
32,Atongo,Tanzania
33,Atoro,Tanzania
34,Atorongea,Tanzania
35,Atui,Tanzania
36,Atwi,Tanzania
37,Auubangao,Tanzania
38,Auusanga,Tanzania
39,Auusasak,Tanzania
40,Awa,Tanzania
41,Azdungi,Tanzania
42,Azinda,Tanzania
43,Bariadi,Tanzania
44,Beea,Tanzania
45,Beeo,Tanzania
46,Beeu,Tanzania
47,Beewa,Tanzania
48,Beewala Kisara,Tanzania
49,Beewala Kisasa,Tanzania
50,Beewala Kisasak,Tanzania
51,Beewala Kisiman,Tanzania
52,Bela,Tanzania
53,Bepoke,Tanzania
54,Beto,Tanzania
55,Bewa,Tanzania
56,Beweni,Tanzania
57,Bhara,Tanzania
58,Blaromboi,Tanzania
59,Bsho,Tanzania
60,Bshombo,Tanzania
61,Bsi,Tanzania
62,Cbako,Tanzania
63,Cbikwe,Tanzania
64,Cchumu,Tanzania
65,Chongani,Tanzania
66,Chumu,Tanzania
67,Cjee,Tanzania
68,Cpiuda,Tanzania
69,Cuguge,Tanzania
70,Czakvrr,Tanzania
71,Danda,Tanzania
72,Dandasak,Tanzania
73,Dbndasak,Tanzania
74,Dence,Tanzania
75,Dgu,Tanzania
76,Dinia,Tanzania
77,Dintinde,Tanzania
78,Donde,Tanzania
79,Dugu,Tanzania
80,Duguge,Tanzania
81,Dugungi,Tanzania
82,Dugungwi,Tanzania
83,Dugurengea,Tanzania
84,Dugureti,Tanzania
85,Dugureweni,Tanzania
86,Dugurwtdi,Tanzania
87,Dugurwtidita,Tanzania
88,Dugwr,Tanzania
89,Dui,Tanzania
90,Dunda,Tanzania
91,Dundasak,Tanzania
92,Dunguge,Tanzania
93,E Wa Mbu,Tanzania
94,Eada,Tanzania
95,Eae,Tanzania
96,Eatonganga,Tanzania
97,Ebe,Tanzania
98,Eee,Tanzania
99,Eeea,Tanzania
100,Ela,Tanzania
101,Elo,Tanzania
102,Eona,Tanzania
103,Eonaea,Tanzania
104,Epeee,Tanzania
105,Epeku,Tanzania
106,Epikde,Tanzania
107,Epsknrango,Tanzania
108,Esa,Tanzania
109,Esda,Tanzania
110,Euda,Tanzania
111,Ewa,Tanzania
112,Eweni,Tanzania
113,Fakahangao,Tanzania
114,Fakahanje,Tanzania
115,Fakara,Tanzania
116,Fakarawe,Tanzania
117,Fanama,Tanzania
118,Gala Kisimatiri,Tanzania
119,Gangani,Tanzania
120,Gani,Tanzania
121,Garawe,Tanzania
122,Gbe,Tanzania
123,Geba,Tanzania
124,Gee,Tanzania
125,Geita,Tanzania
126,Ggita,Tanzania
127,Ggiti,Tanzania
128,Gje,Tanzania
129,Gko,Tanzania
130,Gla,Tanzania
131,Gliti,Tanzania
132,Glo,Tanzania
133,Gmla,Tanzania
134,Gniti,Tanzania
135,Gole,Tanzania
136,Goma,Tanzania
137,Gombako,Tanzania
138,Gonsera,Tanzania
139,Gooeo,Tanzania
140,Goro,Tanzania
141,Gpitde,Tanzania
142,Griti,Tanzania
143,Gsa,Tanzania
144,Gshambile,Tanzania
145,Gtiti,Tanzania
146,Guge,Tanzania
147,Guiwaramuswa,Tanzania
148,Gulenge,Tanzania
149,Gwa,Tanzania
150,Gzi,Tanzania
151,Hamba,Tanzania
152,Hambako,Tanzania
153,Hanga,Tanzania
154,Hangao,Tanzania
155,Hangu,Tanzania
156,Hangutwa,Tanzania
157,Hanje,Tanzania
158,Hbengea,Tanzania
159,Heje,Tanzania
160,Henee,Tanzania
161,Heneea,Tanzania
162,Heneo,Tanzania
163,Henewala Kisasa,Tanzania
164,Here,Tanzania
165,Hingi,Tanzania
166,Hjengo,Tanzania
167,Hmngo,Tanzania
168,Hyanga,Tanzania
169,Hyangangutwa,Tanzania
170,Hyangu,Tanzania
171,Hyengorongomboi,Tanzania
172,Hzrodb,Tanzania
173,Ibaya,Tanzania
174,Idatu,Tanzania
175,Idatui,Tanzania
176,Igombakonko,Tanzania
177,Igomboi,Tanzania
178,Igonsera,Tanzania
179,Igu,Tanzania
180,Ihangu,Tanzania
181,Ihingi,Tanzania
182,Ilnsera,Tanzania
183,Ilosa,Tanzania
184,Imatiri,Tanzania
185,Inda,Tanzania
186,Inga,Tanzania
187,Ingi,Tanzania
188,Ingu,Tanzania
189,Insio,Tanzania
190,Isara,Tanzania
191,Isaramachumu,Tanzania
192,Isaramani,Tanzania
193,Isasa,Tanzania
194,Ishr,Tanzania
195,Ishsra,Tanzania
196,Itumbakonko,Tanzania
197,Itumbakwe,Tanzania
198,Iwadui,Tanzania
199,Iwara,Tanzania
200,Je Chake Chake,Tanzania
201,Jenge,Tanzania
202,Jengea,Tanzania
203,Jengo,Tanzania
204,Jengoro,Tanzania
205,K Wivir,Tanzania
206,Kchanga,Tanzania
207,Kdbi,Tanzania
208,Kdu,Tanzania
209,Kke,Tanzania
210,Kmba,Tanzania
211,Kmha,Tanzania
212,Kmswi,Tanzania
213,Komanyambako,Tanzania
214,Konko,Tanzania
215,Kra,Tanzania
216,Kugira,Tanzania
217,Kumba,Tanzania
218,Kumi,Tanzania
219,Kurangao,Tanzania
220,Kwe,Tanzania
221,L Wa Mbu,Tanzania
222,La Kisesa,Tanzania
223,La Kisimani,Tanzania
224,La Kisimatinku,Tanzania
225,La Kisimatiriri,Tanzania
226,Laeo,Tanzania
227,Lama,Tanzania
228,Lamanyamuswa,Tanzania
229,Lasa,Tanzania
230,Lbe,Tanzania
231,Lchhweni,Tanzania
232,Lchumu,Tanzania
233,Lewa,Tanzania
234,Likoma,Tanzania
235,Linde,Tanzania
236,Lje,Tanzania
237,Lkee,Tanzania
238,Llo,Tanzania
239,Lloooon,Tanzania
240,Lmba,Tanzania
241,Lono,Tanzania
242,Losa,Tanzania
243,Lowo,Tanzania
244,Lswa,Tanzania
245,Mba,Tanzania
246,Mbe,Tanzania
247,Mbei,Tanzania
248,Mbekw,Tanzania
249,Mbeya,Tanzania
250,Mbli,Tanzania
251,Mboi,Tanzania
252,Mela,Tanzania
253,Meli,Tanzania
254,Melo,Tanzania
255,Mgo,Tanzania
256,Misimandiga,Tanzania
257,Mjeea,Tanzania
258,Mjewa,Tanzania
259,Mkuranguge,Tanzania
260,Mkuranje,Tanzania
261,Mkwiriri,Tanzania
262,Mla,Tanzania
263,Mlowo,Tanzania
264,Mmbile,Tanzania
265,Mmku,Tanzania
266,Mmsa,Tanzania
267,Mnbanga,Tanzania
268,Mnku,Tanzania
269,Moowo,Tanzania
270,Mpsangao,Tanzania
271,Mrnigomani,Tanzania
272,Msa,Tanzania
273,Msango,Tanzania
274,Msbi,Tanzania
275,Msi,Tanzania
276,Mta,Tanzania
277,Mtako,Tanzania
278,Mtbi,Tanzania
279,Mtinde,Tanzania
280,Mto Wa Mbu,Tanzania
281,Mujewa,Tanzania
282,Mvsi,Tanzania
283,Mvwiwaramuswa,Tanzania
284,Mwadui,Tanzania
285,Mwandiga,Tanzania
286,Mzildeoa,Tanzania
287,N Pisdr,Tanzania
288,N Wi Msugurenge,Tanzania
289,Najengoro,Tanzania
290,Nbamachumu,Tanzania
291,Nbanga,Tanzania
292,Nbeala Kisara,Tanzania
293,Nbero,Tanzania
294,Nchanje,Tanzania
295,Nda,Tanzania
296,Ndasak,Tanzania
297,Ndsga,Tanzania
298,Neko,Tanzania
299,Nfa,Tanzania
300,Ngba,Tanzania
301,Ngda,Tanzania
302,Ngea,Tanzania
303,Nggo,Tanzania
304,Ngo,Tanzania
305,Ngoro,Tanzania
306,Nhyanga,Tanzania
307,Nhyango,Tanzania
308,Nje,Tanzania
309,Nko,Tanzania
310,Nkove,Tanzania
311,Nkuve,Tanzania
312,Nlo,Tanzania
313,Nlsulu,Tanzania
314,Nmbakwe,Tanzania
315,Nmi,Tanzania
316,Nmpiodb,Tanzania
317,Nngo,Tanzania
318,Nngoro,Tanzania
319,Npone,Tanzania
320,Nri,Tanzania
321,Nromu,Tanzania
322,Nsera,Tanzania
323,Nsha,Tanzania
324,Nshambile,Tanzania
325,Nshomboi,Tanzania
326,Nsio,Tanzania
327,Ntenje,Tanzania
328,Ntongo,Tanzania
329,Nyambako,Tanzania
330,Nyere,Tanzania
331,O Wa Mbu,Tanzania
332,Obengea,Tanzania
333,Odu,Tanzania
334,Oee,Tanzania
335,Oeo,Tanzania
336,Ogo,Tanzania
337,Olo,Tanzania
338,Ombo,Tanzania
339,Onga,Tanzania
340,Ongea,Tanzania
341,Oombo,Tanzania
342,Oseni,Tanzania
343,Ote,Tanzania
344,Pbamachumu,Tanzania
345,Pbanga,Tanzania
346,Pbengea,Tanzania
347,Pdenae,Tanzania
348,Peee,Tanzania
349,Poeen,Tanzania
350,Pongo,Tanzania
351,Pradui,Tanzania
352,Predu,Tanzania
353,Psanga,Tanzania
354,Psango,Tanzania
355,Psangomani,Tanzania
356,Psangoro,Tanzania
357,Puma,Tanzania
358,Rakumbile,Tanzania
359,Rama,Tanzania
360,Ramani,Tanzania
361,Ramulo,Tanzania
362,Ramuswa,Tanzania
363,Rawe,Tanzania
364,Rele,Tanzania
365,Ringa,Tanzania
366,Riomboi,Tanzania
367,Riwira,Tanzania
368,Rlje,Tanzania
369,Rlleoa,Tanzania
370,Rombako,Tanzania
371,Rteee,Tanzania
372,Sak,Tanzania
373,Samachumu,Tanzania
374,Samanyamba,Tanzania
375,Sba,Tanzania
376,Sgureti,Tanzania
377,Sha,Tanzania
378,Shamba,Tanzania
379,Shambi,Tanzania
380,Shambile,Tanzania
381,Sharamandiga,Tanzania
382,Sharamani,Tanzania
383,Skrradui,Tanzania
384,Skrramulo,Tanzania
385,Snga,Tanzania
386,Spranga,Tanzania
387,Srari,Tanzania
388,Srrpidutua,Tanzania
389,Ssha,Tanzania
390,Svri,Tanzania
391,Takwe,Tanzania
392,Tambi,Tanzania
393,Tambile,Tanzania
394,Tdugurengo,Tanzania
395,Teee,Tanzania
396,Teeea,Tanzania
397,Tete,Tanzania
398,Tiri,Tanzania
399,Tkonko,Tanzania
400,Tlmko,Tanzania
401,Tmamicheweni,Tanzania
402,Tmbe,Tanzania
403,Tongo,Tanzania
404,Tongoro,Tanzania
405,Tsmbakonko,Tanzania
406,Tumba,Tanzania
407,Twe,Tanzania
408,Uaggrr,Tanzania
409,Uastri,Tanzania
410,Ubetw,Tanzania
411,Ubinyi,Tanzania
412,Uchingao,Tanzania
413,Ugani,Tanzania
414,Ugu,Tanzania
415,Ugungi,Tanzania
416,Ugureawa,Tanzania
417,Ugureti,Tanzania
418,Ugureweni,Tanzania
419,Ugurwtidatu,Tanzania
420,Uhege,Tanzania
421,Uhere,Tanzania
422,Ujewa,Tanzania
423,Ujewala Kisesa,Tanzania
424,Ukke,Tanzania
425,Ula Kisesa,Tanzania
426,Uleto,Tanzania
427,Umba,Tanzania
428,Umbako,Tanzania
429,Umbile,Tanzania
430,Upitomboi,Tanzania
431,Uraiga,Tanzania
432,Urangao,Tanzania
433,Urgt,Tanzania
434,Urgti,Tanzania
435,Uriti,Tanzania
436,Utete,Tanzania
437,Vahanga,Tanzania
438,Vgara,Tanzania
439,Vgonsera,Tanzania
440,Vhanje,Tanzania
441,Vhawe,Tanzania
442,Vjewa,Tanzania
443,Vjewala Kisara,Tanzania
444,Vjewala Kisaraw,Tanzania
445,Vlawo,Tanzania
446,Vsawa,Tanzania
447,Vwawa,Tanzania
448,Wachumu,Tanzania
449,Wadui,Tanzania
450,Wasmtambi,Tanzania
451,Weni,Tanzania
452,Windoni,Tanzania
453,Wonde,Tanzania
454,Yeea,Tanzania
455,Yeee,Tanzania
456,Yeje,Tanzania
457,Yela,Tanzania
458,Zdudu,Tanzania
459,Zinda,Tanzania
460,Zinde,Tanzania
461,Zindoni,Tanzania
462,Zlovo,Tanzania
463,Zsndugungwi,Tanzania
464,Zteve,Tanzania
