,Name,Origin
0, Abua Tha Yang ,Thailand
1, Aladan,Thailand
2, Awankhalung,Thailand
3, Badan,Thailand
4, Bai,Thailand
5, Bren Samung,Thailand
6, Buri,Thailand
7, Bwankhalat Yai,Thailand
8, Dmaa,Thailand
9, Don,Thailand
10, Don Kan,Thailand
11, Don Luang Wua ,Thailand
12, Dwankhalaeng K,Thailand
13, Ha,Thailand
14, Iang,Thailand
15, Iang Na Wa,Thailand
16, Kham Yen,Thailand
17, Khan,Thailand
18, Khlung,Thailand
19, Klang Khlo,Thailand
20, Ktlon,Thailand
21, La Samung,Thailand
22, Lang,Thailand
23, Lang Kham,Thailand
24, Llang Phanthal,Thailand
25, Lung,Thailand
26, Mci,Thailand
27, Mciai,Thailand
28, Mciang,Thailand
29, Mciiag,Thailand
30, Mli,Thailand
31, Mo,Thailand
32, Mom,Thailand
33, Ngan,Thailand
34, Odhan Taladan,Thailand
35, Oikhiu,Thailand
36, P Mharoen,Thailand
37, Pgan,Thailand
38, Phan,Thailand
39, Phattharam,Thailand
40, Phu Kham,Thailand
41, Plai,Thailand
42, Psabun,Thailand
43, Sak,Thailand
44, San,Thailand
45, Shun,Thailand
46, Si Lo,Thailand
47, Slak Badan,Thailand
48, So,Thailand
49, Son,Thailand
50, Sot,Thailand
51, Thai Tan,Thailand
52, Thalok,Thailand
53, Tham,Thailand
54, Thani,Thailand
55, Thon,Thailand
56, Thon Buri,Thailand
57, Thon Luang,Thailand
58, Thong Sombun,Thailand
59, Ttharoen,Thailand
60, Twankhalok,Thailand
61, Urat Yang Khae,Thailand
62, Wa,Thailand
63, Yai,Thailand
64, Yao,Thailand
65, Ylo,Thailand
66, Yot,Thailand
67, Yro,Thailand
68,--Ran Thaiyaphu,Thailand
69,-Cran Thon Samu,Thailand
70,-Laang Khammara,Thailand
71,-Ladan,Thailand
72,-Lai,Thailand
73,-Lang,Thailand
74,-Lang Khiao,Thailand
75,-Lang Pakong Bu,Thailand
76,-Lang So,Thailand
77,-Lang Sombun,Thailand
78,-N Aan,Thailand
79,-N Aikhiu,Thailand
80,-N Aong Sombun,Thailand
81,-N Ha Yang Mai,Thailand
82,-Ngai Bai,Thailand
83,-Ngai Kolok,Thailand
84,-Ona,Thailand
85,-P Ahan,Thailand
86,-P Ahani,Thailand
87,-P Ahra Phuttha,Thailand
88,-Ran Bua Samui,Thailand
89,-Ran Buri,Thailand
90,-Ran Na Mo,Thailand
91,-Ran Nam Thai T,Thailand
92,-Ran Tai,Thailand
93,-Ran Thon,Thailand
94,-Ran Thon Thap ,Thailand
95,-Ran Thong So,Thailand
96,-Srat,Thailand
97,-Srat Yae,Thailand
98,An Huai Yot,Thailand
99,An Thong,Thailand
100,An Thong Pakong,Thailand
101,Ang Mai,Thailand
102,Ankhaladan,Thailand
103,Ankhalaeng,Thailand
104,Ankhalok,Thailand
105,Ankhalung,Thailand
106,Anmt Thon Tan,Thailand
107,Aset Udom,Thailand
108,Aw Nkhalok,Thailand
109,Awkniu,Thailand
110,Bh Nlueng Lamui,Thailand
111,Bhon Bueng,Thailand
112,Blai,Thailand
113,Blarin Bueng,Thailand
114,Bn Si Tha Yang,Thailand
115,Bnn Kan,Thailand
116,Bram,Thailand
117,Bueng,Thailand
118,Bueng Khae,Thailand
119,Bueng Pakong Kh,Thailand
120,Bueng So,Thailand
121,Bun,Thailand
122,Buri,Thailand
123,Buri Ram,Thailand
124,Chabat,Thailand
125,Chanaburi,Thailand
126,Chin Bua Tha Kh,Thailand
127,Chin Buri,Thailand
128,Cp Nhai Badan,Thailand
129,Cran Don Nam Ta,Thailand
130,Crarin Chai,Thailand
131,Dai,Thailand
132,Dan,Thailand
133,Darat Yai,Thailand
134,Dkk Ahun,Thailand
135,Dkn Hani,Thailand
136,Dla,Thailand
137,Don,Thailand
138,Dpk Gao,Thailand
139,Dra Phani,Thailand
140,E Si Rai,Thailand
141,E Si Talat Yang,Thailand
142,Ecgon,Thailand
143,Eesso,Thailand
144,Egsi Ram,Thailand
145,Ei Non,Thailand
146,Ek Ohani,Thailand
147,Ek Ohatan,Thailand
148,Ek Ohatthalok,Thailand
149,Elru,Thailand
150,Em Hai,Thailand
151,Eng,Thailand
152,Eng Mai,Thailand
153,Epsot,Thailand
154,Erab Thaburi,Thailand
155,Eraburi,Thailand
156,Erah,Thailand
157,Esee So,Thailand
158,Esee Sot,Thailand
159,Eseo Sak,Thailand
160,Eses Phanon,Thailand
161,Eses Phloi,Thailand
162,Eset So,Thailand
163,Eset Sot,Thailand
164,Eset Udom,Thailand
165,Et So,Thailand
166,Et Sombun,Thailand
167,Et Son,Thailand
168,Et Sot,Thailand
169,Et Udom,Thailand
170,Etchaburi,Thailand
171,G Buri,Thailand
172,G Khae,Thailand
173,G Kham,Thailand
174,G Nam Tan,Thailand
175,G Napsot,Thailand
176,G Nayok,Thailand
177,G Rai,Thailand
178,G So,Thailand
179,G Sot,Thailand
180,Gae,Thailand
181,Gasutthaburi,Thailand
182,Gen,Thailand
183,Gknihai,Thailand
184,Glang Khanaburi,Thailand
185,Glo,Thailand
186,Glok,Thailand
187,Gman,Thailand
188,Go San,Thailand
189,Gp Than Tan,Thailand
190,Grat Yao,Thailand
191,Gui,Thailand
192,Gurat,Thailand
193,H I Kolok,Thailand
194,H Rachaburi,Thailand
195,Hamrap,Thailand
196,Hlo,Thailand
197,Hloi,Thailand
198,Hlung,Thailand
199,Hmot,Thailand
200,Ho San,Thailand
201,Ho-Tha Yai,Thailand
202,Hoa So,Thailand
203,Hoe So,Thailand
204,Hom Talat Yang ,Thailand
205,Hon Chai Kolok,Thailand
206,Hon Luang Klang,Thailand
207,Hon Thon San,Thailand
208,Hong,Thailand
209,Hoo Sak,Thailand
210,Hop Bueng,Thailand
211,Hop Buri,Thailand
212,Hor Son,Thailand
213,Hp Yho,Thailand
214,Hra Phu Khanot,Thailand
215,Hra Phutthaburi,Thailand
216,Hurat Thong,Thailand
217,Huro,Thailand
218,I Kolok,Thailand
219,I Nong,Thailand
220,I Tan,Thailand
221,I Tha Ngan,Thailand
222,I Thon,Thailand
223,I Thong Kham,Thailand
224,I Yot,Thailand
225,K Badan,Thailand
226,K Bai,Thailand
227,K Khae,Thailand
228,K Kham,Thailand
229,K Khammaram,Thailand
230,K Khammarat,Thailand
231,K Khan Thon Bur,Thailand
232,K Khanaburi,Thailand
233,K Khiang,Thailand
234,K Khiang Pakong,Thailand
235,K Khiang So,Thailand
236,K Khlung,Thailand
237,K Khro,Thailand
238,Kang Khlung,Thailand
239,Kang Wua Sombun,Thailand
240,Keng Sot,Thailand
241,Khon Charoen,Thailand
242,Kk Ahong Kham,Thailand
243,Kklon,Thailand
244,Klom,Thailand
245,Klon,Thailand
246,Klou,Thailand
247,Kngh A,Thailand
248,Knghan Don,Thailand
249,Knghiao,Thailand
250,Ko Samung,Thailand
251,Kram,Thailand
252,Kran Buri,Thailand
253,Krat,Thailand
254,Krat Nikhiu,Thailand
255,Kro,Thailand
256,Ksen Sak,Thailand
257,Ktnat Nikhiu,Thailand
258,Kwankhalung,Thailand
259,Ladan,Thailand
260,Laen,Thailand
261,Laeng,Thailand
262,Laeng Na Sot,Thailand
263,Laeng Phatthaba,Thailand
264,Lak,Thailand
265,Lak Badan,Thailand
266,Lak Bai,Thailand
267,Lak Bai Thon Lu,Thailand
268,Lak Hakhon Na W,Thailand
269,Laknon,Thailand
270,Lang,Thailand
271,Lat Nikhiu,Thailand
272,Lbk Ram,Thailand
273,Lkk Ahong Wua S,Thailand
274,Llung,Thailand
275,Lok,Thailand
276,Lrda,Thailand
277,Lung,Thailand
278,Lwankhalung,Thailand
279,Lwng Klang Buri,Thailand
280,M Thanthaburi R,Thailand
281,M Thon,Thailand
282,M Yen,Thailand
283,Mceacsin Buri,Thailand
284,Mceai,Thailand
285,Mceiaag,Thailand
286,Mceiai,Thailand
287,Mee,Thailand
288,Mee So,Thailand
289,Mkrihrao,Thailand
290,Mla,Thailand
291,Mmrap,Thailand
292,Moeiwadi,Thailand
293,Mp Oen,Thailand
294,Mpang,Thailand
295,Mpang Khae,Thailand
296,Mpang Khloi,Thailand
297,Mpang Nayok,Thailand
298,Mpang Phaiyaphu,Thailand
299,Mpei Uotkhom,Thailand
300,Mrap,Thailand
301,Mren,Thailand
302,Msarat,Thailand
303,Mse  Ikhong Bue,Thailand
304,Murg,Thailand
305,N Bueng Klang P,Thailand
306,N Buri,Thailand
307,N Don,Thailand
308,N Huai Yot,Thailand
309,N Khalaen,Thailand
310,N Nam Talat Tho,Thailand
311,N Rachanat Nikh,Thailand
312,N Talat Thon Ch,Thailand
313,N-Paan,Thailand
314,Ndon,Thailand
315,Ng Buri,Thailand
316,Ng Khiang,Thailand
317,Ng Lamung,Thailand
318,Ng Mai,Thailand
319,Ng Non,Thailand
320,Nk San,Thailand
321,Nkhala,Thailand
322,Nkhalat Nikhong,Thailand
323,Nkhalung,Thailand
324,Nkkhalung,Thailand
325,Nmu,Thailand
326,Nn Nong,Thailand
327,Non,Thailand
328,Nong Phlo,Thailand
329,Nrpthon Si Rach,Thailand
330,Nu Shan Huai Yo,Thailand
331,Nu Shkhon Thon ,Thailand
332,Nwbun,Thailand
333,Nymo,Thailand
334,O Sak,Thailand
335,O Tha Ngan,Thailand
336,O Tha Yai,Thailand
337,O Thala,Thailand
338,O Thon Kancha,Thailand
339,O Thon Luang Kl,Thailand
340,O Thon Luang Na,Thailand
341,O Thon San,Thailand
342,O Thon Sikhiu,Thailand
343,O Thon Thon Sam,Thailand
344,Oburi,Thailand
345,Oh Son,Thailand
346,Ohoag Thong,Thailand
347,On Chan Phan,Thailand
348,On Charam,Thailand
349,Ong,Thailand
350,Ong Lamung,Thailand
351,Ong Pakong Khae,Thailand
352,Op Bua So,Thailand
353,Op Bua Sot,Thailand
354,Op Bueng Sombun,Thailand
355,Op Buri,Thailand
356,Or Ohaktnchan D,Thailand
357,Or Tha Yai,Thailand
358,P Bueng Klang,Thailand
359,P Buri,Thailand
360,P Khae,Thailand
361,P Kham,Thailand
362,P Kham Yen,Thailand
363,P Khammaram,Thailand
364,P Khamrap,Thailand
365,P Khan Huai Tha,Thailand
366,P Khan Mom,Thailand
367,P Khanaburi,Thailand
368,P Khanon,Thailand
369,P Khiang Buri,Thailand
370,P Khiang Mai,Thailand
371,P Khiang Nam Ta,Thailand
372,P Khiao,Thailand
373,P Khlo,Thailand
374,P Khloi,Thailand
375,P Khlung,Thailand
376,P Khro,Thailand
377,P Uong Khro,Thailand
378,P Yho,Thailand
379,Paeg So,Thailand
380,Pang Phanaburi ,Thailand
381,Pcran Nam Yen,Thailand
382,Pketchaburi,Thailand
383,Pong,Thailand
384,Pp Oen,Thailand
385,Pracha,Thailand
386,Prachin Chai Ba,Thailand
387,Psan,Thailand
388,Pton,Thailand
389,R Namui,Thailand
390,R Yai,Thailand
391,Ram,Thailand
392,Ran Bua Sak,Thailand
393,Ran Buri,Thailand
394,Ran Na,Thailand
395,Ran Na Mo,Thailand
396,Ran Nam Yen,Thailand
397,Ran Nayok,Thailand
398,Ran Nong,Thailand
399,Ran Phani,Thailand
400,Ran Phlo,Thailand
401,Ran Sak,Thailand
402,Ran T Yang,Thailand
403,Ran Tha Khro,Thailand
404,Ran Thap Kham,Thailand
405,Ran Thon Nong P,Thailand
406,Ran Thon Sak,Thailand
407,Ranot,Thailand
408,Rarpm,Thailand
409,Rat,Thailand
410,Rat Nikhiu,Thailand
411,Rat Nikhong,Thailand
412,Rat Thai,Thailand
413,Rat Yai,Thailand
414,Rat Yao,Thailand
415,Rho,Thailand
416,Rhon,Thailand
417,Rmrop,Thailand
418,Roen,Thailand
419,Ron,Thailand
420,Rra,Thailand
421,Rradan,Thailand
422,Rran Tai,Thailand
423,S Laknon,Thailand
424,S Ran Na Mo,Thailand
425,S Ung,Thailand
426,Sala,Thailand
427,Sawankhalat Yai,Thailand
428,Scwarkm Aeng Wu,Thailand
429,Set So,Thailand
430,Set Sombun,Thailand
431,Set Son,Thailand
432,Set Sot,Thailand
433,Set Udom,Thailand
434,Si Rai,Thailand
435,Sklaui,Thailand
436,Skwankhalok,Thailand
437,Slnk Ahani,Thailand
438,Slok,Thailand
439,Sltkaiui,Thailand
440,Slung,Thailand
441,So Than,Thailand
442,Sr Bai,Thailand
443,Sra,Thailand
444,Srak,Thailand
445,Srat,Thailand
446,Ssla,Thailand
447,Ssphan Sikhiu,Thailand
448,Ssrtthabun,Thailand
449,Suphan San,Thailand
450,Suphanat Yang K,Thailand
451,Sw Kkahanat Yao,Thailand
452,Sw-Nkhala,Thailand
453,Swakkhalok,Thailand
454,Swakkohong Kanc,Thailand
455,Syra,Thailand
456,T Alaeng,Thailand
457,T Alaeng Kaeng,Thailand
458,T Alung,Thailand
459,T Khalueng Khan,Thailand
460,T Nikhiu,Thailand
461,T Nikhong Mai,Thailand
462,T Yang,Thailand
463,Tak Badan,Thailand
464,Tchaburi,Thailand
465,Tha Klang Khamm,Thailand
466,Tha Yao,Thailand
467,Thai Yot,Thailand
468,Tk Iang,Thailand
469,Tkaiug,Thailand
470,Tkhalung,Thailand
471,Tkkihai Kolok,Thailand
472,Tlang,Thailand
473,Tlang Klang Lam,Thailand
474,Tnat Yang Nayok,Thailand
475,Tnkhalok,Thailand
476,Ton,Thailand
477,Tpang Pha Kham ,Thailand
478,Trabun,Thailand
479,Trat,Thailand
480,Trat Nikhon Bue,Thailand
481,Tuai Yot,Thailand
482,U-Ngai Kolok,Thailand
483,U-Ngai Tao,Thailand
484,U-Ngai Thon,Thailand
485,U-Ngai Yot,Thailand
486,Ueng Mai,Thailand
487,Ulag Thamrap,Thailand
488,Up Ahan Phu Kha,Thailand
489,Up Ahanaburi,Thailand
490,Up Ahiang Pakon,Thailand
491,Upnan Nam Tai,Thailand
492,Urat,Thailand
493,Urat Nikhiu,Thailand
494,Urat Thap Khro,Thailand
495,Urat Thong,Thailand
496,Urat Yang,Thailand
497,W-Nkhalok,Thailand
498,W-Riar,Thailand
499,Wankhala,Thailand
500,Wankhaladan,Thailand
501,Wankhalaeng So,Thailand
502,Wankhalat Yai,Thailand
503,Wankhalat Yang ,Thailand
504,Wankhalat Yao,Thailand
505,Wankhalok,Thailand
506,Wankhalung,Thailand
507,Wknihai,Thailand
508,Wla,Thailand
509,Wprin Charoen,Thailand
510,Wra,Thailand
511,Wuri,Thailand
512,Wuri Rachaburi,Thailand
513,Yok,Thailand
514,Yplang Lampang,Thailand
515,Yra,Thailand
516,Ysen Phu Khamma,Thailand
517,Ysri Rachrba Ph,Thailand
