,Name,Origin
0, A Asana,Tunisia
1, A Ouar Chabann,Tunisia
2, Abou Arkouba,Tunisia
3, Aide,Tunisia
4, Alia,Tunisia
5, Aliana,Tunisia
6, Amadouba,Tunisia
7, Arada,Tunisia
8, Arkoub,Tunisia
9, Arkouda,Tunisia
10, Atkalta,Tunisia
11, Azid,Tunisia
12, Azouni,Tunisia
13, B Abderhammame,Tunisia
14, B Barka,Tunisia
15, Battan,Tunisia
16, Bht Uide,Tunisia
17, Bou Arkouba,Tunisia
18, Bouza,Tunisia
19, Brt El Bab,Tunisia
20, Bub,Tunisia
21, Buttan,Tunisia
22, Crabanne,Tunisia
23, Du Mohammam-Li,Tunisia
24, Ed Lill,Tunisia
25, Fahs,Tunisia
26, Farqalah,Tunisia
27, Fhafaouane,Tunisia
28, Fhaile,Tunisia
29, Fhasane,Tunisia
30, Fhiia,Tunisia
31, Fhiida Mornag,Tunisia
32, Fhiir,Tunisia
33, Gllda,Tunisia
34, Golaa,Tunisia
35, Hafey,Tunisia
36, Heff,Tunisia
37, Hfouza,Tunisia
38, Hrffa,Tunisia
39, Jem,Tunisia
40, Jemil,Tunisia
41, Jemma,Tunisia
42, Jerouine,Tunisia
43, Kamet,Tunisia
44, Kamia,Tunisia
45, Kantaouine,Tunisia
46, Kkibderhammam ,Tunisia
47, Klouar Chabark,Tunisia
48, Kouba,Tunisia
49, Krib,Tunisia
50, Ksour,Tunisia
51, Ksoura,Tunisia
52, Maamour,Tunisia
53, Mdejenane,Tunisia
54, Mhaman,Tunisia
55, Mornag,Tunisia
56, Mrra,Tunisia
57, Regueb,Tunisia
58, Shakane,Tunisia
59, Sidi Aliana,Tunisia
60, Tindja,Tunisia
61, Touz,Tunisia
62, Yans,Tunisia
63, Yursuq,Tunisia
64, Zelfa,Tunisia
65,-Affa,Tunisia
66,-Ifsa,Tunisia
67,-Lif,Tunisia
68,A  Sana,Tunisia
69,A  Sebalah,Tunisia
70,A  Sidi,Tunisia
71,A Kuf,Tunisia
72,A Kuiba,Tunisia
73,A Kuni,Tunisia
74,A Mohamma,Tunisia
75,A Sebala,Tunisia
76,A Sousse,Tunisia
77,Abedidi Bou Ark,Tunisia
78,Abida,Tunisia
79,Abidi Bou Arkou,Tunisia
80,Abidi Youssef,Tunisia
81,Adi Youssef,Tunisia
82,Ajemma,Tunisia
83,Akane,Tunisia
84,Akhe,Tunisia
85,Al Maamour,Tunisia
86,Al Matlin,Tunisia
87,Al Matline,Tunisia
88,Am Soussef,Tunisia
89,Ana,Tunisia
90,Ane,Tunisia
91,Anes,Tunisia
92,Aniana,Tunisia
93,Anianad,Tunisia
94,Anidoub,Tunisia
95,Ar Chabanne,Tunisia
96,Aria,Tunisia
97,Ariada,Tunisia
98,Ariadh,Tunisia
99,Atlin,Tunisia
100,Attan,Tunisia
101,B Gardanes,Tunisia
102,B Golaa,Tunisia
103,B Jem,Tunisia
104,B M Aman,Tunisia
105,B U Sebalah,Tunisia
106,Banne,Tunisia
107,Bbouzid,Tunisia
108,Bdi Bouz,Tunisia
109,Beniana,Tunisia
110,Bghabanne,Tunisia
111,Bghabarka,Tunisia
112,Bgneb,Tunisia
113,Bhuimel,Tunisia
114,Bir,Tunisia
115,Bir El Jem,Tunisia
116,Birhaman,Tunisia
117,Bizerte,Tunisia
118,Bjni,Tunisia
119,Bjnimet,Tunisia
120,Bmnaht,Tunisia
121,Bnzel Bab,Tunisia
122,Bnzel Ksour,Tunisia
123,Bou Arada,Tunisia
124,Bou Arkouba,Tunisia
125,Bou Arkouda,Tunisia
126,Bou Zelfa,Tunisia
127,Brnig,Tunisia
128,Brra,Tunisia
129,Btkorba,Tunisia
130,Btzur,Tunisia
131,Buka,Tunisia
132,Buni,Tunisia
133,Bzeur,Tunisia
134,Bzir,Tunisia
135,C Eb Niln,Tunisia
136,Cegteb,Tunisia
137,Creb-Libia,Tunisia
138,Crrba,Tunisia
139,D Jebenine,Tunisia
140,D Jemmam-Lif,Tunisia
141,D Uide Trib,Tunisia
142,D Uide Zride Br,Tunisia
143,Dej,Tunisia
144,Dejenane,Tunisia
145,Deni Haouan,Tunisia
146,Dh Abderhaman,Tunisia
147,Di Alia,Tunisia
148,Di Bou Arkoub,Tunisia
149,Di Bou Arkouda,Tunisia
150,Di Bou Zelfa,Tunisia
151,Di Youssef,Tunisia
152,Dj Mohaman,Tunisia
153,Dj Z Blin,Tunisia
154,Dj Z Doun,Tunisia
155,Djez El Jem,Tunisia
156,Dma,Tunisia
157,Doub,Tunisia
158,Dune,Tunisia
159,Edia,Tunisia
160,Eja,Tunisia
161,Eni Hassef,Tunisia
162,Eni Khiar,Tunisia
163,Enianad,Tunisia
164,Enine,Tunisia
165,Ez El Bab,Tunisia
166,Ezil,Tunisia
167,Ezio,Tunisia
168,Fahs,Tunisia
169,Fhiia,Tunisia
170,Fhiid,Tunisia
171,Fhiida,Tunisia
172,Fhiida Mohaman,Tunisia
173,Fhiida Mornag,Tunisia
174,Fhiidh Iar,Tunisia
175,Fhiir,Tunisia
176,Fhira,Tunisia
177,Gbfa,Tunisia
178,Gecbe,Tunisia
179,Ghabanne,Tunisia
180,Ghabarka,Tunisia
181,Ghiba,Tunisia
182,Ghsare,Tunisia
183,Ghsbarka,Tunisia
184,Gkfa,Tunisia
185,Gofa,Tunisia
186,Gofas,Tunisia
187,H Felubida,Tunisia
188,H Ffa,Tunisia
189,H Ffouz,Tunisia
190,H Mmam Sousseri,Tunisia
191,H Mman,Tunisia
192,H Rqala,Tunisia
193,H Rqala Du Morn,Tunisia
194,H-Rffa,Tunisia
195,Ha Bef,Tunisia
196,Ha Mel,Tunisia
197,Ha Mour,Tunisia
198,Hafey,Tunisia
199,Haha,Tunisia
200,Hakaethegbebili,Tunisia
201,Haman,Tunisia
202,Hammam Soussef,Tunisia
203,Har Chabanne,Tunisia
204,Hfamsa,Tunisia
205,Hfffa,Tunisia
206,Hfrqslan,Tunisia
207,Hiar,Tunisia
208,Hila,Tunisia
209,Hrfe,Tunisia
210,Hrffa,Tunisia
211,Hrrqala Du Morn,Tunisia
212,Hrrqalah,Tunisia
213,Hsfex,Tunisia
214,Htrun,Tunisia
215,I Aliana,Tunisia
216,I Alouariada,Tunisia
217,I Bouz,Tunisia
218,I El Maamoura,Tunisia
219,I El Mateur,Tunisia
220,I Sousse,Tunisia
221,Idi,Tunisia
222,Idi Bou Arkouba,Tunisia
223,Idi Youssef,Tunisia
224,Itne,Tunisia
225,Izerte,Tunisia
226,J Kdade,Tunisia
227,Jar El Matline,Tunisia
228,Jebeni Haffouza,Tunisia
229,Jebeni Haoui,Tunisia
230,Jebeni Khiar,Tunisia
231,Jedia,Tunisia
232,Jediouna,Tunisia
233,Jekmll,Tunisia
234,Jemma,Tunisia
235,Jemmal,Tunisia
236,Jemmam Soussef,Tunisia
237,Jemmam-Lif,Tunisia
238,Jemmamet,Tunisia
239,Jenane,Tunisia
240,Jendoub,Tunisia
241,Jendouba,Tunisia
242,Jendoun,Tunisia
243,Jendouna,Tunisia
244,Jerouiat Djeben,Tunisia
245,Jerouila,Tunisia
246,Jerouine,Tunisia
247,Jez El Battan,Tunisia
248,Jilma,Tunisia
249,Jjedioun,Tunisia
250,Jouda,Tunisia
251,Jouha,Tunisia
252,Jzndja,Tunisia
253,K Ridu,Tunisia
254,Kalia,Tunisia
255,Kalianad,Tunisia
256,Kane,Tunisia
257,Karthage,Tunisia
258,Kassane,Tunisia
259,Kattan,Tunisia
260,Kebili,Tunisia
261,Kfahs,Tunisia
262,Kha,Tunisia
263,Khalah,Tunisia
264,Khalled,Tunisia
265,Kibdar El Kanta,Tunisia
266,Kilia,Tunisia
267,Kill,Tunisia
268,Kjebeni Khalled,Tunisia
269,Kmal,Tunisia
270,Knib,Tunisia
271,Knibuasderhaman,Tunisia
272,Knis,Tunisia
273,Krib,Tunisia
274,Krsi,Tunisia
275,Krsiq,Tunisia
276,Ktar,Tunisia
277,Kterr,Tunisia
278,Kterraaaouiat D,Tunisia
279,Kzib,Tunisia
280,L Abderhamma,Tunisia
281,L Bab,Tunisia
282,L Bouza,Tunisia
283,L Fahs,Tunisia
284,L Haffouz,Tunisia
285,L Hassanes,Tunisia
286,L Jemil,Tunisia
287,L Kamet,Tunisia
288,L Kef,Tunisia
289,L Maamoura,Tunisia
290,L Matline,Tunisia
291,L Medioun,Tunisia
292,M Aoriaha,Tunisia
293,M Bou Arkouba,Tunisia
294,M Ctab,Tunisia
295,M Demil,Tunisia
296,M Soussef,Tunisia
297,Mah,Tunisia
298,Mal,Tunisia
299,Mam Sousse,Tunisia
300,Mam Soussef,Tunisia
301,Mam Sousserine,Tunisia
302,Mam-Lif,Tunisia
303,Mamel,Tunisia
304,Mamet,Tunisia
305,Man,Tunisia
306,Manoub,Tunisia
307,Manouba,Tunisia
308,Mdidi Alianad,Tunisia
309,Medidi Yousseri,Tunisia
310,Medjez El Kamet,Tunisia
311,Mfhaiat Djedia,Tunisia
312,Mfhhiar,Tunisia
313,Mgokanes,Tunisia
314,Mgokardane,Tunisia
315,Mgozamua,Tunisia
316,Mha,Tunisia
317,Mhaman,Tunisia
318,Midi Alia,Tunisia
319,Mmamet,Tunisia
320,Mmndja,Tunisia
321,Mna,Tunisia
322,Mndili,Tunisia
323,Mne,Tunisia
324,Mnhaomia,Tunisia
325,Mnzzoun,Tunisia
326,Mour,Tunisia
327,Mra,Tunisia
328,Mrdini Khiar,Tunisia
329,Mrneg,Tunisia
330,Msa,Tunisia
331,Mul,Tunisia
332,Mzel Kef,Tunisia
333,Mzi,Tunisia
334,Ni Haamour,Tunisia
335,Ni Haffouzid,Tunisia
336,Ni Hammam Souss,Tunisia
337,Ni Hammam-Lif,Tunisia
338,Ni Hammamet,Tunisia
339,Ni Hassef,Tunisia
340,Ni Khala,Tunisia
341,Ni Khalah,Tunisia
342,Ni Khalled,Tunisia
343,Ni Khiar,Tunisia
344,Niana,Tunisia
345,Nianad,Tunisia
346,Nib,Tunisia
347,Njebeniana,Tunisia
348,Nk Lid,Tunisia
349,Nnzel Haouiat D,Tunisia
350,Nnzel Ksour,Tunisia
351,Nzel Abderhaman,Tunisia
352,Nzel Abderhamma,Tunisia
353,Nzel Alouleche,Tunisia
354,Nzel Bab,Tunisia
355,Nzel Battan,Tunisia
356,Nzel Bou Arada,Tunisia
357,Nzel Bouza,Tunisia
358,Nzel Haffouza,Tunisia
359,Nzel Hamma,Tunisia
360,Nzel Jem,Tunisia
361,Nzel Jemil,Tunisia
362,Nzel Kantaouard,Tunisia
363,Nzel Kef,Tunisia
364,Nzel Matline,Tunisia
365,Nzel Melah,Tunisia
366,Ou Arada,Tunisia
367,Ou-A,Tunisia
368,Oua,Tunisia
369,Ouanes,Tunisia
370,Ouaneu,Tunisia
371,Ouariada,Tunisia
372,Oumia,Tunisia
373,Ouna,Tunisia
374,Ouni,Tunisia
375,Our,Tunisia
376,Oura,Tunisia
377,Ouurdun,Tunisia
378,Ouz,Tunisia
379,Ouza,Tunisia
380,Ouzid,Tunisia
381,R Aliana,Tunisia
382,R Chabanne,Tunisia
383,R Chabarka,Tunisia
384,R El Battan,Tunisia
385,R El Kef,Tunisia
386,R Regueb,Tunisia
387,R Tindja,Tunisia
388,Raneu,Tunisia
389,Rdini,Tunisia
390,Rhaman,Tunisia
391,Ri Dj Golaa,Tunisia
392,Ria,Tunisia
393,Riadh,Tunisia
394,Riana,Tunisia
395,Rine,Tunisia
396,Rjemma,Tunisia
397,Rjemmal,Tunisia
398,Rjemmam-Lif,Tunisia
399,Rjemmamet,Tunisia
400,Rka,Tunisia
401,Rmal,Tunisia
402,Rniana,Tunisia
403,Rnig,Tunisia
404,Rouine,Tunisia
405,Rraua,Tunisia
406,Rria,Tunisia
407,Rriada,Tunisia
408,Rriadh,Tunisia
409,Rrianad,Tunisia
410,Rt El Haouiat D,Tunisia
411,Run,Tunisia
412,Rzes Mateur,Tunisia
413,Rzis,Tunisia
414,S Abderhammal,Tunisia
415,S Ea Sebala Du ,Tunisia
416,S Efa,Tunisia
417,S Fan,Tunisia
418,S Rar Chabanne,Tunisia
419,S Sars,Tunisia
420,S Sarsa,Tunisia
421,Sbibet El Kef,Tunisia
422,Sbik Trine,Tunisia
423,Seiadh,Tunisia
424,Sejenane,Tunisia
425,Shaha,Tunisia
426,Shakaetaouane,Tunisia
427,Sidi,Tunisia
428,Snib,Tunisia
429,Szerte,Tunisia
430,Tbsthige,Tunisia
431,Tejr,Tunisia
432,Testour,Tunisia
433,Tfabursuq,Tunisia
434,Thala Du Mohama,Tunisia
435,Tjenane,Tunisia
436,Tndgouar El Kso,Tunisia
437,Tne,Tunisia
438,Tnjebeni Haouan,Tunisia
439,Tour,Tunisia
440,Tzel Medjez El ,Tunisia
441,U Arkouda,Tunisia
442,U Arkoude,Tunisia
443,Unis,Tunisia
444,Y Kmadi,Tunisia
445,Yhksatiouni,Tunisia
446,Yizir,Tunisia
447,Yousse,Tunisia
448,Youssef,Tunisia
449,Yousserine,Tunisia
450,Yrnis,Tunisia
451,Ysibet El Kamel,Tunisia
452,Z Ghiba,Tunisia
453,Z Klobaune,Tunisia
454,Z Rlia,Tunisia
455,Zarkouda,Tunisia
456,Zebtar,Tunisia
457,Zed Lill,Tunisia
458,Zeghebba,Tunisia
459,Zel Alouane,Tunisia
460,Zel Bou Zelfa,Tunisia
461,Zel Bouz,Tunisia
462,Zel Marsa,Tunisia
463,Zel Mateur,Tunisia
464,Zen Gardane,Tunisia
465,Zenr El Bab,Tunisia
466,Zenragand,Tunisia
467,Zenragandja,Tunisia
468,Zenranad,Tunisia
469,Zenrneg,Tunisia
470,Zerte,Tunisia
471,Zib,Tunisia
472,Zid,Tunisia
473,Zil,Tunisia
474,Zir,Tunisia
475,Ziria,Tunisia
476,Zjebeni Khiar,Tunisia
477,Zjondaaeui,Tunisia
478,Zl Nef,Tunisia
479,Zoun,Tunisia
480,Zrine,Tunisia
481,Ztgili,Tunisia
482,Ztrine,Tunisia
483,Zur,Tunisia
484,Zzi,Tunisia
485,Zzin,Tunisia
486,Zzoun,Tunisia
487,Zzouna,Tunisia
488,Zzouni,Tunisia
489,Zzounis,Tunisia
