,Name,Origin
0, Li,Turkey
1, Mertek,Turkey
2, Merter,Turkey
3, Yerikkoy,Turkey
4,A Ere,Turkey
5,Aaakale,Turkey
6,Aakakemalpazari,Turkey
7,Aanli,Turkey
8,Aaskent,Turkey
9,Abaeskilifke,Turkey
10,Abaeskin,Turkey
11,Abaglar,Turkey
12,Aban,Turkey
13,Abat,Turkey
14,Aciler,Turkey
15,Acilip,Turkey
16,Afskentepe,Turkey
17,Agva,Turkey
18,Ahce,Turkey
19,Ahsi,Turkey
20,Akale,Turkey
21,Akyazip,Turkey
22,Alan,Turkey
23,Ale,Turkey
24,Ali,Turkey
25,Alikduezue,Turkey
26,Aman,Turkey
27,Amasra,Turkey
28,Amonu,Turkey
29,Ana,Turkey
30,Andi,Turkey
31,Angal,Turkey
32,Anli,Turkey
33,Anya,Turkey
34,Aphani,Turkey
35,Aprakoey,Turkey
36,Arivelicaga,Turkey
37,Asa,Turkey
38,Asak,Turkey
39,Asciftlik,Turkey
40,Asi,Turkey
41,Ason,Turkey
42,Atalan,Turkey
43,Atalca,Turkey
44,Atalhoeyuek,Turkey
45,Atas,Turkey
46,Atogutlu,Turkey
47,Aunsehri,Turkey
48,Avakli,Turkey
49,Avuslu,Turkey
50,Ayindikli,Turkey
51,Ayirazi,Turkey
52,Aykara,Turkey
53,Aykaray,Turkey
54,Ayladag,Turkey
55,Ayvac,Turkey
56,Ayvali,Turkey
57,Azi,Turkey
58,Azyazi,Turkey
59,Bali,Turkey
60,Basi,Turkey
61,Bey,Turkey
62,Beyli,Turkey
63,Blat,Turkey
64,Borluk,Turkey
65,Bradim,Turkey
66,Bradir,Turkey
67,Bradirgi,Turkey
68,Bradisehri,Turkey
69,Brndagmadenisar,Turkey
70,Brtdi,Turkey
71,Brtdirliova,Turkey
72,Brtdirnekpazari,Turkey
73,Calan,Turkey
74,Calancerincakoy,Turkey
75,Calancik,Turkey
76,Calanyancan,Turkey
77,Calar,Turkey
78,Casu,Turkey
79,Cca,Turkey
80,Ceki,Turkey
81,Cekir,Turkey
82,Ceri,Turkey
83,Cik,Turkey
84,Cka,Turkey
85,Cko,Turkey
86,Cli,Turkey
87,Ctalan,Turkey
88,Demlideruncova,Turkey
89,Derek,Turkey
90,Dereler,Turkey
91,Dim,Turkey
92,Din,Turkey
93,Dincik,Turkey
94,Dinhan,Turkey
95,Dinli,Turkey
96,Dir,Turkey
97,Dirli,Turkey
98,Dirliova,Turkey
99,Dirnak,Turkey
100,Dirnavur,Turkey
101,Dmli,Turkey
102,Drgmademis,Turkey
103,Drgmademit,Turkey
104,Drgmadeni,Turkey
105,Drgmadenirkent,Turkey
106,E Merter Kere,Turkey
107,Effa,Turkey
108,Eflikova,Turkey
109,Elek,Turkey
110,Elen,Turkey
111,Elendek,Turkey
112,Elendere,Turkey
113,Elenderestecibe,Turkey
114,Elendirne,Turkey
115,Elendogan,Turkey
116,Eler,Turkey
117,Eli,Turkey
118,Eliler,Turkey
119,Elli,Turkey
120,Eltu,Turkey
121,Elzir,Turkey
122,Emit,Turkey
123,Enirkagac,Turkey
124,Ercus,Turkey
125,Ere,Turkey
126,Erek,Turkey
127,Erestecitozu,Turkey
128,Eresun,Turkey
129,Ergecit,Turkey
130,Erkendereflik,Turkey
131,Erkendost,Turkey
132,Erkentepecik,Turkey
133,Erme,Turkey
134,Ermik,Turkey
135,Ersin,Turkey
136,Eryeri,Turkey
137,Ese,Turkey
138,Esilyurtas,Turkey
139,Evaz,Turkey
140,Evne,Turkey
141,Evrek,Turkey
142,Eyali,Turkey
143,Eyan,Turkey
144,Eyanca,Turkey
145,Eyarbademirt,Turkey
146,Eyazi,Turkey
147,Eyazit,Turkey
148,Eydin,Turkey
149,Eydincik,Turkey
150,Eydinli,Turkey
151,Eydinliurfa,Turkey
152,Eydisehir,Turkey
153,Eykonak,Turkey
154,Eykonaz,Turkey
155,Eyli,Turkey
156,Eylikkale,Turkey
157,Eylikova,Turkey
158,Eyuek,Turkey
159,Fagecitozu,Turkey
160,Fakecik,Turkey
161,Franbolu,Turkey
162,Franli,Turkey
163,Franliurfa,Turkey
164,Fsen,Turkey
165,Fyan,Turkey
166,Fyancakocakochi,Turkey
167,Fyancik,Turkey
168,Fyendek,Turkey
169,Goeke,Turkey
170,Goelcuek,Turkey
171,Goele,Turkey
172,Goere,Turkey
173,Goerek,Turkey
174,Goerelicaga,Turkey
175,Gol,Turkey
176,Grecik,Turkey
177,Hisa,Turkey
178,Hisar,Turkey
179,Hli,Turkey
180,Hlik,Turkey
181,Hlit,Turkey
182,Hlite,Turkey
183,Hlitepecilis,Turkey
184,Hlitrter Kerest,Turkey
185,Hlsah,Turkey
186,Hlstecik,Turkey
187,Hsi,Turkey
188,Hsri,Turkey
189,Hsu,Turkey
190,Ifransehir,Turkey
191,Igli,Turkey
192,Iksar,Turkey
193,Ili,Turkey
194,Inan,Turkey
195,Inarbademit,Turkey
196,Inarbak,Turkey
197,Inarca,Turkey
198,Incak,Turkey
199,Incan,Turkey
200,Incik,Turkey
201,Ine,Turkey
202,Inhan,Turkey
203,Inkaya,Turkey
204,Inkayazipazarci,Turkey
205,Int,Turkey
206,Inyol,Turkey
207,Iraz,Turkey
208,Irip,Turkey
209,Irne,Turkey
210,Irt,Turkey
211,Isehir,Turkey
212,Istamonu,Turkey
213,Ivan,Turkey
214,Ivrice,Turkey
215,Kbradinhan,Turkey
216,Kcak,Turkey
217,Kcebey,Turkey
218,Kcebeyli,Turkey
219,Kdie,Turkey
220,Kin,Turkey
221,Kirova,Turkey
222,Kksin,Turkey
223,Kli,Turkey
224,Korasan,Turkey
225,Koyunlu,Turkey
226,Ksehir,Turkey
227,Ksehri,Turkey
228,Kseki,Turkey
229,Ksekil,Turkey
230,Ksekimhane,Turkey
231,Ksekin,Turkey
232,Ksekova,Turkey
233,Kvrek,Turkey
234,Kya,Turkey
235,Kyazi,Turkey
236,Kyazianta,Turkey
237,Lan,Turkey
238,Lancerikamis,Turkey
239,Lancirli,Turkey
240,Lar,Turkey
241,Larelievler,Turkey
242,Leburtalas,Turkey
243,Ler,Turkey
244,Ley,Turkey
245,Lhisa,Turkey
246,Lhisar,Turkey
247,Liborlu,Turkey
248,Lihuyucak,Turkey
249,Lihuyuk,Turkey
250,Liirt,Turkey
251,Likkale,Turkey
252,Lis,Turkey
253,Lli,Turkey
254,Lmalpasa,Turkey
255,Lmoelendi,Turkey
256,Lmus,Turkey
257,Lni,Turkey
258,Lpasa,Turkey
259,Lpazaryerinya,Turkey
260,Ltandagi,Turkey
261,Ltangaz,Turkey
262,Ltinekpazar,Turkey
263,Ltinya,Turkey
264,Ltinyol,Turkey
265,Ltinyolu,Turkey
266,Lyallar,Turkey
267,Lzincak,Turkey
268,Madenis,Turkey
269,Malpasaksehir,Turkey
270,Malpazarigi,Turkey
271,Mana,Turkey
272,Manmari,Turkey
273,Maraman,Turkey
274,Marikkale,Turkey
275,Mas,Turkey
276,Mbar,Turkey
277,Mbeylik,Turkey
278,Mborlu,Turkey
279,Mbrrdirnavuslu,Turkey
280,Mirtakyazit,Turkey
281,Mlik,Turkey
282,Mlikkale,Turkey
283,Mmli,Turkey
284,Mmliderelinkaya,Turkey
285,Mnoenue,Turkey
286,Mnogubaya,Turkey
287,Mpasa,Turkey
288,Mre,Turkey
289,Mya,Turkey
290,Myat,Turkey
291,N E,Turkey
292,Nak,Turkey
293,Nakkale,Turkey
294,Nan,Turkey
295,Nanpasa,Turkey
296,Nap,Turkey
297,Nar,Turkey
298,Narbasi,Turkey
299,Narhisa,Turkey
300,Navutki,Turkey
301,Nboluk,Turkey
302,Nca,Turkey
303,Ncan,Turkey
304,Nceli,Turkey
305,Ncke,Turkey
306,Ndir,Turkey
307,Neceki,Turkey
308,Neliborlu,Turkey
309,Nelimpasa,Turkey
310,Nemerter,Turkey
311,Nflancak,Turkey
312,Ngoelek,Turkey
313,Ngol,Turkey
314,Nhisa,Turkey
315,Nik,Turkey
316,Nkarakli,Turkey
317,Nkaya,Turkey
318,Nksekova,Turkey
319,Nmarsin,Turkey
320,Nmyratalan,Turkey
321,Nnhue,Turkey
322,Nnkkey,Turkey
323,Noenue,Turkey
324,Nogutreis,Turkey
325,Norum,Turkey
326,Nrceki,Turkey
327,Nrcerihisarakla,Turkey
328,Nsehri,Turkey
329,Nya,Turkey
330,Nydinca,Turkey
331,Oelcuk,Turkey
332,Oelendereflikar,Turkey
333,Oerek,Turkey
334,Ogansehir,Turkey
335,Ogansehisarbali,Turkey
336,Okcebeylikova,Turkey
337,Oksu,Turkey
338,Onu,Turkey
339,Oren Mere,Turkey
340,Ormun,Turkey
341,Ortum,Turkey
342,Orum,Turkey
343,Ozuyuk,Turkey
344,Pinarbaa,Turkey
345,Prakoca,Turkey
346,Prsel,Turkey
347,Prsu,Turkey
348,Pru,Turkey
349,Psekimhane,Turkey
350,Psekova,Turkey
351,Psut,Turkey
352,R Deresunbey,Turkey
353,Rabolu,Turkey
354,Radi,Turkey
355,Ralar,Turkey
356,Rarbasi,Turkey
357,Rbaa,Turkey
358,Rbademit,Turkey
359,Rbali,Turkey
360,Rbasi,Turkey
361,Rce,Turkey
362,Rceki,Turkey
363,Rcerinyol,Turkey
364,Rcis,Turkey
365,Rdagi,Turkey
366,Rdirip,Turkey
367,Rdirli,Turkey
368,Rdirnavgat,Turkey
369,Rdirnavutkoey,Turkey
370,Rdur,Turkey
371,Rek,Turkey
372,Relendi,Turkey
373,Rere,Turkey
374,Reveslice,Turkey
375,Rey,Turkey
376,Rgdere,Turkey
377,Rgi,Turkey
378,Rgva,Turkey
379,Rhak,Turkey
380,Rhan,Turkey
381,Rhanbeylikduezu,Turkey
382,Rhaneliler,Turkey
383,Rhanelimorum,Turkey
384,Rhangazi,Turkey
385,Rhisar,Turkey
386,Rhlat,Turkey
387,Rice,Turkey
388,Ridar,Turkey
389,Rigi,Turkey
390,Rihisarat,Turkey
391,Rinyol,Turkey
392,Rir,Turkey
393,Riveli,Turkey
394,Rli,Turkey
395,Rnak,Turkey
396,Rnakkale,Turkey
397,Rnavgat,Turkey
398,Rnavutkoey,Turkey
399,Rnavutkoeyuek,Turkey
400,Rnhisar,Turkey
401,Rnkarabolu,Turkey
402,Rnmarsin,Turkey
403,Rnovu,Turkey
404,Rrdesenler,Turkey
405,Rrdir,Turkey
406,Rrdirne,Turkey
407,Rrgi,Turkey
408,Rrhisar,Turkey
409,Rrsa,Turkey
410,Rsa,Turkey
411,Rsinar,Turkey
412,Rsman,Turkey
413,Rtacabey,Turkey
414,Rtakya,Turkey
415,Rtalar,Turkey
416,Rtalca,Turkey
417,Rtas,Turkey
418,Rtasehri,Turkey
419,Rubayabat,Turkey
420,Rug,Turkey
421,Run,Turkey
422,Runcova,Turkey
423,Rur,Turkey
424,Rvanli,Turkey
425,Rvsa,Turkey
426,Ryan,Turkey
427,Rznekin,Turkey
428,Sbali,Turkey
429,Scahaneli,Turkey
430,Sehir,Turkey
431,Sehri,Turkey
432,Seri,Turkey
433,Serihisali,Turkey
434,Serik,Turkey
435,Serincik,Turkey
436,Sikli,Turkey
437,Skale,Turkey
438,Skent,Turkey
439,Skentepe,Turkey
440,Skil,Turkey
441,Skili,Turkey
442,Skin,Turkey
443,Skle,Turkey
444,Sklek,Turkey
445,Sklen,Turkey
446,Skli,Turkey
447,Sklli,Turkey
448,Slhoey,Turkey
449,Slice,Turkey
450,Smil,Turkey
451,Sor,Turkey
452,Sorlu,Turkey
453,Sra,Turkey
454,Sri,Turkey
455,Sun,Turkey
456,Surlu,Turkey
457,Svadinhaneli,Turkey
458,Tafakir,Turkey
459,Tahya,Turkey
460,Tahyalihuyuk,Turkey
461,Tahyallarelievl,Turkey
462,Talan,Turkey
463,Talanya,Turkey
464,Tas,Turkey
465,Tasehir,Turkey
466,Tayancakoey,Turkey
467,Tci,Turkey
468,Tki,Turkey
469,Tlar,Turkey
470,Trcik,Turkey
471,Trcis,Turkey
472,Treis,Turkey
473,Trli,Turkey
474,Ttavakli,Turkey
475,Ugdirgi,Turkey
476,Ungurlu,Turkey
477,Ungurluk,Turkey
478,Ungus,Turkey
479,Unya,Turkey
480,Unyayladagi,Turkey
481,Urdur,Turkey
482,Urdurnu,Turkey
483,Urgaziantep,Turkey
484,Ursa,Turkey
485,Ursel,Turkey
486,Urt,Turkey
487,Utahyallar,Turkey
488,Utlar,Turkey
489,Uzrt,Turkey
490,Vac,Turkey
491,Vacibektasehisa,Turkey
492,Vacik,Turkey
493,Vadin,Turkey
494,Vadincan,Turkey
495,Vadirli,Turkey
496,Vadisehir,Turkey
497,Vak,Turkey
498,Valihuyuk,Turkey
499,Van,Turkey
500,Vanos,Turkey
501,Vanti,Turkey
502,Vat,Turkey
503,Vaz,Turkey
504,Velinkaraisar,Turkey
505,Vli,Turkey
506,Vrbent,Turkey
507,Vrek,Turkey
508,Vricak,Turkey
509,Vrigermen,Turkey
510,Vrigermencik,Turkey
511,Vrihisar,Turkey
512,Vsel,Turkey
513,Vsilhisar,Turkey
514,Vsklli,Turkey
515,Vur,Turkey
516,Yahsi,Turkey
517,Yancakoy,Turkey
518,Yarbakir,Turkey
519,Yayladagmademli,Turkey
520,Yazi,Turkey
521,Yazianta,Turkey
522,Yazianti,Turkey
523,Yazip,Turkey
524,Yaziz,Turkey
525,Ydin,Turkey
526,Ydincan,Turkey
527,Ydincik,Turkey
528,Ydinhani,Turkey
529,Ydinli,Turkey
530,Ydisehir,Turkey
531,Ydisehri,Turkey
532,Yhan,Turkey
533,Ykkoy,Turkey
534,Yuk,Turkey
535,Yvac,Turkey
536,Yvacibektas,Turkey
537,Yvacibolu,Turkey
538,Yvaciboluk,Turkey
539,Yvacik,Turkey
540,Yvaciler,Turkey
541,Yvacilis,Turkey
542,Yvali,Turkey
543,Yvalik,Turkey
544,Yvalikocarli,Turkey
545,Zantakoeyuek,Turkey
546,Zdir,Turkey
547,Zinceli,Turkey
548,Zli,Turkey
549,Zme,Turkey
550,Zmen,Turkey
551,Zmit,Turkey
552,Zne,Turkey
553,Znik,Turkey
554,Znikenderelek,Turkey
555,Zon,Turkey
