,Name,Origin
0,  Roroto,Uganda
1, Gurz,Uganda
2, Irr,Uganda
3, Koro,Uganda
4, Kororoto,Uganda
5, Koroto,Uganda
6, Mbatia,Uganda
7, Mort Port Port,Uganda
8, Mort Portal,Uganda
9, Mortal,Uganda
10, Mratungiri,Uganda
11, Mwongola,Uganda
12, Ororo,Uganda
13, Orororoto,Uganda
14, Ororoto,Uganda
15, Rara,Uganda
16, Ruhura,Uganda
17, Rure,Uganda
18, Sira,Uganda
19, Yore,Uganda
20, Yorete,Uganda
21,Abale,Uganda
22,Abanda,Uganda
23,Agiri,Uganda
24,Agucziwweoo,Uganda
25,Ajansi,Uganda
26,Ale,Uganda
27,Ampala,Uganda
28,Amwenge,Uganda
29,Ansi,Uganda
30,Antonde,Uganda
31,Anunga,Uganda
32,Aorwa,Uganda
33,Apa,Uganda
34,Apchorwa,Uganda
35,Arua,Uganda
36,Asese,Uganda
37,Asika,Uganda
38,Atuagiri,Uganda
39,Auuuuiaa,Uganda
40,Awira,Uganda
41,Awlira,Uganda
42,Ayana,Uganda
43,Ayogererere,Uganda
44,Ayunga,Uganda
45,Ayungiri,Uganda
46,Azi,Uganda
47,Baadar,Uganda
48,Babanda,Uganda
49,Baidha,Uganda
50,Bajansi,Uganda
51,Bakabanda,Uganda
52,Bale,Uganda
53,Bamasuba,Uganda
54,Bamde,Uganda
55,Bami,Uganda
56,Banda,Uganda
57,Bara,Uganda
58,Bararara,Uganda
59,Batia,Uganda
60,Bayagiri,Uganda
61,Bcberere,Uganda
62,Bde,Uganda
63,Bgizibwero,Uganda
64,Biii,Uganda
65,Bilembatia,Uganda
66,Biri,Uganda
67,Bmsebbi,Uganda
68,Botido,Uganda
69,Bsakasongola,Uganda
70,Btelbese,Uganda
71,Coroto,Uganda
72,Crmrayana,Uganda
73,Ctungu,Uganda
74,Der,Uganda
75,E Berere,Uganda
76,Ebaidha,Uganda
77,Ebara,Uganda
78,Ebbi,Uganda
79,Ebhira,Uganda
80,Eitekb,Uganda
81,Eja,Uganda
82,Er ,Uganda
83,Esb,Uganda
84,Ese,Uganda
85,Etito,Uganda
86,Etsenbe,Uganda
87,Etutgi,Uganda
88,Etyana,Uganda
89,Ewkugozi,Uganda
90,Eyogere,Uganda
91,Eyogerere,Uganda
92,Eysitia,Uganda
93,Fort Port Port ,Uganda
94,Fortal,Uganda
95,Gamo,Uganda
96,Gasongola,Uganda
97,Gayongola,Uganda
98,Gere,Uganda
99,Ggiri,Uganda
100,Giri,Uganda
101,Gola,Uganda
102,Gotido,Uganda
103,Gpidi,Uganda
104,Gra,Uganda
105,Gumi,Uganda
106,Hii,Uganda
107,Hiika,Uganda
108,Hirw,Uganda
109,Horwa,Uganda
110,Hugazi,Uganda
111,Hunaa,Uganda
112,Huwera,Uganda
113,Huwira,Uganda
114,Ikano,Uganda
115,Ilembe,Uganda
116,Inungamo,Uganda
117,Ire,Uganda
118,Ireka,Uganda
119,Iruhura,Uganda
120,Iwenge,Uganda
121,Iyana,Uganda
122,Janja,Uganda
123,Jansi,Uganda
124,Jenje,Uganda
125,Jinsi,Uganda
126,Jnnja,Uganda
127,Junaa,Uganda
128,Kabanda,Uganda
129,Kanonde,Uganda
130,Kayongola,Uganda
131,Kde,Uganda
132,Kmjatsana,Uganda
133,Kmpili,Uganda
134,Knumbe,Uganda
135,Kobo,Uganda
136,Kono,Uganda
137,Kotido,Uganda
138,Koto,Uganda
139,Kpanda,Uganda
140,Kro,Uganda
141,Krpa,Uganda
142,Kruzi,Uganda
143,Kumi,Uganda
144,Lembe,Uganda
145,Leybgklooataa,Uganda
146,Lmbatia,Uganda
147,Lotadar,Uganda
148,Lpana,Uganda
149,Lseabanda,Uganda
150,Lwero,Uganda
151,Majungu,Uganda
152,Masuba,Uganda
153,Mbatia,Uganda
154,Mde,Uganda
155,Mge,Uganda
156,Mieuhira,Uganda
157,Milembatia,Uganda
158,Miluma,Uganda
159,Mjansi,Uganda
160,Mkoro,Uganda
161,Mntunga,Uganda
162,Mntungamo,Uganda
163,Mntungu,Uganda
164,Motera,Uganda
165,Motugazi,Uganda
166,Mpala,Uganda
167,Mpcla,Uganda
168,Mpilamasuba,Uganda
169,Mpili,Uganda
170,Mrtuugiri,Uganda
171,Mse,Uganda
172,Msekb,Uganda
173,Msembe,Uganda
174,Msenbe,Uganda
175,Msetbeneebei,Uganda
176,Mseybge,Uganda
177,Mtuugiri,Uganda
178,Mwenge,Uganda
179,Myotera,Uganda
180,Myute,Uganda
181,N Kanonbamwenge,Uganda
182,N Oro,Uganda
183,N#Kayogere,Uganda
184,Nader,Uganda
185,Nasia,Uganda
186,Nba,Uganda
187,Nbale,Uganda
188,Nbanda,Uganda
189,Nde,Uganda
190,Ngola,Uganda
191,Niruhura,Uganda
192,Nja,Uganda
193,Njannngu,Uganda
194,Nkknool,Uganda
195,Nle,Uganda
196,Nmbe,Uganda
197,Nmwenge,Uganda
198,Nngiri,Uganda
199,Nnngiri,Uganda
200,Nno,Uganda
201,Nole,Uganda
202,Nonde,Uganda
203,Nori,Uganda
204,Norororo,Uganda
205,Noto,Uganda
206,Npiri,Uganda
207,Nra,Uganda
208,Nsi,Uganda
209,Ntonde,Uganda
210,Ntunga,Uganda
211,Ntungamo,Uganda
212,Nugiri,Uganda
213,Numbe,Uganda
214,Numg,Uganda
215,Nungamo,Uganda
216,Nuugiri,Uganda
217,Nwero,Uganda
218,Nwongola,Uganda
219,Nyoner,Uganda
220,Nzinwera,Uganda
221,Ogiri,Uganda
222,Oka,Uganda
223,Ole,Uganda
224,Olerb,Uganda
225,Ora,Uganda
226,Oratonde,Uganda
227,Orere,Uganda
228,Orerere,Uganda
229,Oritido,Uganda
230,Oro,Uganda
231,Orsa,Uganda
232,Oruo,Uganda
233,Otido,Uganda
234,Otuggziowero,Uganda
235,Otwazi,Uganda
236,Owira,Uganda
237,Oya,Uganda
238,Ozi,Uganda
239,Pala,Uganda
240,Pba,Uganda
241,Pchorwa,Uganda
242,Pde,Uganda
243,Pigi,Uganda
244,Pili,Uganda
245,Pillasaka,Uganda
246,Piri,Uganda
247,Ple,Uganda
248,Plllasaka,Uganda
249,Plllasakasongol,Uganda
250,R Rara,Uganda
251,Rana,Uganda
252,Randa,Uganda
253,Rhrazi,Uganda
254,Rhu,Uganda
255,Rir,Uganda
256,Rkukono,Uganda
257,Rnkubg,Uganda
258,Roro,Uganda
259,Rorororo,Uganda
260,Rorororoto,Uganda
261,Rpiki,Uganda
262,Rple,Uganda
263,Rra,Uganda
264,Rskanon,Uganda
265,Rt Portal,Uganda
266,Rtukanongola,Uganda
267,Rure,Uganda
268,Saka,Uganda
269,Samasuba,Uganda
270,Sebbi,Uganda
271,Sese,Uganda
272,Sia,Uganda
273,Sira,Uganda
274,Siri,Uganda
275,Sle,Uganda
276,Soga,Uganda
277,T Portal,Uganda
278,Tadar,Uganda
279,Tganonso,Uganda
280,Tido,Uganda
281,Til,Uganda
282,Tir,Uganda
283,Tiro,Uganda
284,Tjansi,Uganda
285,Tmanungiri,Uganda
286,Tol,Uganda
287,Tonde,Uganda
288,Trro,Uganda
289,Tugazi,Uganda
290,Tuggziowero,Uganda
291,Tunga,Uganda
292,Tungamo,Uganda
293,Tungiri,Uganda
294,Tungu,Uganda
295,Tyana,Uganda
296,Tyankono,Uganda
297,Tyantonde,Uganda
298,Uba,Uganda
299,Ugiri,Uganda
300,Umi,Uganda
301,Umle,Uganda
302,Ungamo,Uganda
303,Usembe,Uganda
304,Utir,Uganda
305,Uwero,Uganda
306,Uwira,Uganda
307,Wa Oro,Uganda
308,Wba,Uganda
309,We O,Uganda
310,Weige,Uganda
311,Weireka,Uganda
312,Wera,Uganda
313,Weto,Uganda
314,Wewo,Uganda
315,Weyogere,Uganda
316,Weyogerere,Uganda
317,Wezi,Uganda
318,Wfort Portal,Uganda
319,Wgiri,Uganda
320,Wilima,Uganda
321,Wira,Uganda
322,Wiri,Uganda
323,Wjansi,Uganda
324,Wjaysgeze,Uganda
325,Wkireka,Uganda
326,Wlamasuba,Uganda
327,Wlira,Uganda
328,Wneobere,Uganda
329,Woiga,Uganda
330,Worara,Uganda
331,Wororororororot,Uganda
332,Woyo,Uganda
333,Wozi,Uganda
334,Wpiri,Uganda
335,Wwira,Uganda
336,Wyorere,Uganda
337,Yaoa,Uganda
338,Yara,Uganda
339,Yasakasongola,Uganda
340,Yat Aorwa,Uganda
341,Yaya,Uganda
342,Yayagaro,Uganda
343,Ydee,Uganda
344,Yilmmbutin,Uganda
345,Ymmbttin,Uganda
346,Ymmbutera,Uganda
347,Ymmbutii,Uganda
348,Ymmbutir,Uganda
349,Yo Era,Uganda
350,Yobere,Uganda
351,Yogere,Uganda
352,Yole,Uganda
353,Yolerb,Uganda
354,Yongola,Uganda
355,Yore,Uganda
356,Yorerererere,Uganda
357,Yoserbe,Uganda
358,Yotera,Uganda
359,Yougozi,Uganda
360,Zibwero,Uganda
361,Zilwmamusuaa,Uganda
362,Zirwe,Uganda
