,Name,Origin
0, Dobrotvir,Ukraine
1, Dolyniv,Ukraine
2, Dolyniy Rohats,Ukraine
3, Druzhne,Ukraine
4, Iovytsyzk,Ukraine
5, Luha,Ukraine
6, Morshotrovsk,Ukraine
7, Novodsk,Ukraine
8, Olochynets,Ukraine
9, Pysariukivtsia,Ukraine
10, Rshyne,Ukraine
11, Slobodar,Ukraine
12, Vyshnyava,Ukraine
13, Vysokytne,Ukraine
14, Vyzhyshnya,Ukraine
15,'Ka,Ukraine
16,- Uhe,Ukraine
17,-Dunayinkiv,Ukraine
18,-F Luchansk,Ukraine
19,-Mmshivka,Ukraine
20,-Mmshne,Ukraine
21,-Mmshnia,Ukraine
22,-Mmshnivanhush,Ukraine
23,-Mmska,Ukraine
24,-Pddirsk,Ukraine
25,-Ruska,Ukraine
26,A Syny,Ukraine
27,Abyheiepiv,Ukraine
28,Aeorova,Ukraine
29,Aiv,Ukraine
30,Aka,Ukraine
31,Aky,Ukraine
32,Al'Mius'K,Ukraine
33,Alorr'Iiiv,Ukraine
34,Alutsk,Ukraine
35,Alyniy Rih,Ukraine
36,Amatove,Ukraine
37,Anfuya,Ukraine
38,Aniuty,Ukraine
39,Anovods'Ke,Ukraine
40,Ardyiysk,Ukraine
41,Aremchevchensk,Ukraine
42,Ariupol,Ukraine
43,Arnaukhivka,Ukraine
44,Artsya,Ukraine
45,Aryi Danyivka,Ukraine
46,Aryi Kryvyy Buh,Ukraine
47,Aryi Kuty,Ukraine
48,Asra,Ukraine
49,Avliv,Ukraine
50,Avyshhorozhans',Ukraine
51,Bala,Ukraine
52,Bala Tserkva,Ukraine
53,Balta,Ukraine
54,Baltseve,Ukraine
55,Barazhichna,Ukraine
56,Bay,Ukraine
57,Bays'K,Ukraine
58,Bays'Ke,Ukraine
59,Bba,Ukraine
60,Berefa,Ukraine
61,Bereshkivske,Ukraine
62,Beresichivka,Ukraine
63,Berezhopilnia,Ukraine
64,Bery,Ukraine
65,Berystyshchyryn,Ukraine
66,Bila,Ukraine
67,Bilhorodenky,Ukraine
68,Bilhorozharlyky,Ukraine
69,Bilohirnaukhyn,Ukraine
70,Bilopil',Ukraine
71,Bilozerkhiv,Ukraine
72,Bilytsia,Ukraine
73,Bilytske,Ukraine
74,Bilytsya,Ukraine
75,Bka,Ukraine
76,Bkakhovka,Ukraine
77,Bkotyn,Ukraine
78,Blaha,Ukraine
79,Blahala Druzhno,Ukraine
80,Blahor,Ukraine
81,Bmiavka,Ukraine
82,Bnia,Ukraine
83,Bohobynya,Ukraine
84,Bohorodne,Ukraine
85,Bohorodolayinki,Ukraine
86,Bohush,Ukraine
87,Boiarka,Ukraine
88,Bolayivka,Ukraine
89,Boleksiyivtsi,Ukraine
90,Boronivka,Ukraine
91,Boryspillia,Ukraine
92,Brodnytsi,Ukraine
93,Bropillia,Ukraine
94,Buhensk,Ukraine
95,Buhivka,Ukraine
96,Bukhivka,Ukraine
97,Bukhovka,Ukraine
98,Bukhyn,Ukraine
99,Bukhyna,Ukraine
100,Burylivka,Ukraine
101,Bush,Ukraine
102,Butivka,Ukraine
103,Buty,Ukraine
104,Buzke,Ukraine
105,Buzynka Pryslav,Ukraine
106,Bva,Ukraine
107,Bvlya,Ukraine
108,Bvlyakymivka,Ukraine
109,Byman,Ukraine
110,Bymyrhodukhivka,Ukraine
111,Byryshuvatorsk,Ukraine
112,Cbivye,Ukraine
113,Clepetych,Ukraine
114,Cma,Ukraine
115,Cmakiivka,Ukraine
116,Cme,Ukraine
117,Cmi,Ukraine
118,Cmivdenne,Ukraine
119,Cmivryaypove,Ukraine
120,Cmynovenka,Ukraine
121,D-Uokniya,Ukraine
122,Dach,Ukraine
123,Damyano-Franiut,Ukraine
124,Dbabsmachivka,Ukraine
125,Ddolyntsi,Ukraine
126,Denne,Ukraine
127,Dilvtsi,Ukraine
128,Divdenne,Ukraine
129,Diyivka,Ukraine
130,Dku,Ukraine
131,Dlsvovchesk,Ukraine
132,Dmach,Ukraine
133,Dmachivka,Ukraine
134,Dman,Ukraine
135,Dmyiantyn,Ukraine
136,Dniprovsk,Ukraine
137,Dnistropas,Ukraine
138,Dobbohradyzk,Ukraine
139,Dolahortkivka,Ukraine
140,Dolynivshartsya,Ukraine
141,Dolynyk,Ukraine
142,Dpyiany,Ukraine
143,Dryhorodymyr,Ukraine
144,Dtabynske,Ukraine
145,Dubny,Ukraine
146,Dunayivka,Ukraine
147,Duzhnivka,Ukraine
148,Dva,Ukraine
149,Dvinzach,Ukraine
150,Dvorivtsi,Ukraine
151,Dymer,Ukraine
152,Ebalta,Ukraine
153,Ehervonohradiyi,Ukraine
154,Eht,Ukraine
155,Elada,Ukraine
156,Ellyboka,Ukraine
157,Eltpotlyzansk,Ukraine
158,Elychiv,Ukraine
159,Elyka Mayach,Ukraine
160,Elyka Pove,Ukraine
161,Enfiv,Ukraine
162,Enhi Mostiantyn,Ukraine
163,Era,Ukraine
164,Erezhopil,Ukraine
165,Erne,Ukraine
166,Ernosivka,Ukraine
167,Ertsya,Ukraine
168,Etrmyhorodone,Ukraine
169,Etrove,Ukraine
170,Evynhochiv,Ukraine
171,Flline,Ukraine
172,Franivka,Ukraine
173,Frhomet,Ukraine
174,Friantyn,Ukraine
175,Frivne,Ukraine
176,Frvynka,Ukraine
177,Frvyntsi,Ukraine
178,Frykolaha,Ukraine
179,Hach,Ukraine
180,Harivka,Ukraine
181,Hbilozerne,Ukraine
182,Hcmanka,Ukraine
183,Hcmykolayivne,Ukraine
184,Hdplka,Ukraine
185,Hhbryukhovkva,Ukraine
186,Hichne,Ukraine
187,Hilivka,Ukraine
188,Hinsk,Ukraine
189,Hmachyne,Ukraine
190,Hnfa,Ukraine
191,Hnovshardiyivka,Ukraine
192,Hntsirnaukhivts,Ukraine
193,Honytsya,Ukraine
194,Hpdairsk,Ukraine
195,Hrva,Ukraine
196,Hsre,Ukraine
197,Hudei,Ukraine
198,Hutove,Ukraine
199,Hya,Ukraine
200,Hyna,Ukraine
201,Hyntsovka,Ukraine
202,Hyrystyryslav,Ukraine
203,Ialychiv,Ukraine
204,Ibratsk,Ukraine
205,Iebirya,Ukraine
206,Iepiv,Ukraine
207,Iivka,Ukraine
208,Ikaiivka,Ukraine
209,Ila,Ukraine
210,Iliya,Ukraine
211,Imrokostyn,Ukraine
212,Irdofadiysk,Ukraine
213,Isk,Ukraine
214,Ivriyn,Ukraine
215,Ivrsin,Ukraine
216,Ivryaky,Ukraine
217,Ivryaymvk,Ukraine
218,Ivryykha,Ukraine
219,K Vodok,Ukraine
220,K`Ymche,Ukraine
221,Kadiyivka,Ukraine
222,Kaid,Ukraine
223,Kalancshiv,Ukraine
224,Kari Kurylivka,Ukraine
225,Karichna,Ukraine
226,Karichne,Ukraine
227,Karionopillints,Ukraine
228,Karionotop,Ukraine
229,Kariukiv,Ukraine
230,Karivka,Ukraine
231,Karlivka,Ukraine
232,Kater,Ukraine
233,Kberepkivtsi,Ukraine
234,Keh,Ukraine
235,Kehych,Ukraine
236,Kharyi Kurakhti,Ukraine
237,Khirsk,Ukraine
238,Khutovelyk,Ukraine
239,Kiiv,Ukraine
240,Kivka,Ukraine
241,Kivs'K,Ukraine
242,Kka,Ukraine
243,Kkiivka,Ukraine
244,Kla,Ukraine
245,Klo,Ukraine
246,Kmel,Ukraine
247,Kmrivka,Ukraine
248,Kmyrhorove,Ukraine
249,Kotsi,Ukraine
250,Kremche,Ukraine
251,Kshostyn,Ukraine
252,Ksieve,Ukraine
253,Ksievierod,Ukraine
254,Ktarshche,Ukraine
255,Ktdmarsk,Ukraine
256,Ktdmrushiv,Ukraine
257,Ktemeniv,Ukraine
258,Ktsarionova,Ukraine
259,Ktsarivka,Ukraine
260,Ktsarivtsia,Ukraine
261,Ktsaryi Dobrovs,Ukraine
262,Ktsir,Ukraine
263,Ktsirba,Ukraine
264,Ktsirya,Ukraine
265,Ktsiryazhiv,Ukraine
266,Ktsiubotyn,Ukraine
267,Ktzorivtsi,Ukraine
268,Kvradiyivka,Ukraine
269,Kvyra,Ukraine
270,Kylivka,Ukraine
271,Kymivska,Ukraine
272,Kzhlia,Ukraine
273,L Pysary,Ukraine
274,L`Ivka,Ukraine
275,Lakhtiyivka,Ukraine
276,Lanchuk,Ukraine
277,Latyn,Ukraine
278,Lauiv,Ukraine
279,Layivka,Ukraine
280,Ldius'K,Ukraine
281,Ldudy,Ukraine
282,Lebedyna,Ukraine
283,Lebedyna-Buda,Ukraine
284,Lebedynske,Ukraine
285,Letych,Ukraine
286,Liubeshivka,Ukraine
287,Liv,Ukraine
288,Livka,Ukraine
289,Lmtusya,Ukraine
290,Lnmakiv,Ukraine
291,Lobodar,Ukraine
292,Lodar,Ukraine
293,Lohirsk,Ukraine
294,Lokyi,Ukraine
295,Lonne,Ukraine
296,Lorvolochi,Ukraine
297,Lova,Ukraine
298,Lovovovooleksan,Ukraine
299,Lozuvakha,Ukraine
300,Lozuvakhmut,Ukraine
301,Lozuvakhniv,Ukraine
302,Lozuvatove,Ukraine
303,Lpin,Ukraine
304,Lrudne,Ukraine
305,Lrudnistrova Ma,Ukraine
306,Lrunayinkiv,Ukraine
307,Lrutyvl,Ukraine
308,Lsiversk,Ukraine
309,Lsuboml,Ukraine
310,Lsubotyniv,Ukraine
311,Lsyuzhesk,Ukraine
312,Ltb`Yshlia,Ukraine
313,Ltiavyshuvatoro,Ukraine
314,Lttbiahlahovkva,Ukraine
315,Lubno,Ukraine
316,Lubny,Ukraine
317,Luhanka,Ukraine
318,Luhansk,Ukraine
319,Lushiv,Ukraine
320,Lutsk,Ukraine
321,Lutuhyn,Ukraine
322,Lutuhynets,Ukraine
323,Lvbeshevchenka-,Ukraine
324,Lvivka,Ukraine
325,Lvivne,Ukraine
326,Lviyne,Ukraine
327,Lvnohush,Ukraine
328,Lvtpyala,Ukraine
329,Lvtuny-Rva,Ukraine
330,Lvubashchenskyi,Ukraine
331,Lvublyka Baharl,Ukraine
332,Lvudy,Ukraine
333,Lvuny,Ukraine
334,Lvuny-Rva,Ukraine
335,Lvupylyianetske,Ukraine
336,Lvyshlianetske,Ukraine
337,Lya,Ukraine
338,Lyaypol,Ukraine
339,Lynkove,Ukraine
340,Lynyava-Ruska,Ukraine
341,Lytsya,Ukraine
342,Lytsyantsi,Ukraine
343,M Synya,Ukraine
344,Mak,Ukraine
345,Makivtsi,Ukraine
346,Marivtsi,Ukraine
347,Marshchashpilli,Ukraine
348,Marshche,Ukraine
349,Mhnyarka,Ukraine
350,Mhyntsia,Ukraine
351,Michiv,Ukraine
352,Michnivka,Ukraine
353,Miiv,Ukraine
354,Miivka,Ukraine
355,Minf,Ukraine
356,Miovods'K,Ukraine
357,Mirna,Ukraine
358,Mivka,Ukraine
359,Mivs'K,Ukraine
360,Mivskyi,Ukraine
361,Mka Bahalanchac,Ukraine
362,Mka Berehomet,Ukraine
363,Mka Dalnyk,Ukraine
364,Mka Dolynske,Ukraine
365,Mka Druzhba,Ukraine
366,Mka Nova,Ukraine
367,Mkhansk,Ukraine
368,Mkhivtsi,Ukraine
369,Mkhova Odesa,Ukraine
370,Mkna,Ukraine
371,Mkrovakhmut,Ukraine
372,Mkrove,Ukraine
373,Mmivsharlivka,Ukraine
374,Mmykola,Ukraine
375,Molynsk,Ukraine
376,Molynykhans'K,Ukraine
377,Morshyn,Ukraine
378,Morskyi,Ukraine
379,Mpil,Ukraine
380,Mprovakhovychi,Ukraine
381,Mreminnytsi,Ukraine
382,Mremyshnia,Ukraine
383,Mrokynets,Ukraine
384,Mryshiv,Ukraine
385,Mryspil,Ukraine
386,Mska,Ukraine
387,Mslyvylivka,Ukraine
388,Msnarvyntsovka,Ukraine
389,Mvyshlia,Ukraine
390,Mvyshlianetsk,Ukraine
391,Myron,Ukraine
392,N-Ubuthvske,Ukraine
393,Nakiv,Ukraine
394,Nastivka,Ukraine
395,Nastyano-Frani ,Ukraine
396,Nbuuky,Ukraine
397,Nbuzke,Ukraine
398,Nbzhhortkiv,Ukraine
399,Ndar,Ukraine
400,Ndiv,Ukraine
401,Nfiiv,Ukraine
402,Nfiivka,Ukraine
403,Ni Kurakhovka,Ukraine
404,Ni Kutyn,Ukraine
405,Nistrohorodone,Ukraine
406,Niv,Ukraine
407,Nivka,Ukraine
408,Nkdiisk,Ukraine
409,Nkostyanskyy,Ukraine
410,Nkrumachka,Ukraine
411,Nkstavna,Ukraine
412,Nkstyane,Ukraine
413,Nktsovka,Ukraine
414,Nlbudivsk,Ukraine
415,Nldius'K,Ukraine
416,Nldivs'K,Ukraine
417,Nldodyna,Ukraine
418,Nldolbunivka,Ukraine
419,Nldove,Ukraine
420,Nldudiiskyi,Ukraine
421,Nldudy,Ukraine
422,Nlhorivka,Ukraine
423,Nlmius'K,Ukraine
424,Nlmyiantsovka,Ukraine
425,Nlpiv,Ukraine
426,Nltsoa,Ukraine
427,Nltsoana,Ukraine
428,Nltsoaniv,Ukraine
429,Nltsoarasnokuih,Ukraine
430,Nltsoerson,Ukraine
431,Nlushivka,Ukraine
432,Nnzova,Ukraine
433,Nnzuvatorodyshh,Ukraine
434,Nnzuvatorsun-Sh,Ukraine
435,Novarych,Ukraine
436,Novodruska,Ukraine
437,Npach,Ukraine
438,Npil,Ukraine
439,Npillintsiia Ka,Ukraine
440,Npilnove,Ukraine
441,Nrdubzokyi,Ukraine
442,Nrduia,Ukraine
443,Nrduiivka,Ukraine
444,Nrduvishyna,Ukraine
445,Nrhervomakiievi,Ukraine
446,Nryaypol,Ukraine
447,Nryslavuta,Ukraine
448,Ntlutubrova,Ukraine
449,Nvyma,Ukraine
450,Nzdveostropil,Ukraine
451,Nzhanka,Ukraine
452,Nzhansk,Ukraine
453,Nzhanska,Ukraine
454,Nzhany,Ukraine
455,Nztvorod-Sivers,Ukraine
456,O Vodianets,Ukraine
457,O-F Luchakiv,Ukraine
458,Obada,Ukraine
459,Obayske,Ukraine
460,Oberebinka,Ukraine
461,Oberehomel,Ukraine
462,Obereshivtsiubo,Ukraine
463,Oberevalsk,Ukraine
464,Oberezhopil',Ukraine
465,Obirya,Ukraine
466,Odesa,Ukraine
467,Odmelnyk,Ukraine
468,Odniprovsk,Ukraine
469,Odymyrhorod,Ukraine
470,Oelatyn,Ukraine
471,Oerson,Ukraine
472,Ofrdova,Ukraine
473,Ohernobay,Ukraine
474,Ohets,Ukraine
475,Ohschsivershyn,Ukraine
476,Ohush,Ukraine
477,Oka,Ukraine
478,Okintsia,Ukraine
479,Ole,Ukraine
480,Olenetske,Ukraine
481,Olochivtsi,Ukraine
482,Olochyntsi,Ukraine
483,Olochystyshchep,Ukraine
484,Oloda,Ukraine
485,Olodolynsk,Ukraine
486,Olyna,Ukraine
487,Olynka,Ukraine
488,Omyrets,Ukraine
489,Onetske,Ukraine
490,Onka,Ukraine
491,Onohiryazh,Ukraine
492,Onsandriya,Ukraine
493,Oole,Ukraine
494,Oordmach,Ukraine
495,Opil,Ukraine
496,Opishchanhuslav,Ukraine
497,Opivdenne,Ukraine
498,Orets-Podilsk,Ukraine
499,Orhopil',Ukraine
500,Orikhiv,Ukraine
501,Orkva,Ukraine
502,Orodchastavna,Ukraine
503,Orrushiv,Ukraine
504,Orshyne,Ukraine
505,Orsk,Ukraine
506,Orskyy,Ukraine
507,Osrsk,Ukraine
508,Oster,Ukraine
509,Ostrovsk,Ukraine
510,Otzovytsi,Ukraine
511,Ovka,Ukraine
512,Pdnistrovanhels,Ukraine
513,Perear,Ukraine
514,Perezna,Ukraine
515,Phary,Ukraine
516,Pidvolyna,Ukraine
517,Pidvolyniv,Ukraine
518,Pin,Ukraine
519,Pishchakiieve,Ukraine
520,Pishchenivtsi,Ukraine
521,Piv,Ukraine
522,Pivdenne,Ukraine
523,Pka,Ukraine
524,Pna,Ukraine
525,Pobuzke,Ukraine
526,Pohrad-Volnovel,Ukraine
527,Poline,Ukraine
528,Portkivka,Ukraine
529,Pova,Ukraine
530,Ptaryslav,Ukraine
531,Ptivka,Ukraine
532,Pva,Ukraine
533,Pyatyne,Ukraine
534,Pyria,Ukraine
535,Pyriatynivka,Ukraine
536,R Hahovka,Ukraine
537,Ra Slobych,Ukraine
538,Ra Slovishyn,Ukraine
539,Ra Vodiansk,Ukraine
540,Radyvyy Buh,Ukraine
541,Rakhiv,Ukraine
542,Ran,Ukraine
543,Rasylkiv,Ukraine
544,Rbada,Ukraine
545,Rbiv,Ukraine
546,Rbu Zorodnytsia,Ukraine
547,Rdany,Ukraine
548,Rdmach,Ukraine
549,Rdmyiane,Ukraine
550,Redyn,Ukraine
551,Redyna-Budy,Ukraine
552,Rehomelnykhatky,Ukraine
553,Rekiievskyi,Ukraine
554,Relynsk,Ukraine
555,Rezhovti Vodyn,Ukraine
556,Rfiv,Ukraine
557,Rhmachna,Ukraine
558,Rhopil,Ukraine
559,Rhuylivka,Ukraine
560,Ripky,Ukraine
561,Rivka,Ukraine
562,Rivne,Ukraine
563,Rkbinka,Ukraine
564,Rksivka,Ukraine
565,Rliv,Ukraine
566,Rliv-Podilsk,Ukraine
567,Rnivka,Ukraine
568,Rnivyshiv,Ukraine
569,Rnukhiv,Ukraine
570,Robeshivka,Ukraine
571,Rodyiyske,Ukraine
572,Rodymanka,Ukraine
573,Rodymyrhorozhni,Ukraine
574,Rokostolov`Yank,Ukraine
575,Ronohryhail,Ukraine
576,Rop,Ukraine
577,Rorudnistroyits,Ukraine
578,Rpin,Ukraine
579,Rruhansk,Ukraine
580,Rshchi,Ukraine
581,Rske,Ukraine
582,Rtsya,Ukraine
583,Rubashtaroke,Ukraine
584,Rubizhnivtsi,Ukraine
585,Rudky,Ukraine
586,Rutychivka,Ukraine
587,Rva,Ukraine
588,Rvdniprovytsk,Ukraine
589,Rvvani Kutyniv,Ukraine
590,Ryka Berevalsky,Ukraine
591,Rykhansk,Ukraine
592,Rynkovelydova,Ukraine
593,Ryzonovanhelsk,Ukraine
594,Sandriv,Ukraine
595,Sartanka,Ukraine
596,Selyayeve,Ukraine
597,Serhornomorsun-,Ukraine
598,Shatskyi,Ukraine
599,Shchanske,Ukraine
600,Shchensk,Ukraine
601,Shevche,Ukraine
602,Si Borivka,Ukraine
603,Sieviero,Ukraine
604,Sievska,Ukraine
605,Sivershyna,Ukraine
606,Siverskyy,Ukraine
607,Skadomyr-Volody,Ukraine
608,Skadomyshchany,Ukraine
609,Skiv,Ukraine
610,Slav,Ukraine
611,Slevierodniprov,Ukraine
612,Slovolochiv,Ukraine
613,Slovovofedorivt,Ukraine
614,Sniya,Ukraine
615,Snizhne,Ukraine
616,Sorodchansk,Ukraine
617,Sorodok,Ukraine
618,Sposten,Ukraine
619,Srebovlyayeve,Ukraine
620,Sreminf,Ukraine
621,Sriv,Ukraine
622,Ssa,Ukraine
623,Storozhniy Rih,Ukraine
624,Stove,Ukraine
625,Svatky,Ukraine
626,Svitlova,Ukraine
627,Sykyi,Ukraine
628,Takhaylivka,Ukraine
629,Tala,Ukraine
630,Tarani Kurakha,Ukraine
631,Taryshuvatky,Ukraine
632,Teploda,Ukraine
633,Ternihiv,Ukraine
634,Terynka,Ukraine
635,Tine,Ukraine
636,Tinkiv,Ukraine
637,Tishne,Ukraine
638,Tivka,Ukraine
639,Tkaievsk,Ukraine
640,Tliv,Ukraine
641,Tnustomyr,Ukraine
642,Tonets,Ukraine
643,Toretske,Ukraine
644,Torovan,Ukraine
645,Tpostynetske,Ukraine
646,Travensk,Ukraine
647,Triabeminnytske,Ukraine
648,Triabsk,Ukraine
649,Triabyne,Ukraine
650,Tropilnia,Ukraine
651,Trovano-Franiv,Ukraine
652,Truska,Ukraine
653,Truska Dolynivk,Ukraine
654,Truskavets,Ukraine
655,Tsarichiv,Ukraine
656,Tsarivka,Ukraine
657,Tsarivtsi,Ukraine
658,Tsary,Ukraine
659,Tsarych,Ukraine
660,Tsaryi Sambir,Ukraine
661,Tsaryi Sanzhans,Ukraine
662,Tsaryi Svitlodo,Ukraine
663,Tsarystyantyniv,Ukraine
664,Ttomyshivtsi,Ukraine
665,Tulchyk,Ukraine
666,Turiisk,Ukraine
667,Turivka,Ukraine
668,Tvoriv,Ukraine
669,Tyanka,Ukraine
670,Tymvrnhilivka,Ukraine
671,Tynets,Ukraine
672,Tynetsk,Ukraine
673,Tyniv,Ukraine
674,Tynivka,Ukraine
675,Tyniy Rih,Ukraine
676,Tyshne,Ukraine
677,Tyshnya,Ukraine
678,Ubesheve,Ukraine
679,Ubeshiv,Ukraine
680,Ubey,Ukraine
681,Ubymivshchyrets,Ukraine
682,Ubyne,Ukraine
683,Ubynyk,Ukraine
684,Uha,Ukraine
685,Uhe,Ukraine
686,Uhresichiv,Ukraine
687,Ulyakove,Ukraine
688,Ulynivka,Ukraine
689,Unboka,Ukraine
690,Uny-Rva,Ukraine
691,Urovsk,Ukraine
692,Ustomyiantyniya,Ukraine
693,Utychiv,Ukraine
694,Utyn,Ukraine
695,Utyne,Ukraine
696,Utynetsk,Ukraine
697,Utyvl,Ukraine
698,V-Mach,Ukraine
699,Va Odesa,Ukraine
700,Va Vysokyi,Ukraine
701,Vahotravensk,Ukraine
702,Vakhovka,Ukraine
703,Vakhovkva,Ukraine
704,Van,Ukraine
705,Vasylivtsi,Ukraine
706,Vche,Ukraine
707,Vdan,Ukraine
708,Verka,Ukraine
709,Vi Dany,Ukraine
710,Vir,Ukraine
711,Vka,Ukraine
712,Vlasivtsi,Ukraine
713,Vlivka,Ukraine
714,Vlkhria,Ukraine
715,Vllukhyn,Ukraine
716,Vmyodessa,Ukraine
717,Vobozhany,Ukraine
718,Volochyne,Ukraine
719,Volynivka,Ukraine
720,Volynivtsia,Ukraine
721,Vornukhivka,Ukraine
722,Vpin,Ukraine
723,Vshchaievsk,Ukraine
724,Vshchiv,Ukraine
725,Vyman,Ukraine
726,Vynka,Ukraine
727,Vyra,Ukraine
728,Vyshliantyn,Ukraine
729,Yarkivka,Ukraine
730,Yenets,Ukraine
731,Yilsk,Ukraine
732,Yka Novoselyka ,Ukraine
733,Ykhatky,Ukraine
734,Ykyi Dobrova Ma,Ukraine
735,Yla,Ukraine
736,Ylokozachiv,Ukraine
737,Yne,Ukraine
738,Ynetsk,Ukraine
739,Yorshyn,Ukraine
740,Yrets,Ukraine
741,Yretsk,Ukraine
742,Yrhornomors'K,Ukraine
743,Yrynske,Ukraine
744,Yrynskyi,Ukraine
745,Yryshlia,Ukraine
746,Yryslavuta,Ukraine
747,Yryspil,Ukraine
748,Yske,Ukraine
749,Yta,Ukraine
750,Yva Vodohvard,Ukraine
751,Yzhopil',Ukraine
752,Z-Risk,Ukraine
753,Zbka,Ukraine
754,Zbratske,Ukraine
755,Zbshche,Ukraine
756,Zliayooerezansk,Ukraine
757,Zlsvotravensk,Ukraine
758,Zlsy Dobrotvir,Ukraine
759,Zmankiv,Ukraine
760,`Arbiv,Ukraine
761,`Yanka,Ukraine
762,`Yansk,Ukraine
763,`Ypove,Ukraine
764,`Ypvotravenka,Ukraine
765,`Yrnomorshotyn,Ukraine
