,Name,Origin
0, Arran,United Kingdom
1, Ds Basfordansf,United Kingdom
2, Ford,United Kingdom
3, Le Of Arran,United Kingdom
4, Nsea,United Kingdom
5, Of Arrandford ,United Kingdom
6, Of Longtrent,United Kingdom
7, Park On Hall,United Kingdom
8, Qaun,United Kingdom
9, Socon,United Kingdom
10, Ton,United Kingdom
11, Torrowashames ,United Kingdom
12, Unds,United Kingdom
13,'Noiley,United Kingdom
14,'Stham,United Kingdom
15,'Sthill,United Kingdom
16,'Sthills,United Kingdom
17,'Sthillynahinch,United Kingdom
18,'Sthington,United Kingdom
19,-Le-Sea,United Kingdom
20,. Heat Town,United Kingdom
21,. Heath,United Kingdom
22,. Heaton,United Kingdom
23,. Helixston,United Kingdom
24,.Inghamesbury,United Kingdom
25,.Owen,United Kingdom
26,Accrindon,United Kingdom
27,Accring,United Kingdom
28,Ackheath,United Kingdom
29,Adiugh,United Kingdom
30,Aeld,United Kingdom
31,Aghton,United Kingdom
32,Airdrie,United Kingdom
33,Alderley,United Kingdom
34,Alfretone,United Kingdom
35,All,United Kingdom
36,Allasey,United Kingdom
37,Allenryn,United Kingdom
38,Allycastley,United Kingdom
39,Alminstown,United Kingdom
40,Alnwick,United Kingdom
41,An-On-Le-Willic,United Kingdom
42,An-On-On-Sea,United Kingdom
43,And Of Long Eat,United Kingdom
44,Anirwaun,United Kingdom
45,Anley,United Kingdom
46,Anley Isle Undr,United Kingdom
47,Arch,United Kingdom
48,Areham,United Kingdom
49,Arf,United Kingdom
50,Arfedalme,United Kingdom
51,Argate,United Kingdom
52,Arison,United Kingdom
53,Aristownardley,United Kingdom
54,Armthoustington,United Kingdom
55,Arne,United Kingdom
56,Arness,United Kingdom
57,Arnham,United Kingdom
58,Arpe,United Kingdom
59,Aslingham,United Kingdom
60,Astles,United Kingdom
61,Atfordwick-Upon,United Kingdom
62,Atton,United Kingdom
63,Audley,United Kingdom
64,Ayle,United Kingdom
65,Ballasey,United Kingdom
66,Bargowrie,United Kingdom
67,Beace,United Kingdom
68,Bedwinstowmarth,United Kingdom
69,Bford,United Kingdom
70,Bingtone,United Kingdom
71,Bodmingham,United Kingdom
72,Bonnyrigg,United Kingdom
73,Borough,United Kingdom
74,Boroughton,United Kingdom
75,Borrowash,United Kingdom
76,Bournham,United Kingdom
77,Bourton,United Kingdom
78,Browash,United Kingdom
79,Bsh'Psole,United Kingdom
80,Buly,United Kingdom
81,Caerphillin,United Kingdom
82,Calby,United Kingdom
83,Cant,United Kingdom
84,Canter,United Kingdom
85,Canton,United Kingdom
86,Canverurie,United Kingdom
87,Carbornton,United Kingdom
88,Carborough,United Kingdom
89,Carboroughmondo,United Kingdom
90,Caster,United Kingdom
91,Castle Of Long ,United Kingdom
92,Catbridge,United Kingdom
93,Cbuhyley Basfor,United Kingdom
94,Ccoed,United Kingdom
95,Cdalernagenham,United Kingdom
96,Ceanhams,United Kingdom
97,Celey,United Kingdom
98,Celpe,United Kingdom
99,Cirencoed,United Kingdom
100,City,United Kingdom
101,Ckhead,United Kingdom
102,Clevedon-Cleved,United Kingdom
103,Coalverthwick,United Kingdom
104,Codsall,United Kingdom
105,Comber,United Kingdom
106,Con,United Kingdom
107,Coole,United Kingdom
108,Cove,United Kingdom
109,Ctatford,United Kingdom
110,Cumnock,United Kingdom
111,Dalk Farm,United Kingdom
112,Ddeslewort Park,United Kingdom
113,De-By-Thesthill,United Kingdom
114,Delsove,United Kingdom
115,Denmeadon Trent,United Kingdom
116,Desle Of Arranf,United Kingdom
117,Dford Hunderley,United Kingdom
118,Dill,United Kingdom
119,Dinburnham,United Kingdom
120,Dingham,United Kingdom
121,Dington Trent,United Kingdom
122,Dley,United Kingdom
123,Dmendip,United Kingdom
124,Don,United Kingdom
125,Drediton,United Kingdom
126,Droydon Spa,United Kingdom
127,Droylangley,United Kingdom
128,Ds Hilloch,United Kingdom
129,E Park On Harle,United Kingdom
130,E-Twelling,United Kingdom
131,Eaford,United Kingdom
132,Eaforthwatering,United Kingdom
133,Eaham,United Kingdom
134,Earlsfield,United Kingdom
135,Easteigh,United Kingdom
136,Eastley,United Kingdom
137,Eath,United Kingdom
138,Eathersett,United Kingdom
139,Eaton,United Kingdom
140,Eaton Trencoed,United Kingdom
141,Ebournham,United Kingdom
142,Eel,United Kingdom
143,Eell,United Kingdom
144,Eelsby,United Kingdom
145,Eelsove,United Kingdom
146,Eesall,United Kingdom
147,Eigham,United Kingdom
148,Eighton,United Kingdom
149,Eignmouth,United Kingdom
150,Eiston,United Kingdom
151,Eistowne,United Kingdom
152,Eld,United Kingdom
153,Eld Tydfield,United Kingdom
154,Eld Tydfil,United Kingdom
155,Elde,United Kingdom
156,Eldesmead,United Kingdom
157,Eldest Edmunder,United Kingdom
158,Eldest Hilloch,United Kingdom
159,Eldestoft,United Kingdom
160,Eldeston,United Kingdom
161,Eleston,United Kingdom
162,Elge,United Kingdom
163,Elmess,United Kingdom
164,Enardley,United Kingdom
165,Enbeace,United Kingdom
166,Endale,United Kingdom
167,Endip,United Kingdom
168,Endod Green,United Kingdom
169,Endod Well Heat,United Kingdom
170,Endon,United Kingdom
171,Ensferry,United Kingdom
172,Ensfield,United Kingdom
173,Enstown,United Kingdom
174,Er Park,United Kingdom
175,Erarf,United Kingdom
176,Erartmouth Ocke,United Kingdom
177,Eringham,United Kingdom
178,Erington,United Kingdom
179,Erlancantham,United Kingdom
180,Ers Gree,United Kingdom
181,Esbury,United Kingdom
182,Esford Hillingd,United Kingdom
183,Eston,United Kingdom
184,Eswallasey,United Kingdom
185,Eton,United Kingdom
186,Eton-By-Then,United Kingdom
187,Exston,United Kingdom
188,Failsworthyr Ty,United Kingdom
189,Failsyth,United Kingdom
190,Fhill,United Kingdom
191,Fileby,United Kingdom
192,Flitwich,United Kingdom
193,Flitwichmondon,United Kingdom
194,Flitwick,United Kingdom
195,Ford,United Kingdom
196,Ford Hundredito,United Kingdom
197,Ford-Le-Hope,United Kingdom
198,Foresfordanston,United Kingdom
199,Fort,United Kingdom
200,Forum,United Kingdom
201,Forumpston,United Kingdom
202,Ftes,United Kingdom
203,Gallasey,United Kingdom
204,Geds,United Kingdom
205,Geh,United Kingdom
206,Gemouth,United Kingdom
207,Genham,United Kingdom
208,Goolenfield,United Kingdom
209,Gran,United Kingdom
210,Gton,United Kingdom
211,H Barnham,United Kingdom
212,Ham,United Kingdom
213,Hames Ditton,United Kingdom
214,Hards Barnham,United Kingdom
215,Hbb- Eediton,United Kingdom
216,He-Sea,United Kingdom
217,Helsove,United Kingdom
218,Hest Edmundee,United Kingdom
219,Hesthillington,United Kingdom
220,Hhave,United Kingdom
221,Hinchorpe,United Kingdom
222,Hindown,United Kingdom
223,Hingay,United Kingdom
224,Hinge,United Kingdom
225,Hingham,United Kingdom
226,Hingster,United Kingdom
227,Hlockengay,United Kingdom
228,Hnundee,United Kingdom
229,Horley,United Kingdom
230,Horness,United Kingdom
231,Hvxyte,United Kingdom
232,Hyde,United Kingdom
233,Ic.E,United Kingdom
234,Idyol Of Arran,United Kingdom
235,Ie-Ton,United Kingdom
236,Ienley,United Kingdom
237,Ienryn,United Kingdom
238,Iesley,United Kingdom
239,Ievdburnley,United Kingdom
240,Ige,United Kingdom
241,Igh,United Kingdom
242,Iildford Foreha,United Kingdom
243,Iillicoultry,United Kingdom
244,Ill,United Kingdom
245,Illing,United Kingdom
246,Illoch,United Kingdom
247,Ills,United Kingdom
248,Indon,United Kingdom
249,Infield,United Kingdom
250,Ing,United Kingdom
251,Inge,United Kingdom
252,Ingham,United Kingdom
253,Inghamesbury,United Kingdom
254,Ingstow,United Kingdom
255,Ington,United Kingdom
256,Ington In Furne,United Kingdom
257,Ington Le Under,United Kingdom
258,Ington Spa,United Kingdom
259,Ingtone,United Kingdom
260,Inrow In Furnle,United Kingdom
261,Inuildfortholto,United Kingdom
262,Inuisbury,United Kingdom
263,Ioh,United Kingdom
264,Iond,United Kingdom
265,Iper Lyme,United Kingdom
266,Irgoed,United Kingdom
267,Irpatanford,United Kingdom
268,Irpby Hales,United Kingdom
269,Irpbyak Garriso,United Kingdom
270,Irpbyat Torring,United Kingdom
271,Irporthe-Sole,United Kingdom
272,Irpowthorley,United Kingdom
273,Irpreen,United Kingdom
274,Irpreenson,United Kingdom
275,Irpreesall,United Kingdom
276,Iryhauk,United Kingdom
277,Isley,United Kingdom
278,Itley,United Kingdom
279,Keed,United Kingdom
280,Keithillingstoc,United Kingdom
281,Kendall,United Kingdom
282,Ket,United Kingdom
283,Kngay,United Kingdom
284,Kon In Ashford,United Kingdom
285,Lam,United Kingdom
286,Lambusland,United Kingdom
287,Land,United Kingdom
288,Latie-Rowash,United Kingdom
289,Leigham,United Kingdom
290,Leighames Ditto,United Kingdom
291,Leighingham,United Kingdom
292,Leighington Soc,United Kingdom
293,Leighton,United Kingdom
294,Leighton Park O,United Kingdom
295,Leighton Spa,United Kingdom
296,Leignell Helixs,United Kingdom
297,Leignmouth,United Kingdom
298,Leignton Upon H,United Kingdom
299,Leistonsferry,United Kingdom
300,Lesbury,United Kingdom
301,Lesden,United Kingdom
302,Leth,United Kingdom
303,Ley,United Kingdom
304,Ley Bar,United Kingdom
305,Ley Brixham,United Kingdom
306,Ley Green,United Kingdom
307,Ley Isle Of Lon,United Kingdom
308,Ley Isley Gree,United Kingdom
309,Leylakendon,United Kingdom
310,Leyland,United Kingdom
311,Leyland Ef Er N,United Kingdom
312,Leys,United Kingdom
313,Leyton,United Kingdom
314,Limavadywelles,United Kingdom
315,Liphook,United Kingdom
316,Llandalston,United Kingdom
317,Llands,United Kingdom
318,Llane,United Kingdom
319,Loft,United Kingdom
320,Lon,United Kingdom
321,Lond,United Kingdom
322,Londod Green,United Kingdom
323,Lough,United Kingdom
324,Loughton,United Kingdom
325,Ludley,United Kingdom
326,Lumlingstowmart,United Kingdom
327,Lungate,United Kingdom
328,Lungay,United Kingdom
329,Magor,United Kingdom
330,Marsk,United Kingdom
331,Mead,United Kingdom
332,Meadon,United Kingdom
333,Mend-On-On-Le-S,United Kingdom
334,Mes,United Kingdom
335,Mes Dittle,United Kingdom
336,Mesbury,United Kingdom
337,Mev Tte,United Kingdom
338,Midsomer Lyme,United Kingdom
339,Mill,United Kingdom
340,Mnast,United Kingdom
341,Monkham,United Kingdom
342,Mord,United Kingdom
343,Moreham,United Kingdom
344,Morest Mers Bar,United Kingdom
345,Mountford,United Kingdom
346,Mouth,United Kingdom
347,Mroughton,United Kingdom
348,Munds,United Kingdom
349,Murton,United Kingdom
350,Nackbury,United Kingdom
351,Narborough,United Kingdom
352,Nark On Hale,United Kingdom
353,Nartleighinge,United Kingdom
354,Nary St End Net,United Kingdom
355,Ncast Byfleet,United Kingdom
356,Nchurch,United Kingdom
357,Ndip,United Kingdom
358,Ndown,United Kingdom
359,Ne Minston,United Kingdom
360,Neesallam,United Kingdom
361,Nfield,United Kingdom
362,Nford,United Kingdom
363,Nicee,United Kingdom
364,Nley,United Kingdom
365,Nonbury,United Kingdom
366,Nort Palackpool,United Kingdom
367,North,United Kingdom
368,Northwate,United Kingdom
369,Northyr Tydfiel,United Kingdom
370,Norton,United Kingdom
371,Nptfneorristow,United Kingdom
372,Nshampton,United Kingdom
373,Nston,United Kingdom
374,Nton,United Kingdom
375,Nton Le Of Arra,United Kingdom
376,Nuast,United Kingdom
377,Nucking,United Kingdom
378,Nuctford,United Kingdom
379,Nurd,United Kingdom
380,Nurt,United Kingdom
381,Nurton,United Kingdom
382,Nwach,United Kingdom
383,Nwacl,United Kingdom
384,Nwall,United Kingdom
385,Nwrchess,United Kingdom
386,Nyriggin-By-The,United Kingdom
387,Ock,United Kingdom
388,Ockendown,United Kingdom
389,Ockengate,United Kingdom
390,Ockengay,United Kingdom
391,Ockering'S Cros,United Kingdom
392,Ockley,United Kingdom
393,Oddinsterden,United Kingdom
394,Oddinsterford,United Kingdom
395,Oddinston,United Kingdom
396,Ol In Furnes,United Kingdom
397,Oldon Hallin,United Kingdom
398,Oldonsterborne ,United Kingdom
399,Ole,United Kingdom
400,Oleford,United Kingdom
401,Olme,United Kingdom
402,Olnor Palacehav,United Kingdom
403,Olt,United Kingdom
404,Olton,United Kingdom
405,Ompea Lpmendown,United Kingdom
406,On In Furnage,United Kingdom
407,On Spa,United Kingdom
408,Ond,United Kingdom
409,Ondon,United Kingdom
410,One,United Kingdom
411,Ongemouth,United Kingdom
412,Onkham,United Kingdom
413,Onstergate,United Kingdom
414,Ontreen,United Kingdom
415,Ook,United Kingdom
416,Ope,United Kingdom
417,Orahd Ne,United Kingdom
418,Ornton,United Kingdom
419,Oroud Greenock,United Kingdom
420,Orpe,United Kingdom
421,Ortmouthe-Sea,United Kingdom
422,Orwich,United Kingdom
423,Owael En Le Und,United Kingdom
424,Owaeld,United Kingdom
425,Owaeld Torquay,United Kingdom
426,Owaeld Torrow I,United Kingdom
427,Owaell,United Kingdom
428,Owaes,United Kingdom
429,Owkerick,United Kingdom
430,Own,United Kingdom
431,Owtenham,United Kingdom
432,Paisle Of Arran,United Kingdom
433,Paisle Of Lond,United Kingdom
434,Paisle Sandon,United Kingdom
435,Paisleworth,United Kingdom
436,Paislewortleigh,United Kingdom
437,Paisley,United Kingdom
438,Paisley Gree,United Kingdom
439,Paisley Green,United Kingdom
440,Pea L In Wharf,United Kingdom
441,Pen Le Of Londo,United Kingdom
442,Per Lyme,United Kingdom
443,Per North,United Kingdom
444,Per Pagnell,United Kingdom
445,Per Park,United Kingdom
446,Peter,United Kingdom
447,Pheat Town,United Kingdom
448,Phorpe,United Kingdom
449,Pin Ham,United Kingdom
450,Plymston,United Kingdom
451,Pmond,United Kingdom
452,Pontyclun,United Kingdom
453,Port Park,United Kingdom
454,Porth,United Kingdom
455,Portham,United Kingdom
456,Portherstham,United Kingdom
457,Potton Holbeaco,United Kingdom
458,Potts,United Kingdom
459,Preen,United Kingdom
460,Qolyhead,United Kingdom
461,Qucyin,United Kingdom
462,Quly,United Kingdom
463,Qury,United Kingdom
464,Rall,United Kingdom
465,Ramlingtone,United Kingdom
466,Ranfordec,United Kingdom
467,Rang,United Kingdom
468,Rant,United Kingdom
469,Ranton,United Kingdom
470,Rarfedale,United Kingdom
471,Ratford,United Kingdom
472,Red,United Kingdom
473,Rediton,United Kingdom
474,Resford,United Kingdom
475,Retford,United Kingdom
476,Ridge,United Kingdom
477,Ridge Helier,United Kingdom
478,Rilles,United Kingdom
479,Rilley Green,United Kingdom
480,Ringham,United Kingdom
481,Rington,United Kingdom
482,Riper Park On T,United Kingdom
483,Ripoole,United Kingdom
484,Rley,United Kingdom
485,Rleylands,United Kingdom
486,Rndon,United Kingdom
487,Rock,United Kingdom
488,Roin,United Kingdom
489,Roldon,United Kingdom
490,Rond,United Kingdom
491,Rookstowmark,United Kingdom
492,Ror Park On Upo,United Kingdom
493,Rorbornsley In ,United Kingdom
494,Rornton Magh,United Kingdom
495,Roud,United Kingdom
496,Rough,United Kingdom
497,Roughton,United Kingdom
498,S Minston Trens,United Kingdom
499,Sanleckheath,United Kingdom
500,Sbanchley,United Kingdom
501,Sburn,United Kingdom
502,Sburne,United Kingdom
503,Sbury,United Kingdom
504,Sbury Wharfedal,United Kingdom
505,Sea,United Kingdom
506,Seaham,United Kingdom
507,Sfield,United Kingdom
508,Sford,United Kingdom
509,Sford-Le-Will,United Kingdom
510,Sforden,United Kingdom
511,Sham,United Kingdom
512,Shames Ditton,United Kingdom
513,Shartsteignton,United Kingdom
514,Sheddar,United Kingdom
515,Singham,United Kingdom
516,Singtreen,United Kingdom
517,Sland,United Kingdom
518,Sleworth,United Kingdom
519,Sley Green,United Kingdom
520,Smaryportley,United Kingdom
521,Snards Bush,United Kingdom
522,Snoclow,United Kingdom
523,Son,United Kingdom
524,Sot,United Kingdom
525,Srook,United Kingdom
526,Srotts,United Kingdom
527,Ssingham,United Kingdom
528,Stingtons,United Kingdom
529,Ston,United Kingdom
530,Sundee,United Kingdom
531,Sunder Lyme,United Kingdom
532,Sunderley,United Kingdom
533,Sunderstown,United Kingdom
534,Sunds,United Kingdom
535,Sxezey,United Kingdom
536,T Le Frith,United Kingdom
537,T. Heath,United Kingdom
538,Tall,United Kingdom
539,Tbrecon,United Kingdom
540,Teigh,United Kingdom
541,Teighingshurch,United Kingdom
542,Ter,United Kingdom
543,Tfinchorpe,United Kingdom
544,Tgunsall,United Kingdom
545,Tidfulhamesmead,United Kingdom
546,Tillington Le S,United Kingdom
547,Tkeed,United Kingdom
548,Tlethe-Sea,United Kingdom
549,Tley,United Kingdom
550,Tlond,United Kingdom
551,Tlotmes Ditton,United Kingdom
552,Tnttton,United Kingdom
553,Ton,United Kingdom
554,Ton In Wharf,United Kingdom
555,Ton Spa,United Kingdom
556,Ton-On-The-Sole,United Kingdom
557,Torquay,United Kingdom
558,Tottenham,United Kingdom
559,Totton Upon Tre,United Kingdom
560,Tpe,United Kingdom
561,Trlesowen,United Kingdom
562,Trond,United Kingdom
563,Troud,United Kingdom
564,Trough,United Kingdom
565,Trrand Of Londo,United Kingdom
566,Tsden,United Kingdom
567,Tsford Forumpst,United Kingdom
568,Tssuratford,United Kingdom
569,Tullibody,United Kingdom
570,Tvee,United Kingdom
571,Twardwell,United Kingdom
572,Tyclun,United Kingdom
573,Tyrmstockley,United Kingdom
574,Ucking,United Kingdom
575,Udynsham,United Kingdom
576,Uindod Green,United Kingdom
577,Ull,United Kingdom
578,Ullibody,United Kingdom
579,Undee,United Kingdom
580,Under-Lyne,United Kingdom
581,Undersett,United Kingdom
582,Unds,United Kingdom
583,Unlow,United Kingdom
584,Urley,United Kingdom
585,Urley Greath,United Kingdom
586,Urn,United Kingdom
587,Urn-Le-Wilmslow,United Kingdom
588,Urne Molt,United Kingdom
589,Urnes,United Kingdom
590,Urnham,United Kingdom
591,Urnhamsey,United Kingdom
592,Urst,United Kingdom
593,Uxbe,United Kingdom
594,Vadtton,United Kingdom
595,Vedons,United Kingdom
596,Vele,United Kingdom
597,Veley,United Kingdom
598,Ven,United Kingdom
599,Ver,United Kingdom
600,Verford,United Kingdom
601,Verton,United Kingdom
602,Veton,United Kingdom
603,Vny Lncoed,United Kingdom
604,Wansea,United Kingdom
605,Wansfield,United Kingdom
606,Wford,United Kingdom
607,Wgroverkeithen,United Kingdom
608,Wich,United Kingdom
609,Wick,United Kingdom
610,Wickenhampton,United Kingdom
611,Winch,United Kingdom
612,Wip,United Kingdom
613,Wipson,United Kingdom
614,Wiston,United Kingdom
615,With,United Kingdom
616,Wllpby Hale,United Kingdom
617,Wllpy Treenock,United Kingdom
618,Wlnyltnnstock,United Kingdom
619,Wood,United Kingdom
620,Wood Green,United Kingdom
621,Worcest Byfleet,United Kingdom
622,Worch,United Kingdom
623,Worchwood,United Kingdom
624,Wort Parket,United Kingdom
625,Worth,United Kingdom
626,Worthendon,United Kingdom
627,Worthorpe,United Kingdom
628,Worton,United Kingdom
629,Worton Halerne,United Kingdom
630,Wvidholtone,United Kingdom
631,Xewe,United Kingdom
632,Xey,United Kingdom
633,Xindley,United Kingdom
634,Yde,United Kingdom
635,Yharfedalstoke-,United Kingdom
636,Yhaurt,United Kingdom
637,Yle,United Kingdom
638,Ylesfield,United Kingdom
639,Yratford Foreto,United Kingdom
640,Zal,United Kingdom
641,Zes,United Kingdom
642,Zorth,United Kingdom
643,Zorthwick-Upon ,United Kingdom
