,Name,Origin
0, Shahri,Uzbekistan
1,' Shahariq,Uzbekistan
2,''Irdaryo,Uzbekistan
3,''Ur Shaharchi,Uzbekistan
4,'Arab,Uzbekistan
5,'Arabot,Uzbekistan
6,'Arak,Uzbekistan
7,'Arakul',Uzbekistan
8,'Ardoq,Uzbekistan
9,'Arin Shahri,Uzbekistan
10,'Ariq,Uzbekistan
11,'Dod,Uzbekistan
12,'Enkhultonobod,Uzbekistan
13,'Guri,Uzbekistan
14,'Irdar,Uzbekistan
15,'Irdaryo,Uzbekistan
16,'Ivd,Uzbekistan
17,'Lon,Uzbekistan
18,'Shko'Pir,Uzbekistan
19,'Srkent,Uzbekistan
20,'Uk Shahri,Uzbekistan
21,'Ur Shahri,Uzbekistan
22,'Voy Shahrisabz,Uzbekistan
23,'`Rkandar,Uzbekistan
24,A`Riq,Uzbekistan
25,Aamarkent,Uzbekistan
26,Adoq,Uzbekistan
27,Agrin Shahri,Uzbekistan
28,Agxin,Uzbekistan
29,Ah'Arakul',Uzbekistan
30,Aiziltepa,Uzbekistan
31,Aknafi,Uzbekistan
32,Akrin Shahri,Uzbekistan
33,Alaosiyo Shahri,Uzbekistan
34,Amin Shahri,Uzbekistan
35,Amitan Shahri,Uzbekistan
36,Anghit,Uzbekistan
37,Aqchi,Uzbekistan
38,Arg`Ilon,Uzbekistan
39,Arkent,Uzbekistan
40,Arrn,Uzbekistan
41,Ashri,Uzbekistan
42,Ashros,Uzbekistan
43,Ashtobod,Uzbekistan
44,Ayi,Uzbekistan
45,Balor,Uzbekistan
46,Bed,Uzbekistan
47,Bgdon,Uzbekistan
48,Bhahri,Uzbekistan
49,Bhot Shahri,Uzbekistan
50,Biroqchi,Uzbekistan
51,Bmi Shahri,Uzbekistan
52,Bod,Uzbekistan
53,Boy Shahri,Uzbekistan
54,Bqo`Rqao`Rchasi,Uzbekistan
55,Bqtosh,Uzbekistan
56,Bshtixon Shahri,Uzbekistan
57,Bulobod,Uzbekistan
58,Buloq,Uzbekistan
59,Byi,Uzbekistan
60,Bzyu,Uzbekistan
61,C'Arab,Uzbekistan
62,Cagarin Shahri,Uzbekistan
63,Carg`Ilon,Uzbekistan
64,Cazultonobod,Uzbekistan
65,Cbos,Uzbekistan
66,Cfar,Uzbekistan
67,Cgariq,Uzbekistan
68,Cgi,Uzbekistan
69,Chasi,Uzbekistan
70,Chbuloq,Uzbekistan
71,Chi,Uzbekistan
72,Chku',Uzbekistan
73,Chlik,Uzbekistan
74,Chosonsoy,Uzbekistan
75,Chosr,Uzbekistan
76,Chostbulobod,Uzbekistan
77,Chri,Uzbekistan
78,Chsi,Uzbekistan
79,Cir,Uzbekistan
80,Cnor,Uzbekistan
81,Crin Shahri,Uzbekistan
82,Dah,Uzbekistan
83,Dar,Uzbekistan
84,Daryo,Uzbekistan
85,Dboy Shahri,Uzbekistan
86,Dev,Uzbekistan
87,Dhoyxun,Uzbekistan
88,Dhvot,Uzbekistan
89,Do`,Uzbekistan
90,Do`Rg`Ilon,Uzbekistan
91,Dqoyru,Uzbekistan
92,Dtiqo`Rchi,Uzbekistan
93,Durot,Uzbekistan
94,Dyh Trmamitan S,Uzbekistan
95,Dyshnobod,Uzbekistan
96,Ehri,Uzbekistan
97,Eirabot,Uzbekistan
98,Ekaetikon Shahr,Uzbekistan
99,Ekkrlan,Uzbekistan
100,Elak,Uzbekistan
101,Ena,Uzbekistan
102,Engvon Shahri,Uzbekistan
103,Engvul,Uzbekistan
104,Engvyn Timur,Uzbekistan
105,Engvyy Turtkul',Uzbekistan
106,Enov,Uzbekistan
107,Ent,Uzbekistan
108,Eo`Igon Shahri,Uzbekistan
109,Eria,Uzbekistan
110,Erin Shahri,Uzbekistan
111,Erkand,Uzbekistan
112,Erkind,Uzbekistan
113,Erkindaryo,Uzbekistan
114,Exir,Uzbekistan
115,Far,Uzbekistan
116,Firkon Shahri,Uzbekistan
117,Firkon Shahrisa,Uzbekistan
118,Fqrguli,Uzbekistan
119,Frggena,Uzbekistan
120,G'Arab,Uzbekistan
121,G'Ariq,Uzbekistan
122,G'Irdaryo,Uzbekistan
123,G'Ur Shahri,Uzbekistan
124,G`Ilon,Uzbekistan
125,G`On,Uzbekistan
126,G`Rl`Os,Uzbekistan
127,G`Rlan,Uzbekistan
128,G`Uloq,Uzbekistan
129,Gana,Uzbekistan
130,Gbon Shahri,Uzbekistan
131,Gchi,Uzbekistan
132,Gdon,Uzbekistan
133,Gena,Uzbekistan
134,Gfi,Uzbekistan
135,Gguri,Uzbekistan
136,Ghijon,Uzbekistan
137,Ghit,Uzbekistan
138,Gi Marg`Ontepa,Uzbekistan
139,Ginaz,Uzbekistan
140,Giqo`Rchi,Uzbekistan
141,Girab,Uzbekistan
142,Giyer,Uzbekistan
143,Gjmamin Shaharc,Uzbekistan
144,Gkent,Uzbekistan
145,Glir,Uzbekistan
146,Glon,Uzbekistan
147,Gmin Shahri,Uzbekistan
148,Gmir,Uzbekistan
149,Gsen,Uzbekistan
150,Gsinoz,Uzbekistan
151,Gtepa,Uzbekistan
152,Gtiarabot,Uzbekistan
153,Guli,Uzbekistan
154,Gyen,Uzbekistan
155,Gyi ,Uzbekistan
156,Gziltepa,Uzbekistan
157,H'Shko'Pir,Uzbekistan
158,H`Ka,Uzbekistan
159,Hahri,Uzbekistan
160,Harchi,Uzbekistan
161,Harxin,Uzbekistan
162,Hena,Uzbekistan
163,Hhsi,Uzbekistan
164,Hinoz,Uzbekistan
165,Hiroqchi,Uzbekistan
166,Hivo,Uzbekistan
167,Hiyo Shahri,Uzbekistan
168,Hkent,Uzbekistan
169,Ho`Rchi,Uzbekistan
170,Ho`Rg`Ilon,Uzbekistan
171,Ho`Rg`Ontepa,Uzbekistan
172,Hoqthshri,Uzbekistan
173,Hoy Shahri,Uzbekistan
174,Hri,Uzbekistan
175,Htkaloros,Uzbekistan
176,Hultonobod,Uzbekistan
177,Hunt'Ur Shahri,Uzbekistan
178,Huxtakor Shahri,Uzbekistan
179,Hxir,Uzbekistan
180,Hzarkent,Uzbekistan
181,Hzzoxankandar,Uzbekistan
182,I'Kent,Uzbekistan
183,Ifkardoq,Uzbekistan
184,Ikeataa Shahris,Uzbekistan
185,Imarkand,Uzbekistan
186,Imir Timur,Uzbekistan
187,In Shahri,Uzbekistan
188,In Shahrisabz,Uzbekistan
189,Indaryo,Uzbekistan
190,Iooros,Uzbekistan
191,Ioyou,Uzbekistan
192,Ipan,Uzbekistan
193,Iqo`Rchasi,Uzbekistan
194,Iqo`Rg`On,Uzbekistan
195,Ir Timur,Uzbekistan
196,Irabot,Uzbekistan
197,Irak,Uzbekistan
198,Irchasi,Uzbekistan
199,Irchi,Uzbekistan
200,Irgut Shahri,Uzbekistan
201,Iriq,Uzbekistan
202,Irkon Shahri,Uzbekistan
203,Irmiz,Uzbekistan
204,Irot,Uzbekistan
205,Irota,Uzbekistan
206,Irqoor Shahri,Uzbekistan
207,Irshi,Uzbekistan
208,Irxin,Uzbekistan
209,Irxon Shaharxin,Uzbekistan
210,Iskand,Uzbekistan
211,Iskent,Uzbekistan
212,Iva,Uzbekistan
213,Ixon Shaharxin,Uzbekistan
214,Ixon Shahri,Uzbekistan
215,Iyer,Uzbekistan
216,Iyi ,Uzbekistan
217,Iyrl,Uzbekistan
218,Izalkent,Uzbekistan
219,Iziltepa,Uzbekistan
220,Izol,Uzbekistan
221,Izolam,Uzbekistan
222,Jzma,Uzbekistan
223,Jzmat,Uzbekistan
224,K`R'Amarkandary,Uzbekistan
225,Kalor,Uzbekistan
226,Kent,Uzbekistan
227,Kho'Shkent,Uzbekistan
228,Klen,Uzbekistan
229,Ko`L,Uzbekistan
230,Krtkul',Uzbekistan
231,Kul',Uzbekistan
232,Kyen,Uzbekistan
233,Kzel,Uzbekistan
234,Li Shahri,Uzbekistan
235,Lir,Uzbekistan
236,Liy,Uzbekistan
237,Lkent,Uzbekistan
238,Lmil,Uzbekistan
239,Lo`,Uzbekistan
240,Lo`Rg`On,Uzbekistan
241,Lon,Uzbekistan
242,Loq,Uzbekistan
243,Lrin Shahri,Uzbekistan
244,Ltinko`L,Uzbekistan
245,Ltonobod,Uzbekistan
246,Lukghnt,Uzbekistan
247,Mi Shahri,Uzbekistan
248,Mia,Uzbekistan
249,Mil,Uzbekistan
250,Min Shaharin Sh,Uzbekistan
251,Min Shahri,Uzbekistan
252,Miq,Uzbekistan
253,Mir,Uzbekistan
254,Mitan Shahri,Uzbekistan
255,Miv,Uzbekistan
256,Miy Shahri,Uzbekistan
257,Miz,Uzbekistan
258,Mnshyon Shahri,Uzbekistan
259,Nchlik,Uzbekistan
260,Ndar,Uzbekistan
261,Ndaryo,Uzbekistan
262,Ndgi,Uzbekistan
263,Ndijon,Uzbekistan
264,Ndoq,Uzbekistan
265,Ndoy,Uzbekistan
266,Nebot,Uzbekistan
267,Ng`Ilon,Uzbekistan
268,Ngirabot,Uzbekistan
269,Ngiyer,Uzbekistan
270,Ngon Shahri,Uzbekistan
271,Ngren,Uzbekistan
272,Ngvon Shahri,Uzbekistan
273,Niy,Uzbekistan
274,Niz,Uzbekistan
275,Nmijanbod,Uzbekistan
276,Nqqo`Rg`Ontepa,Uzbekistan
277,Ntmarkandaryo,Uzbekistan
278,Nxir,Uzbekistan
279,O'Pir,Uzbekistan
280,O'Shkent,Uzbekistan
281,O'Shko'Pir,Uzbekistan
282,O`Ka,Uzbekistan
283,O`Og,Uzbekistan
284,O`Rchasi,Uzbekistan
285,O`Rg`Ilon,Uzbekistan
286,O`Rg`On,Uzbekistan
287,O`Rg`Ontepa,Uzbekistan
288,O`Sg`On,Uzbekistan
289,O`Sg`Rlan,Uzbekistan
290,Obod,Uzbekistan
291,Och,Uzbekistan
292,Ofirkon Shahris,Uzbekistan
293,Om'Mir Timur,Uzbekistan
294,Oshbulobod,Uzbekistan
295,Oskbuloq,Uzbekistan
296,Ovot,Uzbekistan
297,Oycui,Uzbekistan
298,Oymagkent,Uzbekistan
299,Pir,Uzbekistan
300,Pspkon Shahri,Uzbekistan
301,Q`Rskiarakul',Uzbekistan
302,Qchi,Uzbekistan
303,Qdo`,Uzbekistan
304,Qfo`,Uzbekistan
305,Qnod,Uzbekistan
306,Qqo`Rg`On,Uzbekistan
307,Qquloq,Uzbekistan
308,Qtiskent,Uzbekistan
309,Qtosh,Uzbekistan
310,Qtoshbulobod,Uzbekistan
311,Qtoshbulon,Uzbekistan
312,Qtoshbuloq,Uzbekistan
313,Qyor,Uzbekistan
314,Qzrzalkent,Uzbekistan
315,R Shahri,Uzbekistan
316,R#Xin,Uzbekistan
317,R'Amarkandar,Uzbekistan
318,R'Ijduvon Shahr,Uzbekistan
319,R'Sok,Uzbekistan
320,R`Ho`Rg`Ilon,Uzbekistan
321,R`Inoz,Uzbekistan
322,Rbod,Uzbekistan
323,Rchasi,Uzbekistan
324,Rchi,Uzbekistan
325,Rdoq,Uzbekistan
326,Rg'On Shahri,Uzbekistan
327,Rg`Ilon,Uzbekistan
328,Rg`On,Uzbekistan
329,Rguli,Uzbekistan
330,Rhamangirabot,Uzbekistan
331,Rhovot,Uzbekistan
332,Riq,Uzbekistan
333,Riz,Uzbekistan
334,Rizalkent,Uzbekistan
335,Rkent,Uzbekistan
336,Rmin Shahri,Uzbekistan
337,Rmir,Uzbekistan
338,Rmitan Shahri,Uzbekistan
339,Rmiz,Uzbekistan
340,Ro`,Uzbekistan
341,Rpin,Uzbekistan
342,Rqtosh,Uzbekistan
343,Rrmitan Shahri,Uzbekistan
344,Rshi,Uzbekistan
345,Rtiqo`Rchi,Uzbekistan
346,Rtoq,Uzbekistan
347,Rza,Uzbekistan
348,Rzoq,Uzbekistan
349,Rzultonobod,Uzbekistan
350,S'Ro'Ara`,Uzbekistan
351,S'Von Shahri,Uzbekistan
352,S`Ka,Uzbekistan
353,S`Keatabot,Uzbekistan
354,Sgmin Shahri,Uzbekistan
355,Sgyon Shahri,Uzbekistan
356,Sharchasi,Uzbekistan
357,Shbulobod,Uzbekistan
358,Shi,Uzbekistan
359,Sho`Rg`Ilon,Uzbekistan
360,Shovot,Uzbekistan
361,Shqor,Uzbekistan
362,Shri,Uzbekistan
363,Shtobod,Uzbekistan
364,Shvi,Uzbekistan
365,Skent,Uzbekistan
366,Skun,Uzbekistan
367,Skun''Ur Shahri,Uzbekistan
368,Skynlqon,Uzbekistan
369,Smi,Uzbekistan
370,Sul,Uzbekistan
371,Sxia,Uzbekistan
372,Sya,Uzbekistan
373,Syi,Uzbekistan
374,T Smahi,Uzbekistan
375,Takor Shahri,Uzbekistan
376,Tbo,Uzbekistan
377,Tdakylm Lir,Uzbekistan
378,Tiariq,Uzbekistan
379,Tirkon Shahri,Uzbekistan
380,Tixon Shaharxin,Uzbekistan
381,Tixon Shahri,Uzbekistan
382,Tmarkent,Uzbekistan
383,To`Oq,Uzbekistan
384,Tobod,Uzbekistan
385,Toq,Uzbekistan
386,Tpar,Uzbekistan
387,Tqeol,Uzbekistan
388,Trao,Uzbekistan
389,Ttnmhi,Uzbekistan
390,U Shahri,Uzbekistan
391,U'Ariq,Uzbekistan
392,U'Tdxiy,Uzbekistan
393,Uaharxin,Uzbekistan
394,Ubardoq,Uzbekistan
395,Uborak,Uzbekistan
396,Uborasp,Uzbekistan
397,Ug`Elok,Uzbekistan
398,Ukent,Uzbekistan
399,Uli,Uzbekistan
400,Ulobod,Uzbekistan
401,Uloq,Uzbekistan
402,Untaxoa Shahri,Uzbekistan
403,Uqchi,Uzbekistan
404,Uva,Uzbekistan
405,Uvgqon,Uzbekistan
406,Uyio,Uzbekistan
407,Uzorasp,Uzbekistan
408,Vbod,Uzbekistan
409,Von Shahri,Uzbekistan
410,Von Shahrisabz,Uzbekistan
411,Vot,Uzbekistan
412,Voy Shahri,Uzbekistan
413,Vry Shahrisabz,Uzbekistan
414,Xin,Uzbekistan
415,Xmur,Uzbekistan
416,Xvac,Uzbekistan
417,Xvacwul,Uzbekistan
418,Y Shahri,Uzbekistan
419,Y`Nganch,Uzbekistan
420,Ychi,Uzbekistan
421,Ycnguo Shaharin,Uzbekistan
422,Yen,Uzbekistan
423,Yi ,Uzbekistan
424,Yin,Uzbekistan
425,Yn Timur,Uzbekistan
426,Yon,Uzbekistan
427,Yon Shaharchasi,Uzbekistan
428,Ypan,Uzbekistan
429,Ypin,Uzbekistan
430,Yul,Uzbekistan
431,Zakardoq,Uzbekistan
432,Zakkeltkalor,Uzbekistan
433,Zalkent,Uzbekistan
434,Zarkandar,Uzbekistan
435,Zarkent,Uzbekistan
436,Zax,Uzbekistan
437,Zbixon Shaharin,Uzbekistan
438,Zfirkon Shahri,Uzbekistan
439,Zirtoq,Uzbekistan
440,Zka,Uzbekistan
441,Zo`,Uzbekistan
442,Zo`Achasi,Uzbekistan
443,Zo`Achri,Uzbekistan
444,Zo`Aqa'`Rkandar,Uzbekistan
445,Zod,Uzbekistan
446,Zox,Uzbekistan
447,Zoxan,Uzbekistan
448,Zoyau,Uzbekistan
449,Zoyauntepa,Uzbekistan
450,Zri,Uzbekistan
451,Zshariq,Uzbekistan
452,Zultonobod,Uzbekistan
453,`'Aoarchi,Uzbekistan
454,`'Aobod,Uzbekistan
455,`'Aosiyo Shahri,Uzbekistan
456,`Chqurghon Shah,Uzbekistan
457,`Dayyi ,Uzbekistan
458,`Era,Uzbekistan
459,`Fao,Uzbekistan
460,`Fyo,Uzbekistan
461,`G`Ontepa,Uzbekistan
462,`Ha,Uzbekistan
463,`Haorisabz,Uzbekistan
464,`Hayri Shahrisa,Uzbekistan
465,`Ho`Rg`Ilon,Uzbekistan
466,`Iroqchi,Uzbekistan
467,`Irota,Uzbekistan
468,`Ka,Uzbekistan
469,`Ko,Uzbekistan
470,`Lo`,Uzbekistan
471,`O`Tqoortoq,Uzbekistan
472,`Oy,Uzbekistan
473,`Qqo`Rg`On,Uzbekistan
474,`Rchasi,Uzbekistan
475,`Rg`Ilon,Uzbekistan
476,`Rg`On,Uzbekistan
477,`Rg`Ontepa,Uzbekistan
478,`Rtoq,Uzbekistan
479,`Ulobod,Uzbekistan
480,`Uloq,Uzbekistan
481,`Ylo Shahri,Uzbekistan
482,`Yo`,Uzbekistan
483,`Za,Uzbekistan
