,Name,Origin
0,  A,Vietnam
1, A Hiet,Vietnam
2, A Minh Long Xu,Vietnam
3, A Uieh Qan Tne,Vietnam
4, Ach Giuoc,Vietnam
5, Ain  Xa Phu My,Vietnam
6, Ainh Van,Vietnam
7, Amah,Vietnam
8, Ana Pha,Vietnam
9, Ane,Vietnam
10, Anh,Vietnam
11, Bang,Vietnam
12, Binh Long,Vietnam
13, Chag Boc,Vietnam
14, Chag Dong,Vietnam
15, Chau,Vietnam
16, Chi,Vietnam
17, Doc,Vietnam
18, Ei,Vietnam
19, Ha,Vietnam
20, Hi Lai,Vietnam
21, Hinh,Vietnam
22, Ia,Vietnam
23, Iea,Vietnam
24, Ien Hoa,Vietnam
25, Ien Quan Thi L,Vietnam
26, Ieu Hh,Vietnam
27, Ina Binh Bi,Vietnam
28, Ion Tum,Vietnam
29, Jinh,Vietnam
30, Jinh Long,Vietnam
31, Jinh Van,Vietnam
32, Lam Ha,Vietnam
33, Loc,Vietnam
34, Long,Vietnam
35, Long Gjinh Loc,Vietnam
36, Long Gjuc Thie,Vietnam
37, Long Ha,Vietnam
38, Ma Long,Vietnam
39, Minh,Vietnam
40, Nhi Lai,Vietnam
41, Oiel,Vietnam
42, Ot,Vietnam
43, Phan An,Vietnam
44, Pho Ba Ria,Vietnam
45, Pho Bang Xuyen,Vietnam
46, Ra Vinh Phan A,Vietnam
47, Ran Thi Lanh C,Vietnam
48, Rang,Vietnam
49, Ranh,Vietnam
50, Thi Linh,Vietnam
51, Thuot,Vietnam
52, Thuy,Vietnam
53, Uong,Vietnam
54, Uong Gjuc Thi ,Vietnam
55, Uy,Vietnam
56, Uyen Lai,Vietnam
57, Uyen Quang,Vietnam
58, Van,Vietnam
59, Xa Pho Ba Ria,Vietnam
60, Xa Phong,Vietnam
61,-Nhav Chi Linh ,Vietnam
62,A  Huot,Vietnam
63,A An,Vietnam
64,A Bi,Vietnam
65,A Chau,Vietnam
66,A Chi,Vietnam
67,A Chi Lam Ha,Vietnam
68,A Chi Linh,Vietnam
69,A Ciamnha,Vietnam
70,A Dec,Vietnam
71,A Doc,Vietnam
72,A Dong,Vietnam
73,A Drang,Vietnam
74,A Jinh,Vietnam
75,A Oinl Gjo,Vietnam
76,A Pha Loc,Vietnam
77,A Ria,Vietnam
78,A Rin  A,Vietnam
79,A Uien,Vietnam
80,Aa Dran Gio,Vietnam
81,Aa Ria,Vietnam
82,Aac Kan,Vietnam
83,Ac  I,Vietnam
84,Ac Kan,Vietnam
85,Ac Nghia,Vietnam
86,Ac Ninh,Vietnam
87,Ac Ninh Bi,Vietnam
88,Ac Ninh Cham,Vietnam
89,Ac Ninh Chi,Vietnam
90,Ac Ninh Long Xu,Vietnam
91,Ac Ninh Long-Th,Vietnam
92,Ac Ninh Minh Ph,Vietnam
93,Ac Ninh Pha,Vietnam
94,Ac Ninh Pho Ban,Vietnam
95,Ach Gio,Vietnam
96,Adong,Vietnam
97,Ai Duon Ho,Vietnam
98,Ai Duon Hoa,Vietnam
99,Ai Duon Lai,Vietnam
100,Ai Duon Ma Tien,Vietnam
101,Ai Duon Mai,Vietnam
102,Ai Duon Thuot,Vietnam
103,Ai Duong,Vietnam
104,Ai Duong Ha,Vietnam
105,Ai Duong Ngai,Vietnam
106,Ai Duong-Thanh,Vietnam
107,Ai Randmchi,Vietnam
108,Ai Rang,Vietnam
109,Ai Rang Cau,Vietnam
110,Ai Rang Ngai,Vietnam
111,Ai Rang-Thanh,Vietnam
112,Ai Rang-Thap Ch,Vietnam
113,Ai Ranh,Vietnam
114,Ai Ranh Chi,Vietnam
115,Ai Ranh Minh Ph,Vietnam
116,Aied,Vietnam
117,Aied Long,Vietnam
118,Aier,Vietnam
119,Aier Hg,Vietnam
120,Ain,Vietnam
121,Ain Hoa,Vietnam
122,Aind,Vietnam
123,Aind Chi,Vietnam
124,Ainm Lanh,Vietnam
125,Ainn Pau Doc,Vietnam
126,Ainr,Vietnam
127,Ainr Lg,Vietnam
128,Ainr Tgan,Vietnam
129,Ala Gi,Vietnam
130,Alo Gjuc Thuy,Vietnam
131,Along Cau,Vietnam
132,Am Ha,Vietnam
133,Am Ky,Vietnam
134,Am Oa,Vietnam
135,Am Phanh Phanh,Vietnam
136,Am Pho Ba Ria,Vietnam
137,Am Phong,Vietnam
138,Am Phu My,Vietnam
139,Am Rang,Vietnam
140,Am Rang-Thanh,Vietnam
141,Am Ranh,Vietnam
142,Amararhpho Uong,Vietnam
143,Amia,Vietnam
144,Amiha Thanh,Vietnam
145,Amiph  Bong,Vietnam
146,Ampky,Vietnam
147,Amrphhn Ma Tien,Vietnam
148,An ,Vietnam
149,An An,Vietnam
150,An Gio,Vietnam
151,An Gjien,Vietnam
152,An Gjong,Vietnam
153,An Ma Than Nghi,Vietnam
154,An Mai,Vietnam
155,An Nghia,Vietnam
156,An Rang,Vietnam
157,An Tan Gjien Ho,Vietnam
158,An Thuy,Vietnam
159,Ang,Vietnam
160,Ang Xuyen,Vietnam
161,Anh,Vietnam
162,Anh Pho Ba Ria,Vietnam
163,Anh Van,Vietnam
164,Ao Ba Ria,Vietnam
165,Ao Bang,Vietnam
166,Ao Bang-Thanh,Vietnam
167,Ao Blng,Vietnam
168,Ao La,Vietnam
169,Ao Lai,Vietnam
170,Ao Lam Ky,Vietnam
171,Ao Lam Rang,Vietnam
172,Ao Lanh,Vietnam
173,Ao Lanh Loc,Vietnam
174,Ao Linh,Vietnam
175,Ao Loc,Vietnam
176,Ao Long,Vietnam
177,Ao Long Bi,Vietnam
178,Ao Long Gjuc Th,Vietnam
179,Ao Long Ha,Vietnam
180,Aoch Giuoc,Vietnam
181,Aon Ho,Vietnam
182,Aon Thuot,Vietnam
183,Ap Chau,Vietnam
184,Ap Chi,Vietnam
185,Ap Chi Linh,Vietnam
186,Ay Ninh,Vietnam
187,Ayhn Ot,Vietnam
188,Bconh,Vietnam
189,Binh,Vietnam
190,Binh Long Cau,Vietnam
191,Binh Minh Pha,Vietnam
192,Bo Cong,Vietnam
193,Bong,Vietnam
194,Boo ,Vietnam
195,Boog Ha,Vietnam
196,C  Huot,Vietnam
197,C  Itan Giuoc,Vietnam
198,C  Juc Thanh,Vietnam
199,C Iho Uong Cau,Vietnam
200,C Iin  Rua,Vietnam
201,C Kan,Vietnam
202,C Thuot,Vietnam
203,C Yhanh,Vietnam
204,Ca Gi,Vietnam
205,Ca Gio,Vietnam
206,Ca Giuoc,Vietnam
207,Ch Gi,Vietnam
208,Ch Gia,Vietnam
209,Ch Gia Nang Gji,Vietnam
210,Ch Gia Ngai,Vietnam
211,Ch Gio,Vietnam
212,Chi Lai,Vietnam
213,Chi Lanh,Vietnam
214,Chi Linh,Vietnam
215,Chi Tran Rang,Vietnam
216,Ci Guuc Thuy,Vietnam
217,Ci Linh,Vietnam
218,Ci Tra Vinh Tha,Vietnam
219,Ci Tran Rang,Vietnam
220,Ci Trang,Vietnam
221,Co Gjong,Vietnam
222,Dong,Vietnam
223,Dong Binh,Vietnam
224,Dong Gjuc Thanh,Vietnam
225,Eahloc,Vietnam
226,Ec Hi,Vietnam
227,Ec Linh,Vietnam
228,Ec Qhan Rang,Vietnam
229,Ec Qian Thanh,Vietnam
230,Ec Quang,Vietnam
231,Ecghkan,Vietnam
232,Echqgi Chau Don,Vietnam
233,Echqgi Oa,Vietnam
234,Echqgi Uyen,Vietnam
235,Eclh Gio,Vietnam
236,Eclqgi Onu Chau,Vietnam
237,Ecmhta,Vietnam
238,Ei Hi,Vietnam
239,Ejqlinh Long,Vietnam
240,Eo Ho,Vietnam
241,Eo Long,Vietnam
242,Eo Qlanh,Vietnam
243,Eonlti,Vietnam
244,G Cau,Vietnam
245,G Ia,Vietnam
246,Ga Gi,Vietnam
247,Ga Giuoc,Vietnam
248,Gai,Vietnam
249,Gam Phanh,Vietnam
250,Gan,Vietnam
251,Gao,Vietnam
252,Gha,Vietnam
253,Gia,Vietnam
254,Gian Ranh,Vietnam
255,Go Cong Cau,Vietnam
256,Ha Vinh Minh Mi,Vietnam
257,Hach Gio,Vietnam
258,Hach Giuoc,Vietnam
259,Hai Duon Ma Thu,Vietnam
260,Hai Duong Ngai,Vietnam
261,Han Giuoc,Vietnam
262,Hanh Chau Doc,Vietnam
263,Hao Lai,Vietnam
264,Haoi Lai,Vietnam
265,Hap Chau,Vietnam
266,Hi Tran Giuoc,Vietnam
267,Hinh,Vietnam
268,Hinh Pho Bang,Vietnam
269,Hj Long Cau,Vietnam
270,Hma,Vietnam
271,Hoi An,Vietnam
272,Hoi Lanh,Vietnam
273,Hoi Linh,Vietnam
274,Hoi Linh Long G,Vietnam
275,Hot Not,Vietnam
276,I A Ion La,Vietnam
277,I An,Vietnam
278,I Aumd Aon Lam ,Vietnam
279,I Hinh,Vietnam
280,I Iho Uong Nghi,Vietnam
281,I Lai,Vietnam
282,I Linh,Vietnam
283,I Linh Chau Don,Vietnam
284,I Linh Long,Vietnam
285,I Linh Phu My,Vietnam
286,I Nhong Xuyen,Vietnam
287,I Ranh,Vietnam
288,Ia Nang,Vietnam
289,Ia Nang Gjinh T,Vietnam
290,Ia Nang-Thanh,Vietnam
291,Ia Nang-Thanh L,Vietnam
292,Ia Ngai,Vietnam
293,Ia Nghia,Vietnam
294,Iai Duon Ho,Vietnam
295,Iai Duon Thi Li,Vietnam
296,Iai Duon Tum,Vietnam
297,Iai Duong,Vietnam
298,Iai Rang Ha,Vietnam
299,Iai Ranh,Vietnam
300,Iai Ranh Phanh,Vietnam
301,Iai Rano Gjuc T,Vietnam
302,Iai-Duang Ha,Vietnam
303,Iaind,Vietnam
304,Iainr Hhuot,Vietnam
305,Ial Duon Hoa,Vietnam
306,Iam,Vietnam
307,Iam Phu My,Vietnam
308,Iamnky,Vietnam
309,Iamnpho Bang,Vietnam
310,Iamnra,Vietnam
311,Ian An,Vietnam
312,Ian Gjuc Thi Uy,Vietnam
313,Ian Tum,Vietnam
314,Iaynn Thanh,Vietnam
315,Ie ,Vietnam
316,Ie  Q,Vietnam
317,Iea,Vietnam
318,Iea Long Ngai,Vietnam
319,Iec,Vietnam
320,Iec Linh,Vietnam
321,Iec Linh Van,Vietnam
322,Iec Qhanh Pho B,Vietnam
323,Iec Qian,Vietnam
324,Iec Qianh,Vietnam
325,Iec Qianh Van,Vietnam
326,Iec Quan Gia Ng,Vietnam
327,Ied Qhi Lam Ran,Vietnam
328,Ieg,Vietnam
329,Ieg Lam Pho Uon,Vietnam
330,Ieg Quang,Vietnam
331,Ieh,Vietnam
332,Ieh Qhan An,Vietnam
333,Iei,Vietnam
334,Iei Qaan Gjo,Vietnam
335,Iem,Vietnam
336,Ien,Vietnam
337,Ien Ho,Vietnam
338,Ien Hoa,Vietnam
339,Ien La,Vietnam
340,Ien Lai,Vietnam
341,Ien Lanh,Vietnam
342,Ien Quan Thi La,Vietnam
343,Ien Quan Thuy,Vietnam
344,Ien Quang,Vietnam
345,Ieo,Vietnam
346,Iey Quang,Vietnam
347,Iga,Vietnam
348,Ighau Dong,Vietnam
349,Igi Xa Phu My,Vietnam
350,Iha Long,Vietnam
351,Iha Nang Ha,Vietnam
352,Ihi Lanh Loc,Vietnam
353,Iho Ba Ria,Vietnam
354,Ilinh,Vietnam
355,Ilinh Phon,Vietnam
356,Ina,Vietnam
357,Ing,Vietnam
358,Inh,Vietnam
359,Inh Binh Van,Vietnam
360,Inh Chau,Vietnam
361,Inh Hoa,Vietnam
362,Inh Loc,Vietnam
363,Inh Long,Vietnam
364,Inh Long Bi,Vietnam
365,Inh Long Gjuc T,Vietnam
366,Inh Minh,Vietnam
367,Inh Pha,Vietnam
368,Inh Phan Gjo,Vietnam
369,Inh Pho Ba Ria,Vietnam
370,Inh Pho Uong,Vietnam
371,Inh Phong,Vietnam
372,Inh Phu My,Vietnam
373,Inh Van,Vietnam
374,Ini,Vietnam
375,Ini Trang,Vietnam
376,Ino,Vietnam
377,Ino Ion Ma Thuy,Vietnam
378,Inr,Vietnam
379,J Onu,Vietnam
380,Jac Ninh,Vietnam
381,Jien Ho,Vietnam
382,Jien Quang,Vietnam
383,Jinh,Vietnam
384,Jinh Pho Uong,Vietnam
385,Jong Gjuc Thi L,Vietnam
386,La Gi,Vietnam
387,La Gio,Vietnam
388,La Giuoc,Vietnam
389,Li An,Vietnam
390,Linh,Vietnam
391,Long,Vietnam
392,Long Cau,Vietnam
393,Long Xuyen Quan,Vietnam
394,M Phu My,Vietnam
395,Ma Ai,Vietnam
396,Ma Long,Vietnam
397,Ma Long Bi,Vietnam
398,Ma Pho Uong,Vietnam
399,Ma Thi Lanh,Vietnam
400,Ma Tien,Vietnam
401,Ma Tien Hoa,Vietnam
402,Mac Kan,Vietnam
403,Mac Ninh,Vietnam
404,Mag,Vietnam
405,Mai,Vietnam
406,Mai Duong Gjuc ,Vietnam
407,Mai Ranh Phanh ,Vietnam
408,Mainr,Vietnam
409,Mala Gia,Vietnam
410,Mam,Vietnam
411,Mamaky,Vietnam
412,Manh,Vietnam
413,Mia,Vietnam
414,Miet,Vietnam
415,Mih,Vietnam
416,Minh Bi,Vietnam
417,Moch,Vietnam
418,Mog Lanh,Vietnam
419,Moi,Vietnam
420,N Binh Thuot,Vietnam
421,N Than An,Vietnam
422,Na Bi,Vietnam
423,Nah Minh Long,Vietnam
424,Nai Duon Mai,Vietnam
425,Nam,Vietnam
426,Nam Ranh Long X,Vietnam
427,Nay,Vietnam
428,Ner Hv,Vietnam
429,Nghia,Vietnam
430,Ngia,Vietnam
431,Nh Bi,Vietnam
432,Nh Thuy,Vietnam
433,Nhi Lam Ha,Vietnam
434,Nhi Lanh,Vietnam
435,Nhi Linh,Vietnam
436,Nhi Linh Long B,Vietnam
437,Ni Chau,Vietnam
438,No Gjo,Vietnam
439,Nrae Lhnh,Vietnam
440,O Ba Ria,Vietnam
441,O Bang,Vietnam
442,O Bang-Than Ran,Vietnam
443,O Jinh Long Ha,Vietnam
444,O La,Vietnam
445,O Lai,Vietnam
446,O Lam Ha,Vietnam
447,O Lanh,Vietnam
448,O Loc,Vietnam
449,O Long,Vietnam
450,O Tannirh Chi L,Vietnam
451,O Ton Mai,Vietnam
452,O Van,Vietnam
453,Oa Hi,Vietnam
454,Oa Tien,Vietnam
455,Ob Long,Vietnam
456,Oc Hi,Vietnam
457,Oc Lai,Vietnam
458,Oc Linh,Vietnam
459,Oc Linh Loc,Vietnam
460,Och Gia,Vietnam
461,Oci Ky,Vietnam
462,Oeg Ha,Vietnam
463,Og Ha,Vietnam
464,Ogg,Vietnam
465,Oi An,Vietnam
466,Oi Lai,Vietnam
467,Oi Lam Pho Uong,Vietnam
468,Oi Lam Rang,Vietnam
469,Oi Linh,Vietnam
470,Oi Linh Bi,Vietnam
471,Oi Linh Long,Vietnam
472,Oig,Vietnam
473,Ol Hh,Vietnam
474,Om Ha,Vietnam
475,On Hoa,Vietnam
476,On Lam Ranh,Vietnam
477,On Ma Than Than,Vietnam
478,On Ma Thi Linh ,Vietnam
479,On Ma Thuot,Vietnam
480,On Mai,Vietnam
481,On Tan Rang,Vietnam
482,On Thi Linh Cha,Vietnam
483,On Thuot,Vietnam
484,Ong,Vietnam
485,Ong Cau,Vietnam
486,Ong Gjac Ninh P,Vietnam
487,Ong Gjo,Vietnam
488,Ong Gjong,Vietnam
489,Ong Gjong Ha,Vietnam
490,Ong Ha,Vietnam
491,Ong Ngai,Vietnam
492,Ong Nghia,Vietnam
493,Ong Nghiah Long,Vietnam
494,Ong Xuyen Ho,Vietnam
495,Onh,Vietnam
496,Onh Chau Doc,Vietnam
497,Op Hl,Vietnam
498,Orgj Uyen Lam R,Vietnam
499,Ot Not,Vietnam
500,P Onr,Vietnam
501,Paa,Vietnam
502,Pan An,Vietnam
503,Pan Gjo,Vietnam
504,Pan Mai,Vietnam
505,Phanh,Vietnam
506,Phanh Phu My,Vietnam
507,Planh Long,Vietnam
508,Pman,Vietnam
509,Po Long Gjuc Th,Vietnam
510,Po Na,Vietnam
511,Pong,Vietnam
512,Pot,Vietnam
513,Ra Vinh Thuot,Vietnam
514,Rac Kan,Vietnam
515,Rach Gia Nang H,Vietnam
516,Rach Giuoc,Vietnam
517,Rai Duon Thinh ,Vietnam
518,Rai Duong,Vietnam
519,Rang,Vietnam
520,Raovlo,Vietnam
521,Ray Ninh,Vietnam
522,T Bibinh  Ia,Vietnam
523,T Not,Vietnam
524,Tay Ninh Pho Ba,Vietnam
525,Tghai Rang-Thap,Vietnam
526,Thi Linh,Vietnam
527,Thot Not,Vietnam
528,Tien,Vietnam
529,Tinn,Vietnam
530,Tong,Vietnam
531,Tot Not,Vietnam
532,Uon Mai,Vietnam
533,Uong Gjuc Thi T,Vietnam
534,Uyen,Vietnam
535,Uyen Ho,Vietnam
536,Van,Vietnam
537,Vinh Long,Vietnam
538,X Aap Chau,Vietnam
539,Xa Phan Nghia,Vietnam
540,Xoa An,Vietnam
541,Yam Rang,Vietnam
542,Yan Ma Thi Linh,Vietnam
543,Yan Thi Lai,Vietnam
