,Name,Origin
0,Aamba,Zambia
1,Aambala,Zambia
2,Aba,Zambia
3,Abo,Zambia
4,Abompo,Zambia
5,Afae,Zambia
6,Afre,Zambia
7,Afue,Zambia
8,Afye,Zambia
9,Ahoma,Zambia
10,Ala,Zambia
11,Alabompo,Zambia
12,Alola,Zambia
13,Alongwi,Zambia
14,Alulunga,Zambia
15,Alulungwe,Zambia
16,Alulushi,Zambia
17,Ama,Zambia
18,Amba,Zambia
19,Ambwa,Zambia
20,Amoi,Zambia
21,Anaa,Zambia
22,Anghi,Zambia
23,Annauke,Zambia
24,Anoa,Zambia
25,Anrhimgslinazon,Zambia
26,Ansa,Zambia
27,Ansali,Zambia
28,Ansansali,Zambia
29,Ansanshi,Zambia
30,Ansanshya,Zambia
31,Anshi,Zambia
32,Anshya,Zambia
33,Aola,Zambia
34,Aoma,Zambia
35,Aona,Zambia
36,Apongu,Zambia
37,Apongwe,Zambia
38,Apongwi,Zambia
39,Aromm,Zambia
40,Aru,Zambia
41,Asama,Zambia
42,Ashi,Zambia
43,Asoma,Zambia
44,Ata,Zambia
45,Ataba,Zambia
46,Avonga,Zambia
47,Avongwe,Zambia
48,Avongwi,Zambia
49,Awamba,Zambia
50,Blola,Zambia
51,Bolbwa,Zambia
52,Bolp,Zambia
53,Bolpoli,Zambia
54,Bolposhi,Zambia
55,Bolpulunga,Zambia
56,Bwa,Zambia
57,Bwi,Zambia
58,Bwo,Zambia
59,Erinmsansa,Zambia
60,Fufililabompo,Zambia
61,Fulira,Zambia
62,Fya,Zambia
63,Gnta,Zambia
64,Gola,Zambia
65,Gstone,Zambia
66,Hakbndazi,Zambia
67,Hililabo,Zambia
68,Hililabombwa,Zambia
69,Hililabombwe,Zambia
70,Hililabompo,Zambia
71,Hingu,Zambia
72,Hinsali,Zambia
73,Hinsanshi,Zambia
74,Homa,Zambia
75,Honga,Zambia
76,Hongwe,Zambia
77,Insa,Zambia
78,Ita,Zambia
79,Itaba,Zambia
80,Ittuke,Zambia
81,Itwe,Zambia
82,Jnshi,Zambia
83,Jole,Zambia
84,Konde,Zambia
85,Labo,Zambia
86,Lalola,Zambia
87,Lalongwe,Zambia
88,Lalulushi,Zambia
89,Lita,Zambia
90,Litaba,Zambia
91,Lola,Zambia
92,Lolu,Zambia
93,Longu,Zambia
94,Longwe,Zambia
95,Ltshi,Zambia
96,Ltwi,Zambia
97,Lunga,Zambia
98,Lungu,Zambia
99,Lungwe,Zambia
100,Lwizingu,Zambia
101,Lwizinundazi,Zambia
102,Malulushi,Zambia
103,Mbwa,Zambia
104,Mfulira,Zambia
105,Mmze,Zambia
106,Mnshya,Zambia
107,Mola,Zambia
108,Molwezi,Zambia
109,Mpo,Zambia
110,Mulushi,Zambia
111,Mwa,Zambia
112,Naa,Zambia
113,Ndazi,Zambia
114,Nfu,Zambia
115,Nfwe,Zambia
116,Ngola,Zambia
117,Ngwe,Zambia
118,Ngwi,Zambia
119,Nhi,Zambia
120,Nla,Zambia
121,Nlvogg,Zambia
122,Nmungu,Zambia
123,Nnre,Zambia
124,Nnsali,Zambia
125,Nnshi,Zambia
126,Nnu,Zambia
127,Nofu,Zambia
128,Nole,Zambia
129,Nolwezi,Zambia
130,Nomwe,Zambia
131,Nonde,Zambia
132,Noonde,Zambia
133,Noshi,Zambia
134,Npolu,Zambia
135,Nra,Zambia
136,Nsa,Zambia
137,Nsali,Zambia
138,Nsama,Zambia
139,Nsansa,Zambia
140,Nsansali,Zambia
141,Nsanshi,Zambia
142,Nsanshya,Zambia
143,Nse,Zambia
144,Nsfi,Zambia
145,Nsfya,Zambia
146,Nshi,Zambia
147,Nshya,Zambia
148,Nsri,Zambia
149,Nsu,Zambia
150,Nswi,Zambia
151,Nta,Zambia
152,Ntu,Zambia
153,Ntwe,Zambia
154,Nwa,Zambia
155,Nwanza,Zambia
156,Nwi,Zambia
157,Nzi,Zambia
158,O Wepinilunga,Zambia
159,Oba,Zambia
160,Obwe,Zambia
161,Ofu,Zambia
162,Ofue,Zambia
163,Ola,Zambia
164,Olu,Zambia
165,Olulungwi,Zambia
166,Olwezi,Zambia
167,Oma,Zambia
168,Omwe,Zambia
169,Ona,Zambia
170,Onawemia,Zambia
171,Onde,Zambia
172,Onga,Zambia
173,Ongu,Zambia
174,Ongwe,Zambia
175,Ongwi,Zambia
176,Onla,Zambia
177,Onnazongu,Zambia
178,Onra,Zambia
179,Onrw Mipotg,Zambia
180,Onsanshya,Zambia
181,Onsulasama,Zambia
182,Onswi,Zambia
183,Onswya,Zambia
184,Onwalbolpongwe,Zambia
185,Onwe,Zambia
186,Onwu,Zambia
187,Onwwenge,Zambia
188,Onwwingu,Zambia
189,Onwwinilungu,Zambia
190,Onze,Zambia
191,Oola,Zambia
192,Ooma,Zambia
193,Oonwe,Zambia
194,Oowe,Zambia
195,Opa,Zambia
196,Opo,Zambia
197,Orwejie,Zambia
198,Osa,Zambia
199,Osaiabompo,Zambia
200,Oshi,Zambia
201,Otwe,Zambia
202,Owa,Zambia
203,Polu,Zambia
204,Ponga,Zambia
205,Pongu,Zambia
206,Pongwe,Zambia
207,Pongwi,Zambia
208,Poogwe,Zambia
209,Pori,Zambia
210,Potgu,Zambia
211,Pothe,Zambia
212,Potu,Zambia
213,Pulushi,Zambia
214,Punga,Zambia
215,Rakjnde,Zambia
216,Ramja,Zambia
217,Ramm,Zambia
218,Ri Mponga,Zambia
219,Ri Mpongwe,Zambia
220,Ri Mpongwi,Zambia
221,Ri Mposhi,Zambia
222,Ro M,Zambia
223,Ro Meone,Zambia
224,Rtnde,Zambia
225,Rw Mgola,Zambia
226,Rwimgulushi,Zambia
227,Saka,Zambia
228,Sakambala,Zambia
229,Sakambezi,Zambia
230,Sali,Zambia
231,Sama,Zambia
232,Sansali,Zambia
233,Sansansa,Zambia
234,Sanshya,Zambia
235,Sfya,Zambia
236,Shi,Zambia
237,Sni,Zambia
238,Soinwu,Zambia
239,Sta,Zambia
240,Sti,Zambia
241,Stinezi,Zambia
242,Stnsali,Zambia
243,Stnsansansali,Zambia
244,Stone,Zambia
245,Stwi,Zambia
246,Taba,Zambia
247,Tafue,Zambia
248,Taka,Zambia
249,Takambala,Zambia
250,Takambalabompo,Zambia
251,Takambezi,Zambia
252,Talabombwa,Zambia
253,Tama,Zambia
254,Tanaa,Zambia
255,Tanahoma,Zambia
256,Tata,Zambia
257,Tauke,Zambia
258,Tazabuka,Zambia
259,Tbuka,Zambia
260,Terenje,Zambia
261,Tfue,Zambia
262,Tgu,Zambia
263,Tkukd,Zambia
264,Tnga,Zambia
265,Tnsa,Zambia
266,Tnsali,Zambia
267,Tnsansa,Zambia
268,Tnsanshya,Zambia
269,Tole,Zambia
270,Tone,Zambia
271,Tsheke,Zambia
272,Tshi,Zambia
273,Tuke,Zambia
274,Twa,Zambia
275,Twe,Zambia
276,Twi,Zambia
277,Tzi,Zambia
278,Ufulira,Zambia
279,Uitaba,Zambia
280,Unsa,Zambia
281,Unsali,Zambia
282,Unsansali,Zambia
283,Unsansansanshya,Zambia
284,Unswi,Zambia
285,Vgnga,Zambia
286,Vingola,Zambia
287,Vongu,Zambia
288,Vongwe,Zambia
289,Vongwi,Zambia
290,Wambezi,Zambia
291,Wambishi,Zambia
292,Wanga,Zambia
293,Wanghi,Zambia
294,Wangwe,Zambia
295,Wililabo,Zambia
296,Wililabombwa,Zambia
297,Wingola,Zambia
298,Wingstone,Zambia
299,Wingu,Zambia
300,Winia,Zambia
301,Winilunga,Zambia
302,Winilunge,Zambia
303,Winilungu,Zambia
304,Winilungwe,Zambia
305,Wipitaba,Zambia
306,Wipithuke,Zambia
307,Wsaiiitaba,Zambia
308,Zingola,Zambia
309,Zonga,Zambia
310,Zongu,Zambia
311,Zongwi,Zambia
