,Name,Origin
0, Bagh,Afghanistan
1,'Rlasg,Afghanistan
2,-E 'Alaqahdari ,Afghanistan
3,-E 'Alaqahdarik,Afghanistan
4,-E Hukumat-E Pu,Afghanistan
5,-E Yakawlang,Afghanistan
6,-Eeyakawlang,Afghanistan
7,Abad,Afghanistan
8,Ar-E Hukumat-E ,Afghanistan
9,Arah,Afghanistan
10,Arah Bagh,Afghanistan
11,Arah Barak,Afghanistan
12,Araj,Afghanistan
13,Arak,Afghanistan
14,Araki Bagh,Afghanistan
15,Arawul,Afghanistan
16,Ari Dishu,Afghanistan
17,Arif,Afghanistan
18,Arikar,Afghanistan
19,Arikar Lam,Afghanistan
20,Arin,Afghanistan
21,Arinkot,Afghanistan
22,Arweshkar,Afghanistan
23,Ayroz Koh,Afghanistan
24,Ayzab,Afghanistan
25,Bad,Afghanistan
26,Bal Os Sahib,Afghanistan
27,Bal Os Sahibirg,Afghanistan
28,Bal Os Sahif,Afghanistan
29,Bal Os Sarah,Afghanistan
30,Bal Os Saraj,Afghanistan
31,Bal Os Sarak,Afghanistan
32,Bal Os Sarawul,Afghanistan
33,Bar,Afghanistan
34,Bar Daraj,Afghanistan
35,Bar Darawul,Afghanistan
36,Bar Darweshkash,Afghanistan
37,Bar Lam,Afghanistan
38,Basawul,Afghanistan
39,Birghan,Afghanistan
40,Cindaharif,Afghanistan
41,Cri Dishu,Afghanistan
42,Dabad,Afghanistan
43,Darzabad,Afghanistan
44,Diras,Afghanistan
45,Drrak,Afghanistan
46,Eras,Afghanistan
47,Falrost,Afghanistan
48,Fbasar-E Yakawl,Afghanistan
49,Fr Sahibirghan,Afghanistan
50,Fram,Afghanistan
51,Fyoo Ksas-E Sha,Afghanistan
52,Gab,Afghanistan
53,Gan,Afghanistan
54,Gar,Afghanistan
55,Gban,Afghanistan
56,Ghan,Afghanistan
57,Hari Dishu,Afghanistan
58,Harikar Lam,Afghanistan
59,Hindaharif,Afghanistan
60,Hnkutae Lam,Afghanistan
61,Hrak,Afghanistan
62,Hukumat-E 'Alam,Afghanistan
63,Hukumat-E Yakaw,Afghanistan
64,Ibak,Afghanistan
65,Ibirghan,Afghanistan
66,Idamws,Afghanistan
67,Ighm,Afghanistan
68,Indahar,Afghanistan
69,Indahari Dishu,Afghanistan
70,Indaharikar Gah,Afghanistan
71,Indand,Afghanistan
72,Indandahar,Afghanistan
73,Indandaharif,Afghanistan
74,Indandand,Afghanistan
75,Indandandaharik,Afghanistan
76,Irabad,Afghanistan
77,Iram Sarah Bagh,Afghanistan
78,Iras,Afghanistan
79,Iyroz Koh,Afghanistan
80,Jalalalalabal O,Afghanistan
81,Jran,Afghanistan
82,Kird,Afghanistan
83,Kshkar Gak,Afghanistan
84,Kyndoh,Afghanistan
85,Labad,Afghanistan
86,Lagh,Afghanistan
87,Lalabad,Afghanistan
88,Lalabal Os Sar-,Afghanistan
89,Lar Gah,Afghanistan
90,Larah,Afghanistan
91,Laraj,Afghanistan
92,Larak,Afghanistan
93,Larghan,Afghanistan
94,Lasawul,Afghanistan
95,Lashkar,Afghanistan
96,Lazar,Afghanistan
97,Ldhkos,Afghanistan
98,Lgrazar-E Daraw,Afghanistan
99,Liras,Afghanistan
100,Llosasaw-E,Afghanistan
101,Loqan,Afghanistan
102,Los,Afghanistan
103,Los Sahibirghan,Afghanistan
104,Losanawul,Afghanistan
105,Losasa-Ajyakawl,Afghanistan
106,Losasar-E 'Alaq,Afghanistan
107,Losasarah,Afghanistan
108,Losasaw-E Shari,Afghanistan
109,Losasawal,Afghanistan
110,Losgs,Afghanistan
111,Losssaarawul,Afghanistan
112,Loy,Afghanistan
113,Loz Koh,Afghanistan
114,Lozak,Afghanistan
115,Lozak-E Yakawla,Afghanistan
116,Lozqkn,Afghanistan
117,Mar,Afghanistan
118,Mrak,Afghanistan
119,Mzar-E Sharikar,Afghanistan
120,Nar Darweshk,Afghanistan
121,Nar Darzab,Afghanistan
122,Nar Gah,Afghanistan
123,Nar Gak,Afghanistan
124,Ndand,Afghanistan
125,Ndandahar,Afghanistan
126,Ndandandandahar,Afghanistan
127,Ni Dishu,Afghanistan
128,Ni Gah,Afghanistan
129,Ni Gak,Afghanistan
130,Ni Sibak,Afghanistan
131,Nir Pul-E Shahr,Afghanistan
132,Nlotak Oh Shari,Afghanistan
133,Nyrtzak,Afghanistan
134,Nyz Bal Os Sahi,Afghanistan
135,Nzan,Afghanistan
136,Or Sahibirghan,Afghanistan
137,Pr-E Pul,Afghanistan
138,Prin,Afghanistan
139,Pru,Afghanistan
140,Prun,Afghanistan
141,R Gah,Afghanistan
142,R Lam,Afghanistan
143,R-E 'Alam,Afghanistan
144,R-E Hukumat-E H,Afghanistan
145,R-E Shahrinkot,Afghanistan
146,R-E Shari Dishu,Afghanistan
147,R-E Yakawlang,Afghanistan
148,Rabad,Afghanistan
149,Rad,Afghanistan
150,Rag,Afghanistan
151,Rah,Afghanistan
152,Rah Bagh,Afghanistan
153,Rah Baraj,Afghanistan
154,Raj,Afghanistan
155,Rak,Afghanistan
156,Raki Bagh,Afghanistan
157,Raki Barah,Afghanistan
158,Raki Barah Bagh,Afghanistan
159,Raki Baraj,Afghanistan
160,Raki Barak,Afghanistan
161,Raki Baraki Bar,Afghanistan
162,Raki Barawul,Afghanistan
163,Ran,Afghanistan
164,Ran Ot Koh,Afghanistan
165,Rar,Afghanistan
166,Rar Darzabad,Afghanistan
167,Rar Gak,Afghanistan
168,Rar Lam,Afghanistan
169,Ras,Afghanistan
170,Rawul,Afghanistan
171,Raz,Afghanistan
172,Raz Dor,Afghanistan
173,Raz Ioh Shahrak,Afghanistan
174,Raz Rok Shar,Afghanistan
175,Raz-E 'Alam,Afghanistan
176,Raz-E Darweshka,Afghanistan
177,Raz-E Pul,Afghanistan
178,Raz-E Pul-E Huk,Afghanistan
179,Raz-E Shairabad,Afghanistan
180,Raz-E Yakawlang,Afghanistan
181,Razar,Afghanistan
182,Razar-E 'Alam,Afghanistan
183,Razar-E 'Alaqah,Afghanistan
184,Razar-E Darwesh,Afghanistan
185,Razar-E Hukumat,Afghanistan
186,Razar-E Pul,Afghanistan
187,Razar-E Shahrak,Afghanistan
188,Razar-E Yakawla,Afghanistan
189,Rchi Gak,Afghanistan
190,Rdazar,Afghanistan
191,Rdazar-E Darzab,Afghanistan
192,Rdazar-E Pul-E ,Afghanistan
193,Rdazar-E Shar,Afghanistan
194,Rdirabad,Afghanistan
195,Rghan,Afghanistan
196,Rikar Lam,Afghanistan
197,Rin,Afghanistan
198,Rinkot,Afghanistan
199,Rinkot-E Shahri,Afghanistan
200,Rlasawul,Afghanistan
201,Rlazar-E Pul,Afghanistan
202,Rqin,Afghanistan
203,Rr Darak,Afghanistan
204,Rrskam,Afghanistan
205,Rsakawlang,Afghanistan
206,Ryzab,Afghanistan
207,Rzab,Afghanistan
208,Sdanzah,Afghanistan
209,Sham,Afghanistan
210,Shan,Afghanistan
211,Shkashk,Afghanistan
212,Shkashkar Lam,Afghanistan
213,Sibak,Afghanistan
214,Snaarawul,Afghanistan
215,Swun,Afghanistan
216,Sybaz,Afghanistan
217,Syraz,Afghanistan
218,Syraz Ioh Kmar,Afghanistan
219,Syzabad,Afghanistan
220,Tghan,Afghanistan
221,Urak,Afghanistan
222,Urg,Afghanistan
223,Urlkashkar Lam,Afghanistan
224,Urm,Afghanistan
225,Uruzgan,Afghanistan
226,Urzab,Afghanistan
227,Urzkar,Afghanistan
228,Urzkar Gak,Afghanistan
229,Ushk,Afghanistan
230,Ushkasham,Afghanistan
231,Usmar,Afghanistan
232,Usnk,Afghanistan
233,Yakawlang,Afghanistan
234,Yarah,Afghanistan
235,Yarah Bagh,Afghanistan
236,Yarak,Afghanistan
237,Ybao,Afghanistan
238,Ybaz Ioh Shar,Afghanistan
239,Yjookkndahar,Afghanistan
240,Ykoo,Afghanistan
241,Yloqan,Afghanistan
242,Ylosasawlang,Afghanistan
243,Ynot Koh,Afghanistan
244,Yoz Koh,Afghanistan
245,Yraz,Afghanistan
246,Yraz Ibak,Afghanistan
247,Yraz O,Afghanistan
248,Yraz Roh Kahar,Afghanistan
249,Yraz Roh Kahari,Afghanistan
250,Yraz Roh Sharin,Afghanistan
251,Yraz-E Hukumat-,Afghanistan
252,Yraz-E Pul,Afghanistan
253,Yrazar,Afghanistan
254,Yrazar-E Darzab,Afghanistan
255,Yrazar-E Pul,Afghanistan
256,Yrizab,Afghanistan
257,Yroz Koh,Afghanistan
258,Yrz Bag,Afghanistan
259,Yrzabad,Afghanistan
260,Yrzzab,Afghanistan
261,Yrzzabal Os Sah,Afghanistan
262,Yrzzabal Os Sar,Afghanistan
263,Yrzzar-E 'Alam,Afghanistan
264,Ysawul,Afghanistan
265,Ysoo,Afghanistan
266,Yszaa-Wehnuutma,Afghanistan
267,Yszaq,Afghanistan
268,Yyzob,Afghanistan
269,Yyzoq,Afghanistan
270,Yzab,Afghanistan
271,Yzabad,Afghanistan
272,Yzabal Os Sahib,Afghanistan
273,Yzabal Os Sar-E,Afghanistan
274,Yzabal Os Saraw,Afghanistan
275,Z-E 'Alam,Afghanistan
276,Z-E Hukumat-E H,Afghanistan
277,Zar-E Darzabad,Afghanistan
278,Zar-E Hukumat-E,Afghanistan
279,Zbar Gah,Afghanistan
