,Name,Origin
0, Arfa,Algeria
1, Arnat,Algeria
2, Djir,Algeria
3, El Berdas,Algeria
4, El Bya,Algeria
5, El Hanifia El ,Algeria
6, El Kalah,Algeria
7, El Kiffa,Algeria
8, El Mala,Algeria
9, El Malah,Algeria
10, Fakroun,Algeria
11, Gamiaoed,Algeria
12, Ull-Z,Algeria
13,-Nela,Algeria
14,-Nlta,Algeria
15,Abou Tlelis,Algeria
16,Ahnet,Algeria
17,Ain El Hassi Me,Algeria
18,Aka,Algeria
19,Akkacharef,Algeria
20,Akoud,Algeria
21,Akouda,Algeria
22,Annaba,Algeria
23,Arbacha,Algeria
24,Arbache,Algeria
25,Arbached,Algeria
26,Arbachenian,Algeria
27,Arbatacha,Algeria
28,Arbatacharef,Algeria
29,Arhribs,Algeria
30,Assat,Algeria
31,Assi Melou,Algeria
32,Batache Mouzaia,Algeria
33,Batached,Algeria
34,Becha,Algeria
35,Beni Ameur,Algeria
36,Beni Amrane,Algeria
37,Beni Saf,Algeria
38,Ber,Algeria
39,Ber Arnat,Algeria
40,Ber Hassan,Algeria
41,Ber Icmiroun,Algeria
42,Bet,Algeria
43,Bet El Hadjout,Algeria
44,Bit,Algeria
45,Bou Arnat,Algeria
46,Bster,Algeria
47,Bttlflin,Algeria
48,Cde ,Algeria
49,Cha,Algeria
50,Che,Algeria
51,Che Moura,Algeria
52,Che Mourad,Algeria
53,Che Mouzaia,Algeria
54,Che Mouzian,Algeria
55,Ched,Algeria
56,Cheni Senousser,Algeria
57,Chenia,Algeria
58,Chenian,Algeria
59,Chent,Algeria
60,Das,Algeria
61,Dem,Algeria
62,Der,Algeria
63,Des,Algeria
64,Dj El Abtal,Algeria
65,Dj El Aioun,Algeria
66,Dj El Ameur,Algeria
67,Dj El Amria,Algeria
68,Dj El Attaf,Algeria
69,Dj El Beida,Algeria
70,Dj El Bell,Algeria
71,Dj El Beniane,Algeria
72,Dj El Bou Hassa,Algeria
73,Dj El Bouinan,Algeria
74,Dj El Bouissems,Algeria
75,Dj El Boukhadem,Algeria
76,Dj El Bya,Algeria
77,Dj El Djir,Algeria
78,Dj El Hadjar,Algeria
79,Dj El Hadjout,Algeria
80,Dj El Hamaa,Algeria
81,Dj El Hamat,Algeria
82,Dj El Hanifia E,Algeria
83,Dj El Hassaoud,Algeria
84,Dj El Kala,Algeria
85,Dj El Kiffan,Algeria
86,Dj El Messam En,Algeria
87,Dj El Mester,Algeria
88,Djamaa,Algeria
89,Djamamaa,Algeria
90,Djamat,Algeria
91,Djar,Algeria
92,Djbou Arfa,Algeria
93,Djbou El Attaf,Algeria
94,Djbou El Bouma,Algeria
95,Djbou El Djir,Algeria
96,Djbou El Hassi ,Algeria
97,Djbou Hadjout,Algeria
98,Djbou Hanifia E,Algeria
99,Djbou Ismail,Algeria
100,Djbou Smara,Algeria
101,Djbou Tleta,Algeria
102,Djbouarreria,Algeria
103,Djbouarreridj,Algeria
104,Djbougaa,Algeria
105,Djbouina,Algeria
106,Djbouissaouda,Algeria
107,Djboukhadem,Algeria
108,Djboukhar,Algeria
109,Djboukharika,Algeria
110,Djbouma,Algeria
111,Djboumahra Ahme,Algeria
112,Djboumerd,Algeria
113,Djboumerdaia,Algeria
114,Djbousseralda,Algeria
115,Djbouza,Algeria
116,Djbouzaia,Algeria
117,Djbouzian,Algeria
118,Djbouziane,Algeria
119,Djem,Algeria
120,Djout,Algeria
121,Djsmiroun,Algeria
122,Echa,Algeria
123,Egarika,Algeria
124,Eld,Algeria
125,Elh,Algeria
126,Ell,Algeria
127,Enda,Algeria
128,Ensekrane,Algeria
129,Erdas,Algeria
130,Farbacha,Algeria
131,Fhent,Algeria
132,Fla,Algeria
133,Freha,Algeria
134,Gaa,Algeria
135,Gai,Algeria
136,Gain,Algeria
137,Gaine,Algeria
138,Gair,Algeria
139,Gamia,Algeria
140,Gamiaoed,Algeria
141,Gamiaoud,Algeria
142,Gamimouche,Algeria
143,Gamimouchenia,Algeria
144,Gamimoun,Algeria
145,Gamimoura,Algeria
146,Gamimourad,Algeria
147,Gamitine,Algeria
148,Ganifia El Djir,Algeria
149,Ganifia El Hadj,Algeria
150,Gari,Algeria
151,Garika,Algeria
152,Gasias,Algeria
153,Gasiaseal,Algeria
154,Gasiat,Algeria
155,Hadem,Algeria
156,Hadjout,Algeria
157,Haref,Algeria
158,Hbss Flouza,Algeria
159,Hdaia,Algeria
160,Hdmma Bouissera,Algeria
161,Hdssyyy  Nessat,Algeria
162,Hed,Algeria
163,Hent,Algeria
164,Hribs,Algeria
165,Idj,Algeria
166,Il Eber Hadjout,Algeria
167,Ine,Algeria
168,Islat,Algeria
169,Issan,Algeria
170,Issat,Algeria
171,Jen,Algeria
172,Khadem,Algeria
173,Khar,Algeria
174,Khrd El Hassat,Algeria
175,Kidu,Algeria
176,Kkrane,Algeria
177,Kouda,Algeria
178,Kran,Algeria
179,Krane,Algeria
180,Krbut,Algeria
181,Krdj El Hanifia,Algeria
182,Krdjbouarreria,Algeria
183,Krdjboukhadem,Algeria
184,Krdjboumahra Ah,Algeria
185,Krdjem,Algeria
186,Kunda,Algeria
187,La Theni Akkach,Algeria
188,Lazizart,Algeria
189,Lda,Algeria
190,Lde,Algeria
191,Lelis,Algeria
192,Leta,Algeria
193,Llizi,Algeria
194,Llizi Racha,Algeria
195,Ltlili Chaambes,Algeria
196,Lut,Algeria
197,Mail,Algeria
198,Mara,Algeria
199,Mbuaza,Algeria
200,Mdel,Algeria
201,Merd,Algeria
202,Merdas,Algeria
203,Miroun,Algeria
204,Nat,Algeria
205,Nbetlili Chabet,Algeria
206,Ndes,Algeria
207,Necha,Algeria
208,Nela,Algeria
209,Nelis,Algeria
210,Ner,Algeria
211,Nera,Algeria
212,Neralda,Algeria
213,Net,Algeria
214,Ni Akkacha,Algeria
215,Ni Akkache,Algeria
216,Ni Amria,Algeria
217,Ni Melh,Algeria
218,Nibi,Algeria
219,Nin,Algeria
220,Nin Beida,Algeria
221,Nir,Algeria
222,Nirn,Algeria
223,Nneba,Algeria
224,Nsekran,Algeria
225,Nssaoud,Algeria
226,Nstantine,Algeria
227,Ntantine,Algeria
228,Ntine,Algeria
229,Ntrnat,Algeria
230,Ou El Ameur,Algeria
231,Ouarreridj,Algeria
232,Oun,Algeria
233,Ouzaia,Algeria
234,Rane,Algeria
235,Rdj El Abtal,Algeria
236,Rdj El Achir,Algeria
237,Rdj El Bensekra,Algeria
238,Rdj El Djir,Algeria
239,Rdj El Hadjar,Algeria
240,Rdj El Hanifia ,Algeria
241,Rdj El Hassi Me,Algeria
242,Rdj El Hassi Sy,Algeria
243,Rdj El Messat,Algeria
244,Rdjbou Arnat,Algeria
245,Rdjbou El Achir,Algeria
246,Rdjbou El Bense,Algeria
247,Rdjbou Ismail,Algeria
248,Rdjbou Tleta,Algeria
249,Rdjbouarreria,Algeria
250,Rdjbougaa,Algeria
251,Rdjbouma,Algeria
252,Rdjboumahra Ahm,Algeria
253,Rdjbouza,Algeria
254,Rdjem,Algeria
255,Renda,Algeria
256,Rkhadem,Algeria
257,Rsss  Lesiasner,Algeria
258,Rtne,Algeria
259,Rtzizart,Algeria
260,Sins,Algeria
261,Smiroun,Algeria
262,Ssemsilt,Algeria
263,Ssera,Algeria
264,Sseralda,Algeria
265,Stif,Algeria
266,Stine,Algeria
267,Tazoult-Lamba,Algeria
268,Tched,Algeria
269,Telerghma,Algeria
270,Tlelis,Algeria
271,Tlili Chaamba,Algeria
272,Tlllzziane,Algeria
273,Tlllzzigaimem,Algeria
274,Tlllzzzga,Algeria
275,Ttlfla,Algeria
276,Ttlfli Chaamba,Algeria
277,Tzirane,Algeria
278,U Hadjar,Algeria
279,Uarreridj,Algeria
280,Uda,Algeria
281,Uel Bou Hadjar,Algeria
282,Uel Djir,Algeria
283,Uel Hassi Sydy ,Algeria
284,Uel Kala,Algeria
285,Uel Kebir,Algeria
286,Uel Mala,Algeria
287,Uer Alelis,Algeria
288,Ugaa,Algeria
289,Uinan,Algeria
290,Uissemsilt,Algeria
291,Ukhari,Algeria
292,Umerdaia,Algeria
293,Ura,Algeria
294,Urad,Algeria
295,Urd,Algeria
296,Uza,Algeria
297,Uzian,Algeria
298,Zart,Algeria
299,Zga,Algeria
300,Zigain,Algeria
301,Zila,Algeria
302,Zira,Algeria
303,Zirane,Algeria
304,Zrar,Algeria
