,Name,Origin
0, Aladas,Argentina
1, Andes,Argentina
2, Angostura,Argentina
3, Anhas,Argentina
4, Aorcaravia,Argentina
5, Bernardo,Argentina
6, Bilcoy,Argentina
7, Blanca,Argentina
8, Blancatia,Argentina
9, Cgui,Argentina
10, Claveros,Argentina
11, Clemente De Sa,Argentina
12, Clementonio De,Argentina
13, De Choele Cast,Argentina
14, De Chos Angost,Argentina
15, De La De Marti,Argentina
16, De La Huerthet,Argentina
17, De Los Antonio,Argentina
18, De Losadas,Argentina
19, De Mayo,Argentina
20, De Salta,Argentina
21, Del Rosariloch,Argentina
22, Del Suardo Cas,Argentina
23, Del Tuyu,Argentina
24, Falda,Argentina
25, Gallegas,Argentina
26, Gallegiales,Argentina
27, Gallegina,Argentina
28, Gallo,Argentina
29, Gallos Frentec,Argentina
30, Galvanta Rosad,Argentina
31, Galvantanardo,Argentina
32, Gran,Argentina
33, Isidro,Argentina
34, Isletti,Argentina
35, Jorge,Argentina
36, Jose De Choele,Argentina
37, Juarez,Argentina
38, Julio,Argentina
39, La Patriel,Argentina
40, Ladeador Galle,Argentina
41, Libernador Gal,Argentina
42, Libernaril,Argentina
43, Los Polvorinkm,Argentina
44, Lugano,Argentina
45, Luis Bermudez,Argentina
46, Marcacion,Argentina
47, Mayo,Argentina
48, Mon,Argentina
49, Mosconio Oestr,Argentina
50, Nues,Argentina
51, Nuevallegialez,Argentina
52, Ocampo,Argentina
53, Ortuguitilipi,Argentina
54, Plata,Argentina
55, Ramon,Argentina
56, Rita,Argentina
57, Ritana,Argentina
58, Roca,Argentina
59, Saladas,Argentina
60, Salta,Argentina
61, Salvado,Argentina
62, Salvanta Ritan,Argentina
63, San Antonel Pi,Argentina
64, San Isidro,Argentina
65, San Pedro,Argentina
66, San Torcuatria,Argentina
67, Sarate,Argentina
68, Saravia,Argentina
69, Seconquin De M,Argentina
70, Snarilla Plata,Argentina
71, Soto,Argentina
72, Uruguay,Argentina
73, Uruguitilipi,Argentina
74, Veral Fernado,Argentina
75,-Co,Argentina
76,-Crinesa,Argentina
77,. Bulottiero Az,Argentina
78,.Fana,Argentina
79,.Fanador,Argentina
80,.Fbulo,Argentina
81,.Fbulon Totoria,Argentina
82,.Fbulota,Argentina
83,.Fbulox,Argentina
84,.Fhul,Argentina
85,.Fuhape,Argentina
86,A Andes,Argentina
87,A Castex,Argentina
88,A Castre,Argentina
89,A Conel Urugui,Argentina
90,A Cpolle,Argentina
91,A De Martin V. ,Argentina
92,A Elisa,Argentina
93,A Los Mayo,Argentina
94,A Marce,Argentina
95,A Nuestrando,Argentina
96,A Oro,Argentina
97,A Ortuguazu,Argentina
98,A Plata,Argentina
99,A Saltos,Argentina
100,A San Saran,Argentina
101,A Secoche,Argentina
102,A Vari,Argentina
103,A Vlla Mayo,Argentina
104,Aderoo,Argentina
105,Afaela,Argentina
106,Afayate,Argentina
107,Agran,Argentina
108,Ahal,Argentina
109,Aholson,Argentina
110,Aivaderos,Argentina
111,Alis,Argentina
112,Amarquen,Argentina
113,Amarqueras,Argentina
114,Ambi,Argentina
115,Ames,Argentina
116,Amis,Argentina
117,Amon Del Roca,Argentina
118,Ampana,Argentina
119,Ampanario De Ma,Argentina
120,Ampo,Argentina
121,Ampo Luista,Argentina
122,Ampo Ramon,Argentina
123,Ampo Ramon Del ,Argentina
124,An Clavero Baig,Argentina
125,Anatuya,Argentina
126,Andil,Argentina
127,Ando,Argentina
128,Ano,Argentina
129,Aocampo Gallos ,Argentina
130,Aodes,Argentina
131,Aoran,Argentina
132,Aores,Argentina
133,Aorespo,Argentina
134,Apo,Argentina
135,Aravia,Argentina
136,Arda Huin Del S,Argentina
137,Ardo Caa Colega,Argentina
138,Aria,Argentina
139,Ario Campo,Argentina
140,Arlosadas,Argentina
141,Arria Grano,Argentina
142,As Brenardo Cas,Argentina
143,Asario,Argentina
144,Asilos Andes,Argentina
145,Asletti,Argentina
146,Ati,Argentina
147,Atriel,Argentina
148,Avisidro,Argentina
149,Azateguitilipi,Argentina
150,Balle,Argentina
151,Ballos A. Huera,Argentina
152,Balvado,Argentina
153,Balvantan Pedro,Argentina
154,Bancati,Argentina
155,Banlen,Argentina
156,Bernari,Argentina
157,Bilcoy,Argentina
158,Blegina,Argentina
159,Brinda,Argentina
160,Brinkmann,Argentina
161,C-Rrzar,Argentina
162,Campo,Argentina
163,Carcarategui,Argentina
164,Carra De Losari,Argentina
165,Cati,Argentina
166,Catia,Argentina
167,Cdespr,Argentina
168,Chal,Argentina
169,Cho,Argentina
170,Cia Del Bolson,Argentina
171,Cia Del Plata,Argentina
172,Cia Del Uruguay,Argentina
173,Cia Gesella Pat,Argentina
174,Cia Gran,Argentina
175,Cinco De Baigor,Argentina
176,Cinco Del Suard,Argentina
177,Cincoln,Argentina
178,Cincordia,Argentina
179,Cion,Argentina
180,Cion De La Mart,Argentina
181,Cion De Los Jul,Argentina
182,Cion De Salvear,Argentina
183,Clpcion,Argentina
184,Colores,Argentina
185,Conquilla De Ba,Argentina
186,Coronel Rosa,Argentina
187,Corong,Argentina
188,Cpolingham,Argentina
189,Cura,Argentina
190,Dampo,Argentina
191,Dasario,Argentina
192,Dasario Oestron,Argentina
193,Dastex,Argentina
194,Dastre,Argentina
195,Date,Argentina
196,Des,Argentina
197,Dez,Argentina
198,Dez Ortuguay,Argentina
199,Dez Ortugui,Argentina
200,Dfanca,Argentina
201,Dil,Argentina
202,Dla De La Va Or,Argentina
203,Dma,Argentina
204,Dmstran,Argentina
205,Dnardo,Argentina
206,Dos Aires Arroy,Argentina
207,Dos Andez,Argentina
208,Dro,Argentina
209,Drsario De Just,Argentina
210,Dsa,Argentina
211,Duz,Argentina
212,Dza Huina,Argentina
213,E Ande,Argentina
214,E Andes,Argentina
215,E Asrenas,Argentina
216,E Beltracas,Argentina
217,E Bermudez Oran,Argentina
218,E Berto Lugano,Argentina
219,E Bolson,Argentina
220,E Campo,Argentina
221,E Carlos,Argentina
222,E Caste,Argentina
223,E Clavero Baigo,Argentina
224,E Clavero Liber,Argentina
225,E Claveros,Argentina
226,E Clemente Alca,Argentina
227,E Clemente Mar ,Argentina
228,E Clementecaran,Argentina
229,E Clementonel R,Argentina
230,E Cuato,Argentina
231,E Gran,Argentina
232,E Lacabuco,Argentina
233,E Pablo Noguel,Argentina
234,E Paz,Argentina
235,E Qailerconcoln,Argentina
236,E Qalis,Argentina
237,E Qertostura,Argentina
238,E Ramon,Argentina
239,E Seco,Argentina
240,E Toto,Argentina
241,E. Cones,Argentina
242,Ea Campo Luis B,Argentina
243,Eduardo Cati,Argentina
244,Ejaa,Argentina
245,Ejrandente Alve,Argentina
246,Ejuande,Argentina
247,Ejuaniar,Argentina
248,Ejuardo,Argentina
249,Ejuarez,Argentina
250,El Alvear,Argentina
251,El Beral Jose D,Argentina
252,El Bermejo,Argentina
253,El Concoln,Argentina
254,El Gallo,Argentina
255,El Galpon,Argentina
256,Embarcacion De ,Argentina
257,Enas,Argentina
258,Enquin De Juare,Argentina
259,Enquina Concepc,Argentina
260,Era,Argentina
261,Eral Alvez,Argentina
262,Eros,Argentina
263,Erque,Argentina
264,Esquil Ea,Argentina
265,Esquilla Ortuza,Argentina
266,Esquillas,Argentina
267,Esquillo,Argentina
268,Esquilmes,Argentina
269,Esquin,Argentina
270,Esquin V. Gonza,Argentina
271,Esquina,Argentina
272,Esquinar De May,Argentina
273,Esquinario De S,Argentina
274,Esquincoln,Argentina
275,Esquis Aires,Argentina
276,Esquis Brenas,Argentina
277,Falal,Argentina
278,Fana,Argentina
279,Fanaderos,Argentina
280,Fando,Argentina
281,Faranadeador,Argentina
282,Faranardo Casil,Argentina
283,Farano,Argentina
284,Farate,Argentina
285,Faravia,Argentina
286,Fardo,Argentina
287,Fari,Argentina
288,Fario Oestex,Argentina
289,Fmnnes,Argentina
290,Fray Lugano,Argentina
291,Fray Luis A. Hu,Argentina
292,Fray Luis Aires,Argentina
293,Fray Luis Angos,Argentina
294,Fray Luis Arroy,Argentina
295,Fray Luista,Argentina
296,Garuhape,Argentina
297,Gdende,Argentina
298,Hacabuco,Argentina
299,Hana,Argentina
300,Hanador,Argentina
301,Har,Argentina
302,Harlos Polvorin,Argentina
303,Has,Argentina
304,Hfinlina,Argentina
305,Hfinlingham,Argentina
306,Hhlilar,Argentina
307,Hico,Argentina
308,Hin,Argentina
309,Hio De Baigorre,Argentina
310,Hnrmat,Argentina
311,Hrines,Argentina
312,Hrlo,Argentina
313,Hrr. Azul,Argentina
314,Hrrlo,Argentina
315,Hrrstanario,Argentina
316,Hurlingham,Argentina
317,Ico,Argentina
318,Illa Carlo,Argentina
319,Illa De Barrach,Argentina
320,Illa Gran,Argentina
321,Illa Grano,Argentina
322,Illa Nuevallo,Argentina
323,Illanca,Argentina
324,Illos Arroyo Sa,Argentina
325,Impnna,Argentina
326,In Del Rosario ,Argentina
327,In V. Gonzalez,Argentina
328,Ina,Argentina
329,Ina Cones,Argentina
330,Inardo Ca,Argentina
331,Inco De La La A,Argentina
332,Inco De La Oran,Argentina
333,Inco De Soto,Argentina
334,Inco Del Dolore,Argentina
335,Inco Del Roca,Argentina
336,Inco Del Tala,Argentina
337,Incoln,Argentina
338,Incores Isidenc,Argentina
339,Incoreta,Argentina
340,Incul,Argentina
341,Inda,Argentina
342,Ineda,Argentina
343,Inedo,Argentina
344,Ines,Argentina
345,Inesa,Argentina
346,Iol Gotrias,Argentina
347,Ipolina Campo,Argentina
348,Ipolingham,Argentina
349,Ipolle,Argentina
350,Ipolletti,Argentina
351,Ipollettieros,Argentina
352,Is Aires Arroyo,Argentina
353,Is De Choele Ca,Argentina
354,Is De Mayo,Argentina
355,Is Del Suarez,Argentina
356,Isario Catria,Argentina
357,Isleta,Argentina
358,Iste,Argentina
359,Istrachagal,Argentina
360,Itati,Argentina
361,Jan,Argentina
362,Jario,Argentina
363,Junin,Argentina
364,Juniz,Argentina
365,Kmann,Argentina
366,L Andencia Gran,Argentina
367,L Angostura,Argentina
368,L Avrllos De So,Argentina
369,L Cortuzar,Argentina
370,L Gesell Quebra,Argentina
371,L Rosa,Argentina
372,L-So,Argentina
373,La Blancati,Argentina
374,La De Julio,Argentina
375,La Grana,Argentina
376,La Ortuzar,Argentina
377,La Pablo Noguel,Argentina
378,La Plata,Argentina
379,La Regialez,Argentina
380,La Ritas,Argentina
381,Laneras,Argentina
382,Las,Argentina
383,Lettierranque,Argentina
384,Lgostura,Argentina
385,Lingham,Argentina
386,Lon Toto,Argentina
387,Los,Argentina
388,Los Andes,Argentina
389,Los Arro Patral,Argentina
390,Los De Mayo,Argentina
391,Los Julio,Argentina
392,Macha,Argentina
393,Mann,Argentina
394,Marce,Argentina
395,Mbarca Antonel ,Argentina
396,Mbarcacion,Argentina
397,Mbarcedes,Argentina
398,Mbarcos Del Uru,Argentina
399,Mbarra Del Suar,Argentina
400,Mbarria,Argentina
401,Mbarril,Argentina
402,Mentonio Oeste,Argentina
403,Mina,Argentina
404,Mino,Argentina
405,Mnnezalez,Argentina
406,Mon De Soto,Argentina
407,Mpn Gallosa,Argentina
408,Mpnna Coloreta,Argentina
409,Mpnna Concoreta,Argentina
410,Msnra Seconi,Argentina
411,Msnran,Argentina
412,Msnrandeclea,Argentina
413,Munes,Argentina
414,N Isletas,Argentina
415,Na Cati,Argentina
416,Na Clavero Pabl,Argentina
417,Na Claveros,Argentina
418,Nauez,Argentina
419,Nbuerthet,Argentina
420,Nbulos De Mayo,Argentina
421,Ncia De Maiz,Argentina
422,Ncia De Mayo,Argentina
423,Nen Totoral Ach,Argentina
424,Neral Roca,Argentina
425,Nfa Bermoso Car,Argentina
426,Nfeconne De Mar,Argentina
427,Nfualda,Argentina
428,Nhue,Argentina
429,Nia Blancatia,Argentina
430,Nilla Mayo,Argentina
431,Nlincul,Argentina
432,Nlos Del Tortuz,Argentina
433,Nlubancatia,Argentina
434,Nlues,Argentina
435,Nnenquis Aires,Argentina
436,Noati,Argentina
437,Nodo,Argentina
438,Nomstronel Soel,Argentina
439,Noran,Argentina
440,Nori,Argentina
441,Nortugui,Argentina
442,Nosquincores,Argentina
443,Npecarcos Angos,Argentina
444,Nquebracas,Argentina
445,Nquebracha,Argentina
446,Nqueral-Co,Argentina
447,Nquerthet,Argentina
448,Nrosario Ceball,Argentina
449,Nta Rita,Argentina
450,Nues,Argentina
451,Nuestex,Argentina
452,Nuestran,Argentina
453,Nuestron,Argentina
454,Nuestrong,Argentina
455,Nueva Ocampo,Argentina
456,Nueva Oro,Argentina
457,Nuevalle,Argentina
458,Nuevallo,Argentina
459,Nuevallosario,Argentina
460,Nueve De Mayo,Argentina
461,Nueve De Sotora,Argentina
462,Nueve Del Rosa,Argentina
463,Nueve Del Talal,Argentina
464,Nuevedra,Argentina
465,Nuevedro,Argentina
466,Nuuugong,Argentina
467,Nvkstex,Argentina
468,O Concepcion De,Argentina
469,O Cones,Argentina
470,O Iguay,Argentina
471,Oamon,Argentina
472,Oana,Argentina
473,Oante Alvear,Argentina
474,Oarenador Gallo,Argentina
475,Oari,Argentina
476,Oati,Argentina
477,Oatia,Argentina
478,Ocha,Argentina
479,Ochagai,Argentina
480,Ochar,Argentina
481,Ociurego,Argentina
482,Oconi,Argentina
483,Oconio Senos Ma,Argentina
484,Oconquilmes,Argentina
485,Oconquina,Argentina
486,Oconquincordia,Argentina
487,Oconquincul,Argentina
488,Ocumtn De Caste,Argentina
489,Odma,Argentina
490,Ofacion,Argentina
491,Olcta,Argentina
492,Olegas,Argentina
493,Olottia,Argentina
494,Ompn,Argentina
495,Ompvanedo,Argentina
496,Onca,Argentina
497,Onca Ilar,Argentina
498,Oncati,Argentina
499,Oncatia,Argentina
500,Oncativo,Argentina
501,Ones,Argentina
502,Ontecarlo,Argentina
503,Oran,Argentina
504,Orana,Argentina
505,Orande,Argentina
506,Orando,Argentina
507,Oranquin Del Ta,Argentina
508,Oranquinardo Ca,Argentina
509,Orcacion,Argentina
510,Orcacion De Mai,Argentina
511,Orcacion Torter,Argentina
512,Orcacion Toto,Argentina
513,Orcarandencia G,Argentina
514,Orcaravia,Argentina
515,Orcarcos A. Hui,Argentina
516,Orcarlo,Argentina
517,Orcarlos Arroyo,Argentina
518,Orcos A. Huinco,Argentina
519,Orcos Andez,Argentina
520,Orcos Mario Oes,Argentina
521,Orespenas,Argentina
522,Orespo,Argentina
523,Oreta,Argentina
524,Ori,Argentina
525,Ormat,Argentina
526,Ormudez,Argentina
527,Ormudez Oran,Argentina
528,Ormudez Orana,Argentina
529,Oro,Argentina
530,Orrana,Argentina
531,Ortuguay,Argentina
532,Orvondo,Argentina
533,Oste,Argentina
534,Oucion,Argentina
535,Ouctora Grandil,Argentina
536,Ouctora Seco De,Argentina
537,Ouctoria,Argentina
538,Ouctorines,Argentina
539,Pana,Argentina
540,Panarias,Argentina
541,Paso Ceballo,Argentina
542,Paso De La De J,Argentina
543,Paso De La Gese,Argentina
544,Paso Del Pinedo,Argentina
545,Pesre,Argentina
546,Pina,Argentina
547,Plata,Argentina
548,Plotti,Argentina
549,Plottier,Argentina
550,Po Ladero Baigo,Argentina
551,Polingham,Argentina
552,Pon,Argentina
553,Pvero Jacobacci,Argentina
554,Qfallos Polvori,Argentina
555,Qiovsalvantes,Argentina
556,Qmpi Galvear,Argentina
557,Qpitartin,Argentina
558,Qriv,Argentina
559,Qrivlettiero Az,Argentina
560,Qtiv,Argentina
561,Queral Levallos,Argentina
562,Quergo,Argentina
563,Quilla Plata,Argentina
564,Quilmes,Argentina
565,Quin,Argentina
566,Quin De Casilda,Argentina
567,Quinco De Juare,Argentina
568,Quinco San Bert,Argentina
569,Quis Andes,Argentina
570,Ra De Mayo,Argentina
571,Rafaela,Argentina
572,Ran,Argentina
573,Rana,Argentina
574,Ranadero Javia,Argentina
575,Ranadero Libert,Argentina
576,Ranaderos,Argentina
577,Ranador Largo,Argentina
578,Ranambi,Argentina
579,Ranari,Argentina
580,Ranaril,Argentina
581,Randencia Gesel,Argentina
582,Randes,Argentina
583,Randil,Argentina
584,Rando,Argentina
585,Rano,Argentina
586,Ras,Argentina
587,Res,Argentina
588,Res Isidro,Argentina
589,Res Isletti,Argentina
590,Residentes,Argentina
591,Rez,Argentina
592,Rgo,Argentina
593,Ria,Argentina
594,Rinda,Argentina
595,Rines,Argentina
596,Rinesa,Argentina
597,Rinkmann,Argentina
598,Rio Carracha,Argentina
599,Rio De Sotoria,Argentina
600,Rio Del Torcuat,Argentina
601,Rio Oestex,Argentina
602,Rio Sala,Argentina
603,Rio Sarano,Argentina
604,Rio Seconquinco,Argentina
605,Rla Rosario Car,Argentina
606,Rosa,Argentina
607,Rosadas,Argentina
608,Rosaril,Argentina
609,Rosario,Argentina
610,Rosario Ceballo,Argentina
611,Rsan Belgranado,Argentina
612,Rtad,Argentina
613,Rtan Jacobacci,Argentina
614,Rtonio Campo Ga,Argentina
615,Runandes,Argentina
616,S Nille,Argentina
617,S Varil,Argentina
618,S Vario Ca,Argentina
619,Salta,Argentina
620,San Miguela,Argentina
621,Santan Clavero,Argentina
622,Sari,Argentina
623,Scnticincoln,Argentina
624,Silda,Argentina
625,Sn Antoni,Argentina
626,Sneral Jorge,Argentina
627,Sonte Alcarlo,Argentina
628,Spo,Argentina
629,Sslla Gran,Argentina
630,Ste,Argentina
631,Stitucion De La,Argentina
632,Stra Grando,Argentina
633,Strachagal,Argentina
634,Strong,Argentina
635,T Nay Lugano,Argentina
636,Tan Ramon,Argentina
637,Tanadeador Galv,Argentina
638,Tanadero,Argentina
639,Tanador Gallo,Argentina
640,Tartin,Argentina
641,Tendentecarcarl,Argentina
642,Ticinco Largo,Argentina
643,Ticincoln,Argentina
644,Tin De Choele C,Argentina
645,Tin Del Tres,Argentina
646,Tivo,Argentina
647,Tligre,Argentina
648,Tortero Ladeado,Argentina
649,Tral Fernandil,Argentina
650,Tura,Argentina
651,Ua Del Uruguazu,Argentina
652,Ucoti,Argentina
653,Ue Mar Del Plaz,Argentina
654,Uera,Argentina
655,Ujan,Argentina
656,Urqgong,Argentina
657,Urquen,Argentina
658,Uruguita,Argentina
659,Valletas,Argentina
660,Vallo,Argentina
661,Vallos Arroyo S,Argentina
662,Vate,Argentina
663,Vdes,Argentina
664,Vell,Argentina
665,Vella Dorriloch,Argentina
666,Vella Pablo Nog,Argentina
667,Vella Paz,Argentina
668,Vero,Argentina
669,Vero Baigorrias,Argentina
670,Vero Javier,Argentina
671,Vhia Bernande,Argentina
672,Vilcoy,Argentina
673,Vjinesa,Argentina
674,Vlitas,Argentina
675,Voria,Argentina
676,X De La Ocampo,Argentina
677,Xmpana,Argentina
678,Xn Angostura,Argentina
679,Yrarcacion,Argentina
680,Zul,Argentina
