,Name,Origin
0, An Der See,Austria
1,-Guntighofen,Austria
2,-Guntrasshofen,Austria
3,Aiskircher Drau,Austria
4,Alenau,Austria
5,Aun,Austria
6,Ei Graz,Austria
7,Ei Salzburg,Austria
8,Ei Salzburg In ,Austria
9,Eiersberg,Austria
10,Eiersdorf,Austria
11,Eiersdorf Bei G,Austria
12,Eierstadt,Austria
13,Eierstein,Austria
14,Eierstelbach-In,Austria
15,Eil Am See,Austria
16,Eil Innkreisdor,Austria
17,Eillach-Innere ,Austria
18,Eim,Austria
19,Ein,Austria
20,Eiorstadt,Austria
21,Eis,Austria
22,Eisdorf,Austria
23,Eisdorf Bei Gra,Austria
24,Eisdorf Bei Sal,Austria
25,Eisdorf Bei Wie,Austria
26,Eisdorftttgang-,Austria
27,Eising,Austria
28,Eisslad,Austria
29,Eistadt,Austria
30,Eistein,Austria
31,Eistein Am Faak,Austria
32,Eistein Am See,Austria
33,Eistelbach,Austria
34,Eistelbachen,Austria
35,Eisten,Austria
36,Eistenfeld,Austria
37,Eistenfurt Bei ,Austria
38,Eisteracher Don,Austria
39,Eisterau,Austria
40,Eisternitz,Austria
41,Eistes,Austria
42,Eistette,Austria
43,Eistetten,Austria
44,Eistettenstadt,Austria
45,Eistettensterac,Austria
46,Eit An Der Drau,Austria
47,Eit An Der Leit,Austria
48,Eiten,Austria
49,Eitenstetten,Austria
50,Eizzuschl,Austria
51,Enstadt,Austria
52,Erach,Austria
53,Ere Stadt,Austria
54,Ersten,Austria
55,Eusied Im Inner,Austria
56,Eusied Im Innkr,Austria
57,Eusiedl Am Faak,Austria
58,Eusiedl Am See,Austria
59,Eustadt,Austria
60,F An Der Neudor,Austria
61,F Bei Wiener No,Austria
62,F In Am Faakera,Austria
63,F In Tirol,Austria
64,F Uersberg,Austria
65,F Un,Austria
66,Fei,Austria
67,Feidling,Austria
68,Feidorf,Austria
69,Feidorf Bei Gra,Austria
70,Fein,Austria
71,Fein Am Faaker ,Austria
72,Fein Am Faakera,Austria
73,Fein Am See,Austria
74,Fein Tirol,Austria
75,Feit An Der Don,Austria
76,Feit An Der Gla,Austria
77,Feld,Austria
78,Feldkirch,Austria
79,Feldkirchberg,Austria
80,Feldkirchberg I,Austria
81,Feldkirchbernit,Austria
82,Feldkirchdorf,Austria
83,Feldkirchdorf B,Austria
84,Feldkirchen,Austria
85,Feldkircher Don,Austria
86,Feldkircher Neu,Austria
87,Feldkircher See,Austria
88,Feldkircht,Austria
89,Feldkirchtoldsd,Austria
90,Fen,Austria
91,Feodl An Der No,Austria
92,Feodling,Austria
93,Feodloflan,Austria
94,Fer,Austria
95,Fercht,Austria
96,Ferd,Austria
97,Ferd Aa Ei Wien,Austria
98,Ferd Aa Ein Tir,Austria
99,Ferd Aa Ir Ae E,Austria
100,Ferdbahn,Austria
101,Ferdd,Austria
102,Ferden,Austria
103,Ferdenburg,Austria
104,Ferdh,Austria
105,Ferdkircher Don,Austria
106,Ferdkircher Dra,Austria
107,Ferdla,Austria
108,Ferdlan,Austria
109,Ferdlandsberg,Austria
110,Ferdlandsberg I,Austria
111,Ferdln,Austria
112,Ferdoaf,Austria
113,Ferdoafsloniaz,Austria
114,Ferdodf Bei Wie,Austria
115,Ferdodf Lo Ie L,Austria
116,Ferdodferd,Austria
117,Ferdodfhdldberg,Austria
118,Ferdodfhhl Gmof,Austria
119,Ferdodfhlllbuch,Austria
120,Ferdodfhllling,Austria
121,Ferdodfhllln,Austria
122,Ferdodfhlllu,Austria
123,Ferdodfillach-I,Austria
124,Ferdodfilten,Austria
125,Ferdodfpbenaust,Austria
126,Ferdodfpllach,Austria
127,Ferdodfpllach-I,Austria
128,Ferdodfpllachen,Austria
129,Ferdodfplln,Austria
130,Ferdodfpn,Austria
131,Ferdodlan,Austria
132,Ferdodling,Austria
133,Ferdodopflchlan,Austria
134,Ferdrat,Austria
135,Ferdt,Austria
136,Ferndorf,Austria
137,Ferstein,Austria
138,Fersterach,Austria
139,Feudorf Bei Wie,Austria
140,Fillach,Austria
141,Fuetstein,Austria
142,Fuftenfurt Bei ,Austria
143,Fufttt,Austria
144,Fuftttal An Der,Austria
145,Funtighofen,Austria
146,Furt Bei Graz,Austria
147,Furt Bei Salzbu,Austria
148,Heim,Austria
149,Her Donau,Austria
150,Iems,Austria
151,Ienere Stadt,Austria
152,Ilhelmsburg,Austria
153,Imberg,Austria
154,Imbergl,Austria
155,Imberndorf Bei ,Austria
156,Imbernitz,Austria
157,Immering,Austria
158,Imsi,Austria
159,Imsienna,Austria
160,Imsienstadt,Austria
161,Imsienstein Am ,Austria
162,Imsiunkirchbern,Austria
163,Imsiunkirchdorf,Austria
164,Imsiustadt,Austria
165,Istadt,Austria
166,Lau,Austria
167,Lein,Austria
168,Lenau,Austria
169,Lerau,Austria
170,Munden,Austria
171,Mundenburg,Austria
172,Oellabrunn,Austria
173,Oellach,Austria
174,Oellach-Inner N,Austria
175,Oenlabrunn,Austria
176,Oerg,Austria
177,Of An Der Nordb,Austria
178,Of An Der See,Austria
179,Of An Der Vorst,Austria
180,Ofen,Austria
181,Ofshof An Der G,Austria
182,Ofshof An Der N,Austria
183,Ofshofen,Austria
184,Ofshofshof An D,Austria
185,Oleusied Im Inn,Austria
186,Ollach,Austria
187,Olleisdorf,Austria
188,Ordbahn,Austria
189,Orebenau,Austria
190,Org,Austria
191,Org An Der Neud,Austria
192,Org In Tirol,Austria
193,Orgbarnitz,Austria
194,Oritz,Austria
195,Orneuburg In Ti,Austria
196,Rach,Austria
197,Reistadt,Austria
198,Soerg,Austria
199,Ssofshofen,Austria
200,Ssoofen,Austria
201,Tall,Austria
202,Tariatrostetten,Austria
203,Tirol,Austria
204,Tlaabichl,Austria
205,Traiskirchdorf,Austria
206,Uersberg,Austria
207,Uersdorf,Austria
208,Uerstein Am Faa,Austria
209,Uerzzuschlag,Austria
210,Uerzzuschlan,Austria
211,Uerzzuschofen,Austria
212,Uerzzuschofshof,Austria
213,Ufrelenau,Austria
214,Ufrelenaustadt,Austria
215,Ufrelsterach,Austria
216,Ufrenere Stadt,Austria
217,Ufstein,Austria
218,Ufstein Am Faak,Austria
219,Ufstein Am See,Austria
220,Ufstein Tirol,Austria
221,Ufsteinabichlag,Austria
222,Ufstelbach,Austria
223,Ufstelbach-Inne,Austria
224,Ufstelbach-Innk,Austria
225,Ufstelbachen,Austria
226,Ufstelbacher Do,Austria
227,Ufstelbacher Dr,Austria
228,Ufsten,Austria
229,Ufstenfeld,Austria
230,Ufstens,Austria
231,Ufstenstenfeldk,Austria
232,Ufstenstette,Austria
233,Ufsteosd,Austria
234,Ufster,Austria
235,Ufsterach,Austria
236,Ufsterau,Austria
237,Ufsterndorf,Austria
238,Ufstet,Austria
239,Ufstette,Austria
240,Ufstetten,Austria
241,Ufstettenfeld,Austria
242,Ufstettenstadt,Austria
243,Ufurt Bei Wiene,Austria
244,Ufutte,Austria
245,Ufutten,Austria
246,Unn,Austria
247,Ustadt,Austria
248,Zeug,Austria
