,Name,Origin
0, Anrith,Australia
1, Bay,Australia
2, Beach,Australia
3, Dhunt North Co,Australia
4, Graft,Australia
5, Grane Cove,Australia
6, Harlwoodcroft,Australia
7, Headow,Australia
8, Heale,Australia
9, Heights,Australia
10, Hilley,Australia
11, Iar,Australia
12, Lake,Australia
13, North,Australia
14, Oong,Australia
15, Park,Australia
16, Point,Australia
17, Point Albiong,Australia
18, Ramba,Australia
19, Rueenwood,Australia
20, Sdale,Australia
21, South City Cen,Australia
22, South Collonga,Australia
23, South Tamworth,Australia
24, Southsidelbell,Australia
25, Stanmore,Australia
26, Vale,Australia
27, Vills,Australia
28, Yberg,Australia
29,-Aremornlie,Australia
30,-Centin,Australia
31,-Centre,Australia
32,-Hesdale Ridge,Australia
33,-Hest,Australia
34,-Iea,Australia
35,-Iendale,Australia
36,-Senford,Australia
37,-Senvale,Australia
38,-Sonto,Australia
39,-Sontown Heathu,Australia
40,Acks Croy,Australia
41,Aedron,Australia
42,Agoonee West Br,Australia
43,Ahbley,Australia
44,Ahille,Australia
45,Aldivis,Australia
46,Ale,Australia
47,Allinga,Australia
48,Alowie,Australia
49,Ambeenvale,Australia
50,Ambucca Head,Australia
51,Ana,Australia
52,Andra,Australia
53,Andrie Heights,Australia
54,Aniass,Australia
55,Anyo,Australia
56,Aona,Australia
57,Aons,Australia
58,Areek,Australia
59,Arie Down,Australia
60,Aroo,Australia
61,Ash,Australia
62,Asy,Australia
63,Atherley,Australia
64,Athurst,Australia
65,Aulkham,Australia
66,Avinghurgh,Australia
67,Awntown,Australia
68,Azellah,Australia
69,Bang,Australia
70,Bankstown,Australia
71,Banoraybrook,Australia
72,Bay,Australia
73,Bbury,Australia
74,Bcastland,Australia
75,Belmont Lake,Australia
76,Berg Hills,Australia
77,Bexley Vale,Australia
78,Bhights,Australia
79,Bhugh,Australia
80,Bhuigte,Australia
81,Ble,Australia
82,Bntle Haverley ,Australia
83,Boombe,Australia
84,Boroka,Australia
85,Bra Heightonvil,Australia
86,Bridge,Australia
87,Broo,Australia
88,Brook,Australia
89,Brooka,Australia
90,Broonsino,Australia
91,Broope Gravatt,Australia
92,Broope Vale Poi,Australia
93,Burton,Australia
94,Bvill,Australia
95,Bwrkine,Australia
96,Cecil Heaton,Australia
97,Cee,Australia
98,Ceed Hill,Australia
99,Ceed Hills,Australia
100,Cgravingsfordon,Australia
101,Chards,Australia
102,Cher,Australia
103,Chermore Parker,Australia
104,Cing,Australia
105,Cings,Australia
106,Ckay,Australia
107,Ckei,Australia
108,Cnerton,Australia
109,Cnod,Australia
110,Colah,Australia
111,Colahrook,Australia
112,Con Graft,Australia
113,Cond Terra,Australia
114,Cone,Australia
115,Conee Parah,Australia
116,Connen,Australia
117,Coolgow,Australia
118,Cooloongabbier,Australia
119,Cpolahrook,Australia
120,Cquay,Australia
121,Craigie,Australia
122,Cston,Australia
123,Ctol,Australia
124,Cvarillam,Australia
125,Cymon,Australia
126,Dale,Australia
127,Dale Beaumonton,Australia
128,Dalee,Australia
129,Dalens Park,Australia
130,Dalm Beach,Australia
131,Darie,Australia
132,Dbelconelg Nort,Australia
133,Dcolahroo,Australia
134,Ddley,Australia
135,Delands,Australia
136,Delbersham,Australia
137,Delbour,Australia
138,Delbourn,Australia
139,Dell,Australia
140,Dellarayfieldin,Australia
141,Dgndria,Australia
142,Dinder Hillett ,Australia
143,Dlaxlandel,Australia
144,Dria Beach,Australia
145,E Albion Park,Australia
146,E North,Australia
147,E Park,Australia
148,E Point,Australia
149,East,Australia
150,Eatoombee East ,Australia
151,Eeton,Australia
152,Eins,Australia
153,Elaide Hill Cro,Australia
154,Eleebanksia Pon,Australia
155,Eliarace,Australia
156,Ell,Australia
157,Ellingwoodcroft,Australia
158,Eming,Australia
159,Emingbah,Australia
160,Emrastle Hillsd,Australia
161,En Park,Australia
162,Endean Gravale,Australia
163,Enfield Park,Australia
164,Ennorth,Australia
165,Ennoxfield,Australia
166,Ens Lake Alber ,Australia
167,Ens Pleasantle,Australia
168,Ensvill,Australia
169,Entral Bunda,Australia
170,Erpark,Australia
171,Errace,Australia
172,Erry Melbourn,Australia
173,Eshwate,Australia
174,Eshwaterburn,Australia
175,Est,Australia
176,Est Ryde Park,Australia
177,Eton,Australia
178,Eurra,Australia
179,Eurrabeth Park,Australia
180,Ewood,Australia
181,Ezmeral Park,Australia
182,Field,Australia
183,Fielding Norton,Australia
184,Fields,Australia
185,Fiverwood,Australia
186,Freman South Pa,Australia
187,Fremant North,Australia
188,Fremba,Australia
189,Fsington,Australia
190,Fsiranklingwood,Australia
191,Fzig,Australia
192,Galpa,Australia
193,Garook,Australia
194,Gattle,Australia
195,Gdington Park,Australia
196,Gga,Australia
197,Gham,Australia
198,Gham City Centw,Australia
199,Gham Hill Croyd,Australia
200,Ghampbell,Australia
201,Gindale,Australia
202,Girnsby,Australia
203,Gjentworth,Australia
204,Gong,Australia
205,Gonga,Australia
206,Gongadise,Australia
207,Gongong Jette,Australia
208,Gongor,Australia
209,Gravilley,Australia
210,Gree,Australia
211,Greek,Australia
212,Griffin,Australia
213,H -Aslynchs Far,Australia
214,Ham,Australia
215,Hamp Hille,Australia
216,Hamperrawood,Australia
217,Hampers,Australia
218,Hatsont,Australia
219,Hberg North Cov,Australia
220,Heale,Australia
221,Heigh Park,Australia
222,Herly Vistie Fi,Australia
223,Hfisbater,Australia
224,Hhrews Farm,Australia
225,Hights,Australia
226,Hill,Australia
227,Hille,Australia
228,Hillsbrook,Australia
229,Hillup,Australia
230,Hinburgh,Australia
231,Hjirra,Australia
232,Hjlley,Australia
233,Hkngongarah,Australia
234,Hlah,Australia
235,Hlalor Park,Australia
236,Hlreen Valee,Australia
237,Hmanahook,Australia
238,Hmanholme,Australia
239,Hollawadise,Australia
240,Hollough,Australia
241,Holm,Australia
242,Honnarvale Vale,Australia
243,Hope Grove,Australia
244,Hopers,Australia
245,Horneyford,Australia
246,Hpark,Australia
247,Hpater,Australia
248,Hre,Australia
249,Hsoyle Rise,Australia
250,Hughest Plaide ,Australia
251,Hunt Pensville,Australia
252,Hurst,Australia
253,Hurston,Australia
254,Hurstown,Australia
255,Hvale Point,Australia
256,Hzit,Australia
257,Iatooma,Australia
258,Icdockham,Australia
259,Icmronto,Australia
260,Icperdan Grafto,Australia
261,Idland,Australia
262,Ifstre,Australia
263,Ijzreysta,Australia
264,Il Hillah,Australia
265,Ililyfield,Australia
266,Ille,Australia
267,Ilor,Australia
268,Ilor Park,Australia
269,Inal Bay,Australia
270,Inbury Down,Australia
271,Ine,Australia
272,Ing Heidellingl,Australia
273,Ingabbier,Australia
274,Ingal,Australia
275,Ingbah Syde,Australia
276,Ingdale,Australia
277,Ingletty,Australia
278,Ington,Australia
279,Innambie,Australia
280,Innamondi Junct,Australia
281,Inner,Australia
282,Ipdingdale,Australia
283,Ipg,Australia
284,Irfield,Australia
285,Iring,Australia
286,Ista,Australia
287,Iverdalm Beach,Australia
288,Ives,Australia
289,Ivesby,Australia
290,Ixview,Australia
291,Jbeen,Australia
292,Jbeenfield,Australia
293,Jbrook,Australia
294,Jerra,Australia
295,Jerrimale,Australia
296,Jerris Pointhro,Australia
297,Jerristownie,Australia
298,Jerryborook,Australia
299,Jjeatha,Australia
300,Jminsterbury Do,Australia
301,Jord,Australia
302,Jton,Australia
303,Jurlindi Beach,Australia
304,Juug,Australia
305,Kan,Australia
306,Kaurryland,Australia
307,Kelso,Australia
308,Kembleven,Australia
309,Kerley Park,Australia
310,Kers Hille,Australia
311,Kes,Australia
312,Khill,Australia
313,Khillston,Australia
314,Kings Lakers Pa,Australia
315,Kkers,Australia
316,Kleming,Australia
317,Kmocentrossingt,Australia
318,Knort Alberal B,Australia
319,Knoxfield,Australia
320,Knoxfield Park,Australia
321,Kroo,Australia
322,Ksia Point,Australia
323,Kurundabeen Par,Australia
324,Kurunjangarougl,Australia
325,Kvarsfield,Australia
326,Kvill Park,Australia
327,Kwiley,Australia
328,Kwille,Australia
329,Kwing,Australia
330,Kyington,Australia
331,L Coveton,Australia
332,L-Omngong,Australia
333,L-Omntral Balla,Australia
334,Landwichmondi,Australia
335,Lbeach,Australia
336,Lcenton,Australia
337,Ld Park,Australia
338,Ldogde,Australia
339,Leasant Andrie,Australia
340,Lentwort Kembuc,Australia
341,Ley,Australia
342,Lgambridge,Australia
343,Lgoongarren Poi,Australia
344,Lhard,Australia
345,Lhelend,Australia
346,Libramatta,Australia
347,Lights,Australia
348,Ll Hill,Australia
349,Ll Paraybroopna,Australia
350,Ll South City H,Australia
351,Llamba,Australia
352,Llcamperdan Sou,Australia
353,Llowealeebanyo,Australia
354,Llrtonvill,Australia
355,Llruddens Ponds,Australia
356,Llvue,Australia
357,Lmoreenfield,Australia
358,Logaroy,Australia
359,Longaremante,Australia
360,Loo,Australia
361,Lop,Australia
362,Lossineville,Australia
363,Lowie,Australia
364,Lramatta,Australia
365,Lsea Heights,Australia
366,Lsk Heights,Australia
367,Lumpton,Australia
368,Lvania,Australia
369,Lvill Hill,Australia
370,Lvillawood,Australia
371,Lvilley,Australia
372,Lvon,Australia
373,Lweth Park,Australia
374,Lwing,Australia
375,M Aryborokan,Australia
376,M Be,Australia
377,M Rraco,Australia
378,Madale,Australia
379,Mades,Australia
380,Man Pointhrop,Australia
381,Matt,Australia
382,Mbark,Australia
383,Mcditon,Australia
384,Mcnen,Australia
385,Mcoron Pointhro,Australia
386,Mddley,Australia
387,Meral,Australia
388,Mervill,Australia
389,Mfitzroydon,Australia
390,Mgor,Australia
391,Mheatha,Australia
392,Mhidgee,Australia
393,Mhidra Westown,Australia
394,Mhill,Australia
395,Mhook,Australia
396,Ming,Australia
397,Mintown,Australia
398,Mkempsie,Australia
399,Mkerley,Australia
400,Mlandwich,Australia
401,Mlawley Vistie ,Australia
402,Mnlaint,Australia
403,Mnrga Bay,Australia
404,Mon Park,Australia
405,More,Australia
406,Morebanyo,Australia
407,Morn Rivert,Australia
408,Mqa,Australia
409,Mramattle Vale,Australia
410,Ms Lakes,Australia
411,Ms Lane,Australia
412,Mscot,Australia
413,Msglas,Australia
414,Murrama,Australia
415,N  Iristre,Australia
416,N Beach,Australia
417,Nabtr,Australia
418,Nandrews Forest,Australia
419,Nbefcord,Australia
420,Nberg,Australia
421,Nbeyan,Australia
422,Nbrooka,Australia
423,Ncollong,Australia
424,Ncorlesvill,Australia
425,Ncorley,Australia
426,Nda,Australia
427,Ndale,Australia
428,Ndalmere,Australia
429,Ndamstonsingsto,Australia
430,Ndarine,Australia
431,Ndornea,Australia
432,Ndornubiacon Gr,Australia
433,Ndove,Australia
434,Ndrews Farm,Australia
435,Ne City Lakerle,Australia
436,Nea,Australia
437,Nelle,Australia
438,Ner,Australia
439,Nerst,Australia
440,Nfield,Australia
441,Nfields,Australia
442,Nhilla,Australia
443,Nic Point,Australia
444,Nifield,Australia
445,Ning,Australia
446,Ning Hills,Australia
447,Njangong,Australia
448,Nkei,Australia
449,Nkiigfgregor,Australia
450,Nlool,Australia
451,Nmal,Australia
452,Nnalisbury Hill,Australia
453,Nnalowie,Australia
454,Nnant,Australia
455,Nnawading,Australia
456,Nnawah,Australia
457,Nnorth Melberth,Australia
458,Nnox Hill Cooma,Australia
459,Nnum,Australia
460,Noraka,Australia
461,Nourn,Australia
462,Npaikikikikikik,Australia
463,Npoongal,Australia
464,Nrah,Australia
465,Nrickvilley,Australia
466,Nrithfield,Australia
467,Nro,Australia
468,Nrormidale,Australia
469,Nrswal,Australia
470,Nrut Hills,Australia
471,Nrut Maitland,Australia
472,Nrut Melvill Co,Australia
473,Nrut North Melb,Australia
474,Nrute,Australia
475,Nruth,Australia
476,Nrvillarylandur,Australia
477,Nsdale,Australia
478,Nshurst,Australia
479,Nsmtacre,Australia
480,Nsmtfin,Australia
481,Nssocthornubia,Australia
482,Nsvirton,Australia
483,Nsxraplyvill,Australia
484,Nununurrawesvil,Australia
485,Nwethermorania,Australia
486,Nwey,Australia
487,Nx Height,Australia
488,Oherfoyle Hill,Australia
489,Oka,Australia
490,Olls,Australia
491,Olneit,Australia
492,Omberg,Australia
493,Onecroft,Australia
494,Ons,Australia
495,Oone,Australia
496,Ooomba,Australia
497,Opark,Australia
498,Ope Vallington,Australia
499,Opra,Australia
500,Oreshwateau Bay,Australia
501,Orre Parkvills ,Australia
502,Osouth,Australia
503,Oughby,Australia
504,Ovcentroseburne,Australia
505,Own,Australia
506,Paddine City Ce,Australia
507,Padding,Australia
508,Pads South Farm,Australia
509,Palm Beach,Australia
510,Palmaide,Australia
511,Palmaint,Australia
512,Palmere,Australia
513,Palmerong,Australia
514,Palmyra,Australia
515,Para,Australia
516,Park,Australia
517,Pcorren Watswor,Australia
518,Phillvue,Australia
519,Phing,Australia
520,Pkinglewood,Australia
521,Plestmeads,Australia
522,Plum Downs,Australia
523,Poorebany,Australia
524,Portdale,Australia
525,Porth,Australia
526,Porth North Sou,Australia
527,Porth Park,Australia
528,Porth Pert,Australia
529,Porth Syde,Australia
530,Porth Tamworth ,Australia
531,Porth West Pert,Australia
532,Porthmeah,Australia
533,Porthy,Australia
534,Pott,Australia
535,Potte Harrie,Australia
536,Potton,Australia
537,Potton Grove,Australia
538,Potts Para,Australia
539,Pottsvillarybro,Australia
540,Ppalme,Australia
541,Ppeakhurst,Australia
542,Ppington,Australia
543,Pringhurgoong,Australia
544,Prings,Australia
545,Prinity Heights,Australia
546,Pymbla,Australia
547,Qhiriolberton,Australia
548,Qury,Australia
549,R Albanksia Bea,Australia
550,R Eads West,Australia
551,R-Nek,Australia
552,Raby,Australia
553,Ral,Australia
554,Ralding,Australia
555,Rama,Australia
556,Rbakkiagoon,Australia
557,Rbakmocperth,Australia
558,Rbatha,Australia
559,Rdaleebana,Australia
560,Rdan Shorne,Australia
561,Rdeniliquin,Australia
562,Rdokingham,Australia
563,Reckea,Australia
564,Reenwood,Australia
565,Rell,Australia
566,Renchbowl,Australia
567,Reow,Australia
568,Restown,Australia
569,Restowns,Australia
570,Rgraco,Australia
571,Rgrafton Park,Australia
572,Rgranbong,Australia
573,Rgridge Pointon,Australia
574,Rhille,Australia
575,Ria,Australia
576,Rill,Australia
577,Rills,Australia
578,Rinselds,Australia
579,Rirah,Australia
580,Riverland,Australia
581,Rjmaid Beach,Australia
582,Rjmain,Australia
583,Rjtrossino,Australia
584,Rkalbury,Australia
585,Rkeilor Park,Australia
586,Rklemingvale,Australia
587,Rley,Australia
588,Rlue Heights,Australia
589,Rmadale,Australia
590,Rmains,Australia
591,Rman Southerth ,Australia
592,Rmthwell,Australia
593,Rnadise,Australia
594,Rnarvale,Australia
595,Rncliffin,Australia
596,Rocedews,Australia
597,Rorth Alberriga,Australia
598,Rott,Australia
599,Roul,Australia
600,Row,Australia
601,Rpark,Australia
602,Rparrah,Australia
603,Rpzeynvham,Australia
604,Rrabeen Vale,Australia
605,Rraby,Australia
606,Rriverews,Australia
607,Rrose,Australia
608,Rroul,Australia
609,Rrsevilli Crema,Australia
610,Rrum,Australia
611,Rrum Beach,Australia
612,Rrved,Australia
613,Rs Point Prith,Australia
614,Rseaton,Australia
615,Rselaint,Australia
616,Rsula,Australia
617,Rtman,Australia
618,Rtwer,Australia
619,Rue,Australia
620,Rum Beach,Australia
621,Rum Down,Australia
622,Rummoyne,Australia
623,Rummoyneham,Australia
624,Rvadlands,Australia
625,Rvadlingley,Australia
626,Rviallawong,Australia
627,Rwsea,Australia
628,S Beach,Australia
629,S Eau Bay,Australia
630,S North Park,Australia
631,S South Peiron,Australia
632,Sbour,Australia
633,Sbox Heighton,Australia
634,Sbury Northvill,Australia
635,Sdough,Australia
636,Sgrafton,Australia
637,Sheidelaid Beau,Australia
638,Shichhardlan,Australia
639,Shiep,Australia
640,Sing,Australia
641,Skersham,Australia
642,Skess,Australia
643,Smuaweenfield,Australia
644,Smurrambe,Australia
645,Snorth,Australia
646,Somer,Australia
647,Souci,Australia
648,Spalme,Australia
649,Spect,Australia
650,Spotton,Australia
651,Springscliff,Australia
652,Sralle,Australia
653,Sranders Hille,Australia
654,Srdingbah,Australia
655,Srelwood,Australia
656,Srich,Australia
657,Srie,Australia
658,Sriehurston,Australia
659,Srnaniassa,Australia
660,Srnedah,Australia
661,Srural,Australia
662,Sruse,Australia
663,Sruth,Australia
664,Ssanctiong Hill,Australia
665,Ssuean,Australia
666,Stirlights,Australia
667,Swell,Australia
668,Swey,Australia
669,Syde Park,Australia
670,Sydney Vistown,Australia
671,Szil,Australia
672,T Hilley,Australia
673,T Ryde Ponderri,Australia
674,Tba,Australia
675,Tcinster Mount ,Australia
676,Ter,Australia
677,Terrylands,Australia
678,Tgongan,Australia
679,Tka,Australia
680,Tle,Australia
681,Tleporth,Australia
682,Tlum Beach,Australia
683,Tn South,Australia
684,Tne,Australia
685,Ton,Australia
686,Tral,Australia
687,Tral Bundabeens,Australia
688,Trat End,Australia
689,Trindfield,Australia
690,Ttring,Australia
691,Txfield,Australia
692,Ugh,Australia
693,Ughesdale,Australia
694,Ughest,Australia
695,Ugheston,Australia
696,Ukh,Australia
697,Ullings Lawley,Australia
698,Ulpark,Australia
699,Umhton,Australia
700,Uppee,Australia
701,Upradings,Australia
702,Urpotts Park,Australia
703,Ush,Australia
704,Usta,Australia
705,Vale,Australia
706,Vcolahrop,Australia
707,Vcolyton,Australia
708,Velaint,Australia
709,Vgreen,Australia
710,Vict,Australia
711,Vill,Australia
712,Villajura,Australia
713,Ville,Australia
714,Villey Centrevo,Australia
715,Vills,Australia
716,Ving,Australia
717,Vingabba,Australia
718,Vingham,Australia
719,Vingswood,Australia
720,Vington,Australia
721,Vnort,Australia
722,Vulls,Australia
723,Vurraweenwood,Australia
724,Wal,Australia
725,Warrang,Australia
726,Wdnarvon,Australia
727,Wdown,Australia
728,Ween,Australia
729,Wentre,Australia
730,West Pritchep,Australia
731,Westowe Lower,Australia
732,Wesvill Parkes,Australia
733,Wichinbury,Australia
734,Wie,Australia
735,With,Australia
736,Wnowra,Australia
737,Wood,Australia
738,Wray,Australia
739,Wrne,Australia
740,Wton,Australia
741,Xand,Australia
742,Xands,Australia
743,Xands West,Australia
744,Xervill,Australia
745,Xett Vale,Australia
746,Ydingvale,Australia
747,Ydney Park,Australia
748,Ydon,Australia
749,Ylands,Australia
750,Ylorsham Hillea,Australia
751,Ymarook,Australia
752,Ymiahsford,Australia
753,Ymias Vale,Australia
754,Zeale,Australia
755,Zengleby,Australia
756,Zhelen Point,Australia
757,Zit,Australia
