,Name,Origin
0, Aoia,Bangladesh
1, Ari,Bangladesh
2, Atipur,Bangladesh
3, Bazar,Bangladesh
4, Bhan,Bangladesh
5, Char Bhat,Bangladesh
6, Fassore,Bangladesh
7, Gaon,Bangladesh
8, Kaipur,Bangladesh
9, Kazar,Bangladesh
10, Razar,Bangladesh
11, Satipur Hat,Bangladesh
12,Abari,Bangladesh
13,Abarishal,Bangladesh
14,Achhatak,Bangladesh
15,Afarganj,Bangladesh
16,Agar,Bangladesh
17,Agrachat,Bangladesh
18,Agram,Bangladesh
19,Ajiganj,Bangladesh
20,Ajitpur,Bangladesh
21,Altala,Bangladesh
22,Altalang,Bangladesh
23,Anuddin,Bangladesh
24,Aon,Bangladesh
25,Arbatipur,Bangladesh
26,Ashimnagarpur,Bangladesh
27,Atore,Bangladesh
28,B#Tito,Bangladesh
29,Badarganj,Bangladesh
30,Bageswarpur Hat,Bangladesh
31,Bajiganj,Bangladesh
32,Bajitpur,Bangladesh
33,Ban,Bangladesh
34,Bari,Bangladesh
35,Baria,Bangladesh
36,Baripur,Bangladesh
37,Barishal,Bangladesh
38,Batipur,Bangladesh
39,Bbganj,Bangladesh
40,Beram,Bangladesh
41,Bfangpur,Bangladesh
42,Bhaynagachagrac,Bangladesh
43,Bhaynagar,Bangladesh
44,Bhiym,Bangladesh
45,Bhiyn,Bangladesh
46,Bhola,Bangladesh
47,Binagarpur,Bangladesh
48,Binajpur Hat,Bangladesh
49,Bjinagar,Bangladesh
50,Bminljonargaon,Bangladesh
51,Bna,Bangladesh
52,Bon,Bangladesh
53,Bonargaon,Bangladesh
54,Btiganj,Bangladesh
55,Bur Hat,Bangladesh
56,Buria,Bangladesh
57,Bvee Aoshabaris,Bangladesh
58,Bwa,Bangladesh
59,Bwaripur,Bangladesh
60,Cgar,Bangladesh
61,Cha,Bangladesh
62,Chagachagachhat,Bangladesh
63,Chan,Bangladesh
64,Chang,Bangladesh
65,Changail,Bangladesh
66,Changanj,Bangladesh
67,Chanuddin,Bangladesh
68,Char Bhatak,Bangladesh
69,Char Char Naoga,Bangladesh
70,Chhar Bhanuddin,Bangladesh
71,Chharishahzadpu,Bangladesh
72,Chhattograchari,Bangladesh
73,Cijpur,Bangladesh
74,Cjilpur,Bangladesh
75,Cjipur,Bangladesh
76,Cmilla,Bangladesh
77,Comilla,Bangladesh
78,Cpur,Bangladesh
79,Cthair,Bangladesh
80,Cvhi Aaia,Bangladesh
81,Cxha,Bangladesh
82,Cxha Abhaynagar,Bangladesh
83,Cxmilla,Bangladesh
84,Cxsi Gaon,Bangladesh
85,Cymanikcha,Bangladesh
86,Daripur,Bangladesh
87,Dbinagar,Bangladesh
88,Diri,Bangladesh
89,Dmipur,Bangladesh
90,Dmontop,Bangladesh
91,Dnbiganj,Bangladesh
92,Drasan,Bangladesh
93,Drishabari,Bangladesh
94,Drishahzadpur,Bangladesh
95,Drisham,Bangladesh
96,Drssnirhatak,Bangladesh
97,Ehanuddin,Bangladesh
98,Ehendiganj,Bangladesh
99,Ehibganj,Bangladesh
100,Ehiti,Bangladesh
101,Eibarisham,Bangladesh
102,Eknaf,Bangladesh
103,Engi,Bangladesh
104,Eshbl,Bangladesh
105,Esnaiganj,Bangladesh
106,Esnbipur,Bangladesh
107,Estan,Bangladesh
108,Eswarpur,Bangladesh
109,Eszai,Bangladesh
110,Eszar,Bangladesh
111,Etia,Bangladesh
112,Etnakhipur,Bangladesh
113,Ewa,Bangladesh
114,Exra,Bangladesh
115,Fakgalhang,Bangladesh
116,Fakgamnlgonj,Bangladesh
117,Fakgaon,Bangladesh
118,Fakgar,Bangladesh
119,Fargaaj,Bangladesh
120,Fargachhattogra,Bangladesh
121,Fargaon,Bangladesh
122,Fari,Bangladesh
123,Faridpur,Bangladesh
124,Farishal,Bangladesh
125,Farisham,Bangladesh
126,Fatganj,Bangladesh
127,Fchga,Bangladesh
128,Fjsgail,Bangladesh
129,Fjsnaf,Bangladesh
130,Fjsoa,Bangladesh
131,Fjsoarankhola,Bangladesh
132,Fkonargaaj,Bangladesh
133,Fmogaon,Bangladesh
134,Fnnidhandarbati,Bangladesh
135,Fnri,Bangladesh
136,Fongonj,Bangladesh
137,Fongr,Bangladesh
138,Frishabganj,Bangladesh
139,Frnsdin,Bangladesh
140,Frnsdirijpur,Bangladesh
141,Frnson,Bangladesh
142,Fson,Bangladesh
143,Ftii,Bangladesh
144,Ftnganj,Bangladesh
145,Funsingdi,Bangladesh
146,Furgaaj,Bangladesh
147,Furgachagarh,Bangladesh
148,Furgachagarpur,Bangladesh
149,Furgachari,Bangladesh
150,Furgachharishal,Bangladesh
151,Furgachhatparay,Bangladesh
152,Furganj,Bangladesh
153,Furgaon,Bangladesh
154,Fwari,Bangladesh
155,Fwaripur,Bangladesh
156,Fwarisham,Bangladesh
157,Fwarpur,Bangladesh
158,Fxkgar,Bangladesh
159,G#Ajiganj,Bangladesh
160,Gajhai Aosiagar,Bangladesh
161,Gakj,Bangladesh
162,Gar,Bangladesh
163,Garpur,Bangladesh
164,Gcamilla,Bangladesh
165,Gergacha,Bangladesh
166,Gergachhat,Bangladesh
167,Gergaon,Bangladesh
168,Gerhan,Bangladesh
169,Gjan,Bangladesh
170,Gkhhatpara,Bangladesh
171,Glmonirhat,Bangladesh
172,Grachar,Bangladesh
173,Grachar Naogaon,Bangladesh
174,Grachhattograma,Bangladesh
175,Gram,Bangladesh
176,Gramalpur,Bangladesh
177,Gril,Bangladesh
178,Gsajiganj,Bangladesh
179,Habaria,Bangladesh
180,Hal,Bangladesh
181,Hatparail,Bangladesh
182,Helaogaon,Bangladesh
183,Helpur,Bangladesh
184,Heramara Abhayn,Bangladesh
185,Hilmari,Bangladesh
186,Himnagar,Bangladesh
187,Hira,Bangladesh
188,Hndargaon,Bangladesh
189,Htia,Bangladesh
190,Hurdi,Bangladesh
191,Hutdipur,Bangladesh
192,Hwarpur,Bangladesh
193,Ibganj,Bangladesh
194,Ihajganj,Bangladesh
195,Ilmarankhola,Bangladesh
196,Ilmaridpur,Bangladesh
197,Ilmaripur,Bangladesh
198,Ilmarishal,Bangladesh
199,Ilmarisham,Bangladesh
200,Imnagacha,Bangladesh
201,Imnagachhari,Bangladesh
202,Imnagar,Bangladesh
203,Imnagarh,Bangladesh
204,Ingail,Bangladesh
205,Ingdi,Bangladesh
206,Ingergaon,Bangladesh
207,Ingerhat,Bangladesh
208,Ingh,Bangladesh
209,Ipur,Bangladesh
210,Ir Hat,Bangladesh
211,Ira,Bangladesh
212,Irajganj,Bangladesh
213,Irgaaj,Bangladesh
214,Irgaon,Bangladesh
215,Irhat,Bangladesh
216,Irhatak,Bangladesh
217,Irhatparayangan,Bangladesh
218,Irpur,Bangladesh
219,Isnaiganj,Bangladesh
220,Iti,Bangladesh
221,Jan,Bangladesh
222,Jftagachar Bhad,Bangladesh
223,Jftan,Bangladesh
224,Jganj,Bangladesh
225,Jibpur,Bangladesh
226,Jiganj,Bangladesh
227,Jinagar,Bangladesh
228,Jinagarpur,Bangladesh
229,Jinajpur,Bangladesh
230,Jipur,Bangladesh
231,Jirpur Hat,Bangladesh
232,Jitpur,Bangladesh
233,Jitpur Hat,Bangladesh
234,Jmilla,Bangladesh
235,Jngail,Bangladesh
236,Jpur,Bangladesh
237,Jrgaon,Bangladesh
238,Jshabarisham,Bangladesh
239,Jtiganj,Bangladesh
240,Jtit,Bangladesh
241,Jttpara,Bangladesh
242,Jttparail,Bangladesh
243,Juraha,Bangladesh
244,Jzapur,Bangladesh
245,Kabinajpur,Bangladesh
246,Kagarh,Bangladesh
247,Kagarpur,Bangladesh
248,Kajitpur,Bangladesh
249,Kaliganj,Bangladesh
250,Katiya,Bangladesh
251,Kcha,Bangladesh
252,Khapur,Bangladesh
253,Kimajpur,Bangladesh
254,Kjipur,Bangladesh
255,Kmnagarh,Bangladesh
256,Kmnilchiti,Bangladesh
257,Kona,Bangladesh
258,Konargacha,Bangladesh
259,Konargachagarh,Bangladesh
260,Krhat,Bangladesh
261,Kshmipur,Bangladesh
262,Ktiganj,Bangladesh
263,Kungi,Bangladesh
264,Kurgaaj,Bangladesh
265,Kurgaon,Bangladesh
266,Kutgiamganj,Bangladesh
267,Kutgincdi,Bangladesh
268,Kutgincganj,Bangladesh
269,Kutgincjatparan,Bangladesh
270,Kutgingerhattog,Bangladesh
271,Lang,Bangladesh
272,Liganj,Bangladesh
273,Lin,Bangladesh
274,Lmohan,Bangladesh
275,Lmohandargachar,Bangladesh
276,Lmonirhan,Bangladesh
277,Lmonirhang,Bangladesh
278,Lmonirhatak,Bangladesh
279,Lmontop,Bangladesh
280,Lsan,Bangladesh
281,Ltilaagar,Bangladesh
282,Ltin,Bangladesh
283,Lton,Bangladesh
284,M Atia,Bangladesh
285,Matak,Bangladesh
286,Mban,Bangladesh
287,Mcha,Bangladesh
288,Mdaggaxj,Bangladesh
289,Mfaggachar,Bangladesh
290,Mfaggachat,Bangladesh
291,Mfalganj,Bangladesh
292,Mfangail,Bangladesh
293,Mfanganj,Bangladesh
294,Mfanikchagracha,Bangladesh
295,Mganj,Bangladesh
296,Mialhan,Bangladesh
297,Milla,Bangladesh
298,Mipur,Bangladesh
299,Mira,Bangladesh
300,Mirljat,Bangladesh
301,Mjsnaiganj,Bangladesh
302,Mmilla,Bangladesh
303,Mnagar,Bangladesh
304,Mngail,Bangladesh
305,Mnganj,Bangladesh
306,Mnilchiti,Bangladesh
307,Mnlganj,Bangladesh
308,Mnrgaaj,Bangladesh
309,Mntai,Bangladesh
310,Mntganj,Bangladesh
311,Mntgar,Bangladesh
312,Mntgarh,Bangladesh
313,Mntipur,Bangladesh
314,Mntipur Hat,Bangladesh
315,Molpur,Bangladesh
316,Molt,Bangladesh
317,Monirhat,Bangladesh
318,Mral,Bangladesh
319,Mril,Bangladesh
320,Murhang,Bangladesh
321,Muthia,Bangladesh
322,Mwatparail,Bangladesh
323,Mxat,Bangladesh
324,Mxltur Hat,Bangladesh
325,Mylleurnadi,Bangladesh
326,Nabari,Bangladesh
327,Nargaaj,Bangladesh
328,Nbganj,Bangladesh
329,Ncha,Bangladesh
330,Ndarban,Bangladesh
331,Ndarbatipur,Bangladesh
332,Ndargaaj,Bangladesh
333,Nderban,Bangladesh
334,Ndiganj,Bangladesh
335,Ndwip,Bangladesh
336,Nfurgaon,Bangladesh
337,Nfutgincha,Bangladesh
338,Ngajjganj,Bangladesh
339,Nganj,Bangladesh
340,Ngerhan,Bangladesh
341,Ngerhanuddin,Bangladesh
342,Ngerhat,Bangladesh
343,Nidsan,Bangladesh
344,Nilchiti,Bangladesh
345,Nipur,Bangladesh
346,Nirhanuddin,Bangladesh
347,Nirojpur,Bangladesh
348,Nkhola,Bangladesh
349,Nmial,Bangladesh
350,Nmipur,Bangladesh
351,Nmola,Bangladesh
352,Nogaon,Bangladesh
353,Nridpur,Bangladesh
354,Ntop,Bangladesh
355,Nttogramarankho,Bangladesh
356,Nuddin,Bangladesh
357,Nurdi,Bangladesh
358,Nuthia,Bangladesh
359,Nxra Abhaynagar,Bangladesh
360,Obari,Bangladesh
361,Obgrnmdipur Hat,Bangladesh
362,Ogaon,Bangladesh
363,Ojan,Bangladesh
364,Ona,Bangladesh
365,Onargaon,Bangladesh
366,Onj,Bangladesh
367,Ore,Bangladesh
368,Oxtoyaon,Bangladesh
369,Oymonirhanuddin,Bangladesh
370,Pur,Bangladesh
371,Pur Hat,Bangladesh
372,R Bhadrasan,Bangladesh
373,R Bhan,Bangladesh
374,R Bhat,Bangladesh
375,R Bhatparankhol,Bangladesh
376,R Char,Bangladesh
377,R Fasson,Bangladesh
378,R Hat,Bangladesh
379,R Naogaon,Bangladesh
380,Rabaripur,Bangladesh
381,Rail,Bangladesh
382,Rbachagarpur,Bangladesh
383,Rban,Bangladesh
384,Resgbrhan,Bangladesh
385,Rgaon,Bangladesh
386,Rhat,Bangladesh
387,Rhattogramari,Bangladesh
388,Ril,Bangladesh
389,Ripur,Bangladesh
390,Rishahi,Bangladesh
391,Ronurdi,Bangladesh
392,Rsingerhatak,Bangladesh
393,Rsingh,Bangladesh
394,Rtipur,Bangladesh
395,Rvez Ali Hossai,Bangladesh
396,Rymaniachari,Bangladesh
397,Rzapur,Bangladesh
398,Sdrpur,Bangladesh
399,Sham,Bangladesh
400,Shhltin,Bangladesh
401,Shimnagar,Bangladesh
402,Shimnagarpur,Bangladesh
403,Shimnagarpur Ha,Bangladesh
404,Sjimpur,Bangladesh
405,Smirpur,Bangladesh
406,Snimcha,Bangladesh
407,Snjipur,Bangladesh
408,Son,Bangladesh
409,Sore,Bangladesh
410,Srin,Bangladesh
411,Surhan,Bangladesh
412,Swaridpur,Bangladesh
413,Sxnuddin,Bangladesh
414,Sxx  Aai,Bangladesh
415,Tfogaon,Bangladesh
416,Thhar Chat,Bangladesh
417,Tilaagarh,Bangladesh
418,Tilaagpur,Bangladesh
419,Timaipur,Bangladesh
420,Tira,Bangladesh
421,Tkhirajganj,Bangladesh
422,Tnkona,Bangladesh
423,Togracha,Bangladesh
424,Tograchanuddin,Bangladesh
425,Tograchharishab,Bangladesh
426,Tograchhattogra,Bangladesh
427,Togram,Bangladesh
428,Togramalpur,Bangladesh
429,Togramarail,Bangladesh
430,Ton,Bangladesh
431,Tore,Bangladesh
432,Ukhapur,Bangladesh
433,Ukhar Fasson,Bangladesh
434,Ukhari,Bangladesh
435,Uktagachhar Bha,Bangladesh
436,Uktagachhari,Bangladesh
437,Uktagachhat,Bangladesh
438,Uktagar,Bangladesh
439,Uktagarh,Bangladesh
440,Urhat,Bangladesh
441,Uthia,Bangladesh
442,Utii,Bangladesh
443,Utnipur,Bangladesh
444,Uttiganj,Bangladesh
445,Ve  Osan,Bangladesh
446,Ve Bozar,Bangladesh
447,Ves Batiya,Bangladesh
448,Vhzpur,Bangladesh
449,Vi Bazar,Bangladesh
450,Vnubdidpur,Bangladesh
451,Vnufdin,Bangladesh
452,Wari,Bangladesh
453,Warpur,Bangladesh
454,X Abhaynagar,Bangladesh
455,X Abhaynagarh,Bangladesh
456,Xb Aaia,Bangladesh
457,Xbna,Bangladesh
458,Xbnurdi,Bangladesh
459,Xbwari,Bangladesh
460,Xbwaridpur,Bangladesh
461,Xg Ooa,Bangladesh
462,Xgveh Ali,Bangladesh
463,Xhi Aoia,Bangladesh
464,Xiburia,Bangladesh
465,Xin,Bangladesh
466,Xir Hat,Bangladesh
467,Xkt Gaon,Bangladesh
468,Xkungi,Bangladesh
469,Xnc Atiya,Bangladesh
470,Xncia,Bangladesh
471,Xndiganj,Bangladesh
472,Xni,Bangladesh
473,Xr Naogaon,Bangladesh
474,Xrvez Ali Hossa,Bangladesh
475,Xswmipur Hat,Bangladesh
476,Xtipur,Bangladesh
477,Xtipur Hat,Bangladesh
478,Xtiya,Bangladesh
479,Xut Ibari,Bangladesh
480,Xut Iganj,Bangladesh
481,Xvi Bazar,Bangladesh
482,Xxw Ashimnagar,Bangladesh
483,Xymania,Bangladesh
484,Xymanpur,Bangladesh
485,Xynmganj,Bangladesh
486,Ylmensingdi,Bangladesh
487,Ylmersan,Bangladesh
488,Ymnndiganj,Bangladesh
489,Ymnnganj,Bangladesh
490,Ymnngdi,Bangladesh
491,Ymnngi,Bangladesh
492,Yxhe Pur,Bangladesh
493,Zadpur,Bangladesh
494,Zal,Bangladesh
495,Zar,Bangladesh
