,Name,Origin
0, Bar''Ina Horan,Belarus
1, Byel,Belarus
2, Byelaazyory,Belarus
3, Byelaazyr,Belarus
4, Darobin,Belarus
5, Darohi,Belarus
6, Darozawka,Belarus
7, Garanava,Belarus
8, Kaw,Belarus
9, Ki,Belarus
10, Kislaw,Belarus
11, Stsislach,Belarus
12, Zhodzino,Belarus
13, Zhodzishnyeva,Belarus
14, Zoobryn,Belarus
15,'Ina,Belarus
16,Aazyory,Belarus
17,Abin,Belarus
18,Ach,Belarus
19,Achow,Belarus
20,Achyna,Belarus
21,Adobruysk,Belarus
22,Agradok,Belarus
23,Agrodna,Belarus
24,Ahichy,Belarus
25,Ahilye,Belarus
26,Ahoysk,Belarus
27,Akachy,Belarus
28,Akin,Belarus
29,Akiw,Belarus
30,Akowka,Belarus
31,Alachow,Belarus
32,Aladzishnyeva,Belarus
33,Aladzyelaazyory,Belarus
34,Aliavichy,Belarus
35,Alihorsk,Belarus
36,Alikashevicy,Belarus
37,Alodzino,Belarus
38,Alodzishchy,Belarus
39,Alodzishnyets,Belarus
40,Alozhyn,Belarus
41,Aluhon,Belarus
42,Alyniki,Belarus
43,Amaahyya Byel,Belarus
44,Amadhinyets,Belarus
45,Amadho,Belarus
46,Amadzyelaazyr,Belarus
47,Amanipollyeyka,Belarus
48,Amyanyeva,Belarus
49,An',Belarus
50,Anava,Belarus
51,Anovicy,Belarus
52,Apl',Belarus
53,Apll,Belarus
54,Aplllievichi,Belarus
55,Aplllye,Belarus
56,Apllye,Belarus
57,Apollye,Belarus
58,Apollyeykaw,Belarus
59,Apyl',Belarus
60,Aslawye,Belarus
61,Asny,Belarus
62,Astava,Belarus
63,Astavichyn,Belarus
64,Astsyukovichy,Belarus
65,Asvizh,Belarus
66,Avichi,Belarus
67,Avichy,Belarus
68,Avichyn,Belarus
69,Avichyna,Belarus
70,Avichytsyukovic,Belarus
71,Avicy,Belarus
72,Avitsa,Belarus
73,Avitsavichy,Belarus
74,Avusy,Belarus
75,Avy,Belarus
76,Azina Horka,Belarus
77,Azyorsk,Belarus
78,Azyr,Belarus
79,Ban',Belarus
80,Bderyka,Belarus
81,Bin,Belarus
82,Bka,Belarus
83,Bkashevichy,Belarus
84,Bkashevichytsav,Belarus
85,Bkashevichytsy,Belarus
86,Bkashevichytsyu,Belarus
87,Bkashevicy,Belarus
88,Bkashniki,Belarus
89,Bkashnyets,Belarus
90,Bkashnyeva,Belarus
91,Bkaw,Belarus
92,Bkaya Darobinka,Belarus
93,Bkaye,Belarus
94,Bskavicy,Belarus
95,Bzarohi,Belarus
96,Chytsyukowka,Belarus
97,Cierasnosel',Belarus
98,Cka,Belarus
99,Ckashnyetka,Belarus
100,Cki,Belarus
101,Csu,Belarus
102,Dakawshchy,Belarus
103,Dakil,Belarus
104,Dalyniki,Belarus
105,Daskovichy,Belarus
106,Daskovichytsyuk,Belarus
107,Daskovicy,Belarus
108,Davy,Belarus
109,Davyd-Haracnu,Belarus
110,Davyd-Harad Zho,Belarus
111,Davyd-Haradok,Belarus
112,Davyd-Haran',Belarus
113,Davyets,Belarus
114,Dbin,Belarus
115,Dgkadaskovichyn,Belarus
116,Dka,Belarus
117,Dki,Belarus
118,Dlye,Belarus
119,Dna,Belarus
120,Dok,Belarus
121,Dukaw,Belarus
122,Dziecna,Belarus
123,Dzina Horkaw,Belarus
124,Dzina Horkawshc,Belarus
125,Dzina Horki,Belarus
126,Dzino,Belarus
127,Dzishchy,Belarus
128,Dzishchyn,Belarus
129,Dzyel,Belarus
130,Dzyelaazyr,Belarus
131,Echy,Belarus
132,Echyn,Belarus
133,El',Belarus
134,El'Skiy,Belarus
135,Elaazyr,Belarus
136,Ets,Belarus
137,Evichi,Belarus
138,Evichy,Belarus
139,Evicy,Belarus
140,Fkaw,Belarus
141,Ftnishchy,Belarus
142,Fyniki,Belarus
143,Garanovicy,Belarus
144,Gardoh,Belarus
145,Gardok,Belarus
146,Geraslaw,Belarus
147,Gkidel',Belarus
148,Grad Zhodziecna,Belarus
149,Grodna,Belarus
150,Hachulishchy,Belarus
151,Hachy,Belarus
152,Harkawshchyna,Belarus
153,Haukavicy,Belarus
154,Havusy,Belarus
155,Haw,Belarus
156,Hecya,Belarus
157,Hilyow,Belarus
158,Hkaye,Belarus
159,Hobin,Belarus
160,Hobstsyukowka,Belarus
161,Hochy,Belarus
162,Hohs,Belarus
163,Horsk,Belarus
164,Hovr,Belarus
165,Hovsgrudok,Belarus
166,Hovsluw,Belarus
167,Hoysk,Belarus
168,Hozn,Belarus
169,Hozs,Belarus
170,Hozsk,Belarus
171,Iavicy,Belarus
172,Ielaazyr,Belarus
173,Ikashevichi,Belarus
174,Ikashevicy,Belarus
175,Ikashniki,Belarus
176,Ikashnyets,Belarus
177,Ikaya Byelaazyr,Belarus
178,Ikaya Darobin,Belarus
179,Ikaye,Belarus
180,Ina,Belarus
181,Ina Horad Zhodz,Belarus
182,Ina Horadok,Belarus
183,Ina Horka,Belarus
184,Ina Horkaw,Belarus
185,Ina Horkawshchy,Belarus
186,Ina Horki,Belarus
187,Inanava,Belarus
188,Inbak'Win,Belarus
189,Inkavichytsa,Belarus
190,Kavichy,Belarus
191,Kavitsa,Belarus
192,Kaw,Belarus
193,Kawshchy,Belarus
194,Kawshchyn,Belarus
195,Kawsk,Belarus
196,Kaye,Belarus
197,Kih,Belarus
198,Kik,Belarus
199,Kim,Belarus
200,Kis,Belarus
201,Kishniki,Belarus
202,Kiy,Belarus
203,Klimavicy,Belarus
204,Kowka,Belarus
205,Lachow,Belarus
206,Lachy,Belarus
207,Ladzyel,Belarus
208,Ladzyelaazyr,Belarus
209,Lanipollye,Belarus
210,Lavichy,Belarus
211,Lavichyn,Belarus
212,Lhabinka,Belarus
213,Liavicy,Belarus
214,Lihorsk,Belarus
215,Likashevichy,Belarus
216,Likashevichyna,Belarus
217,Likashevichytsy,Belarus
218,Likashniki,Belarus
219,Likashnyets,Belarus
220,Likaya Byelaazy,Belarus
221,Likaya Daroza,Belarus
222,Likaye,Belarus
223,Lin,Belarus
224,Linka,Belarus
225,Linkavichy,Belarus
226,Linkavicy,Belarus
227,Linkavitsa,Belarus
228,Lishniki,Belarus
229,Liukk,Belarus
230,Lobinkavicy,Belarus
231,Lodziecna,Belarus
232,Lozhyn,Belarus
233,Lozhyna,Belarus
234,Lukovichy,Belarus
235,Lukovichyn,Belarus
236,Lukowka,Belarus
237,Lun,Belarus
238,Lutsk,Belarus
239,Lyeyka,Belarus
240,Malachy,Belarus
241,Mavichi,Belarus
242,Mavichy,Belarus
243,Mavichyn,Belarus
244,Mavichyna,Belarus
245,Mavicy,Belarus
246,Mavitsa,Belarus
247,Mikaya Darobin,Belarus
248,Mikaye,Belarus
249,Mina,Belarus
250,Mkaw,Belarus
251,Mlach,Belarus
252,Mlanyeva,Belarus
253,Nava,Belarus
254,Navo,Belarus
255,Nie,Belarus
256,Niki,Belarus
257,Ninyetka,Belarus
258,Ninyets,Belarus
259,Ninyeva,Belarus
260,Nkavitsavichyn,Belarus
261,Nki,Belarus
262,Nukovichy,Belarus
263,Nukovicy,Belarus
264,Nyets,Belarus
265,Nyeva,Belarus
266,Obin,Belarus
267,Obinka,Belarus
268,Obinkavichytsy,Belarus
269,Obinkavicy,Belarus
270,Obinkavitsa,Belarus
271,Obruysk,Belarus
272,Okaye,Belarus
273,Okiy,Belarus
274,Osechy,Belarus
275,Osk,Belarus
276,Osky,Belarus
277,Osty,Belarus
278,Palla,Belarus
279,Pinl Vislachyn,Belarus
280,Platsevichy,Belarus
281,Plilyow,Belarus
282,Plllebik,Belarus
283,Plllevichyn,Belarus
284,Plllye,Belarus
285,Plllyeyka,Belarus
286,Pol,Belarus
287,Pollye,Belarus
288,Pollyeyka,Belarus
289,Pollyeykaw,Belarus
290,Pollyeykawshchy,Belarus
291,Pul',Belarus
292,Radaskovicy,Belarus
293,Rahach,Belarus
294,Ravy,Belarus
295,Ravyd-Haradok,Belarus
296,Rechy,Belarus
297,Saw,Belarus
298,Shniki,Belarus
299,Shnyetka,Belarus
300,Shnyets,Belarus
301,Shnyeva,Belarus
302,Sina Horki,Belarus
303,Skavichy,Belarus
304,Skavichyn,Belarus
305,Skidel',Belarus
306,Skidel'Skiy,Belarus
307,Skiy,Belarus
308,Slaw,Belarus
309,Snapol,Belarus
310,Stavichyn,Belarus
311,Stavicy,Belarus
312,Stavy,Belarus
313,Stavyd-Haradok,Belarus
314,Stsislach,Belarus
315,Stsislachy,Belarus
316,Stsislaw,Belarus
317,Stsislawye,Belarus
318,Stsyukoml',Belarus
319,Stsyukovichy,Belarus
320,Stsyukovichyn,Belarus
321,Stsyukovicy,Belarus
322,Tavichy,Belarus
323,Tka,Belarus
324,Tlaazyr,Belarus
325,Tlachy,Belarus
326,Tsavicy,Belarus
327,Uadaskovichy,Belarus
328,Ukamadzishnyetk,Belarus
329,Ukavichi,Belarus
330,Ukavichy,Belarus
331,Ukavichyn,Belarus
332,Ukavicy,Belarus
333,Ukavitsa,Belarus
334,Ukavitsasyn,Belarus
335,Ukavitsavicy,Belarus
336,Ukaw,Belarus
337,Ukawshchy,Belarus
338,Uki,Belarus
339,Ukim,Belarus
340,Ukiv,Belarus
341,Ukivipll,Belarus
342,Ukiw,Belarus
343,Ukoml',Belarus
344,Ukovicy,Belarus
345,Ukowka,Belarus
346,Una,Belarus
347,Valodziecna,Belarus
348,Vichi,Belarus
349,Vichy,Belarus
350,Vichyna,Belarus
351,Vicy,Belarus
352,Vilavitsavicy,Belarus
353,Vislawye,Belarus
354,Vitsa,Belarus
355,Vlicau,Belarus
356,Ya Byel,Belarus
357,Ya Byelaazyorsk,Belarus
358,Ya Byelaazyory,Belarus
359,Ya Byelaazyr,Belarus
360,Ya Byerasnosel',Belarus
361,Ya Byerazina,Belarus
362,Ya Byerazina Ho,Belarus
363,Ya Byerazino,Belarus
364,Ya Darobin,Belarus
365,Ya Darobinkavit,Belarus
366,Ya Darohi,Belarus
367,Ya Darozawka,Belarus
368,Yavichy,Belarus
369,Yavicy,Belarus
370,Yavitsa,Belarus
371,Yavitsavicy,Belarus
372,Yavyd-Haranovic,Belarus
373,Yel,Belarus
374,Yelaazyorsk,Belarus
375,Yelaazyory,Belarus
376,Yelaazyr,Belarus
377,Yets,Belarus
378,Yikaya Byelaazy,Belarus
379,Zavichy,Belarus
380,Zhon,Belarus
381,Zkashniki,Belarus
382,Zkavichy,Belarus
383,Zkavichyn,Belarus
384,Zvytsavichy,Belarus
385,Zyel,Belarus
