,Name,Origin
0, 'Suu-S,Belgium
1, Aaarde,Belgium
2, Beek-Bergem,Belgium
3, E-Stabroeteren,Belgium
4, Ee,Belgium
5, Elaimont,Belgium
6, Ele,Belgium
7, Laar,Belgium
8, Ooux-Moussembe,Belgium
9, Selinne,Belgium
10,'E- Ear,Belgium
11,'E-Nauinkerelbe,Belgium
12,'Erleeuw,Belgium
13,'Evlselaar,Belgium
14,'S-Grandhovenwe,Belgium
15,- Elaregnies,Belgium
16,-'E-L'Everen,Belgium
17,-Aan-De-Maria-L,Belgium
18,-Aan-Den,Belgium
19,-Aint-Gilles,Belgium
20,-Au-Pontalst,Belgium
21,-Baudfont-Sain-,Belgium
22,-Berlo,Belgium
23,-Beverelbeke,Belgium
24,-Bevprimont,Belgium
25,-Celle,Belgium
26,-Etieren,Belgium
27,-Graventaimpuis,Belgium
28,-Hamp,Belgium
29,-Hautens-Wavre,Belgium
30,-L'Alle,Belgium
31,-L'Everselen,Belgium
32,-Liere,Belgium
33,-Marchilde,Belgium
34,-Maria-Lomme,Belgium
35,-Mariages,Belgium
36,-Mariakenedeke,Belgium
37,-Niklaarde,Belgium
38,-Sambre,Belgium
39,-Sterlonnesius-,Belgium
40,-Steverina-Lied,Belgium
41,-Zen,Belgium
42,A-Lierde,Belgium
43,Aar,Belgium
44,Absege,Belgium
45,Ain,Belgium
46,Ak-Goegnies,Belgium
47,Aksel,Belgium
48,Ale,Belgium
49,Alen,Belgium
50,Alenbeek,Belgium
51,Alhain,Belgium
52,Alhaine-Wavre,Belgium
53,Alhay,Belgium
54,Alhem,Belgium
55,Alines,Belgium
56,Alle,Belgium
57,Alles,Belgium
58,Almaartselinne,Belgium
59,Almedy,Belgium
60,Almthout,Belgium
61,Almthouthulst,Belgium
62,Alonne,Belgium
63,Alsem,Belgium
64,Amblevenes,Belgium
65,Amet,Belgium
66,An-Deng-Gooik,Belgium
67,Apdem,Belgium
68,Apderlainey,Belgium
69,Apelleroux-Mous,Belgium
70,Apelt,Belgium
71,Arche-En-Bernem,Belgium
72,Ardoois,Belgium
73,Aregnies,Belgium
74,Ark,Belgium
75,Asmunstel,Belgium
76,Asse Royale,Belgium
77,Atrooz,Belgium
78,Aux,Belgium
79,B-Eroux,Belgium
80,Baal,Belgium
81,Beek,Belgium
82,Beke,Belgium
83,Berg,Belgium
84,Berge,Belgium
85,Bergem,Belgium
86,Bergen,Belgium
87,Bernem,Belgium
88,Bert,Belgium
89,Bkerkeres,Belgium
90,Bkerkerksplas,Belgium
91,Bllaar,Belgium
92,Bmaldervain-'T-,Belgium
93,Borne,Belgium
94,Bree,Belgium
95,Bsel-Lo,Belgium
96,Carne,Belgium
97,Carnies,Belgium
98,Carnissele,Belgium
99,Cchoten,Belgium
100,Che,Belgium
101,Chele,Belgium
102,Chelede,Belgium
103,Chem,Belgium
104,Chepdaal,Belgium
105,Ches,Belgium
106,Chotendergeren,Belgium
107,Chotene,Belgium
108,Chtegem,Belgium
109,Chtegnies-Sur-M,Belgium
110,Chtelleurnem,Belgium
111,Chtere,Belgium
112,Cmef,Belgium
113,Cmenne,Belgium
114,Cmennes,Belgium
115,De Haan,Belgium
116,Delgem,Belgium
117,Den,Belgium
118,Dendonk,Belgium
119,Dervierdengen,Belgium
120,Dest,Belgium
121,Dester,Belgium
122,Donk,Belgium
123,Duffe,Belgium
124,Duffel,Belgium
125,Durbuy,Belgium
126,E Ja-,Belgium
127,E-Baul,Belgium
128,Eal,Belgium
129,Eap,Belgium
130,Ear,Belgium
131,Ebeek,Belgium
132,Eberg,Belgium
133,Eberge,Belgium
134,Edebeek,Belgium
135,Edebeke,Belgium
136,Edeke,Belgium
137,Edenijs-Wolverg,Belgium
138,Eeklo,Belgium
139,Eenokkere,Belgium
140,Eenokkerke,Belgium
141,Eenokkerkenraed,Belgium
142,Eforten,Belgium
143,Egem,Belgium
144,Eins,Belgium
145,Ejambre,Belgium
146,Eksaar,Belgium
147,Eksel,Belgium
148,Elen-Bos,Belgium
149,Elhont-Amandhov,Belgium
150,Elle,Belgium
151,Ellegroeter,Belgium
152,Elles,Belgium
153,Ellet,Belgium
154,Elmunsterluesme,Belgium
155,Els,Belgium
156,Emappe,Belgium
157,Emel,Belgium
158,Emme,Belgium
159,Emuris-Aan-Den-,Belgium
160,En-Waaseik,Belgium
161,Enaken,Belgium
162,Enbertrix,Belgium
163,Enies-La-Mariak,Belgium
164,Enokkerke,Belgium
165,Ens-Waar,Belgium
166,Enu,Belgium
167,Eorp,Belgium
168,Epenheux,Belgium
169,Eper,Belgium
170,Equegnies,Belgium
171,Eren,Belgium
172,Eron,Belgium
173,Erst,Belgium
174,Esaint-Amandrec,Belgium
175,Eselt,Belgium
176,Eshevelle,Belgium
177,Estakkerken,Belgium
178,Esten,Belgium
179,Ester,Belgium
180,Estre,Belgium
181,Etnes,Belgium
182,Eufchaerbeek,Belgium
183,Eupeye,Belgium
184,Even,Belgium
185,F-La-Neufchatel,Belgium
186,Fayt-Le-Le-Comi,Belgium
187,Fayt-Le-Sur-Meu,Belgium
188,Fbamennik,Belgium
189,Fchaerbeek,Belgium
190,Fden,Belgium
191,Fderhout,Belgium
192,Fderlaarnissanc,Belgium
193,Fdermont,Belgium
194,Fercee-Bos,Belgium
195,Ferchem,Belgium
196,Ffel,Belgium
197,Fheuventalleud,Belgium
198,Fint-Lenaai,Belgium
199,Fonderlee,Belgium
200,Font,Belgium
201,Font-Hubertemal,Belgium
202,Fontal,Belgium
203,Fort,Belgium
204,Framelombreffe,Belgium
205,Framet,Belgium
206,Fsubre,Belgium
207,Fsues,Belgium
208,Fsum-Bouilles,Belgium
209,Fteenokkerkerke,Belgium
210,G-Aineaux,Belgium
211,Gberg,Belgium
212,Gbertembes,Belgium
213,Gelo,Belgium
214,Gem,Belgium
215,Gemmel,Belgium
216,Gentbrugge,Belgium
217,Genvilles,Belgium
218,Gerainen,Belgium
219,Gerhout,Belgium
220,Ges,Belgium
221,Gille,Belgium
222,Gken,Belgium
223,Glabbeek,Belgium
224,Glabbeke,Belgium
225,Glabbenden,Belgium
226,Glabbendijk,Belgium
227,Gmolles,Belgium
228,Gne,Belgium
229,Gnebeke,Belgium
230,Graiveldegem,Belgium
231,Gssu,Belgium
232,Guiberge,Belgium
233,Haint-Maaseik,Belgium
234,Hay,Belgium
235,Hdringe,Belgium
236,Hedebeke,Belgium
237,Hem,Belgium
238,Hfonde,Belgium
239,Hkenbeek,Belgium
240,Hlankerke,Belgium
241,Hle,Belgium
242,Hlen,Belgium
243,Hlunbert,Belgium
244,Hmbergen,Belgium
245,Hobokere,Belgium
246,Houthalen,Belgium
247,Hroeterelbeke,Belgium
248,Hsur-Meuletterr,Belgium
249,Huussu,Belgium
250,Iels,Belgium
251,Iestromberg,Belgium
252,Ijs-Westmalle,Belgium
253,Ille-Chatel,Belgium
254,Illeroek,Belgium
255,Illis-Westmalle,Belgium
256,Illon,Belgium
257,Inden,Belgium
258,Inderlais,Belgium
259,Ine,Belgium
260,Ine-Lez-Manage,Belgium
261,Ine-Saint-Lievr,Belgium
262,Ine-Saint-Saint,Belgium
263,Ingelmunster,Belgium
264,Inilsel,Belgium
265,Inlaimes,Belgium
266,Int-Lavaux,Belgium
267,Int-Paul,Belgium
268,Ise,Belgium
269,Iseaux,Belgium
270,Jabbeek,Belgium
271,Jart,Belgium
272,Jemel,Belgium
273,Jette,Belgium
274,Jken,Belgium
275,Jlen,Belgium
276,Jmme,Belgium
277,Jmmel,Belgium
278,Jmmelgem,Belgium
279,Jmmlle,Belgium
280,Jndre,Belgium
281,Jne-Le-Bos,Belgium
282,Jnt-Laurest,Belgium
283,Jot-Ne,Belgium
284,K-Aan,Belgium
285,K-De-Sambreffel,Belgium
286,Ken,Belgium
287,Ker,Belgium
288,Kere-Lauren,Belgium
289,Keren,Belgium
290,Kerk-De-Marcee-,Belgium
291,Kerke,Belgium
292,Kerken,Belgium
293,Kerkenbeek,Belgium
294,Kerkenberghezel,Belgium
295,Kerkerksplas,Belgium
296,Kerzele,Belgium
297,Kesse,Belgium
298,Kessoux,Belgium
299,Kessoux-Moussel,Belgium
300,Kke,Belgium
301,Kker,Belgium
302,Kkere,Belgium
303,Kkerke,Belgium
304,Kkerkenbergerho,Belgium
305,Kort,Belgium
306,Kraaint-Etierse,Belgium
307,Kraar,Belgium
308,Kruide,Belgium
309,Ksert,Belgium
310,Ksledeke,Belgium
311,Kstain-Aan-Den,Belgium
312,Kster,Belgium
313,Ksteren,Belgium
314,Kstlamilly,Belgium
315,Ksur-Meul,Belgium
316,Ksur-Meusay,Belgium
317,Ksur-Meusy,Belgium
318,Kuurs,Belgium
319,L-Heuse,Belgium
320,La Bouillaas,Belgium
321,La Calamine-La-,Belgium
322,Laar,Belgium
323,Laas,Belgium
324,Laeke,Belgium
325,Lare,Belgium
326,Laregne,Belgium
327,Laregnee,Belgium
328,Laregnies-La-Ne,Belgium
329,Larem,Belgium
330,Ldenee,Belgium
331,Le Roeselet,Belgium
332,Lede,Belgium
333,Ledeke,Belgium
334,Ledele,Belgium
335,Lembergem,Belgium
336,Lemblevenies,Belgium
337,Len,Belgium
338,Len-Fameringe,Belgium
339,Lenne,Belgium
340,Leuven,Belgium
341,Lichele,Belgium
342,Liede,Belgium
343,Linne,Belgium
344,Lkerke,Belgium
345,Lkerksplas,Belgium
346,Ll'Ellik,Belgium
347,Llaar,Belgium
348,Llaas,Belgium
349,Lle,Belgium
350,Lle-Chaten,Belgium
351,Lle-Chaumontegn,Belgium
352,Lle-Graver,Belgium
353,Lles,Belgium
354,Llet,Belgium
355,Lleur,Belgium
356,Llez-Hersele,Belgium
357,Llon,Belgium
358,Lmaar,Belgium
359,Lmaasrode,Belgium
360,Lmbbeek,Belgium
361,Lmbbes,Belgium
362,Lmedy,Belgium
363,Lmfbleveneffel,Belgium
364,Lmmmel,Belgium
365,Lmwe,Belgium
366,Lokerken,Belgium
367,Lonne,Belgium
368,Lrandevilleul,Belgium
369,Lsberg,Belgium
370,Lsndonk,Belgium
371,Luesmes,Belgium
372,Lvar,Belgium
373,Lvark,Belgium
374,Maasrode,Belgium
375,Malles,Belgium
376,Mappe,Belgium
377,Marcht,Belgium
378,Mart,Belgium
379,Mberg,Belgium
380,Mbergen,Belgium
381,Mel,Belgium
382,Mele,Belgium
383,Melgem,Belgium
384,Melom,Belgium
385,Mhrchies,Belgium
386,Mlssmschoot,Belgium
387,Monderlee,Belgium
388,Mppd-Asne,Belgium
389,Msa,Belgium
390,Murs,Belgium
391,Mxeche-En-Aan,Belgium
392,N Beek,Belgium
393,N Chulst,Belgium
394,N-Ean,Belgium
395,N-La-Mache-En-W,Belgium
396,N-Sambeke,Belgium
397,Nbgugberg,Belgium
398,Nde,Belgium
399,Nden,Belgium
400,Nderhout,Belgium
401,Neers,Belgium
402,Neffe,Belgium
403,Nem,Belgium
404,Nes,Belgium
405,Neufcha,Belgium
406,Nfalte,Belgium
407,Ngelomberg,Belgium
408,Nhtere,Belgium
409,Nieuwkerkerke,Belgium
410,Nivellez-Heusay,Belgium
411,Nje,Belgium
412,Njfen,Belgium
413,Njre,Belgium
414,Nkel,Belgium
415,Nlankerken,Belgium
416,Nleuve,Belgium
417,Nleuver,Belgium
418,Nlonne,Belgium
419,Nmbwervais,Belgium
420,Nnernem,Belgium
421,Nngsslede,Belgium
422,Nqle,Belgium
423,Nre,Belgium
424,Nstere,Belgium
425,Nsterlo,Belgium
426,Nt-Truide,Belgium
427,Nte,Belgium
428,Ntnes,Belgium
429,Nueemois,Belgium
430,Nugem,Belgium
431,Nux,Belgium
432,Nvels,Belgium
433,Nvemalle-Bos,Belgium
434,Nverlarelle,Belgium
435,Nze,Belgium
436,Nze-Lambre,Belgium
437,Nzegnies-Le-Cha,Belgium
438,Ocherpelt,Belgium
439,Oeillise,Belgium
440,Okke,Belgium
441,Okkerke,Belgium
442,Ombreffe,Belgium
443,Ouw-Waver,Belgium
444,Oux,Belgium
445,Oux-Moussu,Belgium
446,P Ou-Lo,Belgium
447,Paal,Belgium
448,Pbertendaal,Belgium
449,Pen,Belgium
450,Per,Belgium
451,Perie,Belgium
452,Peries,Belgium
453,Peringem,Belgium
454,Pes,Belgium
455,Phamp,Belgium
456,Pheux,Belgium
457,Phout,Belgium
458,Phttrepy-Bracqu,Belgium
459,Plas,Belgium
460,Plouvais,Belgium
461,Praivel,Belgium
462,Prale,Belgium
463,Prlmchatelies,Belgium
464,Profont-Gist,Belgium
465,Qaek,Belgium
466,Qeke,Belgium
467,Qerpen,Belgium
468,Quegne,Belgium
469,Quegnierestrepy,Belgium
470,Quegnierselarel,Belgium
471,Quegnon,Belgium
472,Quelijndrimbes,Belgium
473,Quelijnen,Belgium
474,Queliney,Belgium
475,Quelinne,Belgium
476,Quxgem,Belgium
477,Raai,Belgium
478,Raaint-Kruisbro,Belgium
479,Rain-'T-Genval,Belgium
480,Raint-Etiere,Belgium
481,Rasint-Paul,Belgium
482,Rcherie,Belgium
483,Rde,Belgium
484,Rden,Belgium
485,Rem,Belgium
486,Rembergen,Belgium
487,Rembleve-Vrouw-,Belgium
488,Remme,Belgium
489,Ren,Belgium
490,Rendijk,Belgium
491,Rfcee-Bos,Belgium
492,Rie,Belgium
493,Riek,Belgium
494,Rina-Lo,Belgium
495,Rke,Belgium
496,Rkerzeel,Belgium
497,Rmags,Belgium
498,Rmberg,Belgium
499,Rneers,Belgium
500,Rnem,Belgium
501,Rongene,Belgium
502,Rongere,Belgium
503,Rongerlo,Belgium
504,Rque,Belgium
505,Rriborges,Belgium
506,Rufs,Belgium
507,Rulbergen,Belgium
508,Ruxbert,Belgium
509,Rvais,Belgium
510,Rvelleud,Belgium
511,S-Hout,Belgium
512,Sain,Belgium
513,Sain-Saingery,Belgium
514,Saine-Le-Bauleb,Belgium
515,Saint-Huberg,Belgium
516,Saint-Katherina,Belgium
517,Sauve,Belgium
518,Sbertens-West,Belgium
519,Sbinchem,Belgium
520,Sbroeter,Belgium
521,Seillies,Belgium
522,Sel,Belgium
523,Sele,Belgium
524,Shin,Belgium
525,Slede,Belgium
526,Smain-Au-Pont,Belgium
527,Smechefortensie,Belgium
528,Sne,Belgium
529,Srina-Lieren,Belgium
530,Ssbbreffe,Belgium
531,Ster,Belgium
532,Surg,Belgium
533,T-Hubergem,Belgium
534,T-Waverijs-Wave,Belgium
535,Tal,Belgium
536,Talles,Belgium
537,Tallet,Belgium
538,Talmthoutem,Belgium
539,Tals,Belgium
540,Tbert,Belgium
541,Tbets,Belgium
542,Tbrugge,Belgium
543,Telbeke,Belgium
544,Tene,Belgium
545,Tens-Lenappe,Belgium
546,Terrebeke,Belgium
547,Tggnies,Belgium
548,Tmine-Lez-Doice,Belgium
549,Tne,Belgium
550,Tnu,Belgium
551,Tremme,Belgium
552,Trooz,Belgium
553,Ttem,Belgium
554,Ttltervik,Belgium
555,Tvreins,Belgium
556,U Pout,Belgium
557,Ubangdorp,Belgium
558,Uelijnegem,Belgium
559,Uelinelle,Belgium
560,Ugn,Belgium
561,Umut,Belgium
562,Unbergen,Belgium
563,Usay,Belgium
564,Usy,Belgium
565,Uwerke,Belgium
566,Vel,Belgium
567,Velde,Belgium
568,Velle,Belgium
569,Ven,Belgium
570,Ver,Belgium
571,Vere,Belgium
572,Veres,Belgium
573,Verg,Belgium
574,Verijk,Belgium
575,Verijs-Waverten,Belgium
576,Verlarelberge,Belgium
577,Verlerst,Belgium
578,Verpen,Belgium
579,Ves,Belgium
580,Veurus,Belgium
581,Vhuinkeren,Belgium
582,Vierent,Belgium
583,Vreinstervellen,Belgium
584,Vrlo,Belgium
585,Vulit-Serve,Belgium
586,Vzevlaar,Belgium
587,Waar,Belgium
588,Waimontigny,Belgium
589,Waregnies,Belgium
590,Welz,Belgium
591,Wezel,Belgium
592,Wlaasmunsterve,Belgium
593,Wlankenraedt,Belgium
594,Wpnttgmbeke,Belgium
595,Xem,Belgium
596,Xens-Hout,Belgium
597,Xens-Houtleeuw,Belgium
598,Xens-Lendonk,Belgium
599,Xensies,Belgium
600,Z-Baudourg,Belgium
601,Z-Maas,Belgium
602,Zel,Belgium
603,Zele,Belgium
604,Zelede,Belgium
605,Zelen,Belgium
606,Zelle,Belgium
607,Zellen,Belgium
608,Zelles,Belgium
609,Zellik,Belgium
610,Zen,Belgium
