,Name,Origin
0, Pa Arayos,Bolivia
1,Bamba,Bolivia
2,Banbamba,Bolivia
3,Banbaramerinida,Bolivia
4,Bapacani,Bolivia
5,Baramerin,Bolivia
6,Baramerinidad,Bolivia
7,Baranavi,Bolivia
8,Barayos,Bolivia
9,Bhaallagua,Bolivia
10,Bija,Bolivia
11,Bja,Bolivia
12,Bmerinidad,Bolivia
13,Camaya,Bolivia
14,Cani,Bolivia
15,Capaca,Bolivia
16,Capirhua,Bolivia
17,Cbaba,Bolivia
18,Cepcapirhua,Bolivia
19,Cha,Bolivia
20,Chaba,Bolivia
21,Chabamba,Bolivia
22,Chanavi,Bolivia
23,Chani,Bolivia
24,Chmba,Bolivia
25,Cipn,Bolivia
26,Cnioa De Velasc,Bolivia
27,Cppaza,Bolivia
28,Cupata,Bolivia
29,Cupaza,Bolivia
30,Cwannvi,Bolivia
31,Ecipn,Bolivia
32,Gnavi,Bolivia
33,Gnayda,Bolivia
34,Gnioa,Bolivia
35,Habamba,Bolivia
36,Hamaya,Bolivia
37,Hamayarata,Bolivia
38,Hamayarayos,Bolivia
39,Hani,Bolivia
40,Harata,Bolivia
41,Hian,Bolivia
42,Hija,Bolivia
43,Himore,Bolivia
44,Hinidad,Bolivia
45,Hinnidad,Bolivia
46,Huma,Bolivia
47,Ipe,Bolivia
48,Ipe Sierra,Bolivia
49,Ipe Sipe,Bolivia
50,Ipe Sipe Sierra,Bolivia
51,Ipe Sipe Sipe,Bolivia
52,Ipe Sipe Sipe S,Bolivia
53,Iph An Matias,Bolivia
54,Iph Anta Rosa D,Bolivia
55,Ipi,Bolivia
56,Ipi Hua,Bolivia
57,Ipi Hupaza,Bolivia
58,Iqiiod D,Bolivia
59,Iqu,Bolivia
60,Jilon,Bolivia
61,Lani,Bolivia
62,Lha,Bolivia
63,Lian,Bolivia
64,Liha,Bolivia
65,Linarijarro,Bolivia
66,Linn,Bolivia
67,Linnidad,Bolivia
68,Lipa Ayarayos,Bolivia
69,Lipn Seralta,Bolivia
70,Llagudo,Bolivia
71,Llamontes,Bolivia
72,Ln Paz,Bolivia
73,Lna De Yapacaba,Bolivia
74,Lnioad,Bolivia
75,Lnja,Bolivia
76,Merin,Bolivia
77,Merinidad,Bolivia
78,Mni,Bolivia
79,Mnija,Bolivia
80,Mnnto,Bolivia
81,Mnra,Bolivia
82,Mpi,Bolivia
83,Mpiza,Bolivia
84,Mppiza,Bolivia
85,N Borja,Bolivia
86,N Julian,Bolivia
87,Nba,Bolivia
88,Nbaranavi,Bolivia
89,Nbarata,Bolivia
90,Nbarayos,Bolivia
91,Nbion,Bolivia
92,Nbion Del Sara,Bolivia
93,Nbion Del Saray,Bolivia
94,Nbire,Bolivia
95,Nca,Bolivia
96,Nca La Yacuma,Bolivia
97,Nca Yapacani,Bolivia
98,Ncerca,Bolivia
99,Nchabamba,Bolivia
100,Ncio De Guaya,Bolivia
101,Ncio De La Yapa,Bolivia
102,Ncio De Velasco,Bolivia
103,Ncio De Yapacan,Bolivia
104,Ncion,Bolivia
105,Ncion De La Sip,Bolivia
106,Ncion De La Yac,Bolivia
107,Nha,Bolivia
108,Nhion,Bolivia
109,Nhioo,Bolivia
110,Niaa,Bolivia
111,Niarhma,Bolivia
112,Niba,Bolivia
113,Nibarmejo,Bolivia
114,Nica,Bolivia
115,Niearanavi,Bolivia
116,Niearayos,Bolivia
117,Niearijarro,Bolivia
118,Niearumo,Bolivia
119,Niearuyo,Bolivia
120,Nierra,Bolivia
121,Niha,Bolivia
122,Niia,Bolivia
123,Niiadhallagudo,Bolivia
124,Niian,Bolivia
125,Niiar,Bolivia
126,Niiarde,Bolivia
127,Niiarha,Bolivia
128,Niiarha La Yacu,Bolivia
129,Niiarhe,Bolivia
130,Niiarhea,Bolivia
131,Niiarheasion,Bolivia
132,Niiarheasion De,Bolivia
133,Niiarhnacio De ,Bolivia
134,Niiarho,Bolivia
135,Niiarnes,Bolivia
136,Niion,Bolivia
137,Nija,Bolivia
138,Nijarro,Bolivia
139,Nimarataca,Bolivia
140,Ninadio,Bolivia
141,Nipa,Bolivia
142,Nipa A,Bolivia
143,Nipa Alayos,Bolivia
144,Nipa Ana De Gua,Bolivia
145,Nipa Anta Rosa ,Bolivia
146,Nipa Ara,Bolivia
147,Nipa Aramerin,Bolivia
148,Nipa Aramerinid,Bolivia
149,Nipa Aranavi,Bolivia
150,Nipa Arata,Bolivia
151,Nipa Aratacama,Bolivia
152,Nipa Arayos,Bolivia
153,Nipa Ata,Bolivia
154,Nipa Atacani,Bolivia
155,Nipa Aya,Bolivia
156,Nipa Callaco,Bolivia
157,Nipa La Sierra,Bolivia
158,Nipa La Sipe Si,Bolivia
159,Nipa Rosa De Gu,Bolivia
160,Nipa Sierra,Bolivia
161,Nipa Sipe,Bolivia
162,Nipa Sipe Sierr,Bolivia
163,Nipa Sipe Sipe,Bolivia
164,Nipa Sipe Sipe ,Bolivia
165,Nipa Yacuma,Bolivia
166,Nipa Yapatacaba,Bolivia
167,Nira,Bolivia
168,Nita,Bolivia
169,Nita Cruz De Ya,Bolivia
170,Nita Rosa De Ya,Bolivia
171,Niza,Bolivia
172,Njioo De Yapaca,Bolivia
173,Nlion,Bolivia
174,Nlion De Guayar,Bolivia
175,Nmioe,Bolivia
176,Nmtotacabamba,Bolivia
177,Nn De La Sipe S,Bolivia
178,Nn De Yapaca,Bolivia
179,Nnbo,Bolivia
180,Nni,Bolivia
181,Nni Di Dd L  Ar,Bolivia
182,Nniaa,Bolivia
183,Nniarhea,Bolivia
184,Nnidad,Bolivia
185,Nniiarha,Bolivia
186,Nniiarhea,Bolivia
187,Nnioa,Bolivia
188,Nnioa Del Sara,Bolivia
189,Nnto,Bolivia
190,Npi,Bolivia
191,Npiah,Bolivia
192,Npirhua,Bolivia
193,Nta Ana De Guay,Bolivia
194,Nta Ana De Yacu,Bolivia
195,Nta Ana De Yapa,Bolivia
196,Nta Ana Del Sar,Bolivia
197,Nta Cruz De Gua,Bolivia
198,Nta Cruz De Vel,Bolivia
199,Nta Cruz De Yac,Bolivia
200,Nta Cruz De Yap,Bolivia
201,Nta Rosa De Gua,Bolivia
202,Nta Rosa De La ,Bolivia
203,Nta Rosa De Vel,Bolivia
204,Nta Rosa De Yac,Bolivia
205,Nta Rosa De Yap,Bolivia
206,Nti Sipn,Bolivia
207,Ntias,Bolivia
208,Nyea,Bolivia
209,Ocura,Bolivia
210,Oiurro,Bolivia
211,Pa Sipe Sipe,Bolivia
212,Pacaba,Bolivia
213,Pacabamba,Bolivia
214,Pchabamba,Bolivia
215,Pcipn Z Del Sar,Bolivia
216,Pecapirhua,Bolivia
217,Phacani,Bolivia
218,Phian,Bolivia
219,Piph,Bolivia
220,Piph Aata,Bolivia
221,Piph Aca,Bolivia
222,Piph Acamaya,Bolivia
223,Piph Acamayaram,Bolivia
224,Piph Acion De G,Bolivia
225,Piph Alayos,Bolivia
226,Piph Allagua,Bolivia
227,Piph An Ignacio,Bolivia
228,Piph An Matias,Bolivia
229,Piph Anta Ana D,Bolivia
230,Piph Anta Cruz ,Bolivia
231,Piph Anta Rosa ,Bolivia
232,Piph Callapata,Bolivia
233,Piph Sara,Bolivia
234,Piph Za De Yapa,Bolivia
235,Pirhua,Bolivia
236,Ppcapacabamba,Bolivia
237,Ppcazi,Bolivia
238,Pppacamayarayos,Bolivia
239,Priz,Bolivia
240,Qailon,Bolivia
241,Qbalba,Bolivia
242,Qcallagua,Bolivia
243,Qcallagudo,Bolivia
244,Qcallamonteagua,Bolivia
245,Qcapirhua,Bolivia
246,Qcipa Sipe Sier,Bolivia
247,Qhilon,Bolivia
248,Qial,Bolivia
249,Qiaude,Bolivia
250,Qiigndmd,Bolivia
251,Qiil,Bolivia
252,Qiilinndervlacu,Bolivia
253,Qiilna,Bolivia
254,Qiilra,Bolivia
255,Qiion,Bolivia
256,Qillapacaba,Bolivia
257,Qinidad,Bolivia
258,Qipa Sipe Sierr,Bolivia
259,Qli,Bolivia
260,Qlila,Bolivia
261,Qlilanvvioo Del,Bolivia
262,Qliln,Bolivia
263,Qlipa,Bolivia
264,Qmipi Hupaza,Bolivia
265,Qniga,Bolivia
266,Qnila,Bolivia
267,Qnilanavi,Bolivia
268,Qnilanbmoja,Bolivia
269,Qnilanca Iru,Bolivia
270,Qnilancio De Ya,Bolivia
271,Qpalaalya,Bolivia
272,Qpilha,Bolivia
273,Qril,Bolivia
274,Qtalra,Bolivia
275,Qualaavi,Bolivia
276,Qyacuma,Bolivia
277,Ranavi,Bolivia
278,Rha,Bolivia
279,Rija,Bolivia
280,Rijarro,Bolivia
281,Rnes,Bolivia
282,Run Toca,Bolivia
283,Run Tocallagua,Bolivia
284,Run Tosi,Bolivia
285,Sipe Sierra,Bolivia
286,Snn De Guarayos,Bolivia
287,Snn De Yacuma,Bolivia
288,Snn De Yapata,Bolivia
289,Snn Del Saranav,Bolivia
290,Ta Cruz De La Y,Bolivia
291,Ta Cruz De Yacu,Bolivia
292,Taca,Bolivia
293,Tacamayaranavi,Bolivia
294,Tacamayarayos,Bolivia
295,Tacani,Bolivia
296,Thagua,Bolivia
297,Thin,Bolivia
298,Tias,Bolivia
299,Tipi,Bolivia
300,Tipi Hua,Bolivia
301,Tips,Bolivia
302,Tips Sni Arayos,Bolivia
303,Tpiihu,Bolivia
304,Trinidad,Bolivia
305,Umerinidad,Bolivia
306,Uni,Bolivia
307,Unita,Bolivia
308,Unita Rosa De Y,Bolivia
309,Unto,Bolivia
310,Upaza,Bolivia
311,Upiza,Bolivia
312,Vnacio De Guaya,Bolivia
313,Yacuma,Bolivia
314,Ycppcapirhua,Bolivia
315,Yha,Bolivia
316,Yhapatacani,Bolivia
317,Yni,Bolivia
318,Ynro,Bolivia
319,Ypa,Bolivia
320,Yppacani,Bolivia
321,Yspe Sierra,Bolivia
