,Name,Origin
0, Grad,Bosnia and Herzegovina
1, Luka,Bosnia and Herzegovina
2, Obarska Rijelj,Bosnia and Herzegovina
3, Vakuf,Bosnia and Herzegovina
4,-Ska,Bosnia and Herzegovina
5,-Ska Donji Vaku,Bosnia and Herzegovina
6,Ansko Grahovo,Bosnia and Herzegovina
7,Arnja Luka,Bosnia and Herzegovina
8,Arnja Lukavac,Bosnia and Herzegovina
9,Arnji,Bosnia and Herzegovina
10,Arska,Bosnia and Herzegovina
11,Arska Rastela,Bosnia and Herzegovina
12,Arska Rijedor,Bosnia and Herzegovina
13,Barska,Bosnia and Herzegovina
14,Barska Rijeka,Bosnia and Herzegovina
15,Bica,Bosnia and Herzegovina
16,Binje,Bosnia and Herzegovina
17,Blani,Bosnia and Herzegovina
18,Blanica,Bosnia and Herzegovina
19,Blanici,Bosnia and Herzegovina
20,Bnje,Bosnia and Herzegovina
21,Bnok,Bosnia and Herzegovina
22,Bnozir,Bosnia and Herzegovina
23,Bon,Bosnia and Herzegovina
24,Bor,Bosnia and Herzegovina
25,Bosanj,Bosnia and Herzegovina
26,Branica,Bosnia and Herzegovina
27,Brnja Luka,Bosnia and Herzegovina
28,Brnjac,Bosnia and Herzegovina
29,Brnji Vakuf,Bosnia and Herzegovina
30,Brnji Varos,Bosnia and Herzegovina
31,Brnjic,Bosnia and Herzegovina
32,Brnna,Bosnia and Herzegovina
33,Brnni,Bosnia and Herzegovina
34,Brnni Polje,Bosnia and Herzegovina
35,Brnnica,Bosnia and Herzegovina
36,Brnnicani,Bosnia and Herzegovina
37,Bsotor Varos,Bosnia and Herzegovina
38,Buski,Bosnia and Herzegovina
39,Buski Most,Bosnia and Herzegovina
40,Buski Mostar,Bosnia and Herzegovina
41,Buski Mostovi T,Bosnia and Herzegovina
42,Buski Mostovici,Bosnia and Herzegovina
43,Buzka,Bosnia and Herzegovina
44,Bzod,Bosnia and Herzegovina
45,Cciiderventa,Bosnia and Herzegovina
46,Cigrad,Bosnia and Herzegovina
47,Cnica,Bosnia and Herzegovina
48,Cnici,Bosnia and Herzegovina
49,Cnorazde,Bosnia and Herzegovina
50,Czni Vos,Bosnia and Herzegovina
51,Derovci Donja,Bosnia and Herzegovina
52,Derovci Donja M,Bosnia and Herzegovina
53,Derovci Donjic ,Bosnia and Herzegovina
54,Dhum,Bosnia and Herzegovina
55,Djbvnni,Bosnia and Herzegovina
56,Dnrvinici,Bosnia and Herzegovina
57,Doboj,Bosnia and Herzegovina
58,Dok,Bosnia and Herzegovina
59,Don,Bosnia and Herzegovina
60,Donja Lukavac,Bosnia and Herzegovina
61,Donjavornik,Bosnia and Herzegovina
62,Donji Vakuf,Bosnia and Herzegovina
63,Donjic,Bosnia and Herzegovina
64,Dor,Bosnia and Herzegovina
65,Drak,Bosnia and Herzegovina
66,Drnjic,Bosnia and Herzegovina
67,Dubica,Bosnia and Herzegovina
68,Dusa,Bosnia and Herzegovina
69,Duzamsassko Gra,Bosnia and Herzegovina
70,Dzak,Bosnia and Herzegovina
71,Dzici,Bosnia and Herzegovina
72,Dzok,Bosnia and Herzegovina
73,Ebrenik,Bosnia and Herzegovina
74,Ecigrac,Bosnia and Herzegovina
75,Ecigradacac,Bosnia and Herzegovina
76,Egradanjavor,Bosnia and Herzegovina
77,Elika Dubica,Bosnia and Herzegovina
78,Elika Obarska,Bosnia and Herzegovina
79,Elika Obilici,Bosnia and Herzegovina
80,Elina,Bosnia and Herzegovina
81,Elinac,Bosnia and Herzegovina
82,Elje,Bosnia and Herzegovina
83,Eljezno Polje,Bosnia and Herzegovina
84,Eljezno Poljezn,Bosnia and Herzegovina
85,Eljina,Bosnia and Herzegovina
86,Eljinac,Bosnia and Herzegovina
87,Enica,Bosnia and Herzegovina
88,Enovi Travnik,Bosnia and Herzegovina
89,Epovo,Bosnia and Herzegovina
90,Erebinje,Bosnia and Herzegovina
91,Erebrenica,Bosnia and Herzegovina
92,Ereeivelina,Bosnia and Herzegovina
93,Ereeiveo,Bosnia and Herzegovina
94,Ereereerebinje,Bosnia and Herzegovina
95,Ereerevi,Bosnia and Herzegovina
96,Ernegrad,Bosnia and Herzegovina
97,Esinje,Bosnia and Herzegovina
98,Ezvor,Bosnia and Herzegovina
99,Fnca,Bosnia and Herzegovina
100,Foca,Bosnia and Herzegovina
101,Frca,Bosnia and Herzegovina
102,Fvor,Bosnia and Herzegovina
103,Fvost,Bosnia and Herzegovina
104,Gacc,Bosnia and Herzegovina
105,Ggrad,Bosnia and Herzegovina
106,Gljak,Bosnia and Herzegovina
107,Gljjka,Bosnia and Herzegovina
108,Gosca,Bosnia and Herzegovina
109,Grac,Bosnia and Herzegovina
110,Gracanica,Bosnia and Herzegovina
111,Grad,Bosnia and Herzegovina
112,Gradacac,Bosnia and Herzegovina
113,Gradacanica,Bosnia and Herzegovina
114,Gradacanici,Bosnia and Herzegovina
115,Gradanj,Bosnia and Herzegovina
116,Gradiska,Bosnia and Herzegovina
117,Gradiska Rastel,Bosnia and Herzegovina
118,Gromiljak,Bosnia and Herzegovina
119,Hala,Bosnia and Herzegovina
120,Hodzvizd,Bosnia and Herzegovina
121,Hoka,Bosnia and Herzegovina
122,Homislavgrad,Bosnia and Herzegovina
123,Hub,Bosnia and Herzegovina
124,Hum,Bosnia and Herzegovina
125,Hup,Bosnia and Herzegovina
126,Huz,Bosnia and Herzegovina
127,I#Ederovci Donj,Bosnia and Herzegovina
128,Ihac,Bosnia and Herzegovina
129,Ihoc,Bosnia and Herzegovina
130,Ihoci,Bosnia and Herzegovina
131,Iipjeljina,Bosnia and Herzegovina
132,Ilici,Bosnia and Herzegovina
133,Ipovo,Bosnia and Herzegovina
134,Iska,Bosnia and Herzegovina
135,Iska Dubica,Bosnia and Herzegovina
136,Iska Obarska,Bosnia and Herzegovina
137,Itor Vakuf,Bosnia and Herzegovina
138,Itoz V,Bosnia and Herzegovina
139,Ivelina,Bosnia and Herzegovina
140,Ivon,Bosnia and Herzegovina
141,Ize,Bosnia and Herzegovina
142,Jaz,Bosnia and Herzegovina
143,Jedon,Bosnia and Herzegovina
144,Jedor,Bosnia and Herzegovina
145,Jeljezno Polje,Bosnia and Herzegovina
146,Jesnnicevo,Bosnia and Herzegovina
147,Jesonja Lukavac,Bosnia and Herzegovina
148,Jevo,Bosnia and Herzegovina
149,Jnni,Bosnia and Herzegovina
150,Joka,Bosnia and Herzegovina
151,Jomislavgrad,Bosnia and Herzegovina
152,Josanj,Bosnia and Herzegovina
153,Jska,Bosnia and Herzegovina
154,Ka Donja Lukava,Bosnia and Herzegovina
155,Ka Donjic Grad,Bosnia and Herzegovina
156,Ka Dubica,Bosnia and Herzegovina
157,Ka Obarska,Bosnia and Herzegovina
158,Ka Obarska Dubi,Bosnia and Herzegovina
159,Ka Obarska Rije,Bosnia and Herzegovina
160,Ka Obilici,Bosnia and Herzegovina
161,Ka Rastela,Bosnia and Herzegovina
162,Ka Rijedor,Bosnia and Herzegovina
163,Ka Rijeka,Bosnia and Herzegovina
164,Kanjka,Bosnia and Herzegovina
165,Konja,Bosnia and Herzegovina
166,Konji Vakuf,Bosnia and Herzegovina
167,Krad,Bosnia and Herzegovina
168,Ktoz V,Bosnia and Herzegovina
169,Ktozac,Bosnia and Herzegovina
170,Kua,Bosnia and Herzegovina
171,Laguac,Bosnia and Herzegovina
172,Lakanj,Bosnia and Herzegovina
173,Latnica,Bosnia and Herzegovina
174,Latnicevo,Bosnia and Herzegovina
175,Lici,Bosnia and Herzegovina
176,Lje,Bosnia and Herzegovina
177,Ljuc,Bosnia and Herzegovina
178,Lotac,Bosnia and Herzegovina
179,Luka,Bosnia and Herzegovina
180,Lukavac,Bosnia and Herzegovina
181,Mahala,Bosnia and Herzegovina
182,Mgljak,Bosnia and Herzegovina
183,Mionica,Bosnia and Herzegovina
184,Mislavgracac,Bosnia and Herzegovina
185,Mislavgrad,Bosnia and Herzegovina
186,Mislavgradiska ,Bosnia and Herzegovina
187,Mnlici,Bosnia and Herzegovina
188,Molaj,Bosnia and Herzegovina
189,Most,Bosnia and Herzegovina
190,Mostar,Bosnia and Herzegovina
191,Mostovi Grac,Bosnia and Herzegovina
192,Mostovi Grad,Bosnia and Herzegovina
193,Mostovici,Bosnia and Herzegovina
194,Mrasi,Bosnia and Herzegovina
195,Mrkonji Varos,Bosnia and Herzegovina
196,Mrljina,Bosnia and Herzegovina
197,Mslavgrad,Bosnia and Herzegovina
198,Mzka,Bosnia and Herzegovina
199,N - Obarska,Bosnia and Herzegovina
200,Nbe,Bosnia and Herzegovina
201,Ne -Oobarska,Bosnia and Herzegovina
202,Necanica,Bosnia and Herzegovina
203,Nederovci Donji,Bosnia and Herzegovina
204,Negrad,Bosnia and Herzegovina
205,Nelika Dubica,Bosnia and Herzegovina
206,Nepovo,Bosnia and Herzegovina
207,Nereeiveo,Bosnia and Herzegovina
208,Nereereereerebi,Bosnia and Herzegovina
209,Nezevo,Bosnia and Herzegovina
210,Nfca,Bosnia and Herzegovina
211,Ngca Dubica,Bosnia and Herzegovina
212,Nha,Bosnia and Herzegovina
213,Nica,Bosnia and Herzegovina
214,Nica Dubica,Bosnia and Herzegovina
215,Nicanicanica,Bosnia and Herzegovina
216,Nicanici,Bosnia and Herzegovina
217,Nicevo,Bosnia and Herzegovina
218,Nici,Bosnia and Herzegovina
219,Nja,Bosnia and Herzegovina
220,Nja Luka,Bosnia and Herzegovina
221,Nja Lukavac,Bosnia and Herzegovina
222,Nje,Bosnia and Herzegovina
223,Nji Vakuf,Bosnia and Herzegovina
224,Njic,Bosnia and Herzegovina
225,Njka,Bosnia and Herzegovina
226,Nmi,Bosnia and Herzegovina
227,Nmkala Kladanjk,Bosnia and Herzegovina
228,Nnca,Bosnia and Herzegovina
229,Nni,Bosnia and Herzegovina
230,Nnica,Bosnia and Herzegovina
231,No Polje,Bosnia and Herzegovina
232,No Poljezno Pol,Bosnia and Herzegovina
233,Noci,Bosnia and Herzegovina
234,Nograc,Bosnia and Herzegovina
235,Nonica Dubica,Bosnia and Herzegovina
236,Notoci,Bosnia and Herzegovina
237,Novi Travnik,Bosnia and Herzegovina
238,Novica,Bosnia and Herzegovina
239,Nrinje,Bosnia and Herzegovina
240,Nski,Bosnia and Herzegovina
241,Nsko,Bosnia and Herzegovina
242,Nsko Grac,Bosnia and Herzegovina
243,Nsko Grad,Bosnia and Herzegovina
244,Nta,Bosnia and Herzegovina
245,Nti,Bosnia and Herzegovina
246,Nto,Bosnia and Herzegovina
247,Ntvici,Bosnia and Herzegovina
248,Nvi,Bosnia and Herzegovina
249,Nvvinici,Bosnia and Herzegovina
250,Nvvinje,Bosnia and Herzegovina
251,Nze,Bosnia and Herzegovina
252,Oala Kladacac,Bosnia and Herzegovina
253,Obarska,Bosnia and Herzegovina
254,Obarska Rijedor,Bosnia and Herzegovina
255,Oivanica,Bosnia and Herzegovina
256,Oka,Bosnia and Herzegovina
257,Omrsuni,Bosnia and Herzegovina
258,Onici,Bosnia and Herzegovina
259,Onjic Gracac,Bosnia and Herzegovina
260,Onjic Grahovo,Bosnia and Herzegovina
261,Orelika Rijelje,Bosnia and Herzegovina
262,Ornica,Bosnia and Herzegovina
263,Ornice,Bosnia and Herzegovina
264,Ornik,Bosnia and Herzegovina
265,Ornja Mahala Kl,Bosnia and Herzegovina
266,Oroj,Bosnia and Herzegovina
267,Orolac,Bosnia and Herzegovina
268,Orszavsikl G,Bosnia and Herzegovina
269,Ost,Bosnia and Herzegovina
270,Ostar,Bosnia and Herzegovina
271,Ostovi Travnik,Bosnia and Herzegovina
272,Ostovici,Bosnia and Herzegovina
273,Otoci,Bosnia and Herzegovina
274,Otoka,Bosnia and Herzegovina
275,Otor Vakuf,Bosnia and Herzegovina
276,Ovo,Bosnia and Herzegovina
277,Ozahslavgrad,Bosnia and Herzegovina
278,Ozarska Donjic,Bosnia and Herzegovina
279,Pci,Bosnia and Herzegovina
280,Phoco,Bosnia and Herzegovina
281,Pholac,Bosnia and Herzegovina
282,Plici,Bosnia and Herzegovina
283,Pnovici,Bosnia and Herzegovina
284,Podhum,Bosnia and Herzegovina
285,Podoc,Bosnia and Herzegovina
286,Pogosca,Bosnia and Herzegovina
287,Pojovo,Bosnia and Herzegovina
288,Polo,Bosnia and Herzegovina
289,Ponja,Bosnia and Herzegovina
290,Ponja Luka,Bosnia and Herzegovina
291,Ponja Lukavac,Bosnia and Herzegovina
292,Ponjavor,Bosnia and Herzegovina
293,Ponji,Bosnia and Herzegovina
294,Ponji Vakuf,Bosnia and Herzegovina
295,Ponjic,Bosnia and Herzegovina
296,Ponjic Grad,Bosnia and Herzegovina
297,Ponjic Gradiska,Bosnia and Herzegovina
298,Ponoa Mahala,Bosnia and Herzegovina
299,Ponoarajevo,Bosnia and Herzegovina
300,Ponoci,Bosnia and Herzegovina
301,Ponoroja,Bosnia and Herzegovina
302,Pooojoici,Bosnia and Herzegovina
303,Pooosi,Bosnia and Herzegovina
304,Porolac,Bosnia and Herzegovina
305,Poso,Bosnia and Herzegovina
306,Posonjavornicev,Bosnia and Herzegovina
307,Potoci,Bosnia and Herzegovina
308,Povo,Bosnia and Herzegovina
309,Prnja Mahala,Bosnia and Herzegovina
310,Rani,Bosnia and Herzegovina
311,Ranica,Bosnia and Herzegovina
312,Ranicevo,Bosnia and Herzegovina
313,Ravnik,Bosnia and Herzegovina
314,Rbac,Bosnia and Herzegovina
315,Rddnac,Bosnia and Herzegovina
316,Rddnak,Bosnia and Herzegovina
317,Rddnica,Bosnia and Herzegovina
318,Rdon,Bosnia and Herzegovina
319,Rdzak,Bosnia and Herzegovina
320,Rebinje,Bosnia and Herzegovina
321,Rebrenik,Bosnia and Herzegovina
322,Recigracani,Bosnia and Herzegovina
323,Red,Bosnia and Herzegovina
324,Redici,Bosnia and Herzegovina
325,Redir,Bosnia and Herzegovina
326,Redir Vakuf,Bosnia and Herzegovina
327,Redor,Bosnia and Herzegovina
328,Rehovica,Bosnia and Herzegovina
329,Rejina,Bosnia and Herzegovina
330,Rejivac,Bosnia and Herzegovina
331,Relina,Bosnia and Herzegovina
332,Renik,Bosnia and Herzegovina
333,Repce,Bosnia and Herzegovina
334,Rerivno,Bosnia and Herzegovina
335,Rezavsiki Most,Bosnia and Herzegovina
336,Rezevo,Bosnia and Herzegovina
337,Rgdod,Bosnia and Herzegovina
338,Riderovci Donja,Bosnia and Herzegovina
339,Rnecanica,Bosnia and Herzegovina
340,Rnja,Bosnia and Herzegovina
341,Rnja Luka,Bosnia and Herzegovina
342,Rnja Mahala,Bosnia and Herzegovina
343,Rnja Mahala Kla,Bosnia and Herzegovina
344,Rnjavor,Bosnia and Herzegovina
345,Rnjavornjic,Bosnia and Herzegovina
346,Rnji,Bosnia and Herzegovina
347,Rnji Vakuf,Bosnia and Herzegovina
348,Rnji Varos,Bosnia and Herzegovina
349,Rnjic,Bosnia and Herzegovina
350,Rnjic Gradiska ,Bosnia and Herzegovina
351,Rnograd,Bosnia and Herzegovina
352,Rnogradacac,Bosnia and Herzegovina
353,Rod,Bosnia and Herzegovina
354,Rodoc,Bosnia and Herzegovina
355,Ror,Bosnia and Herzegovina
356,Ros,Bosnia and Herzegovina
357,Roska,Bosnia and Herzegovina
358,Roska Obarska,Bosnia and Herzegovina
359,Sanj,Bosnia and Herzegovina
360,Sanja,Bosnia and Herzegovina
361,Sanski Mostovic,Bosnia and Herzegovina
362,Sarska,Bosnia and Herzegovina
363,Sarska Rijelje,Bosnia and Herzegovina
364,Sbos,Bosnia and Herzegovina
365,Sci,Bosnia and Herzegovina
366,Sdgrad,Bosnia and Herzegovina
367,Sela,Bosnia and Herzegovina
368,Sgrad,Bosnia and Herzegovina
369,Sgrod,Bosnia and Herzegovina
370,Sgzad,Bosnia and Herzegovina
371,Shoszavsinje,Bosnia and Herzegovina
372,Sisiki Mostovi,Bosnia and Herzegovina
373,Ska,Bosnia and Herzegovina
374,Ska Donji,Bosnia and Herzegovina
375,Ska Donji Vakuf,Bosnia and Herzegovina
376,Ska Dubica,Bosnia and Herzegovina
377,Ska Obarska,Bosnia and Herzegovina
378,Ska Obilici,Bosnia and Herzegovina
379,Ska Rijedor,Bosnia and Herzegovina
380,Ska Rijeka,Bosnia and Herzegovina
381,Ska Rijelje,Bosnia and Herzegovina
382,Skanja,Bosnia and Herzegovina
383,Ski,Bosnia and Herzegovina
384,Ski Most,Bosnia and Herzegovina
385,Ski Mostovi Gra,Bosnia and Herzegovina
386,Ski Mostovi Tra,Bosnia and Herzegovina
387,Ski Mostovica,Bosnia and Herzegovina
388,Skk Mmahala,Bosnia and Herzegovina
389,Sko Grad,Bosnia and Herzegovina
390,Sko Grahovo,Bosnia and Herzegovina
391,Sku,Bosnia and Herzegovina
392,Sku Mislavgraca,Bosnia and Herzegovina
393,Slavgrad,Bosnia and Herzegovina
394,Snik,Bosnia and Herzegovina
395,Spolonna,Bosnia and Herzegovina
396,Srnji Vakuf,Bosnia and Herzegovina
397,Srnjic,Bosnia and Herzegovina
398,Srovci Donji,Bosnia and Herzegovina
399,Stovi Grahovi G,Bosnia and Herzegovina
400,Stovi Travnik,Bosnia and Herzegovina
401,Stovica,Bosnia and Herzegovina
402,Stovici,Bosnia and Herzegovina
403,Svor,Bosnia and Herzegovina
404,Tjeljina,Bosnia and Herzegovina
405,Toci,Bosnia and Herzegovina
406,Tomalska,Bosnia and Herzegovina
407,Tomiljak,Bosnia and Herzegovina
408,Tor Vakuf,Bosnia and Herzegovina
409,Tosi,Bosnia and Herzegovina
410,Toz Romiljak,Bosnia and Herzegovina
411,Toz Romislavgra,Bosnia and Herzegovina
412,Toz V,Bosnia and Herzegovina
413,Tozarska,Bosnia and Herzegovina
414,Tozici,Bosnia and Herzegovina
415,Tozir,Bosnia and Herzegovina
416,Trebrenik,Bosnia and Herzegovina
417,Trzac,Bosnia and Herzegovina
418,Tska,Bosnia and Herzegovina
419,Tta,Bosnia and Herzegovina
420,Ttovica,Bosnia and Herzegovina
421,Ttovici,Bosnia and Herzegovina
422,Tzevo,Bosnia and Herzegovina
423,Unj,Bosnia and Herzegovina
424,Uzearejra,Bosnia and Herzegovina
425,Uzka,Bosnia and Herzegovina
426,Vac,Bosnia and Herzegovina
427,Vedtor Vakuf,Bosnia and Herzegovina
428,Vesinje,Bosnia and Herzegovina
429,Vetor Varos,Bosnia and Herzegovina
430,Vgrac,Bosnia and Herzegovina
431,Vidovi Grad,Bosnia and Herzegovina
432,Vidovica,Bosnia and Herzegovina
433,Vidovici,Bosnia and Herzegovina
434,Vitozici,Bosnia and Herzegovina
435,Vitozir,Bosnia and Herzegovina
436,Vnik,Bosnia and Herzegovina
437,Vnsko Grad,Bosnia and Herzegovina
438,Vod,Bosnia and Herzegovina
439,Vodnc,Bosnia and Herzegovina
440,Vonica Dubica,Bosnia and Herzegovina
441,Vor,Bosnia and Herzegovina
442,Vorci,Bosnia and Herzegovina
443,Vornica,Bosnia and Herzegovina
444,Vornik,Bosnia and Herzegovina
445,Vornja Luka,Bosnia and Herzegovina
446,Vornji Vakuf,Bosnia and Herzegovina
447,Vornjic,Bosnia and Herzegovina
448,Vozgracac,Bosnia and Herzegovina
449,Vrnograc,Bosnia and Herzegovina
450,Vstovica,Bosnia and Herzegovina
451,Zarska,Bosnia and Herzegovina
452,Zarska Donja ,Bosnia and Herzegovina
453,Zavrinici,Bosnia and Herzegovina
454,Zavsinje,Bosnia and Herzegovina
455,Zavsiovo,Bosnia and Herzegovina
456,Zdo,Bosnia and Herzegovina
457,Zec,Bosnia and Herzegovina
458,Zelika Rastela,Bosnia and Herzegovina
459,Zelina,Bosnia and Herzegovina
460,Zen,Bosnia and Herzegovina
461,Zenok,Bosnia and Herzegovina
462,Zenovici,Bosnia and Herzegovina
463,Zernegrac,Bosnia and Herzegovina
464,Zevo,Bosnia and Herzegovina
465,Zez,Bosnia and Herzegovina
466,Zezovo,Bosnia and Herzegovina
467,Zip,Bosnia and Herzegovina
468,Zka,Bosnia and Herzegovina
469,Zla,Bosnia and Herzegovina
470,Zma,Bosnia and Herzegovina
471,Zna -Iobarska,Bosnia and Herzegovina
472,Zna Mahala,Bosnia and Herzegovina
473,Zni Eravnik,Bosnia and Herzegovina
474,Zni Grad,Bosnia and Herzegovina
475,Znica,Bosnia and Herzegovina
476,Znicanica,Bosnia and Herzegovina
477,Znici,Bosnia and Herzegovina
478,Zno Polje,Bosnia and Herzegovina
479,Zno Poljezno Po,Bosnia and Herzegovina
480,Zok,Bosnia and Herzegovina
481,Zon,Bosnia and Herzegovina
482,Zor,Bosnia and Herzegovina
483,Zovci Donjavorn,Bosnia and Herzegovina
484,Zpo,Bosnia and Herzegovina
485,Zpozor,Bosnia and Herzegovina
486,Zski,Bosnia and Herzegovina
487,Zsvnik,Bosnia and Herzegovina
488,Zto,Bosnia and Herzegovina
489,Zvor,Bosnia and Herzegovina
490,Zvornik,Bosnia and Herzegovina
491,Zzvizd,Bosnia and Herzegovina
