,Name,Origin
0, Do Mata,Brazil
1, Do Muller,Brazil
2, Moacica,Brazil
3, Monte,Brazil
4, Pino Do Reis,Brazil
5, Ulis,Brazil
6,'Apeco,Brazil
7,'Assias,Brazil
8,'Assira,Brazil
9,'Assitt,Brazil
10,'Assos,Brazil
11,'Assu,Brazil
12,'Ossa Sertana,Brazil
13,A'Ais,Brazil
14,Aaguacu,Brazil
15,Abaetim,Brazil
16,Abrico Do Jardo,Brazil
17,Acaria Do Ipauc,Brazil
18,Acopio,Brazil
19,Acu,Brazil
20,Acu Paula,Brazil
21,Acula,Brazil
22,Ada,Brazil
23,Aece,Brazil
24,Aem,Brazil
25,Aetinha,Brazil
26,Aetjrialvador,Brazil
27,Aforde,Brazil
28,Aguaiuba,Brazil
29,Aha,Brazil
30,Aiao Descaves,Brazil
31,Aiba,Brazil
32,Ais,Brazil
33,Ajranga,Brazil
34,Alfeo,Brazil
35,Alvora,Brazil
36,Amanha,Brazil
37,Ambacatuba,Brazil
38,Amratinas,Brazil
39,Ana,Brazil
40,Ana Vitorga,Brazil
41,Ancia Madreirop,Brazil
42,Ande,Brazil
43,Andia,Brazil
44,Andiba,Brazil
45,Andido,Brazil
46,Andido Pombalho,Brazil
47,Andido Sul,Brazil
48,Anga,Brazil
49,Anicuibagi,Brazil
50,Anicuru,Brazil
51,Anjal Campina,Brazil
52,Antes Barbosa,Brazil
53,Aoeara,Brazil
54,Apa,Brazil
55,Apanema,Brazil
56,Ape,Brazil
57,Apesta,Brazil
58,Apissanga,Brazil
59,Apora,Brazil
60,Aporaca,Brazil
61,Aporanaltina,Brazil
62,Apragua,Brazil
63,Aquarana,Brazil
64,Aquitina Dos Br,Brazil
65,Ara,Brazil
66,Araca,Brazil
67,Araguartel,Brazil
68,Araiso,Brazil
69,Arajui,Brazil
70,Aramentralvade,Brazil
71,Aramosa,Brazil
72,Arapebastingara,Brazil
73,Arata,Brazil
74,Ardim,Brazil
75,Ardim Nabuco,Brazil
76,Ardinho,Brazil
77,Areau,Brazil
78,Arfossa Secatub,Brazil
79,Arlandagua,Brazil
80,Arnaiba,Brazil
81,Arpinastre,Brazil
82,Asao Piqueraiso,Brazil
83,Ata,Brazil
84,Ataizes,Brazil
85,Ataizinhos,Brazil
86,Ataozinha,Brazil
87,Ateus Do Egitor,Brazil
88,Atibaiana,Brazil
89,Atinhos,Brazil
90,Atrizontangatu,Brazil
91,Auna,Brazil
92,Bal,Brazil
93,Balha,Brazil
94,Bapora,Brazil
95,Basta Granca,Brazil
96,Bdo Gabricio Co,Brazil
97,Belarobo,Brazil
98,Betite,Brazil
99,Bica,Brazil
100,Bicao Bragi,Brazil
101,Birassos,Brazil
102,Brador Caninde,Brazil
103,Bragua,Brazil
104,Branca,Brazil
105,Brancia,Brazil
106,Brancoiabairi,Brazil
107,Brejinhao,Brazil
108,Breves,Brazil
109,Brumacaiba,Brazil
110,Campino Fumaca,Brazil
111,Cao,Brazil
112,Cao Belande,Brazil
113,Cao Joao Do Ped,Brazil
114,Cararaia,Brazil
115,Carnaibaratriz,Brazil
116,Cavel,Brazil
117,Caves,Brazil
118,Cbralinho,Brazil
119,Cbruera De Paul,Brazil
120,Cdenca,Brazil
121,Cdo,Brazil
122,Chavai,Brazil
123,Choeire,Brazil
124,Cia,Brazil
125,Cmafrantagalo D,Brazil
126,Co Bom Jesus,Brazil
127,Co Weste,Brazil
128,Cobimiri,Brazil
129,Colis,Brazil
130,Colista,Brazil
131,Colonio Dos Ben,Brazil
132,Condo Branca,Brazil
133,Correno Do Mont,Brazil
134,Cousaciliente T,Brazil
135,Cruz Do Sul,Brazil
136,Da Cruz,Brazil
137,Da De Jesus,Brazil
138,Dacheta,Brazil
139,Dade,Brazil
140,Das De Acu,Brazil
141,Das De Jesus Da,Brazil
142,Das Velhas,Brazil
143,Des,Brazil
144,Dia,Brazil
145,Dianaiba,Brazil
146,Dianopolista,Brazil
147,Dinapolis,Brazil
148,Dinho,Brazil
149,Dinopoldinopoli,Brazil
150,Dinopolis,Brazil
151,Dois Palmas,Brazil
152,Dom Pedreiranja,Brazil
153,Dor,Brazil
154,Dos Coqueirata,Brazil
155,Dos Coquim Do S,Brazil
156,Dos Cora,Brazil
157,Dos Do Talho,Brazil
158,Dos Redo,Brazil
159,Dreia,Brazil
160,Duque Xique De ,Brazil
161,Duqui,Brazil
162,Duquida,Brazil
163,Eapancalva,Brazil
164,Edo Sul,Brazil
165,Edon,Brazil
166,Eirim,Brazil
167,Eiro,Brazil
168,Eiropolis,Brazil
169,Elia,Brazil
170,Elias,Brazil
171,Elva,Brazil
172,Enhonhas,Brazil
173,Enhoti,Brazil
174,Eno Doso,Brazil
175,Eosa,Brazil
176,Ereste,Brazil
177,Eri,Brazil
178,Eria D'Oesta,Brazil
179,Ericio Paulo,Brazil
180,Erido Pratao Jo,Brazil
181,Eta,Brazil
182,Etanada,Brazil
183,Etanapa,Brazil
184,Etanca,Brazil
185,Ete,Brazil
186,Etes,Brazil
187,Eto,Brazil
188,Fcuma,Brazil
189,Fdoo Belo De Pa,Brazil
190,Fdoromandade,Brazil
191,Fndia,Brazil
192,Fndido,Brazil
193,Foes,Brazil
194,Ford Rosa,Brazil
195,Forde Caete Lim,Brazil
196,Formo Das Neves,Brazil
197,Fortrudes,Brazil
198,Frandes,Brazil
199,Freirangu,Brazil
200,Frutalha,Brazil
201,Fueno Bertiogad,Brazil
202,Ganco,Brazil
203,Goiano,Brazil
204,Gui,Brazil
205,Handido Montani,Brazil
206,Hanha,Brazil
207,Hao De Macao Da,Brazil
208,Hardinhoracoia,Brazil
209,Hardoso,Brazil
210,Has,Brazil
211,Hedmandia,Brazil
212,Hedro Berto Do ,Brazil
213,Hidro De Larare,Brazil
214,Hidro Gonceslau,Brazil
215,Horia,Brazil
216,Horto Afoga,Brazil
217,I Do Ararande,Brazil
218,I Do Do Muller,Brazil
219,I Do Santoninha,Brazil
220,Ia Do Oestova J,Brazil
221,Iachada,Brazil
222,Iachao,Brazil
223,Iachetambi,Brazil
224,Iachoeira,Brazil
225,Iachoeira Azul,Brazil
226,Iachoeirosse,Brazil
227,Iacir Pu5Bhv,Brazil
228,Iacu,Brazil
229,Iacula,Brazil
230,Ial,Brazil
231,Ialdo Brandi,Brazil
232,Iana,Brazil
233,Iana Do Xiqueir,Brazil
234,Ianema,Brazil
235,Iania,Brazil
236,Ianindador Canh,Brazil
237,Ianinhos,Brazil
238,Ianoas,Brazil
239,Ianorte,Brazil
240,Iarancisco,Brazil
241,Iaranjal Paulo,Brazil
242,Iba,Brazil
243,Ibaiana,Brazil
244,Icao,Brazil
245,Icar,Brazil
246,Icara,Brazil
247,Icaraco Velho,Brazil
248,Icaraucurita,Brazil
249,Icare,Brazil
250,Iconha,Brazil
251,Iconhal,Brazil
252,Iconhao,Brazil
253,Iconhapim,Brazil
254,Iconharema,Brazil
255,Iconhas,Brazil
256,Iconurilar,Brazil
257,Icui,Brazil
258,Idaba,Brazil
259,Idata,Brazil
260,Idataizinhal Do,Brazil
261,Idatuba,Brazil
262,Idenca,Brazil
263,Idencia,Brazil
264,Idente Azul,Brazil
265,Identonio Pomba,Brazil
266,Idicaraciarandu,Brazil
267,Idiras,Brazil
268,Ido,Brazil
269,Ido Amaro,Brazil
270,Ido Cabo,Brazil
271,Ido Caraba,Brazil
272,Ido Do Claro Ma,Brazil
273,Ido Egito,Brazil
274,Ido Macapa,Brazil
275,Ido Mandia De C,Brazil
276,Ido Mendearamec,Brazil
277,Ido Moacianopol,Brazil
278,Ido Nova Plana,Brazil
279,Ido Paulista,Brazil
280,Ido Piraparagua,Brazil
281,Ido Sul,Brazil
282,Iemp,Brazil
283,Iepatrizonte,Brazil
284,Ifo Dutra,Brazil
285,Ifonselheira,Brazil
286,Ifonso Amareira,Brazil
287,Igaraipu,Brazil
288,Igarangulo,Brazil
289,Igarra Teresto ,Brazil
290,Igueiro,Brazil
291,Iguel Palma,Brazil
292,Iira,Brazil
293,Iiracobina,Brazil
294,Iiras,Brazil
295,Iirim,Brazil
296,Iis,Brazil
297,Iju Do Cruz,Brazil
298,Ijuritorita,Brazil
299,Ilha,Brazil
300,Ilhada,Brazil
301,Ilhado,Brazil
302,Ilharqueraldo,Brazil
303,Ilhinhos,Brazil
304,Ilho,Brazil
305,Ilhocarecife,Brazil
306,Im Nabuco,Brazil
307,Ima,Brazil
308,Ima Doresidente,Brazil
309,Ima Douro Do Pr,Brazil
310,Ima Dutra,Brazil
311,Imao Pombalho,Brazil
312,Imbauba,Brazil
313,Ina,Brazil
314,Indeari,Brazil
315,Indobacatu,Brazil
316,Indoias,Brazil
317,Inga,Brazil
318,Ingaberanca,Brazil
319,Ingazeiro,Brazil
320,Inha,Brazil
321,Inhaem,Brazil
322,Inhaemberal,Brazil
323,Inhal,Brazil
324,Inhao,Brazil
325,Inhao Brazopoli,Brazil
326,Inhao Caeta,Brazil
327,Inhao Motas,Brazil
328,Inhapeste,Brazil
329,Inhapiaracachoe,Brazil
330,Inhapinopolis,Brazil
331,Inhapiva,Brazil
332,Inharem,Brazil
333,Inharquim Pauli,Brazil
334,Inhas,Brazil
335,Inhede,Brazil
336,Inheira,Brazil
337,Inhem,Brazil
338,Inho,Brazil
339,Inho Da Marapi,Brazil
340,Inhora,Brazil
341,Inhos,Brazil
342,Ino,Brazil
343,Ipanea,Brazil
344,Ipapa,Brazil
345,Iparasias,Brazil
346,Ipina,Brazil
347,Ipo,Brazil
348,Ipoju,Brazil
349,Ipojucai,Brazil
350,Ipora,Brazil
351,Iporada,Brazil
352,Iporanava,Brazil
353,Ipubi,Brazil
354,Ira,Brazil
355,Ira Campos Cora,Brazil
356,Iraquitinga,Brazil
357,Iraragancalotin,Brazil
358,Iratibaianopoli,Brazil
359,Iratinga,Brazil
360,Iraucucaiao,Brazil
361,Ire,Brazil
362,Irecetuba,Brazil
363,Ires Barranjeir,Brazil
364,Irinha,Brazil
365,Is Cocareme,Brazil
366,Isaete,Brazil
367,Isnandade,Brazil
368,Ispassos,Brazil
369,Isprturada,Brazil
370,Issa,Brazil
371,Issa Senho,Brazil
372,Issu,Brazil
373,Ita Branga Da F,Brazil
374,Ita De Acu,Brazil
375,Ita Do Sul,Brazil
376,Itamandia,Brazil
377,Itamaruacurupev,Brazil
378,Itao,Brazil
379,Itao Das,Brazil
380,Itas,Brazil
381,Itinas,Brazil
382,Ito,Brazil
383,Ivotina,Brazil
384,Ixabirasilias D,Brazil
385,Izinhao,Brazil
386,Izinho,Brazil
387,Jabo,Brazil
388,Jacae,Brazil
389,Jana,Brazil
390,Jcao Da Ilhada,Brazil
391,Jdinho Chavatai,Brazil
392,Jequim,Brazil
393,Jeropolina Do S,Brazil
394,Jeropolis,Brazil
395,Jeropolista,Brazil
396,Jineia Do Anton,Brazil
397,Jiro Da Matroco,Brazil
398,Jria Leopolis,Brazil
399,Jropolis,Brazil
400,Jui,Brazil
401,Juipapao,Brazil
402,Juipe,Brazil
403,Juipebas,Brazil
404,Juiz Do Mata,Brazil
405,Junque Xique,Brazil
406,Lenco,Brazil
407,Lina,Brazil
408,Lindo Gouveira,Brazil
409,Lna,Brazil
410,Lo Costorizonta,Brazil
411,Lo Horia,Brazil
412,Lo Oriel,Brazil
413,Lo Otoni,Brazil
414,Lo Otonio,Brazil
415,Lo Otonio Novo,Brazil
416,Londo Novo Lour,Brazil
417,Lorencesa,Brazil
418,Loriaiva,Brazil
419,Lourenco,Brazil
420,Lto De Frandai,Brazil
421,Macanaraba,Brazil
422,Mandaguaba,Brazil
423,Mangu,Brazil
424,Mbal,Brazil
425,Migueira,Brazil
426,Mira,Brazil
427,Miri,Brazil
428,Missai,Brazil
429,Mmar,Brazil
430,Mnaltina,Brazil
431,Mosa Inga,Brazil
432,Naca,Brazil
433,Nacio,Brazil
434,Nado,Brazil
435,Nados Lemembe,Brazil
436,Naguairim,Brazil
437,Naguarapeste,Brazil
438,Naiba,Brazil
439,Nalto Peresider,Brazil
440,Nambu,Brazil
441,Namiri,Brazil
442,Nanema,Brazil
443,Nardim,Brazil
444,Nardinhora De F,Brazil
445,Nardos Belem Do,Brazil
446,Nati,Brazil
447,Natiogado,Brazil
448,Naum,Brazil
449,Nco,Brazil
450,Ndade,Brazil
451,Nde,Brazil
452,Ndia,Brazil
453,Ndu,Brazil
454,Nga,Brazil
455,Ngazeira,Brazil
456,Nha,Brazil
457,Nhao Monteirasi,Brazil
458,Nhora,Brazil
459,Niao,Brazil
460,Nindopolis,Brazil
461,Ninhal,Brazil
462,Nmo Monca,Brazil
463,Nna,Brazil
464,Noas,Brazil
465,Nossai,Brazil
466,Novao,Brazil
467,Npes,Brazil
468,Nto Anania,Brazil
469,Ntocaiao Joaqui,Brazil
470,Ntonito,Brazil
471,Nunga,Brazil
472,Nvespaneira,Brazil
473,O Belmosa,Brazil
474,O Luis Coquirin,Brazil
475,O Neves,Brazil
476,Oara,Brazil
477,Oaragiba,Brazil
478,Oaramente,Brazil
479,Oas,Brazil
480,Oba,Brazil
481,Obacu,Brazil
482,Odia,Brazil
483,Odos De Palha,Brazil
484,Oeirana,Brazil
485,Oeirao Franjeir,Brazil
486,Oembe,Brazil
487,Oes,Brazil
488,Ohas,Brazil
489,Oiaba,Brazil
490,Oias,Brazil
491,Oilando,Brazil
492,Olana,Brazil
493,Olanaubateus De,Brazil
494,Olande,Brazil
495,Olandearanta Le,Brazil
496,Olandeari,Brazil
497,Oledo,Brazil
498,Olfo Deus Lima,Brazil
499,Olfo Dias,Brazil
500,Olford Rosa,Brazil
501,Olhas,Brazil
502,Olonia,Brazil
503,On De Caetanhap,Brazil
504,Oncesa,Brazil
505,Onde,Brazil
506,Ondopolista,Brazil
507,Onhao,Brazil
508,Ontana,Brazil
509,Onte,Brazil
510,Oolis,Brazil
511,Opolis,Brazil
512,Orador Calmas,Brazil
513,Orancisco,Brazil
514,Orciuna,Brazil
515,Oreca,Brazil
516,Orecetuba,Brazil
517,Orechim,Brazil
518,Orena,Brazil
519,Oreno,Brazil
520,Orento Da Alfre,Brazil
521,Ores,Brazil
522,Ores Bernaiba,Brazil
523,Oresa Ilhadas N,Brazil
524,Oresidente Lara,Brazil
525,Oresidento Sul,Brazil
526,Oresta,Brazil
527,Oresta Matos De,Brazil
528,Orestanavanta R,Brazil
529,Oria,Brazil
530,Orlana,Brazil
531,Orlandia,Brazil
532,Orobo,Brazil
533,Orro Da Senho,Brazil
534,Ota,Brazil
535,Otas,Brazil
536,Ova Jardinopoli,Brazil
537,Ova Paulo,Brazil
538,Ovondados Branj,Brazil
539,Pao,Brazil
540,Paraiso,Brazil
541,Paramento Do Su,Brazil
542,Parana,Brazil
543,Passo,Brazil
544,Passu,Brazil
545,Patoba,Brazil
546,Patrolandia,Brazil
547,Patrolis,Brazil
548,Patrolistacilio,Brazil
549,Paulis,Brazil
550,Paulo,Brazil
551,Pera,Brazil
552,Perabapora,Brazil
553,Perana,Brazil
554,Perata,Brazil
555,Perido,Brazil
556,Pesquilhas,Brazil
557,Pestaci,Brazil
558,Peu,Brazil
559,Pim Grancoiano ,Brazil
560,Pina Da Grava,Brazil
561,Pinas,Brazil
562,Pindo,Brazil
563,Pinzinha,Brazil
564,Pinzinho,Brazil
565,Pinzinhos,Brazil
566,Ppina,Brazil
567,Ppoanoinhos,Brazil
568,Puralina,Brazil
569,Qaminastrema,Brazil
570,Qbata,Brazil
571,Qndopolista,Brazil
572,Queada Paulista,Brazil
573,Queirante,Brazil
574,Queirapino De E,Brazil
575,Qui,Brazil
576,Quitinga,Brazil
577,Ra Do Miranca,Brazil
578,Racaparema,Brazil
579,Racatubera Do S,Brazil
580,Rada,Brazil
581,Ragoinha,Brazil
582,Raiana,Brazil
583,Raipabaianopoli,Brazil
584,Raipapages,Brazil
585,Ramento De Mant,Brazil
586,Randia Do Rita ,Brazil
587,Ranga,Brazil
588,Ranto Sul,Brazil
589,Rao Do Preta,Brazil
590,Rapipora Do Men,Brazil
591,Raracatuba,Brazil
592,Raraquaria,Brazil
593,Rare,Brazil
594,Rbos,Brazil
595,Rbosa,Brazil
596,Rbus,Brazil
597,Rcar,Brazil
598,Redon,Brazil
599,Rencisco,Brazil
600,Res,Brazil
601,Resa Senhos,Brazil
602,Resideribeira,Brazil
603,Rfesidenco,Brazil
604,Ria D'Oestiao D,Brazil
605,Rinceicao Sul,Brazil
606,Rio Dos Benecif,Brazil
607,Rnamirinque Xiq,Brazil
608,Rnamirinu,Brazil
609,Rnaragua Leopol,Brazil
610,Rnga Granhape,Brazil
611,Rnhapiral,Brazil
612,Rnjal Do Suacu,Brazil
613,Roso,Brazil
614,Rquim Do Monlev,Brazil
615,Rrrincesa,Brazil
616,Rrrinceslau Bra,Brazil
617,Rujarararamento,Brazil
618,Ruma,Brazil
619,Runa,Brazil
620,Rura,Brazil
621,Ruy Barcos,Brazil
622,Rycos,Brazil
623,Rydo Cruzilha,Brazil
624,Rysangui,Brazil
625,Salina,Brazil
626,Santa Macho Cam,Brazil
627,Santa Russao Mo,Brazil
628,Santada,Brazil
629,Santao Jose Do ,Brazil
630,Sao Feliz,Brazil
631,Sao Praty Dos B,Brazil
632,Sdo Iguaiba,Brazil
633,Sdo Panha,Brazil
634,Sgova,Brazil
635,Sia De Aldeiros,Brazil
636,Siana,Brazil
637,Siananinga,Brazil
638,Slo Horiaivarem,Brazil
639,Smo Da Inga,Brazil
640,Soledade,Brazil
641,Sta,Brazil
642,Sto,Brazil
643,Sto Do Crohes,Brazil
644,Tamandido Itaoz,Brazil
645,Tangatu,Brazil
646,Tangu,Brazil
647,Taquim De Odive,Brazil
648,Tdo Alegresta,Brazil
649,Teodo,Brazil
650,Tfrandia,Brazil
651,Timbaragoa Senh,Brazil
652,Timbauba,Brazil
653,Timbos,Brazil
654,Timbosaricuiba,Brazil
655,Tinga,Brazil
656,Tinheira Do Nov,Brazil
657,Toeanea,Brazil
658,Toeara,Brazil
659,Tuba,Brazil
660,Tubateus De Do ,Brazil
661,Tuca,Brazil
662,Tucai,Brazil
663,Tucar,Brazil
664,Tucare,Brazil
665,Tucatuba,Brazil
666,Tucatubera Dosq,Brazil
667,Txo,Brazil
668,Uacu,Brazil
669,Uacuril,Brazil
670,Uca,Brazil
671,Ucai,Brazil
672,Ucaiba,Brazil
673,Ucar,Brazil
674,Ucaribeirossa S,Brazil
675,Ucatu,Brazil
676,Uco,Brazil
677,Una,Brazil
678,Uncule,Brazil
679,Unediri,Brazil
680,Unga,Brazil
681,Ungatuba,Brazil
682,Ungui,Brazil
683,Unha,Brazil
684,Unrandobacula,Brazil
685,Upora,Brazil
686,Uporada,Brazil
687,Vajueira,Brazil
688,Valencia,Brazil
689,Vanta Brandao,Brazil
690,Vanto,Brazil
691,Varzedo,Brazil
692,Vas,Brazil
693,Verio Tauapi,Brazil
694,Vista Luis Chap,Brazil
695,Vora,Brazil
696,Wagancia,Brazil
697,Xosa,Brazil
698,Y Cabo,Brazil
699,Y Cabrobe,Brazil
700,Y Caetim,Brazil
701,Y Campaios,Brazil
702,Y Campino,Brazil
703,Y Campo Belmont,Brazil
704,Y Candia,Brazil
705,Y Capivaria Das,Brazil
706,Y Caru,Brazil
707,Y Coroa Grossos,Brazil
708,Y Do Nova,Brazil
709,Y Do Pirapora,Brazil
710,Y Na,Brazil
711,Y Na Da Cunha,Brazil
712,Zerra Do Parnar,Brazil
713,Zina,Brazil
714,Zinha,Brazil
715,Zinhaembu,Brazil
716,Zinhas,Brazil
717,Zinho,Brazil
