,Name,Origin
0, Blyan,Bulgaria
1, Bmltrdzhik,Bulgaria
2, Bol,Bulgaria
3, Bov,Bulgaria
4, Brit,Bulgaria
5, Brya,Bulgaria
6, Bryag,Bulgaria
7, Bryahovo,Bulgaria
8, Bryanovo,Bulgaria
9, Bryavna,Bulgaria
10, Ceirsa,Bulgaria
11, Clifen,Bulgaria
12, Din,Bulgaria
13, Oryan,Bulgaria
14, Pelik,Bulgaria
15, Pelikeni,Bulgaria
16, Peliki Preslav,Bulgaria
17, Peliko Turnovg,Bulgaria
18, Peliko Turnovo,Bulgaria
19, Pelin Pelingra,Bulgaria
20, Pelingrad,Bulgaria
21, Pelingradchik,Bulgaria
22, Pelino,Bulgaria
23, Preslav,Bulgaria
24, Reslav,Bulgaria
25, Revo,Bulgaria
26, Tervel,Bulgaria
27, Tesebar,Bulgaria
28, Toshev,Bulgaria
29, Trea,Bulgaria
30, Troyanovo,Bulgaria
31, Turnovo,Bulgaria
32, Vaeshtera,Bulgaria
33, Vo,Bulgaria
34,A Bryavna,Bulgaria
35,A Dabnik,Bulgaria
36,A Targovit,Bulgaria
37,A Zagora,Bulgaria
38,Adchik,Bulgaria
39,Adnevo,Bulgaria
40,Adzhitsa,Bulgaria
41,Akoruda,Bulgaria
42,Akovets,Bulgaria
43,Akovski,Bulgaria
44,Anagyurishtitsa,Bulgaria
45,Anagyurishtov,Bulgaria
46,Aopole,Bulgaria
47,Avarditsa,Bulgaria
48,Avlievo,Bulgaria
49,Azanlak,Bulgaria
50,Azarditsa,Bulgaria
51,Azardzhik,Bulgaria
52,Azdra,Bulgaria
53,Brad,Bulgaria
54,Brod,Bulgaria
55,Brpan,Bulgaria
56,Cazhik,Bulgaria
57,Cchev,Bulgaria
58,Cdalngoa,Bulgaria
59,Cdepclak,Bulgaria
60,Cdik,Bulgaria
61,Ceprelog,Bulgaria
62,Cetp,Bulgaria
63,Chepelarevo,Bulgaria
64,Cherven,Bulgaria
65,Chev,Bulgaria
66,Chifliki Presla,Bulgaria
67,Chik,Bulgaria
68,Chirpan,Bulgaria
69,Ckepelare,Bulgaria
70,Ckerushte,Bulgaria
71,Ckerushtitsa,Bulgaria
72,Ckirsa,Bulgaria
73,Ckof,Bulgaria
74,Ckovski,Bulgaria
75,Ckpovo,Bulgaria
76,Clefe,Bulgaria
77,Clirnovo,Bulgaria
78,Cmernik,Bulgaria
79,Cmofia,Bulgaria
80,Cmolyan,Bulgaria
81,Cmopole,Bulgaria
82,Cniflikeni,Bulgaria
83,Cnifliko Turnov,Bulgaria
84,Cpa,Bulgaria
85,Cparuhovo,Bulgaria
86,Cpera,Bulgaria
87,Cperal Toshev,Bulgaria
88,Cperal Toshevo,Bulgaria
89,Cpromorie,Bulgaria
90,Crepolovgrad,Bulgaria
91,Crepolovgradchi,Bulgaria
92,Cshets,Bulgaria
93,Ctrazhitsa,Bulgaria
94,Currovadia,Bulgaria
95,Cz Fliki Presla,Bulgaria
96,Cza,Bulgaria
97,Czeptemvri,Bulgaria
98,Daln Bryavna,Bulgaria
99,Dalna Oryahovo,Bulgaria
100,Dalna Oryan,Bulgaria
101,Dalna Oryavna,Bulgaria
102,Dalnevo,Bulgaria
103,Dalngoa,Bulgaria
104,Dalngrad,Bulgaria
105,Dalnovo,Bulgaria
106,Damnkik,Bulgaria
107,Damnkok,Bulgaria
108,Danna,Bulgaria
109,Dannak Tszaaovg,Bulgaria
110,Dannakoruda,Bulgaria
111,Dannakoruhovo,Bulgaria
112,Dannayynik,Bulgaria
113,Dap,Bulgaria
114,Darshevo,Bulgaria
115,Daznid,Bulgaria
116,Daznra,Bulgaria
117,Daznrag,Bulgaria
118,Dchik,Bulgaria
119,Delino,Bulgaria
120,Deparuhovo,Bulgaria
121,Depielograd,Bulgaria
122,Depin,Bulgaria
123,Derie,Bulgaria
124,Detieshtitsa,Bulgaria
125,Dhevo,Bulgaria
126,Dim,Bulgaria
127,Dimeonovgrad,Bulgaria
128,Dimeonovo,Bulgaria
129,Din,Bulgaria
130,Dishteral Toshe,Bulgaria
131,Ditsa,Bulgaria
132,Dleven,Bulgaria
133,Dlistrazhik,Bulgaria
134,Dna,Bulgaria
135,Dop,Bulgaria
136,Dpa,Bulgaria
137,Dra,Bulgaria
138,Dsa,Bulgaria
139,Dyan,Bulgaria
140,Dza,Bulgaria
141,Dzhitsa,Bulgaria
142,Earna,Bulgaria
143,Edun,Bulgaria
144,Eetov,Bulgaria
145,Eghne,Bulgaria
146,Elengrad,Bulgaria
147,Eliki Preslav,Bulgaria
148,Embrltvo,Bulgaria
149,Emorie,Bulgaria
150,Ena,Bulgaria
151,Ene,Bulgaria
152,Epa,Bulgaria
153,Ernik,Bulgaria
154,Erushte,Bulgaria
155,Erushtov,Bulgaria
156,Erushtovo,Bulgaria
157,Eshte,Bulgaria
158,Eshtitsa,Bulgaria
159,Etli,Bulgaria
160,Etrich,Bulgaria
161,Ets,Bulgaria
162,Even Bryanovo,Bulgaria
163,Evnitsa,Bulgaria
164,Evo,Bulgaria
165,Evrn,Bulgaria
166,Ezarditsa,Bulgaria
167,Ezardzhik,Bulgaria
168,Ezardzhitsa,Bulgaria
169,Fda,Bulgaria
170,Fel,Bulgaria
171,Fhik,Bulgaria
172,Fia,Bulgaria
173,Fil,Bulgaria
174,Flak,Bulgaria
175,Flik,Bulgaria
176,Flikenie,Bulgaria
177,Fliki Preslav,Bulgaria
178,Fliko Turnovgra,Bulgaria
179,Fog,Bulgaria
180,Fra,Bulgaria
181,Fsa,Bulgaria
182,Fta,Bulgaria
183,Fza,Bulgaria
184,Fzazlograd,Bulgaria
185,Gar,Bulgaria
186,Gdun,Bulgaria
187,Grad,Bulgaria
188,Gradchik,Bulgaria
189,Grdetistra,Bulgaria
190,Hdishtov,Bulgaria
191,Hepelare,Bulgaria
192,Hepelarevo,Bulgaria
193,Hervel,Bulgaria
194,Hets,Bulgaria
195,Hev,Bulgaria
196,Hevo,Bulgaria
197,Hik,Bulgaria
198,Hitsa,Bulgaria
199,Hkovski,Bulgaria
200,Hsaayukivshen,Bulgaria
201,Ibrovo,Bulgaria
202,Idin,Bulgaria
203,Idta,Bulgaria
204,Ifliki Preslav,Bulgaria
205,Ilhevo,Bulgaria
206,Iltse Delchevo,Bulgaria
207,Imbol,Bulgaria
208,Inanovo,Bulgaria
209,Inanyan,Bulgaria
210,Indnnik,Bulgaria
211,Ineni,Bulgaria
212,Irdop,Bulgaria
213,Irpan,Bulgaria
214,Ishte,Bulgaria
215,Ishtitsa,Bulgaria
216,Ishtov,Bulgaria
217,Itropolovgradch,Bulgaria
218,Itrovo,Bulgaria
219,Itsa,Bulgaria
220,Ivardzhitsa,Bulgaria
221,K Bryavna,Bulgaria
222,K Tsare,Bulgaria
223,Kelik,Bulgaria
224,Kerushtera,Bulgaria
225,Kevin,Bulgaria
226,Kevski,Bulgaria
227,Khik,Bulgaria
228,Kik,Bulgaria
229,Kim,Bulgaria
230,Kimsarevo,Bulgaria
231,Kimstinbrod,Bulgaria
232,Kkimsarevo,Bulgaria
233,Kmovgrad,Bulgaria
234,Kofia,Bulgaria
235,Kofsa,Bulgaria
236,Kom,Bulgaria
237,Komernik,Bulgaria
238,Komitropole,Bulgaria
239,Komitropolovo,Bulgaria
240,Komiylohgrad,Bulgaria
241,Komiyloidin,Bulgaria
242,Komiyloidineni,Bulgaria
243,Komiyloininin,Bulgaria
244,Kopilengrad,Bulgaria
245,Kov,Bulgaria
246,Kovech,Bulgaria
247,Kovets,Bulgaria
248,Kovishte,Bulgaria
249,Kovishtitsa,Bulgaria
250,Kovishtovo,Bulgaria
251,Kovit,Bulgaria
252,Kovitsa,Bulgaria
253,Kovski,Bulgaria
254,Kubrat,Bulgaria
255,Kvie,Bulgaria
256,Kvishtov,Bulgaria
257,Kzpilena,Bulgaria
258,Kzvardzhik,Bulgaria
259,Kzvid,Bulgaria
260,Kzvilena,Bulgaria
261,Kzvilenera,Bulgaria
262,L Even Bryan,Bulgaria
263,Lcie,Bulgaria
264,Ld Vel,Bulgaria
265,Ldovnitsa,Bulgaria
266,Leieno,Bulgaria
267,Lepelare,Bulgaria
268,Leven,Bulgaria
269,Lgrad,Bulgaria
270,Lhev,Bulgaria
271,Lhevo,Bulgaria
272,Ligora,Bulgaria
273,Lihiskra,Bulgaria
274,Lilena,Bulgaria
275,Limoograd,Bulgaria
276,Lkevin,Bulgaria
277,Lkevski,Bulgaria
278,Lkvski,Bulgaria
279,Lomfya,Bulgaria
280,Lopole,Bulgaria
281,Lopovo,Bulgaria
282,Lovgrad,Bulgaria
283,Lzvski,Bulgaria
284,Madan,Bulgaria
285,Madanski,Bulgaria
286,Mar,Bulgaria
287,Mbol,Bulgaria
288,Molyan,Bulgaria
289,Molyanovgrad,Bulgaria
290,Molyanovo,Bulgaria
291,Momgryahovo,Bulgaria
292,Momorie,Bulgaria
293,Mopiemorie,Bulgaria
294,Mopilengrad,Bulgaria
295,Mopole,Bulgaria
296,Mopolovgradchik,Bulgaria
297,Mopolovo,Bulgaria
298,Mopovo,Bulgaria
299,Movgrad,Bulgaria
300,Movgradchik,Bulgaria
301,Moygrid,Bulgaria
302,Mryan,Bulgaria
303,Mtryavna,Bulgaria
304,Myalngoavfra,Bulgaria
305,Mzdda,Bulgaria
306,Na Oryag,Bulgaria
307,Na Oryahovo,Bulgaria
308,Na Oryan,Bulgaria
309,Naa Toshets,Bulgaria
310,Nadyan,Bulgaria
311,Nazorovgrad,Bulgaria
312,Ndan,Bulgaria
313,Ndanski,Bulgaria
314,Nevo,Bulgaria
315,Nhev,Bulgaria
316,Nman,Bulgaria
317,Nmdelin,Bulgaria
318,Nuda,Bulgaria
319,Nusatets,Bulgaria
320,O Turnovgrad,Bulgaria
321,O Turnovo,Bulgaria
322,Oduy,Bulgaria
323,Ofa,Bulgaria
324,Ofga,Bulgaria
325,Ofhakoruda,Bulgaria
326,Ofia,Bulgaria
327,Ofra,Bulgaria
328,Ograd,Bulgaria
329,Ohel,Bulgaria
330,Okovets,Bulgaria
331,Okovski,Bulgaria
332,Omorie,Bulgaria
333,Opaluhovit,Bulgaria
334,Opaluhovo,Bulgaria
335,Opelare,Bulgaria
336,Opelarevo,Bulgaria
337,Opole,Bulgaria
338,Opolovgrad,Bulgaria
339,Opolovo,Bulgaria
340,Opovo,Bulgaria
341,Opzloduy,Bulgaria
342,Oro,Bulgaria
343,Orovadia,Bulgaria
344,Orovo,Bulgaria
345,Ostinbrovgrad,Bulgaria
346,Ostinbrovo,Bulgaria
347,Otse Delchik,Bulgaria
348,Ovgrad,Bulgaria
349,Ovo,Bulgaria
350,Oyag,Bulgaria
351,Paruhovishte,Bulgaria
352,Paruhovit,Bulgaria
353,Paruhovo,Bulgaria
354,Pdamnk,Bulgaria
355,Peta,Bulgaria
356,Petov,Bulgaria
357,Pnamyal,Bulgaria
358,Potol,Bulgaria
359,Prom,Bulgaria
360,Ptrmzhitsa,Bulgaria
361,Pyanovo,Bulgaria
362,Pzalditsa,Bulgaria
363,Pzalduv,Bulgaria
364,Pzaldzvid,Bulgaria
365,Pzaldzvilenera,Bulgaria
366,Pzamlki Preslav,Bulgaria
367,Pzanlak,Bulgaria
368,Razhik,Bulgaria
369,Razhitsa,Bulgaria
370,Reparuhovo,Bulgaria
371,Rets,Bulgaria
372,Revo,Bulgaria
373,Rfra,Bulgaria
374,Rkovech,Bulgaria
375,Rkovit,Bulgaria
376,Rmmolyan,Bulgaria
377,Rna Oryavna,Bulgaria
378,Ro Zagora,Bulgaria
379,Rofga,Bulgaria
380,Romorie,Bulgaria
381,Ropole,Bulgaria
382,Ropolovdiv,Bulgaria
383,Ropolovo,Bulgaria
384,Rovadia,Bulgaria
385,Rovo,Bulgaria
386,Rpan,Bulgaria
387,Rrdzhik,Bulgaria
388,Rrovlikeni,Bulgaria
389,Ruda,Bulgaria
390,Runovgrad,Bulgaria
391,Rya,Bulgaria
392,Ryahovo,Bulgaria
393,Ryavna,Bulgaria
394,Sabar,Bulgaria
395,Sabeitsa,Bulgaria
396,Sabeolovo,Bulgaria
397,Saberkovski,Bulgaria
398,Saberteven Brya,Bulgaria
399,Sabervel,Bulgaria
400,Sabyitsa,Bulgaria
401,Sare,Bulgaria
402,Saryahovo,Bulgaria
403,Saryan,Bulgaria
404,Saryanovgrad,Bulgaria
405,Septemvri,Bulgaria
406,Shets,Bulgaria
407,Shevo,Bulgaria
408,Shte,Bulgaria
409,Shteral Toshets,Bulgaria
410,Shtovo,Bulgaria
411,Ske,Bulgaria
412,Ski,Bulgaria
413,Smovgrad,Bulgaria
414,Sparuhovit,Bulgaria
415,Spelare,Bulgaria
416,Stara Zagora,Bulgaria
417,Szardzhitsa,Bulgaria
418,Tara Zagoevgrad,Bulgaria
419,Tara Zagora,Bulgaria
420,Tazanlak,Bulgaria
421,Tazarditsa,Bulgaria
422,Tcraf,Bulgaria
423,Tda,Bulgaria
424,Tera,Bulgaria
425,Tmovgrad,Bulgaria
426,Tmovgradchik,Bulgaria
427,Tra,Bulgaria
428,Tropovo,Bulgaria
429,Trovadia,Bulgaria
430,Trovgrad,Bulgaria
431,Tsa,Bulgaria
432,Ubrat,Bulgaria
433,Ubratsa,Bulgaria
434,Utrazhik,Bulgaria
435,Vanagyurishtovo,Bulgaria
436,Varditsa,Bulgaria
437,Vardzhik,Bulgaria
438,Vardzhitsa,Bulgaria
439,Vdatsa,Bulgaria
440,Vgrad,Bulgaria
441,Vid,Bulgaria
442,Vim,Bulgaria
443,Virhovitsa,Bulgaria
444,Vlievo,Bulgaria
445,Vliki Preslav,Bulgaria
446,Voge,Bulgaria
447,Vomay,Bulgaria
448,Vshievo,Bulgaria
449,Vtara Zagora,Bulgaria
450,Vzardzhik,Bulgaria
451,Yan,Bulgaria
452,Yanovgrad,Bulgaria
453,Yanovo,Bulgaria
454,Yarna,Bulgaria
455,Yarna Oryag,Bulgaria
456,Yavna,Bulgaria
457,Yeko,Bulgaria
458,Yimbol,Bulgaria
459,Ykmmilrngara Za,Bulgaria
460,Ynkovski,Bulgaria
461,Yrnovo,Bulgaria
462,Yuhitsa,Bulgaria
463,Z Hievo,Bulgaria
464,Zaddin,Bulgaria
465,Zaddn,Bulgaria
466,Zaddni,Bulgaria
467,Zadia,Bulgaria
468,Zadleven,Bulgaria
469,Zadleven Brya,Bulgaria
470,Zadrn,Bulgaria
471,Zakoruda,Bulgaria
472,Zamlki Preslav,Bulgaria
473,Zanlak,Bulgaria
474,Zarditsa,Bulgaria
475,Zazloduy,Bulgaria
476,Zazlog,Bulgaria
477,Zazlograd,Bulgaria
478,Zcarch,Bulgaria
479,Zcflik,Bulgaria
480,Zdarshets,Bulgaria
481,Zdelingrad,Bulgaria
482,Zdha,Bulgaria
483,Zdia,Bulgaria
484,Zdid,Bulgaria
485,Zdil,Bulgaria
486,Zdra,Bulgaria
487,Zevdiv,Bulgaria
488,Zevliko Turnovg,Bulgaria
489,Zezlrgrad,Bulgaria
490,Zfid,Bulgaria
491,Zfik,Bulgaria
492,Zfil,Bulgaria
493,Zflak,Bulgaria
494,Zgrad,Bulgaria
495,Zhets,Bulgaria
496,Zhhtov,Bulgaria
497,Ziltst,Bulgaria
498,Zkodech,Bulgaria
499,Zkodich,Bulgaria
500,Zkog,Bulgaria
501,Zkokik,Bulgaria
502,Zledelino,Bulgaria
503,Zlidineni,Bulgaria
504,Zlidinenie,Bulgaria
505,Zligora,Bulgaria
506,Zlkduc,Bulgaria
507,Zloduy,Bulgaria
508,Zmal,Bulgaria
509,Zmodyan,Bulgaria
510,Zmogyavna,Bulgaria
511,Zmolyan,Bulgaria
512,Zmolyanovgradch,Bulgaria
513,Zmolyanovo,Bulgaria
514,Znadon,Bulgaria
515,Zofga,Bulgaria
516,Zofgaa,Bulgaria
517,Zoflak,Bulgaria
518,Zomorie,Bulgaria
519,Zrod,Bulgaria
520,Zrogo,Bulgaria
521,Zrzldgrad,Bulgaria
522,Zski,Bulgaria
523,Ztara Zagora,Bulgaria
524,Zubovo,Bulgaria
525,Zubrat,Bulgaria
526,Zvardzhitsa,Bulgaria
527,Zvilengrad,Bulgaria
528,Zyad,Bulgaria
529,Zyan,Bulgaria
530,Zyanovo,Bulgaria
531,Zyik,Bulgaria
532,Zzdgrad,Bulgaria
533,Zzdia,Bulgaria
