,Name,Origin
0, Abo,Cameroon
1, Bouba,Cameroon
2, Ebolowa,Cameroon
3, Ii,Cameroon
4, Maojn,Cameroon
5, Mbala,Cameroon
6, Mbandjok,Cameroon
7, Mbandjou,Cameroon
8, Mbandjoundere,Cameroon
9, Mbang,Cameroon
10,A Ebokolowa,Cameroon
11,A Ebolo,Cameroon
12,Abo,Cameroon
13,Aelabo,Cameroon
14,Afea,Cameroon
15,Afumenda,Cameroon
16,Aibati,Cameroon
17,Amen,Cameroon
18,Amenda,Cameroon
19,Amendjok,Cameroon
20,Amendjoundo,Cameroon
21,Andjok,Cameroon
22,Anga,Cameroon
23,Anga Eboko,Cameroon
24,Anga Ebokolo,Cameroon
25,Anga Ebolodorf,Cameroon
26,Angmelima,Cameroon
27,Angmelimako,Cameroon
28,Angue,Cameroon
29,Ankim,Cameroon
30,Ansoa,Cameroon
31,Ayo,Cameroon
32,Azou,Cameroon
33,Ban,Cameroon
34,Belabo,Cameroon
35,Bertoua,Cameroon
36,Betire,Cameroon
37,Blel,Cameroon
38,Boao,Cameroon
39,Bttire,Cameroon
40,Bwi,Cameroon
41,Cha,Cameroon
42,Changmelima,Cameroon
43,Changmelimako,Cameroon
44,Changue,Cameroon
45,Chelelele,Cameroon
46,Chollire,Cameroon
47,Der,Cameroon
48,Dere,Cameroon
49,Dif,Cameroon
50,Dmua,Cameroon
51,Dnga,Cameroon
52,Dong,Cameroon
53,Duea,Cameroon
54,Dzou,Cameroon
55,Eelabo,Cameroon
56,Eelelele,Cameroon
57,Eelong Mbala,Cameroon
58,Einakeri,Cameroon
59,Eire,Cameroon
60,Elabo,Cameroon
61,Elcha,Cameroon
62,Ele,Cameroon
63,Elel,Cameroon
64,Elele,Cameroon
65,Elelel,Cameroon
66,Elelele,Cameroon
67,Elimako,Cameroon
68,Elonga,Cameroon
69,Elongsamba,Cameroon
70,Engene,Cameroon
71,Engwi,Cameroon
72,Ere,Cameroon
73,Eri,Cameroon
74,Ertouri,Cameroon
75,Etere,Cameroon
76,Famenda,Cameroon
77,Fei,Cameroon
78,Fel,Cameroon
79,Felabo,Cameroon
80,Felel,Cameroon
81,Fem,Cameroon
82,Feri,Cameroon
83,Fetere,Cameroon
84,Fima,Cameroon
85,Finga Ebolodorf,Cameroon
86,Finganga,Cameroon
87,Fnnde,Cameroon
88,Fnnme,Cameroon
89,Fume,Cameroon
90,Fumenda,Cameroon
91,Ganga,Cameroon
92,Gchanga,Cameroon
93,Gde,Cameroon
94,Gele,Cameroon
95,Gene,Cameroon
96,Gfa,Cameroon
97,Gmelimako,Cameroon
98,Gngmelima,Cameroon
99,Gon,Cameroon
100,Gora,Cameroon
101,Gou,Cameroon
102,Goua,Cameroon
103,Goua Boulai,Cameroon
104,Grioa,Cameroon
105,Gue,Cameroon
106,Gum,Cameroon
107,Gun,Cameroon
108,Hele,Cameroon
109,Ibe,Cameroon
110,Ielele,Cameroon
111,Ifangmelimako,Cameroon
112,Ifia,Cameroon
113,Ifinga,Cameroon
114,Ikinimeki,Cameroon
115,Iko,Cameroon
116,Ikom,Cameroon
117,Ikom Ii,Cameroon
118,Ili,Cameroon
119,Imbe,Cameroon
120,Ime,Cameroon
121,Imeki,Cameroon
122,Indif,Cameroon
123,Ing,Cameroon
124,Inga,Cameroon
125,Inga Eboko,Cameroon
126,Inga Ebolo,Cameroon
127,Inga Ebolodorf,Cameroon
128,Ingang,Cameroon
129,Inganga,Cameroon
130,Inimeki,Cameroon
131,Inkim,Cameroon
132,Intimoko,Cameroon
133,Issi,Cameroon
134,Itia,Cameroon
135,Itiaokidikinime,Cameroon
136,Izanga,Cameroon
137,Izon,Cameroon
138,Jboi,Cameroon
139,Jim,Cameroon
140,Jinikom Ii,Cameroon
141,Jinimeki,Cameroon
142,Jkkim,Cameroon
143,Jkkiniko,Cameroon
144,Kelelele,Cameroon
145,Kim,Cameroon
146,Kinikom,Cameroon
147,Kinimeki,Cameroon
148,Kiri,Cameroon
149,Kitia,Cameroon
150,Kne,Cameroon
151,Kola,Cameroon
152,Kolo,Cameroon
153,Kolodorf,Cameroon
154,Kom,Cameroon
155,Kong,Cameroon
156,Kongle,Cameroon
157,Kongsamba,Cameroon
158,Kongsambe,Cameroon
159,Konoli,Cameroon
160,Konolinga,Cameroon
161,Koteng,Cameroon
162,Kowa,Cameroon
163,Lam,Cameroon
164,Langmelima,Cameroon
165,Lei,Cameroon
166,Lere,Cameroon
167,Lgambe,Cameroon
168,Likom Ii,Cameroon
169,Lima,Cameroon
170,Limako,Cameroon
171,Linga,Cameroon
172,Linga Eboko,Cameroon
173,Linga Ebokola,Cameroon
174,Linga Ebolo,Cameroon
175,Linga Ebolodo,Cameroon
176,Linga Ebolowa,Cameroon
177,Lingangmelima,Cameroon
178,Lingangmelimako,Cameroon
179,Lire,Cameroon
180,Liwa,Cameroon
181,Lla,Cameroon
182,Llima,Cameroon
183,Llimako,Cameroon
184,Llire,Cameroon
185,Lmeyi,Cameroon
186,Lngmelima,Cameroon
187,Lngon,Cameroon
188,Longsambe,Cameroon
189,Louga,Cameroon
190,Louri,Cameroon
191,Lue,Cameroon
192,Lyi,Cameroon
193,Lzen,Cameroon
194,Mbandjok,Cameroon
195,Medim,Cameroon
196,Meedaberi,Cameroon
197,Meedjakiri,Cameroon
198,Meki,Cameroon
199,Melima,Cameroon
200,Melimako,Cameroon
201,Melo,Cameroon
202,Melong,Cameroon
203,Mendjou,Cameroon
204,Mfe,Cameroon
205,Mloi,Cameroon
206,Mme-Bafangmelim,Cameroon
207,Mngmelimako,Cameroon
208,Mngue,Cameroon
209,Mwi,Cameroon
210,Nbe,Cameroon
211,Ncha,Cameroon
212,Nchang,Cameroon
213,Nchele,Cameroon
214,Nchelel,Cameroon
215,Ndembam,Cameroon
216,Ndembandjok,Cameroon
217,Ndjok,Cameroon
218,Ndjou,Cameroon
219,Ndjoundemba,Cameroon
220,Ndjoundembam,Cameroon
221,Nee,Cameroon
222,Nei,Cameroon
223,Neima,Cameroon
224,Nele,Cameroon
225,Nelel,Cameroon
226,Nelele,Cameroon
227,Nelelele,Cameroon
228,Nelima,Cameroon
229,Nere,Cameroon
230,Neri,Cameroon
231,Nertoua,Cameroon
232,Nfangmelimako,Cameroon
233,Nfem,Cameroon
234,Nfeter,Cameroon
235,Ng Mbal,Cameroon
236,Ng Mbandjou,Cameroon
237,Ng Mbandjoun,Cameroon
238,Nga,Cameroon
239,Nga Eboko,Cameroon
240,Nganga,Cameroon
241,Ngangmelimako,Cameroon
242,Ngbe,Cameroon
243,Ngdelel,Cameroon
244,Ngene,Cameroon
245,Ngfe,Cameroon
246,Ngke,Cameroon
247,Ngmelima,Cameroon
248,Ngmelimako,Cameroon
249,Ngnelele,Cameroon
250,Ngsambam,Cameroon
251,Ngte,Cameroon
252,Ngue,Cameroon
253,Ngwi,Cameroon
254,Ngze,Cameroon
255,Nikom,Cameroon
256,Nikom Ii,Cameroon
257,Nimeki,Cameroon
258,Nja,Cameroon
259,Njfe,Cameroon
260,Njko,Cameroon
261,Njo,Cameroon
262,Nkim,Cameroon
263,Nkumbam,Cameroon
264,Nlima,Cameroon
265,Nngangmelima,Cameroon
266,Nngon,Cameroon
267,Nre,Cameroon
268,Nte,Cameroon
269,Ntem,Cameroon
270,Ntimoko,Cameroon
271,Nuei,Cameroon
272,Nwi,Cameroon
273,Nwim,Cameroon
274,Nyo,Cameroon
275,Nzon,Cameroon
276,Omgasbi,Cameroon
277,Onaberi,Cameroon
278,One,Cameroon
279,One Mbandjounde,Cameroon
280,Onele,Cameroon
281,Onelel,Cameroon
282,Ong,Cameroon
283,Ong Mbalmayo,Cameroon
284,Ong Mban,Cameroon
285,Ong Mbandjok,Cameroon
286,Ong Mbandjounde,Cameroon
287,Ong Mbang,Cameroon
288,Onga,Cameroon
289,Onga Ebolo,Cameroon
290,Ongsamba,Cameroon
291,Ongsambe,Cameroon
292,Ontcha,Cameroon
293,Onwim,Cameroon
294,Onzsa,Cameroon
295,Oue,Cameroon
296,Oumba,Cameroon
297,Owi,Cameroon
298,Pgou,Cameroon
299,Pntimokola,Cameroon
300,Rero,Cameroon
301,Rfua,Cameroon
302,Rmy-Bafia,Cameroon
303,Roua,Cameroon
304,Rtoua,Cameroon
305,Rtoua Bouba,Cameroon
306,Rtoua Boulai,Cameroon
307,Rtouala,Cameroon
308,Rtouri,Cameroon
309,Scha,Cameroon
310,Schang,Cameroon
311,Schanga Ebokolo,Cameroon
312,Schangmelimako,Cameroon
313,Sua,Cameroon
314,Tcha,Cameroon
315,Tchanga,Cameroon
316,Tchangte,Cameroon
317,Teboko,Cameroon
318,Telabo,Cameroon
319,Tem,Cameroon
320,Tenda,Cameroon
321,Teng,Cameroon
322,Tengene,Cameroon
323,Tengwi,Cameroon
324,Ter,Cameroon
325,Tere,Cameroon
326,Tero,Cameroon
327,Timeki,Cameroon
328,Timokidikinimek,Cameroon
329,Timoko,Cameroon
330,Tinga,Cameroon
331,Tngon,Cameroon
332,Tum,Cameroon
333,Tume,Cameroon
334,Tumendjou,Cameroon
335,Ture,Cameroon
336,Uea,Cameroon
337,Uei,Cameroon
338,Ueiwa,Cameroon
339,Uelel,Cameroon
340,Uelelel,Cameroon
341,Umen,Cameroon
342,Umenda,Cameroon
343,Undemba,Cameroon
344,Undere,Cameroon
345,Utengwi,Cameroon
346,Wem,Cameroon
347,Wom,Cameroon
348,Ylkary,Cameroon
349,Ylri,Cameroon
350,Yokadoum,Cameroon
351,Yokadouma,Cameroon
352,Yokadoumba,Cameroon
353,Yokadoumbot,Cameroon
354,Yri,Cameroon
355,Zang,Cameroon
356,Zanga,Cameroon
357,Zen,Cameroon
358,Zengene,Cameroon
359,Zon,Cameroon
360,Zong,Cameroon
361,Zou,Cameroon
