,Name,Origin
0, Akananoquitlam,Canada
1, Arm,Canada
2, Beaumont,Canada
3, Beaumonto,Canada
4, Berrey,Canada
5, Clest Kelowna,Canada
6, Cvmont Parklan,Canada
7, Grove,Canada
8, Grove-Richmont,Canada
9, Island,Canada
10, Lake,Canada
11, Mourt,Canada
12, Park,Canada
13, Paul,Canada
14, Thrancouver,Canada
15, Thrant Villiwa,Canada
16, Univer,Canada
17, Vale Prail,Canada
18, Vancouver Berr,Canada
19, Vancouverdale-,Canada
20, Vancouversoll,Canada
21, Village-Massey,Canada
22, Ville,Canada
23, York Universto,Canada
24,-Araprey,Canada
25,-De-Desmaures,Canada
26,-Des-Mont View,Canada
27,-Mesburn,Canada
28,-Non,Canada
29,-Preenbrook,Canada
30,-Rade,Canada
31,. Mall,Canada
32,. Parkland,Canada
33,.Ale Point-Kepo,Canada
34,.Ale West Villa,Canada
35,.Cold,Canada
36,.Gary,Canada
37,.Npranbrookhave,Canada
38,.Ont-Felicien,Canada
39,.Ranbrook Eastl,Canada
40,.Ranson,Canada
41,.Rathe-De-Desma,Canada
42,.Tlegar,Canada
43,.Word,Canada
44,.Woydminster-Br,Canada
45,.Yer,Canada
46,A Des-The Italy,Canada
47,Abbotsford,Canada
48,Adbeeles,Canada
49,Agrtvcona,Canada
50,Aknimbury,Canada
51,Algar,Canada
52,Alma,Canada
53,Amaie,Canada
54,Amburn,Canada
55,Amm Res,Canada
56,Ammontre,Canada
57,Amrose,Canada
58,Ams Lake,Canada
59,Amton,Canada
60,Anber,Canada
61,Anton,Canada
62,Aond,Canada
63,Arnpringston,Canada
64,Arnprington Bab,Canada
65,Arnprinvillage,Canada
66,Arnprinville,Canada
67,Arnprior,Canada
68,Arteadt Park,Canada
69,Asaga Berry,Canada
70,Aurora,Canada
71,Awvontonbrook E,Canada
72,B.Ooisbriavilla,Canada
73,Baboook East Gw,Canada
74,Bbbotsford,Canada
75,Bbotsford,Canada
76,Bconard,Canada
77,Bcote,Canada
78,Beaugusting-Cfb,Canada
79,Beaumont-August,Canada
80,Beaumonton,Canada
81,Beechborold Eas,Canada
82,Beechervillimbe,Canada
83,Bell Riverstoke,Canada
84,Bermede,Canada
85,Bevlewoods-Stee,Canada
86,Bmaie,Canada
87,Bnon,Canada
88,Bodn-Litt,Canada
89,Bonnyview,Canada
90,Booge,Canada
91,Booge-Marksvill,Canada
92,Boonh Coque,Canada
93,Boront Ville,Canada
94,Borough,Canada
95,Bouge,Canada
96,Bough,Canada
97,Brane,Canada
98,Brook,Canada
99,Brooke,Canada
100,Brookhave Lake,Canada
101,Bson,Canada
102,Bston Vale,Canada
103,Bucn Cowichmore,Canada
104,Bugy,Canada
105,Bumewood-Cedarv,Canada
106,Buond,Canada
107,C Gal,Canada
108,C.Anichview Vil,Canada
109,Cbe Coie Hat,Canada
110,Cbeaumond Lake,Canada
111,Cbeechborough,Canada
112,Ccae,Canada
113,Ccan,Canada
114,Ccentre,Canada
115,Ccentreal,Canada
116,Cclairie,Canada
117,Cclateaumond Wo,Canada
118,Cclmonto,Canada
119,Ccquamilton,Canada
120,Cdesmau,Canada
121,Cdesmaures,Canada
122,Ce Grove,Canada
123,Ce River Berreb,Canada
124,Ce Rupert,Canada
125,Chelt,Canada
126,Chelta,Canada
127,Cherville,Canada
128,Chint-Georges,Canada
129,Chint-Saint-Fel,Canada
130,Ci Alumewood,Canada
131,Ck Lake,Canada
132,Cladner,Canada
133,Clerdale East,Canada
134,Cles,Canada
135,Clestway,Canada
136,Clnte-Calgary,Canada
137,Cmmont,Canada
138,Cmoria,Canada
139,Cnlland Wood-Ce,Canada
140,Cona,Canada
141,Conard,Canada
142,Cora,Canada
143,Court,Canada
144,Cquamilton Arm,Canada
145,Cranbrooke,Canada
146,Ctane,Canada
147,Cvalley,Canada
148,Cwal,Canada
149,Dancouver,Canada
150,Dbrooke,Canada
151,Deast,Canada
152,Devon,Canada
153,Dhon,Canada
154,Dichan,Canada
155,Dichmonto,Canada
156,Dille,Canada
157,Dilley,Canada
158,Dland Lake,Canada
159,Dlangeisilewoad,Canada
160,Dlangevilland C,Canada
161,Dlangford,Canada
162,Dle-Richan,Canada
163,Dpail,Canada
164,Dpankevilliwack,Canada
165,Dpant,Canada
166,Dpickeringrove,Canada
167,Dronton Valle,Canada
168,Dvancouver,Canada
169,Dwoods-Steeles,Canada
170,Dyla,Canada
171,E Hat,Canada
172,Eaga Berrebonna,Canada
173,Eam,Canada
174,Ean,Canada
175,East,Canada
176,East End,Canada
177,East Gwill,Canada
178,East York,Canada
179,Eaville,Canada
180,Eawan Lake,Canada
181,Ecien,Canada
182,Ed Deer,Canada
183,Edarvale,Canada
184,Eilhon,Canada
185,Eka,Canada
186,El Island Cent ,Canada
187,Ela,Canada
188,Elas,Canada
189,Eld,Canada
190,Eles,Canada
191,Ema,Canada
192,Eme,Canada
193,Emouth Riversol,Canada
194,En Arm,Canada
195,Enooks,Canada
196,Ento,Canada
197,Enton,Canada
198,Enton-Littler,Canada
199,Estos,Canada
200,Ethbriand,Canada
201,Etme,Canada
202,Etobicoke,Canada
203,Etowell River,Canada
204,Etrichmont-Roya,Canada
205,Eville,Canada
206,Fall,Canada
207,Faradale,Canada
208,Faranbrookhaven,Canada
209,Farancourt,Canada
210,Farand Wood Pau,Canada
211,Farant,Canada
212,Faraumon Vancou,Canada
213,Fbrangersity He,Canada
214,Fcrieg-Gfelicin,Canada
215,Fester,Canada
216,Fgriver Beaumon,Canada
217,Firie,Canada
218,Foid E-Calumet,Canada
219,Foid Eake,Canada
220,Foid Eam,Canada
221,Foid Eea,Canada
222,Foid-Eeles,Canada
223,Foidbeeles,Canada
224,Foidbeer,Canada
225,Foidbermede,Canada
226,Fronts,Canada
227,Frrittlegar,Canada
228,Fvrince Paul,Canada
229,Ganagan,Canada
230,Ganata,Canada
231,Gas,Canada
232,Gbilbernon,Canada
233,Gcild Lake,Canada
234,Ged,Canada
235,Ges,Canada
236,Getw-Yon,Canada
237,Gevillage,Canada
238,Ghest,Canada
239,Giston,Canada
240,Gleyfield,Canada
241,Gmal,Canada
242,Gmant,Canada
243,Gmilton-Little ,Canada
244,Gniver,Canada
245,Gonne,Canada
246,Grand,Canada
247,Grand Heights,Canada
248,Grane,Canada
249,Grangley,Canada
250,Grangleyfield,Canada
251,Granson,Canada
252,Grant,Canada
253,Grant Parkdale,Canada
254,Grant Vancouver,Canada
255,Grove,Canada
256,Grove-Rich,Canada
257,Grove-Richmore,Canada
258,Grove-Richview-,Canada
259,Gsoll,Canada
260,Guprancouver,Canada
261,Guprence Rupert,Canada
262,Gwill,Canada
263,Gwilleyfield,Canada
264,H Gmsritt,Canada
265,Habermede,Canada
266,Hage,Canada
267,Hcmish,Canada
268,Hdme,Canada
269,Hdminster,Canada
270,Helt,Canada
271,Hetowel,Canada
272,Hibough,Canada
273,High Rivieres,Canada
274,Hille,Canada
275,Hilley,Canada
276,Hilleyfield,Canada
277,Hilliams Lake,Canada
278,Hillimbe,Canada
279,Hillimbermede,Canada
280,Hillowna,Canada
281,Hmidse,Canada
282,Hmmerland,Canada
283,Hmmerland Wood,Canada
284,Hmmerley,Canada
285,Hmmersity Heigh,Canada
286,Hmmersoll,Canada
287,Horough,Canada
288,I.Word,Canada
289,Iale Eastlegar,Canada
290,Iale Point-Augu,Canada
291,Ibough-Greek,Canada
292,Icalgar,Canada
293,Icdknvillage-Th,Canada
294,Ich,Canada
295,Ichan,Canada
296,Ichmore,Canada
297,Ichvieres,Canada
298,Iclkaylor-Masse,Canada
299,Iclnville,Canada
300,Iights,Canada
301,Ilairie,Canada
302,Ilanges,Canada
303,Ilater,Canada
304,Illage-Massey,Canada
305,Inges,Canada
306,Ingeville,Canada
307,Ipland Cent Rou,Canada
308,Irand Lake,Canada
309,Irie,Canada
310,Isbridge-Martin,Canada
311,Ise,Canada
312,Isiand Heigh Ri,Canada
313,Island,Canada
314,Islande Parksvi,Canada
315,Istany,Canada
316,Istaskiwin,Canada
317,Iston,Canada
318,Ithlaire,Canada
319,Ities-The Islan,Canada
320,Itin-Des-The It,Canada
321,Iwield,Canada
322,Iyle,Canada
323,K Akl,Canada
324,Kalaberrebonnyv,Canada
325,Kanagan,Canada
326,Kanata,Canada
327,Kbldga,Canada
328,Kbldgo-Greek,Canada
329,Kdmont View,Canada
330,Keai,Canada
331,Keaights,Canada
332,Kelicine Hat,Canada
333,Kelownsview-Rod,Canada
334,Kimberley,Canada
335,Kimbermede,Canada
336,Kimbury,Canada
337,King Island,Canada
338,Kingsvillowdale,Canada
339,Kirkland Height,Canada
340,Kirkland Lake,Canada
341,Kities-The Ital,Canada
342,Kitimat,Canada
343,Kland,Canada
344,Kman,Canada
345,Kmark,Canada
346,Kmmond,Canada
347,Krtssaint-Remi,Canada
348,Kterfrontreal,Canada
349,Ktma ,Canada
350,Kvancouver,Canada
351,L Baby Point-Ge,Canada
352,L River,Canada
353,La Malbaie,Canada
354,Lach,Canada
355,Lage,Canada
356,Lamburn,Canada
357,Land,Canada
358,Land Cent Ville,Canada
359,Land Wood,Canada
360,Latt,Canada
361,Lawrence Grove,Canada
362,Lbough,Canada
363,Lbsborouge,Canada
364,Lchan,Canada
365,Lchute,Canada
366,Lctoria,Canada
367,Ld Rose,Canada
368,Ldale,Canada
369,Leish,Canada
370,Ler,Canada
371,Lfa,Canada
372,Lhdngutt Park,Canada
373,Llage,Canada
374,Lnon,Canada
375,Lnttonbrooke,Canada
376,Lvton,Canada
377,Lwton,Canada
378,Man,Canada
379,Mane,Canada
380,Manee,Canada
381,Manrernhater-Br,Canada
382,Manrerni,Canada
383,Manrora,Canada
384,Mark,Canada
385,Mark Universoll,Canada
386,Markdale,Canada
387,Martin-De-Benni,Canada
388,Martin-Des-Mont,Canada
389,Martin-Des-The ,Canada
390,Marting,Canada
391,Marting Island ,Canada
392,Marting-Cfb,Canada
393,Martingrove,Canada
394,Mat,Canada
395,Mbe,Canada
396,Mber,Canada
397,Mbton,Canada
398,Mchelt,Canada
399,Mchute,Canada
400,Mcoe,Canada
401,Mcouver,Canada
402,Mede,Canada
403,Merley East,Canada
404,Met,Canada
405,Metler,Canada
406,Mittle Phail,Canada
407,Mlateaumont Coq,Canada
408,Mld Lake,Canada
409,Mldergrove,Canada
410,Mldergrove-Rich,Canada
411,Mleidale,Canada
412,Mloops,Canada
413,Mon Vancouver,Canada
414,Mond,Canada
415,Mond Centreal,Canada
416,Mond Wood Villa,Canada
417,Mont-Leonard,Canada
418,Mont-Pie,Canada
419,Monto,Canada
420,Montonbrooke We,Canada
421,Montre,Canada
422,Msbisorset Park,Canada
423,Mstington,Canada
424,N Cowichmorel-T,Canada
425,N Iale,Canada
426,N Valle,Canada
427,N-De-Desmau,Canada
428,N.Riavillage,Canada
429,Nacombert,Canada
430,Nbpony Plaint-R,Canada
431,Nbrooke,Canada
432,Nd Cent Cowicha,Canada
433,New Villiams La,Canada
434,Ngersity Heigh ,Canada
435,Ngerstos,Canada
436,Nges,Canada
437,Ngpringrove-Ric,Canada
438,Ngrove,Canada
439,Ngston Arm,Canada
440,Nlperth,Canada
441,Nmpten-Amesbury,Canada
442,Non,Canada
443,Norinvilley,Canada
444,Nppince Riview ,Canada
445,Npplland,Canada
446,Nprangley,Canada
447,Npray,Canada
448,Nprey,Canada
449,Npringsvieres,Canada
450,Npringsvillimbu,Canada
451,Nr-Ton Vancouve,Canada
452,Nrail,Canada
453,Nre,Canada
454,Nrray,Canada
455,Nru,Canada
456,Nsterboronto,Canada
457,Nsview,Canada
458,Nton,Canada
459,Nvarni,Canada
460,Nvilliams Lake,Canada
461,Nvillowdale Eas,Canada
462,Nwridge,Canada
463,Nwrights,Canada
464,Nyring,Canada
465,Oasbeston,Canada
466,Obchorouge,Canada
467,Ochrand,Canada
468,Ochranges,Canada
469,Ochrangley East,Canada
470,Old Lake,Canada
471,On Valle,Canada
472,On-Littlegary,Canada
473,Ond Woods-Steel,Canada
474,Ont,Canada
475,Opince Paul,Canada
476,Oque,Canada
477,Oquitlam,Canada
478,Ora,Canada
479,Orset Park,Canada
480,Orset Parkdale,Canada
481,Ouchelta,Canada
482,Oupert,Canada
483,Own-Benning,Canada
484,Owna,Canada
485,Oxd,Canada
486,P Malley,Canada
487,Paie,Canada
488,Pail,Canada
489,Palmerland Cent,Canada
490,Palmersoll,Canada
491,Park,Canada
492,Parksview Ville,Canada
493,Parksvilley,Canada
494,Pcien,Canada
495,Pelnte-Agathe-D,Canada
496,Pgreek,Canada
497,Pgrie,Canada
498,Phias,Canada
499,Pickerince Grov,Canada
500,Pickerince Port,Canada
501,Pickerince Rive,Canada
502,Pickering,Canada
503,Pickeringrove-R,Canada
504,Pickerington-Li,Canada
505,Pillowdale-Kipl,Canada
506,Pleaside-Vale,Canada
507,Pminster,Canada
508,Pnrie,Canada
509,Pnticton,Canada
510,Prince Grove,Canada
511,Prince River,Canada
512,Prince Ruperth ,Canada
513,Pring,Canada
514,Pringdvillage,Canada
515,Pringrove,Canada
516,Pringrove-River,Canada
517,Pringtonbroake,Canada
518,Prinvillage,Canada
519,Prinvillage-Mar,Canada
520,Prinvillage-Mas,Canada
521,Prinvillimbury,Canada
522,Prinvillowdale ,Canada
523,Prior,Canada
524,Pster-Branbrook,Canada
525,Psting,Canada
526,Psting-Cfb,Canada
527,Ptler,Canada
528,Pvieres,Canada
529,Pwillage,Canada
530,Qbonne,Canada
531,Qud,Canada
532,Qudter-Branbroo,Canada
533,Qufmon Valle,Canada
534,Qufmond Wood,Canada
535,Quftel,Canada
536,Quftel-Tracy,Canada
537,Quftel-Trail,Canada
538,Quwt,Canada
539,R Del-Tracy,Canada
540,R Vee,Canada
541,R-De-Benning,Canada
542,R-De-Desmau,Canada
543,R-Mark,Canada
544,Rabrence Paul,Canada
545,Racrie,Canada
546,Rad Oouse,Canada
547,Rail,Canada
548,Ranbrook,Canada
549,Rancouverdale W,Canada
550,Rand,Canada
551,Rangford,Canada
552,Ransons,Canada
553,Rart,Canada
554,Rary,Canada
555,Raview Wood,Canada
556,Ray,Canada
557,Rayton,Canada
558,Rborough-Greek,Canada
559,Rbtrois-Riverst,Canada
560,Rcae,Canada
561,Rceastle East,Canada
562,Rcmerrey,Canada
563,Rcmerrittle Poi,Canada
564,Rcmerrittletowe,Canada
565,Rcmerry,Canada
566,Rctictoria,Canada
567,Rcvernia,Canada
568,Real,Canada
569,Rfoods-Steeles,Canada
570,Rgchervillage,Canada
571,Rgchest Gwillag,Canada
572,Rgorvelstonbroo,Canada
573,Rialaberley Eas,Canada
574,Rich,Canada
575,Ridale Eastler,Canada
576,Risaaliette,Canada
577,Rlcmal,Canada
578,Rmitsamau,Canada
579,Rmslton,Canada
580,Rng Brant Rose,Canada
581,Rocky Mountaint,Canada
582,Rontreal,Canada
583,Rouge,Canada
584,Rough,Canada
585,Ruce River,Canada
586,Rvce,Canada
587,Rvieres,Canada
588,Rwail,Canada
589,Rwchester,Canada
590,Rwchestway,Canada
591,Rwdale West Yor,Canada
592,Rwdel-Trail,Canada
593,Rwrods-Stettle ,Canada
594,Saint-Royal,Canada
595,Sbest End,Canada
596,Sbmlsinn-Little,Canada
597,Sbning,Canada
598,Sborouge,Canada
599,Sburn,Canada
600,Sbury,Canada
601,Scourt,Canada
602,Scouver,Canada
603,Scthe Italy,Canada
604,Sftllage-The It,Canada
605,Sgdnard,Canada
606,Sgrevilliams La,Canada
607,Sgrevilliwack,Canada
608,Sgrove,Canada
609,Shmmassey,Canada
610,Skminster,Canada
611,Sktlam,Canada
612,Soks,Canada
613,Sview-Royal,Canada
614,Sword,Canada
615,Swton,Canada
616,Sxridge-Marting,Canada
617,Sylvan Lake,Canada
618,T. Alberni,Canada
619,Tabernon,Canada
620,Tabrook,Canada
621,Taylor-Massey,Canada
622,Tber,Canada
623,Tborougamaures,Canada
624,Tborough-Greenb,Canada
625,Te Bogs-Lee,Canada
626,Ter,Canada
627,Terry,Canada
628,Texborold,Canada
629,Tgan,Canada
630,Tgois-Riverston,Canada
631,Thorold Lake,Canada
632,Tisland,Canada
633,Tmoringrove,Canada
634,Tooo,Canada
635,Torough,Canada
636,Tpoint-Leonard,Canada
637,Tporth Communit,Canada
638,Trail,Canada
639,Trathe-De-Desma,Canada
640,Treal,Canada
641,Trfood Paul,Canada
642,Troisbridge,Canada
643,Tsore,Canada
644,Ttborold Lake,Canada
645,Tte,Canada
646,Ttyin,Canada
647,Tuork Universit,Canada
648,Tvictorinvillow,Canada
649,Twbotsford,Canada
650,Ucmet,Canada
651,Ucoke West Mall,Canada
652,Uechestminsterb,Canada
653,Uevilleyfield,Canada
654,Uickerince Rupe,Canada
655,Uickeringrove,Canada
656,Umase,Canada
657,Umborold Lake,Canada
658,Umet,Canada
659,Umewood Parksvi,Canada
660,Umewoods-Steele,Canada
661,Uncville,Canada
662,Ungvivle,Canada
663,Ungvombert,Canada
664,Univer,Canada
665,Unovi-Wrence Ri,Canada
666,Uond,Canada
667,Urake,Canada
668,Ute,Canada
669,Vale,Canada
670,Vale Italy,Canada
671,Vall,Canada
672,Valle,Canada
673,Vanch,Canada
674,Vancouver,Canada
675,Vcherwood Villo,Canada
676,Vchest Valley,Canada
677,Vcterfront Park,Canada
678,Vernie,Canada
679,Victon,Canada
680,Victon Vancourt,Canada
681,Victoriavillage,Canada
682,Victorince Rive,Canada
683,Victorince Rupe,Canada
684,Vieres,Canada
685,View-Roding,Canada
686,Village,Canada
687,Village-Mark,Canada
688,Villand Lake,Canada
689,Ville,Canada
690,Villey,Canada
691,Villey East,Canada
692,Villiams Lake,Canada
693,Villiwack Lake,Canada
694,Villowdale,Canada
695,Villowdale Prai,Canada
696,Vler,Canada
697,Vstle East,Canada
698,Vter-Branbrookh,Canada
699,Vtony Port Cowi,Canada
700,Vullage-The Wes,Canada
701,Vvillowdale,Canada
702,W Vorne,Canada
703,W.Ole,Canada
704,Wbbotsford,Canada
705,Wbobsront Villa,Canada
706,Wbointe-Calgar,Canada
707,Wcona,Canada
708,Wdale-Kiplingro,Canada
709,West Kelowridge,Canada
710,Westway,Canada
711,Wetaskiwin,Canada
712,Wlborold,Canada
713,Wmonton Baby Po,Canada
714,Wnie,Canada
715,Wno,Canada
716,Wnob,Canada
717,Wnoview,Canada
718,Wnovilland Cent,Canada
719,Wnte-Calumewood,Canada
720,Wood Ville,Canada
721,Wood Villownsvi,Canada
722,Wra,Canada
723,Wrangersity Hei,Canada
724,Wranson,Canada
725,Wridge-Massey,Canada
726,Wridge-The Ital,Canada
727,Wrights,Canada
728,Wrods-Steeles,Canada
729,Wrods-Stette,Canada
730,Wrogai,Canada
731,Wront Park Nort,Canada
732,Wront Rose,Canada
733,Wront-Leona,Canada
734,Wronts,Canada
735,Wsbestminster-B,Canada
736,Wster,Canada
737,Wsterboront-Abe,Canada
738,Xane,Canada
739,Xangford,Canada
740,Xdale,Canada
741,Xmark,Canada
742,Xrancourt,Canada
743,Yark,Canada
744,Ycoke,Canada
745,Ydale,Canada
746,Ygryvillowridge,Canada
747,Yla,Canada
748,Ylaint-Hille,Canada
749,Yle,Canada
750,Yleasant,Canada
751,York,Canada
752,York North Comm,Canada
753,York Univer,Canada
754,York Universoll,Canada
755,Yprince Grove,Canada
756,Yri,Canada
757,Yrray,Canada
758,Yrrayton,Canada
759,Yrrayton Bay,Canada
760,Yrrayton Valle,Canada
761,Yrritt,Canada
762,Yrrittle West E,Canada
763,Yville,Canada
764,Yvilliwack,Canada
