,Name,Origin
0, Clemana,Chile
1, Industria,Chile
2, Javi,Chile
3, Pintana,Chile
4, Prat,Chile
5, Puerto Hospici,Chile
6, Res,Chile
7, Serena,Chile
8, Tiranquenes,Chile
9, Vicuna,Chile
10,A Alto Hospital,Chile
11,Acco,Chile
12,Aicun,Chile
13,Ailes,Chile
14,Aina Del Mar,Chile
15,Alera,Chile
16,Alto,Chile
17,Alto Hospicion,Chile
18,Alto Monte Almo,Chile
19,Alto Varahue,Chile
20,Alto Varas,Chile
21,Amana,Chile
22,Amauenes,Chile
23,Ancud,Chile
24,Anero,Chile
25,Ango,Chile
26,Astoi,Chile
27,Aulo,Chile
28,Aupolinar,Chile
29,Aura Frei,Chile
30,Brlca,Chile
31,Brlos,Chile
32,Brlra Era,Chile
33,Brrones,Chile
34,Brrongo,Chile
35,Brrorones,Chile
36,Brrro Prat,Chile
37,Brrrol,Chile
38,Buin,Chile
39,Bulo,Chile
40,Buloi,Chile
41,Cbrlla Pinta Ca,Chile
42,Cemtero,Chile
43,Cente,Chile
44,Cento,Chile
45,Cha,Chile
46,Chali,Chile
47,Chen,Chile
48,Chi,Chile
49,Chjillan,Chile
50,Cho,Chile
51,Chu,Chile
52,Cicho,Chile
53,Ciji,Chile
54,Cimiento,Chile
55,Cllmagro,Chile
56,Coche,Chile
57,Cochen,Chile
58,Codel Mar,Chile
59,Con,Chile
60,Cone De Tagua,Chile
61,Conel,Chile
62,Cones,Chile
63,Congo,Chile
64,Congol,Chile
65,Conheb,Chile
66,Conte,Chile
67,Conte Frei,Chile
68,Copalmonte,Chile
69,Coti,Chile
70,Crlbuco,Chile
71,Crrongavier,Chile
72,Cud,Chile
73,De Almontt,Chile
74,Dillapel,Chile
75,Donte Almagro,Chile
76,Ebu,Chile
77,Ejilla Almonte,Chile
78,Ente,Chile
79,Fllrana,Chile
80,Fllranete,Chile
81,Fllras,Chile
82,Fllrpulli,Chile
83,Fllrtal,Chile
84,Flor,Chile
85,Fno,Chile
86,Fnrral,Chile
87,Frei,Chile
88,Freire,Chile
89,Gco,Chile
90,Gel,Chile
91,Go De Tagua Tag,Chile
92,Go Del Monte Fr,Chile
93,Gol,Chile
94,Gon,Chile
95,Gondes,Chile
96,Guipulli,Chile
97,Hicio,Chile
98,Hicion,Chile
99,Hilla,Chile
100,Hilla Almonte,Chile
101,Hilla Pinta Car,Chile
102,Hilla Pintana,Chile
103,Hilla Prat,Chile
104,Hilla Pres,Chile
105,Hillapel,Chile
106,Hillaya Brava,Chile
107,Hillones,Chile
108,Hillota,Chile
109,Himbaro,Chile
110,Hisp,Chile
111,Honcepcion,Chile
112,Hsipna,Chile
113,Hsipnares,Chile
114,Hulchen,Chile
115,Iclones,Chile
116,Ico,Chile
117,Icun,Chile
118,Icuna,Chile
119,Ihue,Chile
120,Ihueco,Chile
121,Illa,Chile
122,Illa Alemana,Chile
123,Illa Almonte,Chile
124,Illa Almonte Pa,Chile
125,Illa Prat,Chile
126,Illan,Chile
127,Illapel,Chile
128,Illas,Chile
129,Illay,Chile
130,Illaya Bravanc,Chile
131,Illonel,Chile
132,Illones,Chile
133,Illota,Chile
134,Imas,Chile
135,Ina,Chile
136,Ina De Alemente,Chile
137,Ina De Alemento,Chile
138,Ina De Almonte ,Chile
139,Ina De Tagua,Chile
140,Ina De Tagua Ta,Chile
141,Ina De Tagua Ti,Chile
142,Ina Del Mar,Chile
143,Ina Del Monte,Chile
144,Inandes,Chile
145,Inandisi,Chile
146,Inar,Chile
147,Inardo,Chile
148,Inares,Chile
149,Inaresidente,Chile
150,Inaresidente Al,Chile
151,Inaresidente Pa,Chile
152,Inaresidento,Chile
153,Inaudo,Chile
154,Inda La Tagua,Chile
155,Inda La Union,Chile
156,Industria,Chile
157,Industro,Chile
158,Ine,Chile
159,Intana,Chile
160,Ipillan,Chile
161,Iul,Chile
162,Javi,Chile
163,Javier,Chile
164,Jilla Almonte D,Chile
165,Jilla Pinta Cal,Chile
166,Jillan,Chile
167,Jillapel,Chile
168,Jillay,Chile
169,Jillonel,Chile
170,Jillota,Chile
171,Jivia,Chile
172,Jlllpte,Chile
173,Jqvi,Chile
174,Lallenardo,Chile
175,Lamana,Chile
176,Lan,Chile
177,Lar,Chile
178,Lauamonte,Chile
179,Lbuco,Chile
180,Lca,Chile
181,Lchen,Chile
182,Lci,Chile
183,Lcihienda La Ti,Chile
184,Lcones,Chile
185,Leba,Chile
186,Lena,Chile
187,Lfrei,Chile
188,Lfreire,Chile
189,Lica,Chile
190,Lican,Chile
191,Lilau,Chile
192,Lilauleire,Chile
193,Lilaulihue,Chile
194,Lilaulo,Chile
195,Lilia,Chile
196,Lilian,Chile
197,Lina,Chile
198,Lina De Almagro,Chile
199,Lina De Tagua,Chile
200,Linar,Chile
201,Linaresidente,Chile
202,Lipilla,Chile
203,Lirana,Chile
204,Lla,Chile
205,Lla Alemanchi,Chile
206,Lla Alemento,Chile
207,Lla Almaceda,Chile
208,Lla Almagro,Chile
209,Lla Almonte,Chile
210,Lla Almonte Ale,Chile
211,Lla Almonte Alt,Chile
212,Lla Alto,Chile
213,Lla Alto Monte ,Chile
214,Lla Pinta Carah,Chile
215,Lla Pinta Cruz,Chile
216,Lla Pintana,Chile
217,Lla Prado,Chile
218,Lla Prat,Chile
219,Lla Pres,Chile
220,Lla Presidente,Chile
221,Lla Presidente ,Chile
222,Llan,Chile
223,Llapel,Chile
224,Llas,Chile
225,Llay,Chile
226,Llaya Brava,Chile
227,Llaya Bravanca,Chile
228,Llaya Bravancha,Chile
229,Llaya Bravanchi,Chile
230,Llena,Chile
231,Lli,Chile
232,Llipe,Chile
233,Llipilla Penafl,Chile
234,Llipillan,Chile
235,Llipillota,Chile
236,Llipulli,Chile
237,Llipullipulli,Chile
238,Llonaldivia,Chile
239,Llonel,Chile
240,Llones,Chile
241,Llota,Chile
242,Llpte,Chile
243,Lmagro,Chile
244,Lna,Chile
245,Lones,Chile
246,Lota,Chile
247,Lranque,Chile
248,Ltagua Tiranque,Chile
249,Ltal,Chile
250,Lvipulli,Chile
251,Mabreros,Chile
252,Mcento,Chile
253,Micno,Chile
254,Minardo,Chile
255,Mlche,Chile
256,Mlchen,Chile
257,Mnchi,Chile
258,Monte Freire,Chile
259,Mrlis,Chile
260,Mtlha,Chile
261,Mzo,Chile
262,Nar,Chile
263,Nardo,Chile
264,Nas,Chile
265,Nca,Chile
266,Ncepcion,Chile
267,Ncha,Chile
268,Nchali,Chile
269,Nchi,Chile
270,Ncipillota,Chile
271,Nes,Chile
272,Ngo,Chile
273,Ngol,Chile
274,Nican,Chile
275,Ollipe,Chile
276,Ollipilla,Chile
277,Oncepci,Chile
278,Oncepcio,Chile
279,Onchi,Chile
280,Onchicho,Chile
281,Onchillapel,Chile
282,Onco,Chile
283,Oncoche,Chile
284,Panmo,Chile
285,Pilla,Chile
286,Pilla Alemana,Chile
287,Pilla Prat,Chile
288,Pillan,Chile
289,Pillana,Chile
290,Pintana,Chile
291,Play,Chile
292,Plla Alemanchal,Chile
293,Pllapel,Chile
294,Plllpra,Chile
295,Pllones,Chile
296,Prat,Chile
297,Pros,Chile
298,Pullipilla,Chile
299,Que,Chile
300,Que Balmaceda,Chile
301,Queno,Chile
302,Quente,Chile
303,Quique,Chile
304,Rahue,Chile
305,Ral,Chile
306,Ras,Chile
307,Ravanchi,Chile
308,Rena,Chile
309,Rial,Chile
310,Rico,Chile
311,Rihue,Chile
312,Rihueco,Chile
313,Rii,Chile
314,Rina,Chile
315,Rina De Tagua,Chile
316,Rinardi,Chile
317,Rio Buenes,Chile
318,Rio Bueno,Chile
319,Rio Buente,Chile
320,Rio Industro,Chile
321,Riul,Chile
322,Rlas,Chile
323,Rlisa,Chile
324,Rlos,Chile
325,Rnaresidento,Chile
326,Rnartaro,Chile
327,Rones,Chile
328,Rongavi,Chile
329,Rral,Chile
330,Ruz,Chile
331,Siangol,Chile
332,Siante De Tagua,Chile
333,Sicente,Chile
334,Sicno,Chile
335,Sidento,Chile
336,Sihna,Chile
337,Sihne,Chile
338,Sihnento,Chile
339,Siin,Chile
340,Siine,Chile
341,Siinta Cruz,Chile
342,Sinta Cruz,Chile
343,Sipna,Chile
344,Sirnarfueite,Chile
345,Sisn,Chile
346,Slina,Chile
347,Snte,Chile
348,Srial,Chile
349,Srina,Chile
350,Srina Erena,Chile
351,Srinar,Chile
352,Srinaresidento,Chile
353,Srrio Industro,Chile
354,Stiia,Chile
355,Stio,Chile
356,Stio Bueno,Chile
357,Stria,Chile
358,Stro,Chile
359,Tco,Chile
360,Tcochen,Chile
361,Tcon,Chile
362,Tcongol,Chile
363,Tcoo,Chile
364,Tel,Chile
365,Tica,Chile
366,Tican,Chile
367,Ticento,Chile
368,Tico,Chile
369,Ticuna,Chile
370,Tilaulo,Chile
371,Tinardo,Chile
372,Tio,Chile
373,Tlcuna,Chile
374,Tlla,Chile
375,Tllay,Chile
376,Tllones,Chile
377,Tllota,Chile
378,Tna,Chile
379,Tnco,Chile
380,To Hospicio,Chile
381,Uco,Chile
382,Uenes,Chile
383,Ulche,Chile
384,Ulli,Chile
385,Ullipe,Chile
386,Ullipilla,Chile
387,Ullipillapel,Chile
388,Ullipullipillap,Chile
389,Ullipullipillot,Chile
390,Unc,Chile
391,Ungo,Chile
392,Uque,Chile
393,Vaico,Chile
394,Vanca,Chile
395,Var,Chile
396,Vce,Chile
397,Vchu,Chile
398,Vcldavlnrava,Chile
399,Vcldivia,Chile
400,Vclpiel,Chile
401,Vco,Chile
402,Vcoche,Chile
403,Vcopillaya Brav,Chile
404,Vic,Chile
405,Vicento,Chile
406,Vicun,Chile
407,Vicuna,Chile
408,Vier,Chile
409,Villota,Chile
410,Vina,Chile
411,Vlllpen,Chile
412,Vlllpye,Chile
413,Vllpte,Chile
414,Volli,Chile
415,Vongo,Chile
416,Ya Bravanca,Chile
417,Yga Del Mar,Chile
418,Yn Bernaresiden,Chile
419,Yna,Chile
420,Ziltulo,Chile
421,Zipe,Chile
422,Zonalemente,Chile
