,Name,Origin
0, Chen,China
1, Cheng,China
2, Chengqu,China
3, Chenzhou,China
4, Ecuzoounzhenji,China
5, Ergi,China
6, Iu,China
7, Xian,China
8, Xiang,China
9, Zheshu,China
10,'An,China
11,A'An,China
12,Acheng,China
13,Ainanyi,China
14,Ajiaoyuan,China
15,Ajinghua,China
16,Ali,China
17,Anan,China
18,Andu,China
19,Anfu,China
20,Ang,China
21,Angguang,China
22,Anghu,China
23,Angshun,China
24,Anhai,China
25,Anhe,China
26,Anhua,China
27,Anhuanzheng,China
28,Anjiajie,China
29,Anjiang,China
30,Anjingning,China
31,Ankou,China
32,Anlou,China
33,Anmiao,China
34,Anmiaochun,China
35,Anping,China
36,Ansha,China
37,Antougou,China
38,Anyang,China
39,Anzhengchegu,China
40,Anzhou,China
41,Anzhua,China
42,Anzhuang,China
43,Aomen,China
44,Aomengwan,China
45,Aoming,China
46,Aomingdie,China
47,Aoshang,China
48,Aoshar,China
49,Aqing,China
50,Ashan,China
51,Ayang,China
52,Azhaogou,China
53,Azhuan,China
54,Bang,China
55,Bao,China
56,Baosha,China
57,Cang,China
58,Cgang,China
59,Chang,China
60,Chaozhen,China
61,Chen,China
62,Cheng,China
63,Cheng Chela,China
64,Cheng Cheng,China
65,Chengdao,China
66,Chenggang,China
67,Chengguan,China
68,Chengshang,China
69,Chengyang,China
70,Chentou,China
71,Chenyuang,China
72,Chenzhai,China
73,Chenzhou,China
74,Chizilu,China
75,Chongning,China
76,Chua,China
77,Chuan,China
78,Chuan Chenggang,China
79,Chuang,China
80,Chuangping,China
81,Chuangshan,China
82,Chuanhai,China
83,Chuanjing,China
84,Chuankeshan,China
85,Ciang,China
86,Ciangdongbu,China
87,Cianqiao,China
88,Cing,China
89,Cingyang,China
90,Cingyuang,China
91,Cinzhengdie,China
92,Cqongshan,China
93,Dan,China
94,Danggu,China
95,Danghai,China
96,Diangjia,China
97,Diangling,China
98,Dianjiaojia,China
99,Dianwangyanghu,China
100,Dianying,China
101,Die,China
102,Ding,China
103,Dingguansha,China
104,Dinghu,China
105,Dingnan,China
106,Dingyan,China
107,Diu,China
108,Dong,China
109,Dongxian,China
110,Dongzi,China
111,Dongzuo,China
112,Easha,China
113,Eeshan,China
114,Eiaochengguangs,China
115,Eiaotian,China
116,Eihe,China
117,Eihecun,China
118,Eining,China
119,Einingxi,China
120,Elan,China
121,Eng,China
122,Eng Cheng,China
123,Enggang,China
124,Engguang,China
125,Engzhai,China
126,Enqiu,China
127,Eonijie,China
128,Eosiang,China
129,Eshan,China
130,Etai,China
131,Etongshu,China
132,Eyan,China
133,Feng,China
134,Fengba,China
135,Fengguan,China
136,Fenghuan,China
137,Fengpa,China
138,Fengwan,China
139,Fujiakou Shiqua,China
140,Fujiang,China
141,Fungaeshi,China
142,Fungaimajie,China
143,Fungangguanzhen,China
144,Fungaosha,China
145,Funzhou,China
146,Fuzhengguanhe,China
147,G Cheng,China
148,G Xiangzhoulin,China
149,Gang,China
150,Gaosha,China
151,Gbao,China
152,Gchongzuo,China
153,Gdong,China
154,Gdongzi,China
155,Gei,China
156,Gezhua,China
157,Ggqu,China
158,Gguan,China
159,Gguang,China
160,Gguanggou,China
161,Ghu,China
162,Ghuan,China
163,Ghuangzhou,China
164,Glinglin,China
165,Glongli,China
166,Gnanyi,China
167,Gngnan,China
168,Gqing,China
169,Gshi,China
170,Gshu,China
171,Gshun,China
172,Gshunzhenggangg,China
173,Gxia,China
174,Gyang,China
175,Gyashang,China
176,Gzhou,China
177,Haba,China
178,Hae,China
179,Hagangtao,China
180,Hai,China
181,Hama,China
182,Han,China
183,Hanchuan,China
184,Hang,China
185,Hanhe,China
186,Haotian,China
187,Haozhou,China
188,Hapingguan,China
189,Hapinghe,China
190,Hedian,China
191,Hediang,China
192,Hediangjiangcun,China
193,Heng,China
194,Hou,China
195,Hqxi,China
196,Hua,China
197,Hua Qu,China
198,Huan,China
199,Huancheng Chen,China
200,Huanchenyi,China
201,Huang,China
202,Huanyi,China
203,Hui,China
204,Huikou,China
205,Hun,China
206,Hyi,China
207,I Cuexi,China
208,I'An,China
209,Ian,China
210,Ianba,China
211,Iang,China
212,Iao,China
213,Ihu,China
214,Imeichengguangz,China
215,Inan,China
216,Incheng,China
217,Inchengdao,China
218,Indi,China
219,Indingding,China
220,Indingguangshui,China
221,Ing,China
222,Ingguan Chen,China
223,Ingliu,China
224,Ingshuikou,China
225,Ingyashanjiahe,China
226,Inhuang,China
227,Ining,China
228,Inshan,China
229,Inshun,China
230,Inxianfengguang,China
231,Inzhengbu,China
232,Inzhou,China
233,Jia,China
234,Jiakou,China
235,Jian,China
236,Jiang,China
237,Jiangbai,China
238,Jiangpan,China
239,Jiangping,China
240,Jiangsha,China
241,Jiangshu,China
242,Jiangtan,China
243,Jiangxian,China
244,Jiangyangtan,China
245,Jiangyuang,China
246,Jiangzhuan,China
247,Jianjia,China
248,Jianjiangling,China
249,Jianyi,China
250,Jiao,China
251,Jiaocheng,China
252,Jiaochengqing,China
253,Jiaojunmen,China
254,Jiatun,China
255,Jin,China
256,Kan,China
257,Kangshanjing,China
258,Kengying,China
259,Keshu,China
260,Khcaopinglongli,China
261,Kongzuo,China
262,Kou,China
263,Lai,China
264,Lai Nur,China
265,Lan,China
266,Lian,China
267,Liangjiangu,China
268,Lig,China
269,Lin,China
270,Ling,China
271,Liuqing,China
272,Liwang,China
273,Long,China
274,Long'An,China
275,Longbaishan,China
276,Longhe,China
277,Longle,China
278,Longsha,China
279,Man,China
280,Manmeng Chen,China
281,Mdangyangaiman,China
282,Mei,China
283,Meichengguang,China
284,Men,China
285,Meng,China
286,Menggu,China
287,Menxing,China
288,Mian,China
289,Miangmengchuan,China
290,Miangshan,China
291,Miao Zheng,China
292,Miaolou,China
293,Mingning,China
294,Nan,China
295,Nazhou,China
296,Nchaotou,China
297,Ncheng,China
298,Ndi,China
299,Nding,China
300,Ndingtai,China
301,Nehu,China
302,Ng'An,China
303,Ngchun,China
304,Ngcongzhou,China
305,Nghai,China
306,Nghuang,China
307,Ngning,China
308,Ngsha,China
309,Ngtai,China
310,Ngwangshangle,China
311,Ngxiang,China
312,Ngyangmiaocheng,China
313,Ngzhoukou,China
314,Nhe,China
315,Nhuan,China
316,Nhuangcheng,China
317,Nhuangzhou,China
318,Ning,China
319,Nji,China
320,Njia,China
321,Njian,China
322,Njiang,China
323,Nlai Nur,China
324,Nlou,China
325,Nnghe,China
326,Nongjiakou,China
327,Nqiangzhan,China
328,Nqiu,China
329,Nquan,China
330,Nquangfu,China
331,Nshan,China
332,Nshangzhou,China
333,Ntai,China
334,Nwang,China
335,Nxi,China
336,Nxian,China
337,Nyang,China
338,Nyanghe,China
339,Nyi,China
340,Nzhou,China
341,Nzhuang,China
342,Ohe,China
343,Ohu,China
344,Ong,China
345,Ongcheng,China
346,Ongcongba,China
347,Ongfenggangqing,China
348,Ongfu,China
349,Onghe,China
350,Ongjianggang,China
351,Ongkang,China
352,Ongle,China
353,Ongliuqi,China
354,Ongnanyi,China
355,Ongning,China
356,Ongshang,China
357,Ongshu,China
358,Ongxiang,China
359,Ongzhaoxing,China
360,Ongzhi,China
361,Ongzhou,China
362,Ongzhuan,China
363,Oudi,China
364,Oukou Shiquan,China
365,Oumi,China
366,Pan,China
367,Ping,China
368,Pingfeng,China
369,Pingfu,China
370,Pinghe,China
371,Pingjiao,China
372,Pinglongningtai,China
373,Pingningdong,China
374,Pongyan,China
375,Qai,China
376,Qan,China
377,Qiang,China
378,Qiao,China
379,Qiao Zhengcheng,China
380,Qiaochegu,China
381,Qiaojiangxiangl,China
382,Qiaojiazhaiguan,China
383,Qiaoliangliu,China
384,Qiaotiang,China
385,Qiaotougou,China
386,Qiaoyuang,China
387,Qingyang,China
388,Qlongzhi,China
389,Qong,China
390,Qonghai,China
391,Qonglongnanyi,China
392,Quanzhengshan,China
393,Ren,China
394,Renhe,China
395,Renhot,China
396,Sha,China
397,Shan,China
398,Shang,China
399,Shang Cheng,China
400,Shangqing,China
401,Shanguo,China
402,Shanyang,China
403,Shanyangjiangya,China
404,Sheng,China
405,Shi,China
406,Shishu,China
407,Shu,China
408,Shui,China
409,Shun,China
410,Tai,China
411,Tan,China
412,Tan Cheng,China
413,Tan Chengguanhe,China
414,Tang,China
415,Tao,China
416,U S,China
417,U'An,China
418,Uan,China
419,Uda,China
420,Udu,China
421,Uhe,China
422,Ujiahe,China
423,Ujiang,China
424,Ujianyi,China
425,Ulin,China
426,Uling,China
427,Ulingcun,China
428,Ume,China
429,Ungning,China
430,Uoya,China
431,Uqi,China
432,Ure,China
433,Ushu,China
434,Uxi,China
435,Uxiang,China
436,Uyangguangxia,China
437,Wai,China
438,Wan,China
439,Wang,China
440,Wang Cheng Chen,China
441,Wang'Anshan,China
442,Wangqing,China
443,Wangshanhe,China
444,Wangxiangdu,China
445,X Cheng,China
446,Xang,China
447,Xgchen,China
448,Xia,China
449,Xian,China
450,Xiang,China
451,Xiangxia,China
452,Xin,China
453,Xing,China
454,Xingding,China
455,Xingguanhot,China
456,Xjianfengguan,China
457,Xnshangcheng,China
458,Xshu,China
459,Xwang,China
460,Yan,China
461,Yang,China
462,Yang Cheng,China
463,Yangdong'An,China
464,Yanghe,China
465,Yangjiakou,China
466,Yangjiang,China
467,Yanglin,China
468,Yanglingnanyang,China
469,Yangmiaochenzhe,China
470,Yangning,China
471,Yangpinghai,China
472,Yangshan,China
473,Yangshanggu,China
474,Yangshitou,China
475,Yangyang,China
476,Yangyin,China
477,Yangyuang,China
478,Yao,China
479,Yian,China
480,Yin Chengguang,China
481,Ying,China
482,Yinghai,China
483,Yiu,China
484,Zaogezhou,China
485,Zhai,China
486,Zhaigu,China
487,Zhan,China
488,Zhang,China
489,Zhaogou,China
490,Zhaowu,China
491,Zhaozhuangpa,China
492,Zhen,China
493,Zheng,China
494,Zhengdonghu,China
495,Zhi,China
496,Zhong,China
497,Zhou,China
498,Zhoukou,China
499,Zhoulingyang,China
500,Zhuan,China
501,Zibo,China
502,Znotou,China
503,Zoudi,China
504,Zwang,China
