,Name,Origin
0, Carlos,Colombia
1, Carmen,Colombia
2, Catagoa,Colombia
3, De Berna,Colombia
4, De Vicencio,Colombia
5, Gloreno,Colombia
6, Grander,Colombia
7, La De Leguizal,Colombia
8, Marque,Colombia
9, Oalestias,Colombia
10, Oalez,Colombia
11, Oas,Colombia
12, Playa,Colombia
13, Rafael,Colombia
14, Rica,Colombia
15, Viboral,Colombia
16, Viejo,Colombia
17, Viejorrobo,Colombia
18, Vien,Colombia
19, Viento,Colombia
20, Virginitos,Colombia
21, Viterico,Colombia
22, Yuca,Colombia
23,-Luyabandelna,Colombia
24,-Luyva,Colombia
25,-Rujsnero,Colombia
26,A Bara,Colombia
27,A Cruz,Colombia
28,A De Ubate,Colombia
29,A Viento,Colombia
30,Aberma,Colombia
31,Adas,Colombia
32,Adinta Luis Del,Colombia
33,Adrid,Colombia
34,Agua,Colombia
35,Agua Viejo,Colombia
36,Aguada,Colombia
37,Aguan Pedro,Colombia
38,Aguariquira,Colombia
39,Aguazu,Colombia
40,Aguei,Colombia
41,Agun,Colombia
42,Ahondo,Colombia
43,Aida,Colombia
44,Aigua De Loba,Colombia
45,Aima,Colombia
46,Ajica,Colombia
47,Alaria,Colombia
48,Alen De Ubates,Colombia
49,Alermango,Colombia
50,Alermo,Colombia
51,Ales,Colombia
52,Alestinon,Colombia
53,Alez,Colombia
54,Algar,Colombia
55,Amanueva,Colombia
56,Amaral,Colombia
57,Amarca,Colombia
58,Aminal,Colombia
59,Amo,Colombia
60,Amoso,Colombia
61,Andera,Colombia
62,Andes,Colombia
63,Andia,Colombia
64,Angue,Colombia
65,Apartina,Colombia
66,Api,Colombia
67,Aplanuevo,Colombia
68,Aque,Colombia
69,Ario,Colombia
70,Arisar,Colombia
71,Astino De Quibd,Colombia
72,Atbura,Colombia
73,Au Viceno,Colombia
74,Awistrella,Colombia
75,Bal,Colombia
76,Banada,Colombia
77,Banadas,Colombia
78,Banadilledad,Colombia
79,Banatia,Colombia
80,Banaure,Colombia
81,Banizal,Colombia
82,Bano,Colombia
83,Banoa,Colombia
84,Barago Delfia,Colombia
85,Barbosa De Barr,Colombia
86,Bate,Colombia
87,Bermania,Colombia
88,Bil,Colombia
89,Biyjania,Colombia
90,Brada,Colombia
91,Cabal,Colombia
92,Cajaguan,Colombia
93,Cajagucza,Colombia
94,Cbano,Colombia
95,Cdel Cejada,Colombia
96,Chica,Colombia
97,China,Colombia
98,Cho,Colombia
99,Cia,Colombia
100,Cias,Colombia
101,Cienagrancia,Colombia
102,Cimicha,Colombia
103,Cinta Rosa De L,Colombia
104,Cio,Colombia
105,Cion,Colombia
106,Cisnero,Colombia
107,Clemedios,Colombia
108,Cmico,Colombia
109,Cneros,Colombia
110,Coa,Colombia
111,Con,Colombia
112,Con De Banco,Colombia
113,Conco,Colombia
114,Coradas,Colombia
115,Cordas,Colombia
116,Cordoba,Colombia
117,Corida,Colombia
118,Corna,Colombia
119,Corres,Colombia
120,Corricornardoba,Colombia
121,Corro,Colombia
122,Cota,Colombia
123,Crera,Colombia
124,Crisima,Colombia
125,Cristo,Colombia
126,Crra,Colombia
127,Crrano,Colombia
128,Cuis De Virgini,Colombia
129,Dalahondoy,Colombia
130,Darienaventonia,Colombia
131,Dataguacoa,Colombia
132,Davicenon,Colombia
133,Dazzi,Colombia
134,Del Chapa,Colombia
135,Del Rosarien,Colombia
136,Del Vicenterbol,Colombia
137,Delarinillo,Colombia
138,Delayarrera,Colombia
139,Des,Colombia
140,Deya,Colombia
141,Diberma,Colombia
142,Diboraldas,Colombia
143,Dime,Colombia
144,Dimo,Colombia
145,Din,Colombia
146,Ditg,Colombia
147,Dla,Colombia
148,Dra,Colombia
149,Ebra,Colombia
150,Edel Sur,Colombia
151,Edo,Colombia
152,Edona,Colombia
153,Edonala,Colombia
154,Edonia,Colombia
155,Ega,Colombia
156,Egre,Colombia
157,Egro,Colombia
158,Eiranquira,Colombia
159,Ejo,Colombia
160,El Doncelez,Colombia
161,Ella,Colombia
162,Ellambo,Colombia
163,Ello,Colombia
164,Encia,Colombia
165,Encipaque,Colombia
166,Enda,Colombia
167,Eros,Colombia
168,Espina,Colombia
169,Espinzon,Colombia
170,Estana,Colombia
171,Estin Cartin,Colombia
172,Etes,Colombia
173,Fdedad Bordas,Colombia
174,Fica,Colombia
175,Ficao,Colombia
176,Fie,Colombia
177,Fima,Colombia
178,Fiu,Colombia
179,Fomequez,Colombia
180,Fonsermo,Colombia
181,Gachi,Colombia
182,Gado,Colombia
183,Ganga,Colombia
184,Gangue,Colombia
185,Gantado,Colombia
186,Gar,Colombia
187,Garzalez,Colombia
188,Garzon,Colombia
189,Getalia,Colombia
190,Ginillavicedona,Colombia
191,Gira,Colombia
192,Gitario,Colombia
193,Gnardina,Colombia
194,Go De Bolino De,Colombia
195,Go De Martaguan,Colombia
196,Go De Oro,Colombia
197,Gon,Colombia
198,Gopacatativa,Colombia
199,Gopal,Colombia
200,Gota,Colombia
201,Govira,Colombia
202,Gua,Colombia
203,Gual,Colombia
204,Guaribia,Colombia
205,Gucia,Colombia
206,Gucza,Colombia
207,Guczo,Colombia
208,Gue,Colombia
209,Guei,Colombia
210,Guhzacoradas,Colombia
211,Guz,Colombia
212,Habria,Colombia
213,Hachia,Colombia
214,Hico,Colombia
215,Himitos Paso,Colombia
216,Hina,Colombia
217,Hinu,Colombia
218,Hitos,Colombia
219,Hivolombiquia,Colombia
220,Hocoa,Colombia
221,Iba,Colombia
222,Ibagueisar,Colombia
223,Ibana,Colombia
224,Ibana Del Guavi,Colombia
225,Ibanagre,Colombia
226,Ibandel Cejania,Colombia
227,Ibaneta,Colombia
228,Ibate,Colombia
229,Ica,Colombia
230,Icao,Colombia
231,Icento,Colombia
232,Icha,Colombia
233,Ida,Colombia
234,Idiba,Colombia
235,Ido,Colombia
236,Ien,Colombia
237,Iendalucia,Colombia
238,Iga,Colombia
239,Igaime,Colombia
240,Igua De Martagu,Colombia
241,Igua Del Cejas,Colombia
242,Iguan,Colombia
243,Iitoaima,Colombia
244,Ilito Yucario,Colombia
245,Illa Cruz,Colombia
246,Illyn,Colombia
247,Ima,Colombia
248,Imanadas,Colombia
249,Imani,Colombia
250,Imaniego,Colombia
251,Imanueva Gloric,Colombia
252,Ionafre,Colombia
253,Ipa,Colombia
254,Ipaque,Colombia
255,Ipaquetalia,Colombia
256,Ipaquirardo,Colombia
257,Ipquinqui,Colombia
258,Iquamari,Colombia
259,Iquibdo,Colombia
260,Islao,Colombia
261,Ita,Colombia
262,Itamal,Colombia
263,Itan,Colombia
264,Itander,Colombia
265,Itandes,Colombia
266,Itani,Colombia
267,Itaria,Colombia
268,Itarrio,Colombia
269,Itarro De Carlo,Colombia
270,Iterico,Colombia
271,Iti,Colombia
272,Itios,Colombia
273,Ito Gaita,Colombia
274,Ito Tolu Viejor,Colombia
275,Itr,Colombia
276,Itrral,Colombia
277,Itrralta,Colombia
278,Itrrico,Colombia
279,Itu,Colombia
280,Iuiauestiago,Colombia
281,Iycao,Colombia
282,Jaca,Colombia
283,Jalestin,Colombia
284,Jardin,Colombia
285,Jas,Colombia
286,Jicacion,Colombia
287,Jiceno,Colombia
288,Junin,Colombia
289,La Barbaco,Colombia
290,La Del Charcost,Colombia
291,Ladera,Colombia
292,Laez,Colombia
293,Laga,Colombia
294,Lagrana,Colombia
295,Laima,Colombia
296,Laja,Colombia
297,Lalcalamarranad,Colombia
298,Lalcazarres,Colombia
299,Lalcon,Colombia
300,Lalcon De Varel,Colombia
301,Lalcontado,Colombia
302,Lamar,Colombia
303,Lamarca,Colombia
304,Lamario,Colombia
305,Lambal,Colombia
306,Lamina,Colombia
307,Laminatape,Colombia
308,Lanadas,Colombia
309,Lando,Colombia
310,Laneta Rosa De ,Colombia
311,Lario,Colombia
312,Laya,Colombia
313,Laya Herrey,Colombia
314,Layan,Colombia
315,Layarro,Colombia
316,Layo,Colombia
317,Layon,Colombia
318,Ldana,Colombia
319,Le De Carrico,Colombia
320,Le De Osos,Colombia
321,Le De Quillambo,Colombia
322,Le Del Retiront,Colombia
323,Le Del Sur,Colombia
324,Ledad,Colombia
325,Ledona,Colombia
326,Ledonia,Colombia
327,Ledoniqui,Colombia
328,Lellan,Colombia
329,Len De Chambria,Colombia
330,Lerico,Colombia
331,Letes,Colombia
332,Lez,Colombia
333,Lgar,Colombia
334,Lgarra,Colombia
335,Lgarzal,Colombia
336,Lgarzales,Colombia
337,Lgarzon,Colombia
338,Lgoro,Colombia
339,Lgrro,Colombia
340,Lhonda,Colombia
341,Libanada,Colombia
342,Lilo Nuevo,Colombia
343,Lina,Colombia
344,Litos,Colombia
345,Lla Charco,Colombia
346,Llande,Colombia
347,Llapa,Colombia
348,Llo,Colombia
349,Lmira,Colombia
350,Lmiridablo Nuev,Colombia
351,Lo Nueva,Colombia
352,Lon,Colombia
353,Lonal,Colombia
354,Lonalagda,Colombia
355,Lonueva,Colombia
356,Lorena De Uraba,Colombia
357,Lorinillanueva,Colombia
358,Lpez,Colombia
359,Ltvatias,Colombia
360,Mal,Colombia
361,Mamo,Colombia
362,Mana,Colombia
363,Mango,Colombia
364,Manguei,Colombia
365,Mar,Colombia
366,Mar De Buga,Colombia
367,Mar Del Colo,Colombia
368,Maral,Colombia
369,Marcas,Colombia
370,Maria,Colombia
371,Maribo,Colombia
372,Maril,Colombia
373,Marinilla,Colombia
374,Mario,Colombia
375,Mero,Colombia
376,Mesis,Colombia
377,Mhitos,Colombia
378,Miti,Colombia
379,Mito,Colombia
380,Mlanueva,Colombia
381,Mlaya Herrey,Colombia
382,Mnorro,Colombia
383,Mplon,Colombia
384,Mplona,Colombia
385,Mplonalamalfi,Colombia
386,Mpoales,Colombia
387,Mpos,Colombia
388,Mviagozal,Colombia
389,N De Leyva,Colombia
390,N De Ubate,Colombia
391,Naguada,Colombia
392,Ncipa,Colombia
393,Nda,Colombia
394,Ndacio,Colombia
395,Negre,Colombia
396,Nia,Colombia
397,Nirid,Colombia
398,Non,Colombia
399,Nora,Colombia
400,Nova,Colombia
401,Npereira,Colombia
402,Nte De La Rical,Colombia
403,Nten,Colombia
404,Nvela,Colombia
405,Oco,Colombia
406,Ocoa,Colombia
407,Ocoas,Colombia
408,Oconte Nacio,Colombia
409,Odey,Colombia
410,Olayon,Colombia
411,Ompoales,Colombia
412,Onalapinal,Colombia
413,Oncal,Colombia
414,Once,Colombia
415,Oncelencio,Colombia
416,Oncello,Colombia
417,Onco,Colombia
418,Onco De Loba,Colombia
419,Onco Delfi,Colombia
420,Ono,Colombia
421,Onserma,Colombia
422,Ontecrisima De ,Colombia
423,Opacata,Colombia
424,Opal,Colombia
425,Opaya,Colombia
426,Orica,Colombia
427,Orito,Colombia
428,Orito Asis,Colombia
429,Orodo,Colombia
430,Oroza,Colombia
431,Otaya Herrey,Colombia
432,Ote-Rajden,Colombia
433,Ovia,Colombia
434,Pailita,Colombia
435,Palermango,Colombia
436,Parral,Colombia
437,Parrilla Copal,Colombia
438,Payabanetas,Colombia
439,Pde Sinchinaco,Colombia
440,Pel,Colombia
441,Pelonal,Colombia
442,Pensilviarez,Colombia
443,Pia,Colombia
444,Pialegro,Colombia
445,Pialencia,Colombia
446,Pialera,Colombia
447,Piales,Colombia
448,Pica,Colombia
449,Picalanueva,Colombia
450,Piez,Colombia
451,Pilla Cerreno,Colombia
452,Pilla Cruz,Colombia
453,Pio,Colombia
454,Piqui,Colombia
455,Pl Cartagar,Colombia
456,Planetali,Colombia
457,Playa,Colombia
458,Pllvanillanadil,Colombia
459,Pmalajamal,Colombia
460,Ppero-Guya,Colombia
461,Ppeto,Colombia
462,Pzalestiagoa,Colombia
463,Qmbiquitas,Colombia
464,Que,Colombia
465,Querto Boyacata,Colombia
466,Querto Carlos,Colombia
467,Quetalin,Colombia
468,Quira,Colombia
469,Ramaniegoviejo,Colombia
470,Rbacoa,Colombia
471,Rconcellinaco,Colombia
472,Rebaida,Colombia
473,Restrepo,Colombia
474,Rhia,Colombia
475,Ribia,Colombia
476,Rillo,Colombia
477,Rio Dello,Colombia
478,Rito Torral,Colombia
479,Rjaniegovia,Colombia
480,Rmenia,Colombia
481,Roldanadillagan,Colombia
482,Roldani,Colombia
483,Rto Tebaida,Colombia
484,Rwilches,Colombia
485,Rwosa,Colombia
486,Ryondalucia,Colombia
487,Salama,Colombia
488,San Benia,Colombia
489,Sara,Colombia
490,Sibate,Colombia
491,Simitario,Colombia
492,Sta,Colombia
493,Stan,Colombia
494,Stino,Colombia
495,Sto,Colombia
496,Strea,Colombia
497,Ta Rico,Colombia
498,Ta Rosaria,Colombia
499,Tacatape,Colombia
500,Talia,Colombia
501,Talita,Colombia
502,Talitario,Colombia
503,Tas,Colombia
504,Tbura,Colombia
505,Tega,Colombia
506,Telibates,Colombia
507,Tepialestina,Colombia
508,Tes,Colombia
509,Tiagoa,Colombia
510,Tina,Colombia
511,Tisnero-Guyabal,Colombia
512,Tiva,Colombia
513,Tivar,Colombia
514,Tllandes,Colombia
515,Tluyva,Colombia
516,Tmijay,Colombia
517,Trato,Colombia
518,Ttbara,Colombia
519,Ttluyva,Colombia
520,Tuan,Colombia
521,Tuania,Colombia
522,Tuanizar,Colombia
523,Tuaral,Colombia
524,Tuare,Colombia
525,Tusngranzazul,Colombia
526,Twbacoa,Colombia
527,Twujun,Colombia
528,Tylo Nueva,Colombia
529,Tyurbosal,Colombia
530,U Viejo,Colombia
531,Ubma,Colombia
532,Uchao,Colombia
533,Umitaria,Colombia
534,Via,Colombia
535,Viejo,Colombia
536,Vienda,Colombia
537,Vijas,Colombia
538,Villa,Colombia
539,Villambo,Colombia
540,Vira,Colombia
541,Vista,Colombia
542,Vistrello,Colombia
543,Vistrepa,Colombia
544,Vistrepo,Colombia
545,Vitania,Colombia
546,Viteras,Colombia
547,Viterbo,Colombia
548,Viteria,Colombia
549,Viurrana De Ibi,Colombia
550,Vlanca,Colombia
551,Vlon,Colombia
552,Wilches,Colombia
553,Yabal,Colombia
554,Yabana,Colombia
555,Yaguei,Colombia
556,Yarres,Colombia
557,Ydibancorna,Colombia
558,Ydina,Colombia
559,Yguazul,Colombia
560,Yita,Colombia
561,Yitania,Colombia
562,Ylgar,Colombia
563,Ynto,Colombia
564,Ytino,Colombia
565,Ytiro,Colombia
566,Zal,Colombia
567,Zales,Colombia
568,Zalez,Colombia
569,Zarra,Colombia
570,Zarralda,Colombia
571,Zarrico,Colombia
572,Zazu,Colombia
573,Zazul,Colombia
574,Zlez,Colombia
575,Zra,Colombia
