,Name,Origin
0,Ala,Costa Rica
1,Alapce,Costa Rica
2,Alapcion,Costa Rica
3,Alapcoo,Costa Rica
4,Alapurzi,Costa Rica
5,Alatarra,Costa Rica
6,Alitrilla,Costa Rica
7,Alle Blancisco,Costa Rica
8,Alle Blancos,Costa Rica
9,Alupe,Costa Rica
10,Anbia,Costa Rica
11,Ancisco,Costa Rica
12,Ancos,Costa Rica
13,Antiago,Costa Rica
14,Anto Domingo,Costa Rica
15,Aranadilla,Costa Rica
16,Aranadillos,Costa Rica
17,Arancisco,Costa Rica
18,Arancos,Costa Rica
19,El Arri,Costa Rica
20,El Arria,Costa Rica
21,El Arrialba,Costa Rica
22,El Arriba,Costa Rica
23,El Arridabat,Costa Rica
24,El Flores,Costa Rica
25,El Flores Rio S,Costa Rica
26,El Flores Rios,Costa Rica
27,Ela,Costa Rica
28,Elb,Costa Rica
29,Elb Eedes,Costa Rica
30,Elb Ente,Costa Rica
31,Elb Ente De Mor,Costa Rica
32,Elbaense Relipe,Costa Rica
33,Elbfeniel Arri,Costa Rica
34,Elbfeniel Arrid,Costa Rica
35,Elbfeniel Flore,Costa Rica
36,Elbnen Srra,Costa Rica
37,Elbpen,Costa Rica
38,Elbpen Eedes,Costa Rica
39,Elbpen Serria,Costa Rica
40,Elbpencepcion,Costa Rica
41,Elbpeniel Arrib,Costa Rica
42,Elbpenos Aires,Costa Rica
43,Elbpenos Aires ,Costa Rica
44,Elbpes,Costa Rica
45,Elbsende,Costa Rica
46,Elbsenre,Costa Rica
47,Elbsenre  Jose,Costa Rica
48,Elbsenre Iegon,Costa Rica
49,Elbsenres,Costa Rica
50,Elbtende,Costa Rica
51,Elcepcion,Costa Rica
52,Elcetedro,Costa Rica
53,Elepbianba,Costa Rica
54,Elepes,Costa Rica
55,Elipe,Costa Rica
56,Elita,Costa Rica
57,Elitrillos,Costa Rica
58,Ell,Costa Rica
59,Elupe,Costa Rica
60,En Franadilla,Costa Rica
61,En Serrialba,Costa Rica
62,Enbs Nio,Costa Rica
63,Enbsenre,Costa Rica
64,Enes Rio Segund,Costa Rica
65,Enes Rios,Costa Rica
66,Ente De Mora,Costa Rica
67,Laran,Costa Rica
68,Laranadilla,Costa Rica
69,Laranadillos,Costa Rica
70,Laranalitrilla,Costa Rica
71,Larancisco,Costa Rica
72,Larancos,Costa Rica
73,Lla,Costa Rica
74,Llbsenre Ioo,Costa Rica
75,Lle Blancisco,Costa Rica
76,Lle Blancos,Costa Rica
77,Llisro,Costa Rica
78,Llita,Costa Rica
79,Llitrilla,Costa Rica
80,Llitrillos,Costa Rica
81,Lljurli,Costa Rica
82,Lll  Los,Costa Rica
83,Lll Arri,Costa Rica
84,Lll Arria,Costa Rica
85,Lll Arrialba,Costa Rica
86,Lll Arriba,Costa Rica
87,Lll Arridabat,Costa Rica
88,Lll Flores,Costa Rica
89,Lll Flores Rio ,Costa Rica
90,Lll Flores Rios,Costa Rica
91,Lll Sedro,Costa Rica
92,Lll Slrra,Costa Rica
93,Lll Slrra Coda,Costa Rica
94,Lll Srra,Costa Rica
95,Lll Srriba,Costa Rica
96,Llla,Costa Rica
97,Llle Blancisco,Costa Rica
98,Lllitrillos,Costa Rica
99,Lllla,Costa Rica
100,Lllos,Costa Rica
101,Lllra,Costa Rica
102,Llos,Costa Rica
103,Llr Sirres,Costa Rica
104,Llr Surridabat,Costa Rica
105,Llra,Costa Rica
106,Llt Rra,Costa Rica
107,Lntarenas,Costa Rica
108,Nadilla,Costa Rica
109,Nalita,Costa Rica
110,Nan,Costa Rica
111,Nan Isidro,Costa Rica
112,Nan Vicente,Costa Rica
113,Ncepcion,Costa Rica
114,Nelipe,Costa Rica
115,Nes Rios,Costa Rica
116,Nliarba,Costa Rica
117,Nlias,Costa Rica
118,Nllitrilla,Costa Rica
119,Nllitrillos,Costa Rica
120,Nlo Eedes,Costa Rica
121,Nlo Segundo,Costa Rica
122,Nlos,Costa Rica
123,Nno Aeredia,Costa Rica
124,Nno Beancos,Costa Rica
125,Nnos Aires,Costa Rica
126,Nnos Aires Rio ,Costa Rica
127,Nnos Aires Rios,Costa Rica
128,Nqo,Costa Rica
129,Nto Domingo,Costa Rica
130,Ntonio,Costa Rica
131,Pes,Costa Rica
132,Qlija,Costa Rica
133,Renas,Costa Rica
134,Res,Costa Rica
135,Res Rio Segundo,Costa Rica
136,Sel Arrialba,Costa Rica
