,Name,Origin
0, Brod,Croatia
1, Grad Na Moru,Croatia
2, Gradiska,Croatia
3, Lakovo,Croatia
4, Luksice,Croatia
5, Mana,Croatia
6, Manastel Novi,Croatia
7, Nova,Croatia
8, Pva,Croatia
9, Vrrdin,Croatia
10,--Grad Na Moru,Croatia
11,-Arazdin,Croatia
12,-Bra,Croatia
13,-Brad Na Moru,Croatia
14,-Cakovec,Croatia
15,-Dstrana,Croatia
16,-Gka Gradiska,Croatia
17,-Grad,Croatia
18,-Grad Na Moru,Croatia
19,-Gradiska,Croatia
20,-Gtronica,Croatia
21,-Iaa,Croatia
22,-Ire Venica,Croatia
23,-Korovi,Croatia
24,-Loce,Croatia
25,-Lora,Croatia
26,-Makarska,Croatia
27,-Nac,Croatia
28,-Nja,Croatia
29,-Nsai,Croatia
30,-Opova,Croatia
31,-Plator,Croatia
32,-Plit,Croatia
33,-Pna,Croatia
34,-Pra,Croatia
35,-Pravanic-Grad,Croatia
36,-Pravanica,Croatia
37,-Ranastel Novsk,Croatia
38,-Ska,Croatia
39,-Strana,Croatia
40,-Stranastel Luk,Croatia
41,-Stranastir,Croatia
42,-Ula,Croatia
43,-Usai,Croatia
44,-Vanica,Croatia
45,-Zda,Croatia
46,-Zgaadar,Croatia
47,A Gorica,Croatia
48,A-Gsaa,Croatia
49,Aamobor,Croatia
50,Akovec,Croatia
51,Alska,Croatia
52,Amobor,Croatia
53,Amoru,Croatia
54,Amzb,Croatia
55,Amzbna,Croatia
56,Arazdin,Croatia
57,Asic,Croatia
58,Astel Nova Grad,Croatia
59,Astel Novac,Croatia
60,Astel Novinj,Croatia
61,Astir,Croatia
62,Atrinj,Croatia
63,Avrod,Croatia
64,Azdin,Croatia
65,Azepin,Croatia
66,Azzinja,Croatia
67,Bce,Croatia
68,Bda,Croatia
69,Bgradiska,Croatia
70,Bkovec,Croatia
71,Bloda,Croatia
72,Bloiac,Croatia
73,Blova Grad,Croatia
74,Bra,Croatia
75,Brzdva,Croatia
76,Bsiie,Croatia
77,Bska,Croatia
78,Bskrenovac,Croatia
79,Bul ,Croatia
80,Bur,Croatia
81,Bzdin,Croatia
82,C-Gradiska,Croatia
83,C-Kovec,Croatia
84,Cakovec,Croatia
85,Cakovo,Croatia
86,Cgeeace,Croatia
87,Cjkk Gorica,Croatia
88,Ckovec,Croatia
89,Cmeb,Croatia
90,Copin,Croatia
91,Copina,Croatia
92,Crikvenica,Croatia
93,Cske,Croatia
94,Cski Brod,Croatia
95,Csko,Croatia
96,Cuki Brod,Croatia
97,D Na Moru,Croatia
98,D-Rradiska,Croatia
99,Dar,Croatia
100,Darda,Croatia
101,Das,Croatia
102,Dda,Croatia
103,Deene,Croatia
104,Degova Grad Na ,Croatia
105,Denova Gradiska,Croatia
106,Des,Croatia
107,Det,Croatia
108,Diska,Croatia
109,Dnski Brod,Croatia
110,Dra,Croatia
111,Drenova,Croatia
112,Drenova Grad Na,Croatia
113,Drenovac,Croatia
114,Ds Ranastir,Croatia
115,Dska,Croatia
116,Dsska,Croatia
117,Dstrana,Croatia
118,Dstranastel Luk,Croatia
119,Dstranastel Nov,Croatia
120,Dstranastir,Croatia
121,Dtranastir,Croatia
122,Dun,Croatia
123,E#Lica,Croatia
124,E-Gsaa,Croatia
125,Ekt Lora,Croatia
126,Ekvenica,Croatia
127,Elc,Croatia
128,Emakarska,Croatia
129,Eoo,Croatia
130,Estel Novac,Croatia
131,Esvete,Croatia
132,Ete,Croatia
133,Etlica,Croatia
134,Etlin,Croatia
135,Etnina,Croatia
136,Evnca,Croatia
137,Ezg,Croatia
138,G-Aarelo,Croatia
139,G-Aarozigarazdi,Croatia
140,G-Arazdin,Croatia
141,G-Larozigarazdi,Croatia
142,G-Nra,Croatia
143,Gadar,Croatia
144,Garazdin,Croatia
145,Gd Na Moru,Croatia
146,Gda,Croatia
147,Gdar,Croatia
148,Gea,Croatia
149,Gela,Croatia
150,Ggnaa,Croatia
151,Ginj,Croatia
152,Gknat,Croatia
153,Glaaodstranaste,Croatia
154,Gmab,Croatia
155,Gnakarska,Croatia
156,Gnja,Croatia
157,Gnla,Croatia
158,Gnlasoe,Croatia
159,Gnnica,Croatia
160,Godst,Croatia
161,Gors,Croatia
162,Grad,Croatia
163,Grad Na Moru,Croatia
164,Gradiska,Croatia
165,Grnivaiic,Croatia
166,Gtranastel Novs,Croatia
167,Gula,Croatia
168,Gunja,Croatia
169,Guuagica,Croatia
170,Gva Grad,Croatia
171,Gzadar,Croatia
172,Gzla,Croatia
173,I-Aaroziga,Croatia
174,Iaa Grad,Croatia
175,Iaano,Croatia
176,Iaanop-Itranast,Croatia
177,Iaarod,Croatia
178,Ica,Croatia
179,Ida,Croatia
180,Ila,Croatia
181,Inasice,Croatia
182,Inj,Croatia
183,Inja,Croatia
184,Ira,Croatia
185,Irad,Croatia
186,Isik,Croatia
187,Iska,Croatia
188,Itrinja,Croatia
189,J-Grad Na Moru,Croatia
190,J-Ka Gorica,Croatia
191,J-Rgavankovo,Croatia
192,Jadosice,Croatia
193,Jak,Croatia
194,Jakovec,Croatia
195,Jar,Croatia
196,Jarozigarazdin,Croatia
197,Jazdin,Croatia
198,Jiska,Croatia
199,Jla,Croatia
200,Jlkks Cargd,Croatia
201,Jska,Croatia
202,Jugg Aarenovac,Croatia
203,Jul,Croatia
204,Julg,Croatia
205,Jvakinb,Croatia
206,K-Gca,Croatia
207,K-Gsak,Croatia
208,Ka Gorica,Croatia
209,Ka Grad Na Moru,Croatia
210,Kassijek,Croatia
211,Kastir,Croatia
212,Kcalgoarezvinj,Croatia
213,Ketrinj,Croatia
214,Kgrsda,Croatia
215,Knstir,Croatia
216,Kovec,Croatia
217,Kovo,Croatia
218,Kpisak,Croatia
219,Kpvitica,Croatia
220,Krapin,Croatia
221,Krapina,Croatia
222,Krenovac,Croatia
223,Ksssa,Croatia
224,Ksvete,Croatia
225,Ktalnova Grad,Croatia
226,Ktrlna,Croatia
227,Kula,Croatia
228,Kusai,Croatia
229,Kvnnja,Croatia
230,Kvrenova,Croatia
231,Kvrenovac,Croatia
232,Kzplit,Croatia
233,L-Ksice,Croatia
234,Lakovec,Croatia
235,Lcovitica,Croatia
236,Lepina,Croatia
237,Lessete,Croatia
238,Lin,Croatia
239,Lisce,Croatia
240,Lkske,Croatia
241,Llisce,Croatia
242,Llussiee,Croatia
243,Lova,Croatia
244,Lovac,Croatia
245,Lpin,Croatia
246,Lska,Croatia
247,Lsksic,Croatia
248,Lstca,Croatia
249,Lusai,Croatia
250,Luski Brod,Croatia
251,Lussic,Croatia
252,Lussie,Croatia
253,Lussiee,Croatia
254,Lustir,Croatia
255,M-Gnaamoru,Croatia
256,M-Karska,Croatia
257,Makarska,Croatia
258,Mas,Croatia
259,Mce,Croatia
260,Meb,Croatia
261,Mgrad Na Moru,Croatia
262,Mgrod,Croatia
263,Mika Gradiska,Croatia
264,Mkarska,Croatia
265,Mlo,Croatia
266,Mobor,Croatia
267,Moku,Croatia
268,Movec,Croatia
269,Movo,Croatia
270,Mpia,Croatia
271,Mreb,Croatia
272,Mso,Croatia
273,Mub,Croatia
274,Mul,Croatia
275,Munaa,Croatia
276,Munaatrana,Croatia
277,Munaatrinja,Croatia
278,Ncaco,Croatia
279,Ndsire,Croatia
280,Nisik,Croatia
281,Nja,Croatia
282,Nkavska,Croatia
283,Nkovo,Croatia
284,Nkstplator,Croatia
285,Nla,Croatia
286,Nlatod,Croatia
287,Nlic,Croatia
288,Nlota,Croatia
289,Nnsice,Croatia
290,Nova,Croatia
291,Novac,Croatia
292,Nsii,Croatia
293,Nsiie,Croatia
294,Nsiiece,Croatia
295,Nsiieje,Croatia
296,Nsijek,Croatia
297,Nski Brod,Croatia
298,Nssie,Croatia
299,Nstir,Croatia
300,Nt-Anastir,Croatia
301,Ntsine,Croatia
302,Nusai,Croatia
303,Nusiie,Croatia
304,Od Car,Croatia
305,Odd,Croatia
306,Odstrana,Croatia
307,Odstranastel Lu,Croatia
308,Odtr,Croatia
309,Odus,Croatia
310,Odze,Croatia
311,Ogovs,Croatia
312,Ograd Na Moru,Croatia
313,Ogradiska,Croatia
314,Oiojra,Croatia
315,Okvenica,Croatia
316,Olin,Croatia
317,Olova,Croatia
318,Olova Gorica,Croatia
319,Onovi,Croatia
320,Ooiinj,Croatia
321,Oojo,Croatia
322,Oooice,Croatia
323,Oooiec,Croatia
324,Oooige,Croatia
325,Oooigrad,Croatia
326,Oozigarazdin,Croatia
327,Opdia,Croatia
328,Opin,Croatia
329,Opnita,Croatia
330,Opova,Croatia
331,Oprivnic-Grad,Croatia
332,Opziag,Croatia
333,Or-Ca,Croatia
334,Orivnica,Croatia
335,Osijek,Croatia
336,Otok,Croatia
337,Ov ,Croatia
338,Ovec,Croatia
339,Ozng Vanica,Croatia
340,P Larozigarazdi,Croatia
341,P-Pravanica,Croatia
342,P-Usai,Croatia
343,Pbiagreb,Croatia
344,Pbrod,Croatia
345,Pcivec,Croatia
346,Pdstranastir,Croatia
347,Pgi,Croatia
348,Pgna,Croatia
349,Pgrad Na Moru,Croatia
350,Pin,Croatia
351,Pkiarinj,Croatia
352,Pkorec,Croatia
353,Pkvatko Eelo,Croatia
354,Plit,Croatia
355,Pmita,Croatia
356,Pnit-Ca,Croatia
357,Poiajek,Croatia
358,Poiajen,Croatia
359,Povac,Croatia
360,Ppitrinj,Croatia
361,Pptarazdin,Croatia
362,Privnic-Gradisk,Croatia
363,Privvinj,Croatia
364,Psia,Croatia
365,Pstel Nova Gori,Croatia
366,Ptia,Croatia
367,Ptin,Croatia
368,Ptor,Croatia
369,Pviao,Croatia
370,Pzda,Croatia
371,Pzdsar,Croatia
372,Pzpravanica,Croatia
373,R#Vinj,Croatia
374,R-Dar,Croatia
375,R-Pisak,Croatia
376,Rad,Croatia
377,Rad Na Moru,Croatia
378,Rasic,Croatia
379,Razdin,Croatia
380,Rba,Croatia
381,Rcivjik,Croatia
382,Rdin,Croatia
383,Rdvinj,Croatia
384,Reb,Croatia
385,Rec,Croatia
386,Revica,Croatia
387,Rgaino,Croatia
388,Rgavankovo,Croatia
389,Rgdin,Croatia
390,Rgevac,Croatia
391,Rianica,Croatia
392,Rinj,Croatia
393,Rli Manastel Lu,Croatia
394,Rliv,Croatia
395,Rma,Croatia
396,Rokovo,Croatia
397,Rovinj,Croatia
398,Rrivnica,Croatia
399,Rsvitica,Croatia
400,Rten Vanic-Gra,Croatia
401,Ruga Arozigaraz,Croatia
402,Ruvinja,Croatia
403,S Gmar,Croatia
404,S-Amab,Croatia
405,Samobor,Croatia
406,Sblic,Croatia
407,Sbsar,Croatia
408,Sesvete,Croatia
409,Set,Croatia
410,Sete,Croatia
411,Sgela,Croatia
412,Sginja,Croatia
413,Sgla,Croatia
414,Sgmab,Croatia
415,Sine,Croatia
416,Ska,Croatia
417,Skavsna,Croatia
418,Sketrinj,Croatia
419,Slavonski Brod,Croatia
420,Smaaarenova Gra,Croatia
421,Smam,Croatia
422,Snja,Croatia
423,Snsvitica,Croatia
424,Ssal,Croatia
425,Ssam,Croatia
426,Sska,Croatia
427,Ssla,Croatia
428,Sssa,Croatia
429,Sssaa,Croatia
430,Sssie,Croatia
431,Ssulete,Croatia
432,Stel Luksic,Croatia
433,Stel Luksice,Croatia
434,Stel Nova,Croatia
435,Stel Novac,Croatia
436,Stel Novi,Croatia
437,Stel Novinj,Croatia
438,Stel Novinja,Croatia
439,Stel Novitica,Croatia
440,Stel Novska,Croatia
441,Stir,Croatia
442,Strana,Croatia
443,Stranastel Luks,Croatia
444,Stranastel Novi,Croatia
445,Stranastir,Croatia
446,Stranastor,Croatia
447,Stzanastel Luks,Croatia
448,Sziagreb,Croatia
449,T-Gnakarska,Croatia
450,T-Raa,Croatia
451,Tarazdin,Croatia
452,Tbrid ,Croatia
453,Tel Luksice,Croatia
454,Tel Nova Gorica,Croatia
455,Tel Novi,Croatia
456,Tel Novika Gori,Croatia
457,Tel Novinja,Croatia
458,Ten Vanica,Croatia
459,Ten Vankovec,Croatia
460,Ten Vankovo,Croatia
461,Tgrad,Croatia
462,Tgradiska,Croatia
463,Tkarlovac,Croatia
464,Tla Moru,Croatia
465,Tlnkovo,Croatia
466,Tlo,Croatia
467,Tlona,Croatia
468,Tmo,Croatia
469,Tnja,Croatia
470,Tnl Tor,Croatia
471,Tod,Croatia
472,Tpl Tor,Croatia
473,Tprnca,Croatia
474,Trana,Croatia
475,Tranastel Luksi,Croatia
476,Tranastel Novac,Croatia
477,Tranastel Novi,Croatia
478,Tranastir,Croatia
479,Trinj,Croatia
480,Trunaa,Croatia
481,Tska,Croatia
482,Tzda,Croatia
483,Tzgna,Croatia
484,Uda,Croatia
485,Udan,Croatia
486,Uga Aorec,Croatia
487,Ugagreb,Croatia
488,Ujet,Croatia
489,Ula,Croatia
490,Ulagoes,Croatia
491,Ullica,Croatia
492,Umaaar,Croatia
493,Unagica,Croatia
494,Unja,Croatia
495,Unsic,Croatia
496,Usaa,Croatia
497,Usai,Croatia
498,Usiie,Croatia
499,Uslit,Croatia
500,Ussic,Croatia
501,Ussice,Croatia
502,Ustir,Croatia
503,Uuagica,Croatia
504,Uuga Aorec,Croatia
505,Uzlin,Croatia
506,V-Gnakovo,Croatia
507,Vac,Croatia
508,Vankovec,Croatia
509,Velisce,Croatia
510,Venica,Croatia
511,Vgakarska,Croatia
512,Vgiijek,Croatia
513,Vginj,Croatia
514,Vgnja,Croatia
515,Vinj,Croatia
516,Vlona,Croatia
517,Vnja,Croatia
518,Vonja,Croatia
519,Vopin,Croatia
520,Vpvkodoce,Croatia
521,Vrad,Croatia
522,Vrad Na Moru,Croatia
523,Vradiska,Croatia
524,Vrda,Croatia
525,Vrradiska,Croatia
526,Vsinja,Croatia
527,Vska,Croatia
528,Vten Vca,Croatia
529,Vunic-Gradiska,Croatia
530,Vunica,Croatia
531,Vunja,Croatia
532,Vzni,Croatia
533,Vznina,Croatia
534,Z-Gradiska,Croatia
535,Zadar,Croatia
536,Zagarazdin,Croatia
537,Zbgagreb,Croatia
538,Zblakovec,Croatia
539,Zda,Croatia
540,Zdga,Croatia
541,Zdgrad,Croatia
542,Zdgradiska,Croatia
543,Zdin,Croatia
544,Zdzgrad,Croatia
545,Zega,Croatia
546,Zena,Croatia
547,Zgaa,Croatia
548,Zgaaroziga,Croatia
549,Zgadar,Croatia
550,Zgda,Croatia
551,Zgdar,Croatia
552,Zgrad Na Moru,Croatia
553,Zgradiska,Croatia
554,Zguaa,Croatia
555,Zinj,Croatia
556,Zkadsska,Croatia
557,Zkgvstel Novska,Croatia
558,Zla Moru,Croatia
559,Zlano,Croatia
560,Zpgasai,Croatia
561,Zplit,Croatia
562,Zradiska,Croatia
563,Zzdga,Croatia
564,Zzgdaa,Croatia
565,Zzidak,Croatia
