,Name,Origin
0, De Las Tunas,Cuba
1, Del Sur,Cuba
2, Germancio,Cuba
3, Padre,Cuba
4,A Sierpe,Cuba
5,Abre,Cuba
6,Acoa,Cuba
7,Acocum,Cuba
8,Acua,Cuba
9,Aderos,Cuba
10,Agua,Cuba
11,Agua Las Dela,Cuba
12,Agua Las Tunas ,Cuba
13,Agua Sierpe,Cuba
14,Ahma Soron,Cuba
15,Ajay,Cuba
16,Alacion Del Sur,Cuba
17,Anamo,Cuba
18,Ancia,Cuba
19,Ancio,Cuba
20,Ancourt,Cuba
21,Andel Sur,Cuba
22,Ane,Cuba
23,Ango,Cuba
24,Anho,Cuba
25,Ano,Cuba
26,Anro,Cuba
27,Anrtue,Cuba
28,Antes,Cuba
29,Antiago De Palm,Cuba
30,Antiago De Pasa,Cuba
31,Antiago De Tana,Cuba
32,Antiago Del Nor,Cuba
33,Anto Pasajeros,Cuba
34,Ara,Cuba
35,Arelonda,Cuba
36,Argay Luis,Cuba
37,Ari,Cuba
38,Aria,Cuba
39,Arientro Redond,Cuba
40,Arrpe,Cuba
41,Arti,Cuba
42,Aruco,Cuba
43,Atabana Vieja,Cuba
44,Atancio,Cuba
45,Atavila,Cuba
46,Atbra,Cuba
47,Atra De Mataham,Cuba
48,Atrroyo Naragua,Cuba
49,Avila,Cuba
50,Ayu,Cuba
51,Bana,Cuba
52,Bana Vieja,Cuba
53,Banajas,Cuba
54,Banamo,Cuba
55,Banati,Cuba
56,Banatibonio Gua,Cuba
57,Banico,Cuba
58,Banicu,Cuba
59,Banillo,Cuba
60,Bano,Cuba
61,Banos,Cuba
62,Bbre,Cuba
63,Bdo,Cuba
64,Bdoaimaro,Cuba
65,Betanzanillo,Cuba
66,Bie,Cuba
67,Bienfuego Del S,Cuba
68,Bilo Cauto,Cuba
69,Bira,Cuba
70,Bira De Cuba,Cuba
71,Biro Betas,Cuba
72,Biyoonanajas,Cuba
73,Bna,Cuba
74,Bnorte,Cuba
75,Bre,Cuba
76,Breus,Cuba
77,Briua,Cuba
78,Brtolombia,Cuba
79,Bryo,Cuba
80,Bshra,Cuba
81,Bte Ia Luis,Cuba
82,Btun,Cuba
83,Byu,Cuba
84,Cande,Cuba
85,Cbun,Cuba
86,Cimaguajay,Cuba
87,Cio,Cuba
88,Cion De Las Del,Cuba
89,Cion De Melena,Cuba
90,Cion Del Nortem,Cuba
91,Cion Dela,Cuba
92,Ciu,Cuba
93,Colacetancios,Cuba
94,Colacios,Cuba
95,Colas Vegas,Cuba
96,Court,Cuba
97,Cristobabo,Cuba
98,Cros,Cuba
99,Crucijada,Cuba
100,Cuc,Cuba
101,Dbanicu,Cuba
102,De Avila,Cuba
103,De Las Tuna,Cuba
104,Del Norteja,Cuba
105,Del Sur,Cuba
106,Dero,Cuba
107,Deron,Cuba
108,Derona,Cuba
109,Deros,Cuba
110,Die Luis,Cuba
111,Dimingo,Cuba
112,Domingo,Cuba
113,Donio Ciego Del,Cuba
114,Donio De Melena,Cuba
115,Doyiago De Colo,Cuba
116,Drande,Cuba
117,Drman,Cuba
118,Drmancion Ded B,Cuba
119,Drmingo,Cuba
120,Dro Betanzas,Cuba
121,Dro Habanos,Cuba
122,Dro Redondad Ca,Cuba
123,Dro Redondronar,Cuba
124,Dron,Cuba
125,Edoaimagua Las ,Cuba
126,Edoeimericolace,Cuba
127,Egus,Cuba
128,Ehia Habanamo,Cuba
129,Eis,Cuba
130,Emas,Cuba
131,Ende,Cuba
132,Engo,Cuba
133,Entes,Cuba
134,Ento,Cuba
135,Ento Padruga,Cuba
136,Ento Pasajeros,Cuba
137,Entonicolacios,Cuba
138,Entonio Cauta,Cuba
139,Entro Betancour,Cuba
140,Entro Betanzani,Cuba
141,Entro Betas,Cuba
142,Entro Redondado,Cuba
143,Erado,Cuba
144,Erti,Cuba
145,Etas,Cuba
146,Eyu,Cuba
147,Ezeeis,Cuba
148,Ezuelariel,Cuba
149,Fbego De Las Ve,Cuba
150,Fbugo,Cuba
151,Fcmgna Vieja,Cuba
152,Fuegos,Cuba
153,Gdomingo,Cuba
154,Gla,Cuba
155,Gnortemisa,Cuba
156,Goy,Cuba
157,Grande,Cuba
158,Gua,Cuba
159,Gua De Cuba,Cuba
160,Gua De Los Bano,Cuba
161,Gua De Tanajay,Cuba
162,Gua De Yateras,Cuba
163,Gua La Grande,Cuba
164,Gua La Grandela,Cuba
165,Gua Las De Mele,Cuba
166,Gua Las Tunas D,Cuba
167,Gua Las Vegas,Cuba
168,Gua Os Arabos,Cuba
169,Guada,Cuba
170,Guada De Banos,Cuba
171,Guajas,Cuba
172,Guajay,Cuba
173,Guayabal,Cuba
174,Guayamo,Cuba
175,Guayos,Cuba
176,Guayu,Cuba
177,Gudddo,Cuba
178,Guey Graderos,Cuba
179,Guey Grande,Cuba
180,Guey Granjo,Cuba
181,Guyy,Cuba
182,Habal,Cuba
183,Habal De La Gra,Cuba
184,Habanati,Cuba
185,Habanos,Cuba
186,Hambre,Cuba
187,Hambreus,Cuba
188,Hana,Cuba
189,Him Ga De La Gr,Cuba
190,Him Guada,Cuba
191,Him Repcimaro,Cuba
192,Him Reros,Cuba
193,Him Rien,Cuba
194,Hma Sorida,Cuba
195,Hrmbaria,Cuba
196,Hrrdyo Naraguay,Cuba
197,Hru,Cuba
198,Hrus,Cuba
199,Hverto Pasajero,Cuba
200,Hvnra,Cuba
201,Hvnradero,Cuba
202,Hvnrajero,Cuba
203,Hvnre,Cuba
204,Hvnrla,Cuba
205,Hvra,Cuba
206,Iago De Banos,Cuba
207,Iago De Las Laj,Cuba
208,Iago De Melena,Cuba
209,Ianos,Cuba
210,Iaro,Cuba
211,Ibana,Cuba
212,Ibana Vieja,Cuba
213,Ibanamo,Cuba
214,Ibanatibonio Gu,Cuba
215,Ibani,Cuba
216,Ibano,Cuba
217,Ibari,Cuba
218,Ibaria,Cuba
219,Ibariano,Cuba
220,Ibariel,Cuba
221,Ibarien,Cuba
222,Ibarientes,Cuba
223,Ibonican,Cuba
224,Ibonicara,Cuba
225,Ibonicaragua,Cuba
226,Ibonico,Cuba
227,Ibonicolacio,Cuba
228,Ibonicu,Cuba
229,Ibonio Camilo C,Cuba
230,Ibonio Cauta,Cuba
231,Ibonio Cauto,Cuba
232,Ibonio Cien,Cuba
233,Ibonio De Cuba,Cuba
234,Ibonio De Palmi,Cuba
235,Ibonio De Pasaj,Cuba
236,Ibonio De Tanam,Cuba
237,Ibonio De Yater,Cuba
238,Ibonio Dela,Cuba
239,Ibonio Guaimaro,Cuba
240,Ibonio Guana Vi,Cuba
241,Ibonio Guanillo,Cuba
242,Ibonio Guayos,Cuba
243,Ibonio Guayu,Cuba
244,Ico,Cuba
245,Idi,Cuba
246,Iego De Cuba,Cuba
247,Ieja,Cuba
248,Iemoso De Las T,Cuba
249,Ien,Cuba
250,Ienfuego De Los,Cuba
251,Ienfuego De Tan,Cuba
252,Ientonio Guana ,Cuba
253,Ientro Habanill,Cuba
254,Ientro Redondad,Cuba
255,Ientro Redondro,Cuba
256,Igno,Cuba
257,Ijo,Cuba
258,Ilo Camilo Caut,Cuba
259,Imagua,Cuba
260,Imagua De Palma,Cuba
261,Imagua Del Sur,Cuba
262,Imagua La Grand,Cuba
263,Imagua Las Vega,Cuba
264,Imaguada,Cuba
265,Imaguada De Pal,Cuba
266,Imaguada Del Su,Cuba
267,Imaguajas,Cuba
268,Imaguajay,Cuba
269,Imaguey Grandel,Cuba
270,Imaro,Cuba
271,Imarocomancios,Cuba
272,Imiga,Cuba
273,Imingo,Cuba
274,Inales,Cuba
275,Inas,Cuba
276,Inas De Bari,Cuba
277,Incsa,Cuba
278,Indo,Cuba
279,Inds,Cuba
280,Ingo,Cuba
281,Inis,Cuba
282,Inro,Cuba
283,Inrs,Cuba
284,Into Domingo,Cuba
285,Intonico,Cuba
286,Ints,Cuba
287,Ints Palacetas,Cuba
288,Ion De Los Arab,Cuba
289,Ion De Matabal ,Cuba
290,Ipe,Cuba
291,Ira,Cuba
292,Ira De Barti,Cuba
293,Ira De Las De Y,Cuba
294,Ira De Los Bari,Cuba
295,Ira De Pasajero,Cuba
296,Ira De Tanamo,Cuba
297,Ira Del Sur,Cuba
298,Iri Antiago De ,Cuba
299,Iro Betancourt,Cuba
300,Iro Betas,Cuba
301,Iro De Cuba,Cuba
302,Iro Delariel,Cuba
303,Iro Habana,Cuba
304,Iro Habana Viej,Cuba
305,Iro Habanati,Cuba
306,Iro Redondo,Cuba
307,Iro Redondro Be,Cuba
308,Isaguajas,Cuba
309,Isanto,Cuba
310,Isinas,Cuba
311,Itpa,Cuba
312,Itpna Vieja,Cuba
313,Iua,Cuba
314,Iuelariel,Cuba
315,Iuga,Cuba
316,Ivican,Cuba
317,Ivicaragua,Cuba
318,Iyo Naraguada,Cuba
319,Jada De Tana,Cuba
320,Jay,Cuba
321,Jbal De Yateras,Cuba
322,Jrande,Cuba
323,Jron,Cuba
324,Jrtemisa,Cuba
325,Lacetas,Cuba
326,Lacio,Cuba
327,Ldomingo,Cuba
328,Llma Sierpe,Cuba
329,Lma Sierpe,Cuba
330,Lma Soron,Cuba
331,Lmira ,Cuba
332,Lo Cauta,Cuba
333,Lon,Cuba
334,Lros,Cuba
335,Lua,Cuba
336,Lus De Melena,Cuba
337,Lus Del Norte,Cuba
338,Luta,Cuba
339,Magua,Cuba
340,Maguajas,Cuba
341,Maguajay,Cuba
342,Maguey Grande,Cuba
343,Maguey Grandel ,Cuba
344,Maguey Granjo,Cuba
345,Mancourt,Cuba
346,Maro,Cuba
347,Megos,Cuba
348,Mento,Cuba
349,Mingo,Cuba
350,Mndro Betas,Cuba
351,Mndro Habanos,Cuba
352,Mndron,Cuba
353,Mnis,Cuba
354,Mnro,Cuba
355,Mristobabos,Cuba
356,N Dela,Cuba
357,Naderos,Cuba
358,Nales,Cuba
359,Nar,Cuba
360,Nbo,Cuba
361,Ncia,Cuba
362,Ncio,Cuba
363,Ncourt,Cuba
364,Ncruco,Cuba
365,Nde,Cuba
366,Ndel Sur,Cuba
367,Ndela,Cuba
368,Ndelari,Cuba
369,Ndelaria,Cuba
370,Nden Cristobabo,Cuba
371,Ndenlo,Cuba
372,Ndevila,Cuba
373,Ndmaimaguada De,Cuba
374,Ndovila,Cuba
375,Nfuego Delarien,Cuba
376,Ngo,Cuba
377,Ngronar,Cuba
378,Ngua De Cuba,Cuba
379,Nicaradero,Cuba
380,Nico,Cuba
381,Nicolacion De C,Cuba
382,Nienfuego Del S,Cuba
383,Nieo,Cuba
384,Nillo,Cuba
385,Niua,Cuba
386,Nla,Cuba
387,Nlanos,Cuba
388,Nncia,Cuba
389,Nnezuelari,Cuba
390,Npdel Sur,Cuba
391,Nria,Cuba
392,Nro,Cuba
393,Nso,Cuba
394,Nta Cruz De Los,Cuba
395,Ntes,Cuba
396,Ntiago De Los A,Cuba
397,Ntiago De Tanat,Cuba
398,Ntiago Del Sur,Cuba
399,Nto,Cuba
400,Nto Domingo,Cuba
401,Nto Padruga,Cuba
402,Nto Palma Sierp,Cuba
403,Ntonio Camilo C,Cuba
404,Ntonio De Los A,Cuba
405,Ntonio Del Nort,Cuba
406,Ntro Betas,Cuba
407,Nvican,Cuba
408,Nzas,Cuba
409,Nzu,Cuba
410,Obabo,Cuba
411,Odis ,Cuba
412,Olacion De Mele,Cuba
413,Olma Sorida,Cuba
414,Olma Soron,Cuba
415,Olmerico,Cuba
416,Olya,Cuba
417,Oyo Naragua Del,Cuba
418,Ozuila,Cuba
419,Palacios,Cuba
420,Palmira,Cuba
421,Pbamajuani,Cuba
422,Pderos,Cuba
423,Pedro Betas,Cuba
424,Pedro Redondron,Cuba
425,Peros,Cuba
426,Pes De Cuba,Cuba
427,Pes De Los Bara,Cuba
428,Pes De Matabano,Cuba
429,Pes De Pasajero,Cuba
430,Pes De Yateras,Cuba
431,Pgalo,Cuba
432,Puerti,Cuba
433,Qimiga Dela,Cuba
434,Rayos,Cuba
435,Rbo,Cuba
436,Rbonio Guayamo,Cuba
437,Rci,Cuba
438,Rddomingo,Cuba
439,Rdo De La Germa,Cuba
440,Rdo Ie Luis,Cuba
441,Recos,Cuba
442,Redoaimagua,Cuba
443,Redondo,Cuba
444,Regla,Cuba
445,Remedia Honda,Cuba
446,Remedios,Cuba
447,Rencios,Cuba
448,Reyos,Cuba
449,Rezuelari,Cuba
450,Rgo De Matahamb,Cuba
451,Rgo De Matancio,Cuba
452,Rgu,Cuba
453,Riano,Cuba
454,Riel,Cuba
455,Rien,Cuba
456,Rienfuego De Lo,Cuba
457,Rienfuego De Ma,Cuba
458,Rienfuegos,Cuba
459,Rientes,Cuba
460,Rientiago De Pa,Cuba
461,Riento Domingo,Cuba
462,Riento Pasajero,Cuba
463,Rientro Betanza,Cuba
464,Rientro Betas,Cuba
465,Rientro Redonda,Cuba
466,Rientro Redondo,Cuba
467,Riua,Cuba
468,Rma,Cuba
469,Rma Smerico,Cuba
470,Rmancourt,Cuba
471,Rmingo,Cuba
472,Rmndron,Cuba
473,Rmo Ajay,Cuba
474,Rmo Arto Doming,Cuba
475,Rmosa De Mataba,Cuba
476,Rmyos,Cuba
477,Rnda,Cuba
478,Rndad Camajuani,Cuba
479,Rntonican,Cuba
480,Rolas Del Norte,Cuba
481,Ron,Cuba
482,Royo Naradero,Cuba
483,Rpe,Cuba
484,Rrdyuba,Cuba
485,Rrellanta Cruz ,Cuba
486,Rro Betas,Cuba
487,Rro Redondad Ca,Cuba
488,Rroguajas,Cuba
489,Rron,Cuba
490,Ruz De Padruga,Cuba
491,Ruz De Palmira,Cuba
492,Rvcoa,Cuba
493,Rvinas,Cuba
494,Sentonio Guayu,Cuba
495,Sibarien,Cuba
496,Siua,Cuba
497,Sun,Cuba
498,Svila,Cuba
499,Tahambreus,Cuba
500,Tancion De Palm,Cuba
501,Tancourt,Cuba
502,Tbanicaraguayab,Cuba
503,Tbreus,Cuba
504,Tebanicolacion ,Cuba
505,Tena,Cuba
506,Tenicaragua La ,Cuba
507,Tentes,Cuba
508,Tento,Cuba
509,Tento Pasajeros,Cuba
510,Tenzas,Cuba
511,Tibonicara,Cuba
512,Tibonio Ciego D,Cuba
513,Tien,Cuba
514,Tobabos,Cuba
515,Tonicu,Cuba
516,Tonio Cien,Cuba
517,Tpericolas Vega,Cuba
518,Truz De Padruga,Cuba
519,Tuba,Cuba
520,U Yos,Cuba
521,Uane,Cuba
522,Uatagua,Cuba
523,Uba,Cuba
524,Udado,Cuba
525,Udido,Cuba
526,Udrandel Sur,Cuba
527,Udrdga Dela,Cuba
528,Udrdga Delari,Cuba
529,Uena,Cuba
530,Uento,Cuba
531,Uento Palma Sal,Cuba
532,Uetas,Cuba
533,Uey Grande,Cuba
534,Uey Grandel Sur,Cuba
535,Uimagua Del Sur,Cuba
536,Uimaguajas,Cuba
537,Uinales,Cuba
538,Uinas,Cuba
539,Uira De Avila,Cuba
540,Uivican,Cuba
541,Una,Cuba
542,Varanjo,Cuba
543,Verti,Cuba
544,Vertienfuego De,Cuba
545,Verto Palacion ,Cuba
546,Vertolombia,Cuba
547,Vertolomentes,Cuba
548,Vertolomento,Cuba
549,Vientes,Cuba
550,Vierpe,Cuba
551,Vila,Cuba
552,Vimaro,Cuba
553,Vinales,Cuba
554,Vinas,Cuba
555,Vira,Cuba
556,Vira De La Gero,Cuba
557,Vira De Melena,Cuba
558,Viua,Cuba
559,Vnra,Cuba
560,Vrrayu,Cuba
561,Ydrande,Cuba
562,Yjaranjo,Cuba
563,Yos,Cuba
564,Yro,Cuba
565,Yue,Cuba
566,Yur,Cuba
567,Yvila,Cuba
568,Zanicu,Cuba
569,Zellano,Cuba
570,Zuela,Cuba
571,Zuelari,Cuba
