,Name,Origin
0, Cecpove Mest,Czech Republic
1, Cernste,Czech Republic
2, Kaz,Czech Republic
3, Kraluv Dvur Kr,Czech Republic
4, Labem,Czech Republic
5, Nad Cidlinou,Czech Republic
6, Odrany,Czech Republic
7, Sazavou,Czech Republic
8, Vud Cary Nad P,Czech Republic
9,Abem,Czech Republic
10,Abro,Czech Republic
11,Adrovice,Czech Republic
12,Adthrastava,Czech Republic
13,Aheb,Czech Republic
14,Altovice,Czech Republic
15,Altovy,Czech Republic
16,Aluv Dvur Kruml,Czech Republic
17,Ant,Czech Republic
18,Any,Czech Republic
19,Aravsko,Czech Republic
20,Aravskovice Nad,Czech Republic
21,Arovice,Czech Republic
22,Atryzlov,Czech Republic
23,Ave,Czech Republic
24,Bartovy Laznice,Czech Republic
25,Bchnos,Czech Republic
26,Bdec Nad Nisou,Czech Republic
27,Bdecin,Czech Republic
28,Bduchcov,Czech Republic
29,Bec,Czech Republic
30,Bec Nad Nisou,Czech Republic
31,Bed,Czech Republic
32,Bem,Czech Republic
33,Ben,Czech Republic
34,Benatky Nad Cid,Czech Republic
35,Benatky Nad Lab,Czech Republic
36,Benatky Nad Nis,Czech Republic
37,Berk,Czech Republic
38,Beska Kamenik,Czech Republic
39,Bhcov,Czech Republic
40,Bhrosek,Czech Republic
41,Bin,Czech Republic
42,Bjnomeriz,Czech Republic
43,Bklobouky,Czech Republic
44,Blany,Czech Republic
45,Blec,Czech Republic
46,Blonec,Czech Republic
47,Bloue,Czech Republic
48,Bnca,Czech Republic
49,Bnec,Czech Republic
50,Bnec Nad Jizero,Czech Republic
51,Bohumin,Czech Republic
52,Bokycany,Czech Republic
53,Bradistejnem,Czech Republic
54,Bram,Czech Republic
55,Brantisko,Czech Republic
56,Breclav,Czech Republic
57,Brou,Czech Republic
58,Broun,Czech Republic
59,Bsece,Czech Republic
60,Bsho,Czech Republic
61,Bsna,Czech Republic
62,Btrokolov,Czech Republic
63,Bvec,Czech Republic
64,Bystrice,Czech Republic
65,Cbece,Czech Republic
66,Ccerni Pocernst,Czech Republic
67,Cchov,Czech Republic
68,Cdska Kamenice,Czech Republic
69,Cduvo,Czech Republic
70,Ce Pod Host,Czech Republic
71,Cecny,Czech Republic
72,Cecpov Crov,Czech Republic
73,Cednca,Czech Republic
74,Cernice,Czech Republic
75,Cernste,Czech Republic
76,Cernste Nad Cid,Czech Republic
77,Cesnice,Czech Republic
78,Chevskovice,Czech Republic
79,Chradiste,Czech Republic
80,Chrastava,Czech Republic
81,Chrnste,Czech Republic
82,Chrosek,Czech Republic
83,Clantisko,Czech Republic
84,Clav,Czech Republic
85,Cleben,Czech Republic
86,Clebon,Czech Republic
87,Clec,Czech Republic
88,Clin,Czech Republic
89,Clove Nad Orlin,Czech Republic
90,Cmluv Dvur,Czech Republic
91,Coluc Nad Orlin,Czech Republic
92,Coromerice,Czech Republic
93,Cov,Czech Republic
94,Cravsky Krumlov,Czech Republic
95,Credlcany,Czech Republic
96,Crerice Nad Nis,Czech Republic
97,Cslant,Czech Republic
98,Cslantisko,Czech Republic
99,Cstava,Czech Republic
100,Ctraznice,Czech Republic
101,Cusei,Czech Republic
102,Dabro,Czech Republic
103,Dceanamkycany,Czech Republic
104,Ddabro,Czech Republic
105,Ddcurv,Czech Republic
106,Ddinou,Czech Republic
107,Ddlcin,Czech Republic
108,Ddnice,Czech Republic
109,Ddobruska,Czech Republic
110,Ddobruska Kamen,Czech Republic
111,Ddrbro,Czech Republic
112,Ddvbro,Czech Republic
113,Ddvirem,Czech Republic
114,Dec,Czech Republic
115,Decin,Czech Republic
116,Deciy,Czech Republic
117,Dhradiste,Czech Republic
118,Dice,Czech Republic
119,Dichuv Hradiste,Czech Republic
120,Djnim,Czech Republic
121,Dlcin,Czech Republic
122,Dlin,Czech Republic
123,Dlinec Nad Jize,Czech Republic
124,Dlurnov,Czech Republic
125,Dninou,Czech Republic
126,Dobrad,Czech Republic
127,Dobradec Nad Mo,Czech Republic
128,Dobram,Czech Republic
129,Dobrantisko,Czech Republic
130,Dobruska,Czech Republic
131,Dobruska Kameni,Czech Republic
132,Dobruska Kumin,Czech Republic
133,Dovice,Czech Republic
134,Dracovice,Czech Republic
135,Drokolov,Czech Republic
136,Drurk,Czech Republic
137,Drurlov,Czech Republic
138,Drurlovice,Czech Republic
139,Dsbejko,Czech Republic
140,Dsbrant,Czech Republic
141,Dtolysske Klobo,Czech Republic
142,Duchcov,Czech Republic
143,Dvur,Czech Republic
144,Dvur Kralov,Czech Republic
145,Dvur Kralove Na,Czech Republic
146,Dvur Krumlov,Czech Republic
147,Dvur Krumlove N,Czech Republic
148,Dvur Krumlovice,Czech Republic
149,Dynistejnem,Czech Republic
150,Eben,Czech Republic
151,Ece,Czech Republic
152,Edice Pod Host,Czech Republic
153,Edlcany,Czech Republic
154,Edrcin,Czech Republic
155,Ehel,Czech Republic
156,Eky Krumlov,Czech Republic
157,Eli Nad Jizerou,Czech Republic
158,Eli Nad Moravsk,Czech Republic
159,Eli Nad Orlin,Czech Republic
160,Eli Nad Sazavou,Czech Republic
161,Eljko,Czech Republic
162,Emin,Czech Republic
163,Emrice,Czech Republic
164,Enice Nad Perni,Czech Republic
165,Enik,Czech Republic
166,Eod,Czech Republic
167,Eratovy Labem,Czech Republic
168,Erou,Czech Republic
169,Est,Czech Republic
170,Esti,Czech Republic
171,Estice,Czech Republic
172,Esto,Czech Republic
173,Estopece,Czech Republic
174,Etohrad,Czech Republic
175,Etrvald,Czech Republic
176,Eznice,Czech Republic
177,Eznice Pod Host,Czech Republic
178,Eznichuv Hrady,Czech Republic
179,Fkanik,Czech Republic
180,Flant,Czech Republic
181,Hbed,Czech Republic
182,Hdlin,Czech Republic
183,He Mesto Na Mor,Czech Republic
184,Hed,Czech Republic
185,Hesske Klobouky,Czech Republic
186,Hessne,Czech Republic
187,Hesste Nad Niso,Czech Republic
188,Hessve Mest,Czech Republic
189,Hesto,Czech Republic
190,Het,Czech Republic
191,Hilevsky Kralov,Czech Republic
192,Hkyana,Czech Republic
193,Hlddec,Czech Republic
194,Hlim,Czech Republic
195,Hlin,Czech Republic
196,Hlinou,Czech Republic
197,Hlumec Nad Saza,Czech Republic
198,Hnid,Czech Republic
199,Hod,Czech Republic
200,Holesov,Czech Republic
201,Hrad,Czech Republic
202,Hradec,Czech Republic
203,Hradiste Nad La,Czech Republic
204,Hrastava,Czech Republic
205,Hredlcany,Czech Republic
206,Hridbinou,Czech Republic
207,Hriste,Czech Republic
208,Hrosek,Czech Republic
209,Hsto,Czech Republic
210,Htrdzbro,Czech Republic
211,Ikalov,Czech Republic
212,Ikolov,Czech Republic
213,Ikolove Mesto,Czech Republic
214,Ikov,Czech Republic
215,Ilam,Czech Republic
216,Ilemnice,Czech Republic
217,Ilemnichov,Czech Republic
218,Ilevsky Nad Jiz,Czech Republic
219,Ilevsky Nad Orl,Czech Republic
220,Iliv,Czech Republic
221,Ilivslo,Czech Republic
222,Ilove Nad Sazav,Czech Republic
223,Imnec,Czech Republic
224,Itemnice,Czech Republic
225,Itomysl,Czech Republic
226,Itrokovice,Czech Republic
227,Jbem,Czech Republic
228,Jbeska,Czech Republic
229,Jbesko,Czech Republic
230,Jdlin,Czech Republic
231,Jindrice,Czech Republic
232,Jindrichuv Dvur,Czech Republic
233,Jko,Czech Republic
234,Jlemnice,Czech Republic
235,Jmemin,Czech Republic
236,Jnem,Czech Republic
237,Jrem,Czech Republic
238,Jresto,Czech Republic
239,Jribro,Czech Republic
240,Jrldnany,Czech Republic
241,Jstsik,Czech Republic
242,Jtomerice,Czech Republic
243,K Komeriz,Czech Republic
244,Ka Kamenik,Czech Republic
245,Kack,Czech Republic
246,Kadovr Laznice,Czech Republic
247,Kadovr Mrace,Czech Republic
248,Kadubrantisko,Czech Republic
249,Kakkalin,Czech Republic
250,Kalovec,Czech Republic
251,Kalovice,Czech Republic
252,Kaokovice,Czech Republic
253,Kavy,Czech Republic
254,Kkalov,Czech Republic
255,Kklobouky,Czech Republic
256,Klatov,Czech Republic
257,Klatovice,Czech Republic
258,Klatovy,Czech Republic
259,Klatovy Bydzov,Czech Republic
260,Klatovy Lazne,Czech Republic
261,Kmhknaly,Czech Republic
262,Kmolantisko,Czech Republic
263,Kmrichuv Dvur K,Czech Republic
264,Knaly,Czech Republic
265,Kolin,Czech Republic
266,Kov,Czech Republic
267,Kovice,Czech Republic
268,Kovy Labem,Czech Republic
269,Kraluv Hrad,Czech Republic
270,Kraluv Hradiste,Czech Republic
271,Kromerice,Czech Republic
272,Kromerizkov,Czech Republic
273,Kromerizkovice,Czech Republic
274,Kromerizkovo Us,Czech Republic
275,Ktriz,Czech Republic
276,Ky Kraluv Hradi,Czech Republic
277,Ky Kraluv Hrady,Czech Republic
278,Ky Krumlov,Czech Republic
279,Ky Krumlovice,Czech Republic
280,Ky Nad Orlinou,Czech Republic
281,Kydarrice,Czech Republic
282,Kyhanac Na Mora,Czech Republic
283,Kykkrlmnov,Czech Republic
284,Kyknaly,Czech Republic
285,Labem,Czech Republic
286,Lant,Czech Republic
287,Lantisko,Czech Republic
288,Lantiskov,Czech Republic
289,Lbant,Czech Republic
290,Lbtokolov,Czech Republic
291,Lbtourov,Czech Republic
292,Lchov,Czech Republic
293,Ledec,Czech Republic
294,Ledec Nad Sazav,Czech Republic
295,Lesov,Czech Republic
296,Letohrady,Czech Republic
297,Letohrastava,Czech Republic
298,Lhet,Czech Republic
299,Lici,Czech Republic
300,Lin,Czech Republic
301,Linou,Czech Republic
302,Linsko,Czech Republic
303,Ljdeska,Czech Republic
304,Lkovice,Czech Republic
305,Lktolysko,Czech Republic
306,Lltos,Czech Republic
307,Lltov,Czech Republic
308,Lltovice,Czech Republic
309,Lnik,Czech Republic
310,Lnntv Urlinou,Czech Republic
311,Lntosy,Czech Republic
312,Lodebrant,Czech Republic
313,Love Nad Moravo,Czech Republic
314,Lstopece,Czech Republic
315,Ltanec Na Morav,Czech Republic
316,Ltanec Nad Jize,Czech Republic
317,Ltanec Nad Lazn,Czech Republic
318,Ltava,Czech Republic
319,Ltdice,Czech Republic
320,Ltdizne,Czech Republic
321,Ltinec Nad Jize,Czech Republic
322,Lto,Czech Republic
323,Ltomeriz,Czech Republic
324,Ltov,Czech Republic
325,Ltovice,Czech Republic
326,Ltovy,Czech Republic
327,Ltovy Bydzov,Czech Republic
328,Ltovy Labem,Czech Republic
329,Ltovy Lazne,Czech Republic
330,Ltrna Morave,Czech Republic
331,Ltrokolovice,Czech Republic
332,Lttohrastava,Czech Republic
333,Ltzne,Czech Republic
334,Lumec Na Morave,Czech Republic
335,Lumec Na Moravo,Czech Republic
336,Lumec Nad Nisou,Czech Republic
337,Lydnany,Czech Republic
338,Meli Na Morave,Czech Republic
339,Melnik,Czech Republic
340,Meriz,Czech Republic
341,Merizkov,Czech Republic
342,Merizkovy Bydzo,Czech Republic
343,Min,Czech Republic
344,Mkabouky,Czech Republic
345,Mlin,Czech Republic
346,Mlinsko,Czech Republic
347,Moravsky Kruml,Czech Republic
348,Moravsky Krumlo,Czech Republic
349,Mov,Czech Republic
350,Mreclav,Czech Republic
351,Mrice,Czech Republic
352,Mroresti,Czech Republic
353,Mska Kamenik,Czech Republic
354,Mskuv,Czech Republic
355,Mstrice Pod Hos,Czech Republic
356,Mtraznice Pod H,Czech Republic
357,Mtrna Morave,Czech Republic
358,Nad Sazavou,Czech Republic
359,Naly,Czech Republic
360,Natky Kraluv Hr,Czech Republic
361,Natky Na Moravo,Czech Republic
362,Natky Nad Sazav,Czech Republic
363,Nbrany,Czech Republic
364,Nbrvus,Czech Republic
365,Nchvo,Czech Republic
366,Ndrbredlcany,Czech Republic
367,Ndrbro,Czech Republic
368,Ndrvrldnice,Czech Republic
369,Ndvur Krumlovic,Czech Republic
370,Ne Mest,Czech Republic
371,Ned,Czech Republic
372,Neratov,Czech Republic
373,Neratovice,Czech Republic
374,Neratovy Bydzov,Czech Republic
375,Neratovy Labem,Czech Republic
376,Nice,Czech Republic
377,Nik,Czech Republic
378,Ninou,Czech Republic
379,Nkraluv Hrady,Czech Republic
380,Nlov,Czech Republic
381,Nlrvdlcany,Czech Republic
382,Nod,Czech Republic
383,Nrovice,Czech Republic
384,Nydlant,Czech Republic
385,Nydsam,Czech Republic
386,Ocoo,Czech Republic
387,Ohem,Czech Republic
388,Ohradec,Czech Republic
389,Ohrastava,Czech Republic
390,Ohysko,Czech Republic
391,Okico,Czech Republic
392,Okolov,Czech Republic
393,Okolovice,Czech Republic
394,Okovy,Czech Republic
395,Okycany,Czech Republic
396,Olec,Czech Republic
397,Omystrichov,Czech Republic
398,Onom,Czech Republic
399,Onomeriz,Czech Republic
400,Oolov,Czech Republic
401,Orestopece,Czech Republic
402,Oroin,Czech Republic
403,Oromerice,Czech Republic
404,Oromerice Nad M,Czech Republic
405,Oromerichuv Hra,Czech Republic
406,Oromeriz,Czech Republic
407,Oromerizkov,Czech Republic
408,Oromerizkovice ,Czech Republic
409,Orov,Czech Republic
410,Ory Nad Nisou,Czech Republic
411,Ourov,Czech Republic
412,Ovice,Czech Republic
413,Ovu  Kamenice,Czech Republic
414,Ovy,Czech Republic
415,Pcesnice,Czech Republic
416,Pcesnichovo Ust,Czech Republic
417,Pdinice,Czech Republic
418,Ped Cary,Czech Republic
419,Ped Cary Lad,Czech Republic
420,Petrvald,Czech Republic
421,Pezkov,Czech Republic
422,Pjco,Czech Republic
423,Plesov,Czech Republic
424,Plin,Czech Republic
425,Plodebradec Nad,Czech Republic
426,Pniste,Czech Republic
427,Podebram,Czech Republic
428,Podebrany,Czech Republic
429,Prest,Czech Republic
430,Promerice,Czech Republic
431,Ractovice,Czech Republic
432,Rady,Czech Republic
433,Ralove Nad Pern,Czech Republic
434,Raltomysl,Czech Republic
435,Rarov,Czech Republic
436,Ratov,Czech Republic
437,Ravou,Czech Republic
438,Rdvbre,Czech Republic
439,Rdvbro,Czech Republic
440,Reclav,Czech Republic
441,Redlcany,Czech Republic
442,Rest,Czech Republic
443,Resti,Czech Republic
444,Restice Pod Hos,Czech Republic
445,Resto Nad Morav,Czech Republic
446,Resto Nad Perns,Czech Republic
447,Rice,Czech Republic
448,Rilemnice,Czech Republic
449,Rim,Czech Republic
450,Rlabor,Czech Republic
451,Rmolov,Czech Republic
452,Rmrave,Czech Republic
453,Rnice Nad Sazav,Czech Republic
454,Rninou,Czech Republic
455,Roceska,Czech Republic
456,Rodinice,Czech Republic
457,Rokolov,Czech Republic
458,Rokov,Czech Republic
459,Rokovice,Czech Republic
460,Rokycany,Czech Republic
461,Rov,Czech Republic
462,Rovice,Czech Republic
463,Rradovr Laznich,Czech Republic
464,Rradvbro,Czech Republic
465,Rtdrice,Czech Republic
466,Rtrichov,Czech Republic
467,Ruska,Czech Republic
468,Rusti,Czech Republic
469,Rvsto Nad Lazne,Czech Republic
470,Sauavou,Czech Republic
471,Sazavou,Czech Republic
472,Sbe Nad Moravou,Czech Republic
473,Sbzavou,Czech Republic
474,Sdlinsko,Czech Republic
475,Sdlov,Czech Republic
476,Set,Czech Republic
477,Setime Na Morav,Czech Republic
478,Sezimov,Czech Republic
479,Ska,Czech Republic
480,Sko,Czech Republic
481,Skzamononec,Czech Republic
482,Sluknov,Czech Republic
483,Sok,Czech Republic
484,Sokolov,Czech Republic
485,Sokolovice,Czech Republic
486,Sorlin,Czech Republic
487,Sra Moravou,Czech Republic
488,Sraznice,Czech Republic
489,Ste,Czech Republic
490,Ste Nad Orlinsk,Czech Republic
491,Ste Nad Sazavou,Czech Republic
492,Stejnem,Czech Republic
493,Sti,Czech Republic
494,Stice,Czech Republic
495,Sto,Czech Republic
496,Sto Nad Jizerou,Czech Republic
497,Sto Nad Sazavou,Czech Republic
498,Stribrad,Czech Republic
499,Stribro,Czech Republic
500,Strice,Czech Republic
501,Striz,Czech Republic
502,Szce,Czech Republic
503,Szravou,Czech Republic
504,Tchrosek,Czech Republic
505,Techynec,Czech Republic
506,Tesenik,Czech Republic
507,Tesho,Czech Republic
508,Tessve Mesto,Czech Republic
509,Tethva Dabro,Czech Republic
510,Tice,Czech Republic
511,Tim,Czech Republic
512,Tlinskov,Czech Republic
513,Tnice,Czech Republic
514,Tod,Czech Republic
515,Tohradiste Nad ,Czech Republic
516,Tohrastava,Czech Republic
517,Tokycany,Czech Republic
518,Tory,Czech Republic
519,Torystrice,Czech Republic
520,Tpokolove Mest,Czech Republic
521,Trazne,Czech Republic
522,Traznice,Czech Republic
523,Traznice Pod Ho,Czech Republic
524,Traznichuv Hrad,Czech Republic
525,Trez,Czech Republic
526,Treznice,Czech Republic
527,Tribrany,Czech Republic
528,Tribro,Czech Republic
529,Trice,Czech Republic
530,Trice Pod Host,Czech Republic
531,Trinec Nad Pern,Czech Republic
532,Triz,Czech Republic
533,Trizkovice,Czech Republic
534,Trizkovy Laznic,Czech Republic
535,Trjkolovice,Czech Republic
536,Trokolov,Czech Republic
537,Trokolove Nad S,Czech Republic
538,Trokolovec,Czech Republic
539,Trokov,Czech Republic
540,Trystriz,Czech Republic
541,Tsazavou,Czech Republic
542,Tsti,Czech Republic
543,Tteseli Nad Orl,Czech Republic
544,Ttraznice,Czech Republic
545,Ttreznice,Czech Republic
546,Tve Nad Nisou,Czech Republic
547,Tvoh,Czech Republic
548,Uchcov,Czech Republic
549,Ucic,Czech Republic
550,Ulici,Czech Republic
551,Umec Nad Morave,Czech Republic
552,Umec Nad Nisou,Czech Republic
553,Umec Nad Pernst,Czech Republic
554,Umec Nad Sazavo,Czech Republic
555,Umerizkov,Czech Republic
556,Umlov,Czech Republic
557,Urcm,Czech Republic
558,Ureclav,Czech Republic
559,Urk,Czech Republic
560,Usei,Czech Republic
561,Useice,Czech Republic
562,Useichuv Dvur,Czech Republic
563,Userlici,Czech Republic
564,Uska,Czech Republic
565,Uska Kamenik,Czech Republic
566,Usti,Czech Republic
567,Ustice,Czech Republic
568,Vacd,Czech Republic
569,Vald,Czech Republic
570,Vec,Czech Republic
571,Ved,Czech Republic
572,Vem,Czech Republic
573,Vice,Czech Republic
574,Vkadkurim,Czech Republic
575,Vlbdec Nad Niso,Czech Republic
576,Vlsko,Czech Republic
577,Vnik,Czech Republic
578,Vpod Hostynec N,Czech Republic
579,Vradiste,Czech Republic
580,Vrstejnem,Czech Republic
581,Vsko,Czech Republic
582,Vsky Kralov,Czech Republic
583,Vsky Krumlov,Czech Republic
584,Vsky Krumlove N,Czech Republic
585,Vysbrice,Czech Republic
586,Ybechynec Nad L,Czech Republic
587,Ybechynem,Czech Republic
588,Ybhou,Czech Republic
589,Ydranik,Czech Republic
590,Ymlrni Pocernic,Czech Republic
591,Yseriz,Czech Republic
592,Ysko,Czech Republic
593,Yskov,Czech Republic
594,Yskovice,Czech Republic
595,Yskovy,Czech Republic
596,Ystribranice,Czech Republic
597,Ystribranik,Czech Republic
598,Ystriz,Czech Republic
599,Zce,Czech Republic
600,Zdrichuv Dvur,Czech Republic
601,Zembnrnt,Czech Republic
602,Zkojoom,Czech Republic
603,Zkovice,Czech Republic
604,Zmopece,Czech Republic
605,Zmrov,Czech Republic
606,Zne,Czech Republic
607,Zrojnomerice,Czech Republic
608,Zrov,Czech Republic
609,Zsroznam,Czech Republic
