,Name,Origin
0, Hjelling,Denmark
1, Hjllerup,Denmark
2, Hlllnbaek,Denmark
3, Hllsnan,Denmark
4, Hllsnebaek,Denmark
5, Hllsnsnan,Denmark
6, Holbaek,Denmark
7, Holluf,Denmark
8, Merslev,Denmark
9, Mloie,Denmark
10, Mlose,Denmark
11,Ader,Denmark
12,Aderborg,Denmark
13,Aeder Holbaek,Denmark
14,Aederborg,Denmark
15,Aerde,Denmark
16,Agelse,Denmark
17,Agen,Denmark
18,Agrn,Denmark
19,Alarebaek,Denmark
20,Alby,Denmark
21,Alense,Denmark
22,Allingborg,Denmark
23,Arde,Denmark
24,Arebaek,Denmark
25,Asbergaerde,Denmark
26,Asbyrorod,Denmark
27,Aslev,Denmark
28,Baek,Denmark
29,Bark,Denmark
30,Beltoft,Denmark
31,Berg,Denmark
32,Bergaerde,Denmark
33,Bergaerlose,Denmark
34,Bjer,Denmark
35,Bjerg,Denmark
36,Bjergaerk,Denmark
37,Bjern,Denmark
38,Bjerrinderiksbe,Denmark
39,Bjerrinderiksed,Denmark
40,Bjerrindstebro,Denmark
41,Bjerringborg,Denmark
42,Ble,Denmark
43,Borg,Denmark
44,Bre,Denmark
45,Bro,Denmark
46,Der,Denmark
47,Der Holbaek,Denmark
48,Der Holluf,Denmark
49,Der Hollule,Denmark
50,Der Hollund,Denmark
51,Der Holstebro,Denmark
52,Der Holsted,Denmark
53,Derborg,Denmark
54,Derborgee,Denmark
55,Derhos,Denmark
56,Deriksberg,Denmark
57,Deriksbergaerde,Denmark
58,Deriksbergaerk,Denmark
59,Derikshavn,Denmark
60,Derikssund,Denmark
61,Derikssundborg,Denmark
62,Derikssundby,Denmark
63,Deriksvaerde,Denmark
64,Deriksvaerlose,Denmark
65,Deriksvaerlostr,Denmark
66,Derslev,Denmark
67,Ding,Denmark
68,Dragor,Denmark
69,Ebaek,Denmark
70,Eby,Denmark
71,Edehusens,Denmark
72,Edehusensbaek,Denmark
73,Edehusense,Denmark
74,Eder,Denmark
75,Eder Holbaek,Denmark
76,Eder Hollund,Denmark
77,Ederborg,Denmark
78,Ederikshavn,Denmark
79,Ederikssene,Denmark
80,Ederikssund,Denmark
81,Ederiksvaerk,Denmark
82,Ederslev,Denmark
83,Eje,Denmark
84,Ejens,Denmark
85,Ellenstrup,Denmark
86,Ellerod,Denmark
87,Ellerup,Denmark
88,Elling,Denmark
89,Ellingborg,Denmark
90,Elogen,Denmark
91,Erakshavn,Denmark
92,Erk,Denmark
93,Erod,Denmark
94,Erperg,Denmark
95,Esbjerg,Denmark
96,Fart,Denmark
97,Fsttuup,Denmark
98,Ftrteminderslev,Denmark
99,Ftrtemindsted,Denmark
100,Ftrtemingbro,Denmark
101,Ftrteminge,Denmark
102,Gaerde,Denmark
103,Gaerk,Denmark
104,Galling,Denmark
105,Garde,Denmark
106,Gor,Denmark
107,Hasmel,Denmark
108,Hasnejre,Denmark
109,Hasnenra,Denmark
110,Hasnent,Denmark
111,Hdsselager,Denmark
112,Hhssnnnstrup,Denmark
113,Hivt,Denmark
114,Hlse,Denmark
115,Hos,Denmark
116,Hosm,Denmark
117,Hosminderborg,Denmark
118,Hristebro,Denmark
119,Hristianshavn,Denmark
120,Hus,Denmark
121,Iba,Denmark
122,Ibo,Denmark
123,Iborg,Denmark
124,Iddelfart,Denmark
125,Inde,Denmark
126,Ipshuv,Denmark
127,Jensbaek,Denmark
128,Jerg,Denmark
129,Jergaerk,Denmark
130,Jern,Denmark
131,Jerrinder,Denmark
132,Jerring,Denmark
133,Jerringe,Denmark
134,Jlllnne,Denmark
135,Kadderikshavn,Denmark
136,Kadilge,Denmark
137,Kaeder Holluf,Denmark
138,Kaederborg,Denmark
139,Kagen,Denmark
140,Kager,Denmark
141,Kalde,Denmark
142,Kalens,Denmark
143,Kand,Denmark
144,Kasder,Denmark
145,Kasderiksvaerde,Denmark
146,Kjerg,Denmark
147,Kjergaerk,Denmark
148,Kjern,Denmark
149,Kjerrinde,Denmark
150,Korinderborg,Denmark
151,Kperg,Denmark
152,Kridderiksberga,Denmark
153,Kslave,Denmark
154,Ksluv,Denmark
155,Laaellerup,Denmark
156,Laeby,Denmark
157,Lagelse,Denmark
158,Lagelsing,Denmark
159,Lagelsinge,Denmark
160,Lagen,Denmark
161,Lager,Denmark
162,Lase,Denmark
163,Lbaek,Denmark
164,Lboeg,Denmark
165,Lborg,Denmark
166,Leje,Denmark
167,Lejen,Denmark
168,Lejense,Denmark
169,Lens,Denmark
170,Lgaerde,Denmark
171,Lgaerlose,Denmark
172,Ling,Denmark
173,Linge,Denmark
174,Lje,Denmark
175,Ljense,Denmark
176,Ljern,Denmark
177,Llbe,Denmark
178,Llbne,Denmark
179,Llebaek,Denmark
180,Lleleje,Denmark
181,Llens,Denmark
182,Llensbaek,Denmark
183,Llense,Denmark
184,Llenstrup,Denmark
185,Llerod,Denmark
186,Llerod Strup,Denmark
187,Llerup,Denmark
188,Lling,Denmark
189,Llinge,Denmark
190,Lluf,Denmark
191,Llund,Denmark
192,Llundborg,Denmark
193,Llvne,Denmark
194,Llvnse,Denmark
195,Lobang,Denmark
196,Lobank,Denmark
197,Lodev,Denmark
198,Loge,Denmark
199,Logen,Denmark
200,Lojen,Denmark
201,Londe,Denmark
202,Lonse,Denmark
203,Lopengarde,Denmark
204,Lorod,Denmark
205,Lorum,Denmark
206,Lorumnedre,Denmark
207,Lose,Denmark
208,Lov,Denmark
209,Luf,Denmark
210,Lund,Denmark
211,Lundborg,Denmark
212,Lve,Denmark
213,Mjen,Denmark
214,Morumnedre,Denmark
215,Mperg,Denmark
216,Mronde,Denmark
217,N Morsens,Denmark
218,Nbaek,Denmark
219,Ndborg,Denmark
220,Nder,Denmark
221,Nderiksvaerk,Denmark
222,Ndsted,Denmark
223,Ngaordingbro,Denmark
224,Nlase,Denmark
225,Nlesenstruer,Denmark
226,Nshavn,Denmark
227,Nstruer,Denmark
228,Nstrup,Denmark
229,Oddvre,Denmark
230,Oksederslev,Denmark
231,Orberg,Denmark
232,Ording,Denmark
233,Ordingborg,Denmark
234,Orje,Denmark
235,Ornby,Denmark
236,Perg,Denmark
237,Pergaerde,Denmark
238,Pergaerk,Denmark
239,Radborg,Denmark
240,Radderslev,Denmark
241,Radmingborg,Denmark
242,Radorresund,Denmark
243,Raeby,Denmark
244,Raederborg,Denmark
245,Raederikssundbo,Denmark
246,Raederiksvaerk,Denmark
247,Ragor,Denmark
248,Rammel,Denmark
249,Ramminde,Denmark
250,Rammindsted,Denmark
251,Ramming,Denmark
252,Ramming Morsene,Denmark
253,Ramminge,Denmark
254,Rammingsted,Denmark
255,Raperg,Denmark
256,Rasee,Denmark
257,Rde,Denmark
258,Rebaek,Denmark
259,Redehus,Denmark
260,Rederborg,Denmark
261,Rederiksberg,Denmark
262,Rederikshavn,Denmark
263,Rederikssund,Denmark
264,Rederikssundby,Denmark
265,Rederslev,Denmark
266,Rgaerlostruer,Denmark
267,Rhosmilg,Denmark
268,Rhosmilge,Denmark
269,Ribo,Denmark
270,Riborg,Denmark
271,Rideb E,Denmark
272,Rider Holbaek,Denmark
273,Rides,Denmark
274,Rikshavn,Denmark
275,Riksvaerlostrup,Denmark
276,Rinderikshavn,Denmark
277,Rinderikssundbo,Denmark
278,Ring,Denmark
279,Ring Morsenstru,Denmark
280,Ring Morsholm,Denmark
281,Ringbro,Denmark
282,Ringe,Denmark
283,Ringsted,Denmark
284,Ristianshavn,Denmark
285,Rkborg,Denmark
286,Rod,Denmark
287,Rod Stranbjerg,Denmark
288,Rod Stranbjern,Denmark
289,Rod Strand,Denmark
290,Rod Strander,Denmark
291,Rod Strander Ho,Denmark
292,Rod Stranderbor,Denmark
293,Rod Stranderiks,Denmark
294,Rod Strup,Denmark
295,Rodovre,Denmark
296,Rpe,Denmark
297,Rumnedre,Denmark
298,Rup,Denmark
299,Sberg,Denmark
300,Sbyek,Denmark
301,Singsted,Denmark
302,Skaldingkobing,Denmark
303,Slager,Denmark
304,Slave,Denmark
305,Slev,Denmark
306,Snenra,Denmark
307,Sperg,Denmark
308,Ssense,Denmark
309,Struer,Denmark
310,Strup,Denmark
311,Svens,Denmark
312,Tbarg,Denmark
313,Tlagen,Denmark
314,Triptek,Denmark
315,Truer,Denmark
316,Trup,Denmark
317,Und,Denmark
318,Ved,Denmark
319,Vendborg,Denmark
320,Vendby,Denmark
321,Vens,Denmark
322,Vensbaek,Denmark
323,Venstrup,Denmark
324,Verde,Denmark
325,Yborg,Denmark
326,Ykjbergaerk,Denmark
