,Name,Origin
0, Blanches,Dominican Republic
1, Blancisca,Dominican Republic
2, Blano,Dominican Republic
3, Boya,Dominican Republic
4, Consuelo,Dominican Republic
5, Cristanza,Dominican Republic
6, Cristilla Roma,Dominican Republic
7, De Higueey,Dominican Republic
8, De Los,Dominican Republic
9, El Seibo,Dominican Republic
10, Farfan,Dominican Republic
11, Frande Factor,Dominican Republic
12, Franza,Dominican Republic
13, Garabaneta,Dominican Republic
14, Los Del De La ,Dominican Republic
15, Noble,Dominican Republic
16, Ragua Arriba,Dominican Republic
17, Rbani,Dominican Republic
18, Rivae,Dominican Republic
19, Ta Cristobal,Dominican Republic
20, Terrenares,Dominican Republic
21, Viajabon,Dominican Republic
22,Aabajos Llanos,Dominican Republic
23,Aajjmenda,Dominican Republic
24,Aajjmendad Nuev,Dominican Republic
25,Aajyela,Dominican Republic
26,Abajo,Dominican Republic
27,Abajos Cabralta,Dominican Republic
28,Abajos De El Fa,Dominican Republic
29,Abij,Dominican Republic
30,Abija,Dominican Republic
31,Abijos Caballe,Dominican Republic
32,Aboj,Dominican Republic
33,Absjoballe,Dominican Republic
34,Acgas,Dominican Republic
35,Achica,Dominican Republic
36,Agua,Dominican Republic
37,Aguaragua,Dominican Republic
38,Aijbelta,Dominican Republic
39,Ajuma,Dominican Republic
40,Ajume,Dominican Republic
41,Ajuml,Dominican Republic
42,Alatas,Dominican Republic
43,Alja,Dominican Republic
44,Alla Altagracia,Dominican Republic
45,Alla Blano,Dominican Republic
46,Alla Cruz,Dominican Republic
47,Alla Franza,Dominican Republic
48,Alla Magua Alta,Dominican Republic
49,Alla Roma De La,Dominican Republic
50,Alla Vista,Dominican Republic
51,Almana Iglesia,Dominican Republic
52,Alta,Dominican Republic
53,Altagracia,Dominican Republic
54,Alualada,Dominican Republic
55,Amenda,Dominican Republic
56,Ami,Dominican Republic
57,Amingo,Dominican Republic
58,Amuita Carlos L,Dominican Republic
59,Anca,Dominican Republic
60,Anches,Dominican Republic
61,Ancisca,Dominican Republic
62,Anda,Dominican Republic
63,Ansancisca,Dominican Republic
64,Armingo,Dominican Republic
65,Asmabal,Dominican Republic
66,Asmacoa,Dominican Republic
67,Asua Arriba,Dominican Republic
68,Auotra Bisono,Dominican Republic
69,Avabente Crista,Dominican Republic
70,Bajomana Iglesi,Dominican Republic
71,Bal,Dominican Republic
72,Balle,Dominican Republic
73,Ballejuelo,Dominican Republic
74,Balos,Dominican Republic
75,Bana,Dominican Republic
76,Bana De La Mar,Dominican Republic
77,Bani,Dominican Republic
78,Banos,Dominican Republic
79,Bbllo,Dominican Republic
80,Bblon De Herrer,Dominican Republic
81,Bbnia,Dominican Republic
82,Bbnnadenuaaarab,Dominican Republic
83,Bci,Dominican Republic
84,Bcnts Casas,Dominican Republic
85,Bfnnandador,Dominican Republic
86,Bglla Alta,Dominican Republic
87,Bherrera,Dominican Republic
88,Bhnnna,Dominican Republic
89,Bil,Dominican Republic
90,Bita Chica,Dominican Republic
91,Bita Constanza,Dominican Republic
92,Bita Cruz,Dominican Republic
93,Bita Garanchez,Dominican Republic
94,Bjnande Llano,Dominican Republic
95,Blca,Dominican Republic
96,Bncion,Dominican Republic
97,Bnco,Dominican Republic
98,Bnllhjuelo,Dominican Republic
99,Bnonlo,Dominican Republic
100,Bon,Dominican Republic
101,Bphe,Dominican Republic
102,Brera,Dominican Republic
103,Btonsuelo,Dominican Republic
104,Bunia,Dominican Republic
105,Bza,Dominican Republic
106,Cao Julia,Dominican Republic
107,Casti,Dominican Republic
108,Cayas De Haina,Dominican Republic
109,Cbana Santo Mat,Dominican Republic
110,Cde De Matas De,Dominican Republic
111,Cde Herreraguna,Dominican Republic
112,Cde La Jaraguat,Dominican Republic
113,Cea Valleros,Dominican Republic
114,Cguarabitos,Dominican Republic
115,Che Las De Nobl,Dominican Republic
116,Che Llano,Dominican Republic
117,Ches,Dominican Republic
118,Chez,Dominican Republic
119,Cicon,Dominican Republic
120,Cicoy,Dominican Republic
121,Cimnnta Garabit,Dominican Republic
122,Cion,Dominican Republic
123,Ciondo Abajo,Dominican Republic
124,Cisca,Dominican Republic
125,Ciudad Nueva,Dominican Republic
126,Cmasas,Dominican Republic
127,Cncisca,Dominican Republic
128,Cngredar Hernan,Dominican Republic
129,Cnra,Dominican Republic
130,Coa,Dominican Republic
131,Coi,Dominican Republic
132,Con,Dominican Republic
133,Conio,Dominican Republic
134,Consta,Dominican Republic
135,Coo,Dominican Republic
136,Coon,Dominican Republic
137,Coondo De Viaja,Dominican Republic
138,Coril,Dominican Republic
139,Coris,Dominican Republic
140,Coristi,Dominican Republic
141,Coristobal,Dominican Republic
142,Cos,Dominican Republic
143,Cotilla Jaraban,Dominican Republic
144,Cotilla Vasquey,Dominican Republic
145,Cotillo,Dominican Republic
146,Coy Al Medio,Dominican Republic
147,Cris,Dominican Republic
148,Crista,Dominican Republic
149,Cristi,Dominican Republic
150,Cruz De Niguan ,Dominican Republic
151,Csica,Dominican Republic
152,Cstanza,Dominican Republic
153,Ctanba,Dominican Republic
154,Cua,Dominican Republic
155,Da Dr  La Mata,Dominican Republic
156,Dal Ae Cabralta,Dominican Republic
157,Dbvcoristanza,Dominican Republic
158,Dcciconio,Dominican Republic
159,Ddl Medio,Dominican Republic
160,De Boya,Dominican Republic
161,De Haina,Dominican Republic
162,Devca,Dominican Republic
163,Dha Randez,Dominican Republic
164,Dhconio,Dominican Republic
165,Dlvvllleron,Dominican Republic
166,Dmector,Dominican Republic
167,Dmicun Pedes,Dominican Republic
168,Dre Luperon,Dominican Republic
169,Drn Nos,Dominican Republic
170,Dtn Pedro De La,Dominican Republic
171,Dto Plata,Dominican Republic
172,Dvcigca,Dominican Republic
173,Dvicunia,Dominican Republic
174,Dvvalesia,Dominican Republic
175,Dvvilla Bani,Dominican Republic
176,Dvvilla Franas,Dominican Republic
177,E Hernande Hern,Dominican Republic
178,Eaguan Jose De ,Dominican Republic
179,Eana Yegua,Dominican Republic
180,Earriba,Dominican Republic
181,Ebdel Yuma,Dominican Republic
182,Ebisono,Dominican Republic
183,Ebrinto Domingo,Dominican Republic
184,Ebsancion,Dominican Republic
185,Ejmenda,Dominican Republic
186,El De Haina,Dominican Republic
187,Ernales,Dominican Republic
188,Ertanbadenlaban,Dominican Republic
189,Fcan Jose De La,Dominican Republic
190,Fcan Julia,Dominican Republic
191,Fcanos,Dominican Republic
192,Fcnco,Dominican Republic
193,Fcnto Domingo D,Dominican Republic
194,Fcnto Domingo E,Dominican Republic
195,Fcon,Dominican Republic
196,Fconio,Dominican Republic
197,Fconsuelo,Dominican Republic
198,Fctargo Domingo,Dominican Republic
199,Fncnon,Dominican Republic
200,Ftanza,Dominican Republic
201,Gamente Cabanet,Dominican Republic
202,Gamente Las Gua,Dominican Republic
203,Gamentel,Dominican Republic
204,Gassanchez,Dominican Republic
205,Gblnnande Boya,Dominican Republic
206,Gbsan Cabreranz,Dominican Republic
207,Gcan De Mayor D,Dominican Republic
208,Gcana,Dominican Republic
209,Gguarabitos,Dominican Republic
210,Gjuana Gregoril,Dominican Republic
211,Glanos,Dominican Republic
212,Glla Altagracia,Dominican Republic
213,Glla Jaragua,Dominican Republic
214,Gsapuadennales,Dominican Republic
215,Gsdescubierta,Dominican Republic
216,Gsuate,Dominican Republic
217,Gterrenas,Dominican Republic
218,Gua,Dominican Republic
219,Guan Juanas,Dominican Republic
220,Guca,Dominican Republic
221,Gueey,Dominican Republic
222,Guherreralta,Dominican Republic
223,Guna Grandez,Dominican Republic
224,Guna Iglesia,Dominican Republic
225,Gupar Herreral,Dominican Republic
226,Guta,Dominican Republic
227,Hatnaleon De Oc,Dominican Republic
228,Hatnnilua Alta,Dominican Republic
229,Hatui,Dominican Republic
230,Hbprelo,Dominican Republic
231,Hbtna,Dominican Republic
232,Hbtna De Farfan,Dominican Republic
233,Hca,Dominican Republic
234,Hci,Dominican Republic
235,Hcrriba,Dominican Republic
236,Hennales,Dominican Republic
237,Hernaleon De Fa,Dominican Republic
238,Hernande,Dominican Republic
239,Hernande Nigua ,Dominican Republic
240,Herreral,Dominican Republic
241,Hetnanda,Dominican Republic
242,Hetnande,Dominican Republic
243,Hez,Dominican Republic
244,Hhatajcalle,Dominican Republic
245,Hitu Pedra Biso,Dominican Republic
246,Hma,Dominican Republic
247,Hmingo Oeste,Dominican Republic
248,Hmtua Alta,Dominican Republic
249,Hnca,Dominican Republic
250,Htan,Dominican Republic
251,Htrn La Mata,Dominican Republic
252,Htrn Nande De N,Dominican Republic
253,Hvprelo,Dominican Republic
254,Hyra Bisono,Dominican Republic
255,Hyunta Cris,Dominican Republic
256,Ibbert,Dominican Republic
257,Ibcontel,Dominican Republic
258,Ible,Dominican Republic
259,Igheiree,Dominican Republic
260,Ighernales,Dominican Republic
261,Ighernalesia,Dominican Republic
262,Ighernandez,Dominican Republic
263,Ighernando De L,Dominican Republic
264,Igherreraltagra,Dominican Republic
265,Igherreranda,Dominican Republic
266,Imberta,Dominican Republic
267,J Jaraguana De ,Dominican Republic
268,Jebon,Dominican Republic
269,Jlano,Dominican Republic
270,Jle,Dominican Republic
271,Jleao,Dominican Republic
272,Jll Medio,Dominican Republic
273,Jlla Alta,Dominican Republic
274,Jmana,Dominican Republic
275,Jmana Santo Pla,Dominican Republic
276,Jmelia,Dominican Republic
277,Jnme De La Mata,Dominican Republic
278,Jsperande Cruz,Dominican Republic
279,Juana,Dominican Republic
280,Juelo,Dominican Republic
281,Juma,Dominican Republic
282,Junla,Dominican Republic
283,L Cercador,Dominican Republic
284,L Descubierto D,Dominican Republic
285,L Herreraltagra,Dominican Republic
286,L Medio,Dominican Republic
287,L Vasquez,Dominican Republic
288,Labajo,Dominican Republic
289,Labajos Llano,Dominican Republic
290,Lajuma,Dominican Republic
291,Lalla Matas Mat,Dominican Republic
292,Laloa De La Bla,Dominican Republic
293,Lamana,Dominican Republic
294,Lamana De Higue,Dominican Republic
295,Lamjucoril,Dominican Republic
296,Lapral,Dominican Republic
297,Larpibde,Dominican Republic
298,Laspar Hernande,Dominican Republic
299,Lasprel,Dominican Republic
300,Lasuilla Franch,Dominican Republic
301,Latajcalleros,Dominican Republic
302,Latmmbitos,Dominican Republic
303,Lbbonao,Dominican Republic
304,Lbcon,Dominican Republic
305,Lbdon,Dominican Republic
306,Lbfoncion,Dominican Republic
307,Lbledor,Dominican Republic
308,Lblenos,Dominican Republic
309,Lblon,Dominican Republic
310,Lblon De Boya,Dominican Republic
311,Lblon Del Yuma,Dominican Republic
312,Lbmoncisca,Dominican Republic
313,Lbmonte Las Ter,Dominican Republic
314,Lbno,Dominican Republic
315,Lbnon,Dominican Republic
316,Lbnos,Dominican Republic
317,Lbsll Medio,Dominican Republic
318,Lbvol,Dominican Republic
319,Lbyan Grana,Dominican Republic
320,Lbyoa De Lupero,Dominican Republic
321,Lcinca,Dominican Republic
322,Ldel Yuma,Dominican Republic
323,Lhanta Cristi,Dominican Republic
324,Lhernalesia,Dominican Republic
325,Lhernandad Nuev,Dominican Republic
326,Lhernandado Aba,Dominican Republic
327,Lhernande,Dominican Republic
328,Lhernande Boya,Dominican Republic
329,Lhernandez,Dominican Republic
330,Lherrenares,Dominican Republic
331,Lherrenas,Dominican Republic
332,Lherreral,Dominican Republic
333,Lhmoncisca,Dominican Republic
334,Lhmonte Cruz De,Dominican Republic
335,Lhonnon,Dominican Republic
336,Lhonte Carlos,Dominican Republic
337,Lhstnbaneta,Dominican Republic
338,Lhyor De Crista,Dominican Republic
339,Ll Eera,Dominican Republic
340,Ll Eua,Dominican Republic
341,Ll Medio,Dominican Republic
342,Ll Vasquez,Dominican Republic
343,Llejuelo,Dominican Republic
344,Lleron,Dominican Republic
345,Lll Medio,Dominican Republic
346,Llm Bisono,Dominican Republic
347,Llvan,Dominican Republic
348,Llvilla Mata,Dominican Republic
349,Lmnon,Dominican Republic
350,Lnca,Dominican Republic
351,Locaa,Dominican Republic
352,Los Llanca,Dominican Republic
353,Lsll Medio,Dominican Republic
354,Lta,Dominican Republic
355,Ltagracia,Dominican Republic
356,Lte,Dominican Republic
357,Ltegracia,Dominican Republic
358,Lua Arriba,Dominican Republic
359,Lucerto Domingo,Dominican Republic
360,Luilla Magua,Dominican Republic
361,Lulla Franza,Dominican Republic
362,Luy,Dominican Republic
363,Lvpera,Dominican Republic
364,Lvple De Sanche,Dominican Republic
365,Lvplesia,Dominican Republic
366,Macoi,Dominican Republic
367,Mana,Dominican Republic
368,Mana Gregoril,Dominican Republic
369,Mao,Dominican Republic
370,Mbita Cabacoa,Dominican Republic
371,Mbita Cana,Dominican Republic
372,Mbita Castilla ,Dominican Republic
373,Mbita Catl,Dominican Republic
374,Mbita Chica,Dominican Republic
375,Mbita Consuelo,Dominican Republic
376,Mbita Cris,Dominican Republic
377,Mbita Cristanza,Dominican Republic
378,Mbita Cruz,Dominican Republic
379,Mbitos,Dominican Republic
380,Mboca,Dominican Republic
381,Mbonao,Dominican Republic
382,Mboril,Dominican Republic
383,Mcaron,Dominican Republic
384,Mcitos,Dominican Republic
385,Mconio,Dominican Republic
386,Mente Platas,Dominican Republic
387,Mentel,Dominican Republic
388,Mibgeral,Dominican Republic
389,Minaeranca,Dominican Republic
390,Mingo De Monte ,Dominican Republic
391,Mjnde Castilla ,Dominican Republic
392,Mlnande,Dominican Republic
393,Mlnande Matas,Dominican Republic
394,Mlnando Abajo,Dominican Republic
395,Mmnnia,Dominican Republic
396,Mmnnta Cruz,Dominican Republic
397,Mnca,Dominican Republic
398,Mnda,Dominican Republic
399,Mngu,Dominican Republic
400,Mnna,Dominican Republic
401,Mnna Igles,Dominican Republic
402,Mnnde Nigueey,Dominican Republic
403,Mnnta Castillo,Dominican Republic
404,Mnnta Chica,Dominican Republic
405,Mnnta Constanza,Dominican Republic
406,Mnnta Consuelo,Dominican Republic
407,Mnnta Cristillo,Dominican Republic
408,Mnnta Grana Igl,Dominican Republic
409,Mnnta Grande,Dominican Republic
410,Mnnte Platas De,Dominican Republic
411,Mnnto Domingo,Dominican Republic
412,Mnnto Domingo E,Dominican Republic
413,Mnta Consuelo,Dominican Republic
414,Mnta Cruz,Dominican Republic
415,Mnta Cruz De El,Dominican Republic
416,Mnta Cruz De No,Dominican Republic
417,Mnta Garabitos,Dominican Republic
418,Mrnia,Dominican Republic
419,N De Na Garande,Dominican Republic
420,N De Ocoa,Dominican Republic
421,Na Grando De Ni,Dominican Republic
422,Na Igles,Dominican Republic
423,Na San Del Rey,Dominican Republic
424,Na Yeguate,Dominican Republic
425,Nandad Nueva,Dominican Republic
426,Nandador,Dominican Republic
427,Nandez,Dominican Republic
428,Nando Abajos Ca,Dominican Republic
429,Nar,Dominican Republic
430,Nas,Dominican Republic
431,Nat,Dominican Republic
432,Nca,Dominican Republic
433,Ncasas,Dominican Republic
434,Nche Las Castil,Dominican Republic
435,Nche Las De La ,Dominican Republic
436,Nches,Dominican Republic
437,Nchez,Dominican Republic
438,Ncion,Dominican Republic
439,Nco De Ocoa,Dominican Republic
440,Ncos,Dominican Republic
441,Ncres,Dominican Republic
442,Nctor,Dominican Republic
443,Nde,Dominican Republic
444,Nde Boya,Dominican Republic
445,Nde Salada,Dominican Republic
446,Ndez,Dominican Republic
447,Ne Sancion,Dominican Republic
448,Nes,Dominican Republic
449,Nfennao,Dominican Republic
450,Nga,Dominican Republic
451,Ngregoril,Dominican Republic
452,Nia,Dominican Republic
453,Nigeegiacoril,Dominican Republic
454,Nihuin,Dominican Republic
455,Nimgnandez,Dominican Republic
456,Nitbnle,Dominican Republic
457,Niu,Dominican Republic
458,Njuana,Dominican Republic
459,Nmana,Dominican Republic
460,Nnilla Franda,Dominican Republic
461,Nno La Juan Cri,Dominican Republic
462,Nomlna,Dominican Republic
463,Nopl Valle,Dominican Republic
464,Nos,Dominican Republic
465,Npad Nueva,Dominican Republic
466,Npar Hernalesia,Dominican Republic
467,Nro,Dominican Republic
468,Nro Abajo,Dominican Republic
469,Nro Platas De L,Dominican Republic
470,Ns Del De Farfa,Dominican Republic
471,Nsalsipuedes,Dominican Republic
472,Nsnando Abajo,Dominican Republic
473,Nsta,Dominican Republic
474,Nta Gregoril,Dominican Republic
475,Ntbhbana Iglesi,Dominican Republic
476,Ntbhnin,Dominican Republic
477,Ntiago Este,Dominican Republic
478,Nto Domingo De ,Dominican Republic
479,Nto Domingo Est,Dominican Republic
480,Nto Domingo Oes,Dominican Republic
481,Nto Matas De Ll,Dominican Republic
482,Nto Matas De Sa,Dominican Republic
483,Ntonbierta,Dominican Republic
484,Nubaeraltagraci,Dominican Republic
485,Nuedernalesia,Dominican Republic
486,Nvaos,Dominican Republic
487,Nvieer,Dominican Republic
488,Nya,Dominican Republic
489,Nza,Dominican Republic
490,O Carlos De La ,Dominican Republic
491,Oal Al Medio,Dominican Republic
492,Oas De Salsipue,Dominican Republic
493,Oca,Dominican Republic
494,Oca Cruz,Dominican Republic
495,Ocion,Dominican Republic
496,Ocras,Dominican Republic
497,Ocrasa,Dominican Republic
498,Ocrasti,Dominican Republic
499,Ocrastilla Riva,Dominican Republic
500,Omana Iglesia,Dominican Republic
501,Omingo,Dominican Republic
502,Omingo De Llanc,Dominican Republic
503,Omingo Oesteban,Dominican Republic
504,Onsta,Dominican Republic
505,Onstanza,Dominican Republic
506,Os Carlos Carlo,Dominican Republic
507,Os De La Vasque,Dominican Republic
508,Os De Luperos,Dominican Republic
509,Os Llano,Dominican Republic
510,Os Llanos,Dominican Republic
511,Osta,Dominican Republic
512,Ostabza,Dominican Republic
513,Otillo,Dominican Republic
514,Otui,Dominican Republic
515,Oyrandez,Dominican Republic
516,Pbdel De Boya,Dominican Republic
517,Pbdel De Mar,Dominican Republic
518,Pcdar Hernande ,Dominican Republic
519,Ple De Hernaleo,Dominican Republic
520,Pndo Abajomani,Dominican Republic
521,Prel,Dominican Republic
522,Qiisono,Dominican Republic
523,Qjusla,Dominican Republic
524,Ral,Dominican Republic
525,Rbdador,Dominican Republic
526,Rbnde De La Alt,Dominican Republic
527,Reralta,Dominican Republic
528,Rhcincisca,Dominican Republic
529,Rhyntel,Dominican Republic
530,Rmbita Cana Yeg,Dominican Republic
531,Rn La Blanches,Dominican Republic
532,Ron,Dominican Republic
533,Ros Carlos De H,Dominican Republic
534,Ruv,Dominican Republic
535,Saltagracia,Dominican Republic
536,Sblano,Dominican Republic
537,Sbllo,Dominican Republic
538,Sbnca,Dominican Republic
539,Sbncisca,Dominican Republic
540,Sbnoa,Dominican Republic
541,Sca,Dominican Republic
542,Scan Juan Cris,Dominican Republic
543,Sdlvvlll Medio,Dominican Republic
544,Sia,Dominican Republic
545,Slbania,Dominican Republic
546,Sncos,Dominican Republic
547,Spar Hernande,Dominican Republic
548,Spar Hernande M,Dominican Republic
549,Spar Hernandez,Dominican Republic
550,Spar Herrerand,Dominican Republic
551,Sppre Las Terre,Dominican Republic
552,Spprrlnales,Dominican Republic
553,Squez,Dominican Republic
554,Stanza,Dominican Republic
555,Stenas,Dominican Republic
556,Sti,Dominican Republic
557,Stilla Altagrac,Dominican Republic
558,Stilla Jarabita,Dominican Republic
559,Stilla Jarande,Dominican Republic
560,Stilla Juana,Dominican Republic
561,Stilla Juana Ye,Dominican Republic
562,Stilla Matas Ca,Dominican Republic
563,Stilla Vite Nob,Dominican Republic
564,Stillo,Dominican Republic
565,Stnnza,Dominican Republic
566,Stobal,Dominican Republic
567,Stoballeron,Dominican Republic
568,Ta Cois,Dominican Republic
569,Tas,Dominican Republic
570,Tas De Cruz De ,Dominican Republic
571,Tas De De Magua,Dominican Republic
572,Tbmania,Dominican Republic
573,Tbmbitos,Dominican Republic
574,Tbmbnde,Dominican Republic
575,Tbmbnrenas,Dominican Republic
576,Tbmbnrera,Dominican Republic
577,Tbmmnnte Plata,Dominican Republic
578,Tbmmnta Granche,Dominican Republic
579,Tbmnnta Cristob,Dominican Republic
580,Tbmynande,Dominican Republic
581,Tbnnandez,Dominican Republic
582,Tbo ,Dominican Republic
583,Tenares,Dominican Republic
584,Tfrnna,Dominican Republic
585,Tilla Frandez,Dominican Republic
586,Tmmbdre Luperos,Dominican Republic
587,Tmmbita Chica,Dominican Republic
588,Tmmbitos,Dominican Republic
589,Tmmbnre,Dominican Republic
590,Tmmbnrez,Dominican Republic
591,Tmmnta Constanz,Dominican Republic
592,Tmnba Eral,Dominican Republic
593,Tnmbhrrnba,Dominican Republic
594,Tnmbnre,Dominican Republic
595,Tnmbntel,Dominican Republic
596,Tnnbcert,Dominican Republic
597,Tnnble,Dominican Republic
598,Tnnnando De Nob,Dominican Republic
599,Tnnnhhhnrnpa,Dominican Republic
600,Tnnnllhrande,Dominican Republic
601,Tntnbnhehnandez,Dominican Republic
602,To Domingo,Dominican Republic
603,To Domingo Este,Dominican Republic
604,To Domingo Oest,Dominican Republic
605,To Mar,Dominican Republic
606,To Matas Guarab,Dominican Republic
607,To Plata,Dominican Republic
608,To Platas,Dominican Republic
609,Tos,Dominican Republic
610,Tua,Dominican Republic
611,Tul,Dominican Republic
612,Tunbadenlos De ,Dominican Republic
613,Tza,Dominican Republic
614,Ualla Chica,Dominican Republic
615,Ubares,Dominican Republic
616,Ubdel Rey,Dominican Republic
617,Ubllo,Dominican Republic
618,Ubo Ao De Nigua,Dominican Republic
619,Udre Luperos,Dominican Republic
620,Una Garagua Alt,Dominican Republic
621,Una Iglesia,Dominican Republic
622,Utedra Bandez,Dominican Republic
623,Uterrenas,Dominican Republic
624,Vales,Dominican Republic
625,Valesia,Dominican Republic
626,Valra,Dominican Republic
627,Van,Dominican Republic
628,Vblle,Dominican Republic
629,Vblleros,Dominican Republic
630,Vblln Erancion,Dominican Republic
631,Vialada,Dominican Republic
632,Villo,Dominican Republic
633,Vmccoris,Dominican Republic
634,Vnaleon De Las ,Dominican Republic
635,Vnalesia,Dominican Republic
636,Vtegracia,Dominican Republic
637,Vtrlrsta,Dominican Republic
638,Y Al Medio,Dominican Republic
639,Yagua Alta,Dominican Republic
640,Yal Medio,Dominican Republic
641,Yas Macoa,Dominican Republic
642,Yas Terrenas,Dominican Republic
643,Ybmania,Dominican Republic
644,Ycas,Dominican Republic
645,Yfmani,Dominican Republic
646,Yos De Visti,Dominican Republic
647,Yquml,Dominican Republic
648,Ysanto Domingo ,Dominican Republic
649,Yua Arriba,Dominican Republic
650,Yulma,Dominican Republic
651,Yuma,Dominican Republic
652,Yuyar Herreralt,Dominican Republic
653,Zua,Dominican Republic
