,Name,Origin
0, Ana,Ecuador
1, Barra,Ecuador
2, Borro,Ecuador
3, Bortoviejo,Ecuador
4, Cara,Ecuador
5, Caranda,Ecuador
6, Caranjal,Ecuador
7, Carate,Ecuador
8, Carba,Ecuador
9, Carbo,Ecuador
10, Cillaro,Ecuador
11, De Cara,Ecuador
12, De Caranda,Ecuador
13, De Carbo,Ecuador
14, De Esmeraldas,Ecuador
15, De Esmeraldez,Ecuador
16, De Los Colimes,Ecuador
17, De Los Colivar,Ecuador
18, De Los Colora,Ecuador
19, De Los Colorad,Ecuador
20, De Obertoviejo,Ecuador
21, De Orellaro,Ecuador
22, De Sargentana,Ecuador
23, De Sargentaqui,Ecuador
24, De Sargentillo,Ecuador
25, Elena,Ecuador
26, Elenque,Ecuador
27, Elenquerizo De,Ecuador
28, Emena,Ecuador
29, Francisco Ibar,Ecuador
30, Gabriel,Ecuador
31, Ibarillana,Ecuador
32, Ibarillaro,Ecuador
33, Ibarillas,Ecuador
34, Ibarra,Ecuador
35, Jar,Ecuador
36, Laro,Ecuador
37, Lasco De Orell,Ecuador
38, Liga,Ecuador
39, Lileo,Ecuador
40, Llfo,Ecuador
41, Loja,Ecuador
42, Los Colimes,Ecuador
43, Los Colivar,Ecuador
44, Los Colora,Ecuador
45, Los Colorados,Ecuador
46, Manar,Ecuador
47, Manta Ana,Ecuador
48, Mantalvo,Ecuador
49, Mantzaza,Ecuador
50, Marcelileo,Ecuador
51, Marcelino Marc,Ecuador
52, Marcelino More,Ecuador
53, Marcelis Iolim,Ecuador
54, Mariduena,Ecuador
55, Mariduenca,Ecuador
56, Marillo,Ecuador
57, Marpilo,Ecuador
58, Miguel,Ecuador
59, Migues,Ecuador
60, Orellaro,Ecuador
61, Rosagua,Ecuador
62, Sargentillo,Ecuador
63, Suno,Ecuador
64, Taqui,Ecuador
65, Tarancisco Iba,Ecuador
66, Toquez,Ecuador
67,A De Carama,Ecuador
68,A Gubrerzo De C,Ecuador
69,Achachi Nuevo,Ecuador
70,Ala,Ecuador
71,Alcedo,Ecuador
72,Alvo,Ecuador
73,Amayo,Ecuador
74,An Gabriel,Ecuador
75,Ana,Ecuador
76,Ancisco De Esme,Ecuador
77,Ancisco Ibarra,Ecuador
78,Anda,Ecuador
79,Anes,Ecuador
80,Angolquillasco ,Ecuador
81,Anjal,Ecuador
82,Anjito,Ecuador
83,Anta Lucia,Ecuador
84,Antalvo,Ecuador
85,Antzaza,Ecuador
86,Balina,Ecuador
87,Bariduenca,Ecuador
88,Barillaro,Ecuador
89,Barillas,Ecuador
90,Barillo,Ecuador
91,Barra,Ecuador
92,Bbrri,Ecuador
93,Bjar,Ecuador
94,Bmeraldas,Ecuador
95,Bnjito,Ecuador
96,Bntillanar,Ecuador
97,Borinto Francis,Ecuador
98,Borto Baque,Ecuador
99,Bortoviejo,Ecuador
100,Briel,Ecuador
101,Brte,Ecuador
102,Buerto Franjito,Ecuador
103,Cacha,Ecuador
104,Cachi,Ecuador
105,Carate,Ecuador
106,Cba,Ecuador
107,Celileo,Ecuador
108,Cena,Ecuador
109,Ceo,Ecuador
110,Cha,Ecuador
111,Chachi,Ecuador
112,Chachidona,Ecuador
113,Chala,Ecuador
114,Chalaceo,Ecuador
115,Chi,Ecuador
116,Chi Nueva Liber,Ecuador
117,Chi Nueva Loja,Ecuador
118,Chi Nuevedo Bol,Ecuador
119,Chidona,Ecuador
120,Cja,Ecuador
121,Cjan,Ecuador
122,Clona,Ecuador
123,Cmena,Ecuador
124,Cna,Ecuador
125,Cnta Ana,Ecuador
126,Ctalvo,Ecuador
127,Ctoni,Ecuador
128,Ctontecristi,Ecuador
129,Das,Ecuador
130,Dbentillas,Ecuador
131,Denna,Ecuador
132,Denno,Ecuador
133,Denoraldez,Ecuador
134,Densa,Ecuador
135,Desni,Ecuador
136,Dez,Ecuador
137,Do Baquertovelo,Ecuador
138,Do Baquez,Ecuador
139,Do Baqui,Ecuador
140,Do Baquillo,Ecuador
141,Do Bolimes,Ecuador
142,Do Bolivar,Ecuador
143,Domingolqui,Ecuador
144,Dona,Ecuador
145,Dora,Ecuador
146,Dorinas,Ecuador
147,Dos,Ecuador
148,Dyo Carbe,Ecuador
149,Ejmitpma,Ecuador
150,El De Los Color,Ecuador
151,El Triunfo,Ecuador
152,Elileo,Ecuador
153,Emme,Ecuador
154,Enma,Ecuador
155,Eno Marillana,Ecuador
156,Enta,Ecuador
157,Etamayo,Ecuador
158,Fjerizo Moreno,Ecuador
159,Flanar,Ecuador
160,Flena,Ecuador
161,Forone,Ecuador
162,Fredo Bolimes,Ecuador
163,G Miguel Marcel,Ecuador
164,Gaaranjal,Ecuador
165,Gca,Ecuador
166,Gcachi Nueva Li,Ecuador
167,Gcas,Ecuador
168,Gcelica,Ecuador
169,Gces,Ecuador
170,Gentillo,Ecuador
171,Gno,Ecuador
172,Gontaquillo,Ecuador
173,Gredo,Ecuador
174,Gtaraqui,Ecuador
175,Gua,Ecuador
176,Guachachi Nueve,Ecuador
177,Guachi,Ecuador
178,Gucna,Ecuador
179,Guel,Ecuador
180,Guel De Cara,Ecuador
181,Guel De Caranji,Ecuador
182,Guel De Carbo,Ecuador
183,Guel De Los Col,Ecuador
184,Guel De Los Cor,Ecuador
185,Guel De Orellan,Ecuador
186,Guel De Orellar,Ecuador
187,Guel De Sargent,Ecuador
188,Guel Mana,Ecuador
189,Guel Manas,Ecuador
190,Guel Manta Elen,Ecuador
191,Guel Marcelica,Ecuador
192,Guel Marcelileo,Ecuador
193,Guel Marillo,Ecuador
194,Guelcan,Ecuador
195,Gues,Ecuador
196,Guillanas,Ecuador
197,Guillo,Ecuador
198,Gun,Ecuador
199,Guns,Ecuador
200,Guo,Ecuador
201,H Do Baquerto F,Ecuador
202,H Mlisei Los Co,Ecuador
203,Hi Nuevo,Ecuador
204,Hil Gucre,Ecuador
205,Hil Orenzo De E,Ecuador
206,Hin Gabriel,Ecuador
207,Hl Nas,Ecuador
208,Ho Narancisco D,Ecuador
209,Ho Naranjito,Ecuador
210,Ho Narate,Ecuador
211,Hone,Ecuador
212,Honel De Los Co,Ecuador
213,Honel De Salcet,Ecuador
214,Hoyo,Ecuador
215,Ibariduenca,Ecuador
216,Ibarra,Ecuador
217,Ilaro,Ecuador
218,Illo,Ecuador
219,Imbe,Ecuador
220,Inar,Ecuador
221,Inas,Ecuador
222,Ino Mana,Ecuador
223,Ino Marcelileo,Ecuador
224,Ino Moreno,Ecuador
225,Jal,Ecuador
226,Jan,Ecuador
227,Jar,Ecuador
228,L De Carate,Ecuador
229,L De Carbo,Ecuador
230,L De Los Colime,Ecuador
231,L De Los Coliva,Ecuador
232,L De Los Colora,Ecuador
233,L De Orellas,Ecuador
234,L De Salcedo,Ecuador
235,L De Salinas,Ecuador
236,L De Salino Mor,Ecuador
237,L De Sargentill,Ecuador
238,L Manta Elenque,Ecuador
239,L Marcelica,Ecuador
240,Laasco De Los C,Ecuador
241,Laasco De Sarge,Ecuador
242,Laceo,Ecuador
243,Lala,Ecuador
244,Lalenquertad,Ecuador
245,Lalo,Ecuador
246,Lana,Ecuador
247,Lanar,Ecuador
248,Lanas,Ecuador
249,Laro,Ecuador
250,Las,Ecuador
251,Lasco De Caranj,Ecuador
252,Lasco De Esmera,Ecuador
253,Lasco Ibarillo,Ecuador
254,Lbano,Ecuador
255,Lbanos,Ecuador
256,Lcan,Ecuador
257,Lco,Ecuador
258,Ldez,Ecuador
259,Lelasco De Cara,Ecuador
260,Lena,Ecuador
261,Les,Ecuador
262,Lfaro,Ecuador
263,Lforonel Marcel,Ecuador
264,Lfredo,Ecuador
265,Lfredo Baquez,Ecuador
266,Lfredo Baquilla,Ecuador
267,Lfredo Bolivar,Ecuador
268,Lhanhil Orenzo ,Ecuador
269,Lileo,Ecuador
270,Lina,Ecuador
271,Linar,Ecuador
272,Linas,Ecuador
273,Lino Mana,Ecuador
274,Lino Marcelileo,Ecuador
275,Lino Marillo,Ecuador
276,Lino Moreno,Ecuador
277,Lino Morenzo De,Ecuador
278,Lja,Ecuador
279,Ljar,Ecuador
280,Llana,Ecuador
281,Llanar,Ecuador
282,Llanas,Ecuador
283,Llaro,Ecuador
284,Llas,Ecuador
285,Llasco De Esmer,Ecuador
286,Llasco De Orell,Ecuador
287,Llasco De Salce,Ecuador
288,Llasco De Salin,Ecuador
289,Llasco Ibarra,Ecuador
290,Llcntaqui,Ecuador
291,Llinas,Ecuador
292,Llnro,Ecuador
293,Llta,Ecuador
294,Lmana,Ecuador
295,Lmanta Libertad,Ecuador
296,Lmantana,Ecuador
297,Lmas De Caraque,Ecuador
298,Lna,Ecuador
299,Lnaceo,Ecuador
300,Lnan,Ecuador
301,Lnanes,Ecuador
302,Lno,Ecuador
303,Lora,Ecuador
304,Lrtad,Ecuador
305,Lvo,Ecuador
306,Lzar,Ecuador
307,Lzo,Ecuador
308,Macacha,Ecuador
309,Macachidona,Ecuador
310,Machala,Ecuador
311,Machi,Ecuador
312,Machi Nuevo,Ecuador
313,Majan,Ecuador
314,Mampiro,Ecuador
315,Man Gabriel,Ecuador
316,Man Loja,Ecuador
317,Manos,Ecuador
318,Mantanas,Ecuador
319,Marpalo,Ecuador
320,Marpilo,Ecuador
321,Mas De Los Coli,Ecuador
322,Mato,Ecuador
323,Mayo,Ecuador
324,Mba,Ecuador
325,Mbarillo,Ecuador
326,Mbarra,Ecuador
327,Mcachi,Ecuador
328,Mcatamayo,Ecuador
329,Mcisco Ibarillo,Ecuador
330,Mcisco Ibarra,Ecuador
331,Melas,Ecuador
332,Melasco De Sarg,Ecuador
333,Melranda,Ecuador
334,Menta Rosaguach,Ecuador
335,Meraldas,Ecuador
336,Mhi Nuevo,Ecuador
337,Mnaceo,Ecuador
338,Mnales,Ecuador
339,Mnar,Ecuador
340,Mne,Ecuador
341,N Gabriel,Ecuador
342,N Lino Manta Ro,Ecuador
343,N Loja,Ecuador
344,N Lorenzo De Es,Ecuador
345,N Miguel,Ecuador
346,N Miguel De Esm,Ecuador
347,N Miguel De Los,Ecuador
348,N Miguel De Ore,Ecuador
349,N Migues,Ecuador
350,Nbo,Ecuador
351,Nca,Ecuador
352,Nces,Ecuador
353,Ncisco De Carbo,Ecuador
354,Ncisco De Esmer,Ecuador
355,Ncisco Ibarra,Ecuador
356,Nda,Ecuador
357,Nel De Cara,Ecuador
358,Nel De Carbo,Ecuador
359,Nel De Esmerald,Ecuador
360,Nel Manas,Ecuador
361,Nel Mariduena,Ecuador
362,Nga,Ecuador
363,Njal,Ecuador
364,Njito,Ecuador
365,Nma,Ecuador
366,Nntana,Ecuador
367,No Moreno,Ecuador
368,Nos,Ecuador
369,Nta,Ecuador
370,Nta Ana,Ecuador
371,Nta Elena,Ecuador
372,Nta Elenquez,Ecuador
373,Nta Libertad,Ecuador
374,Nta Loja,Ecuador
375,Nta Rosa Zaruma,Ecuador
376,Nta Rosagua,Ecuador
377,Ntalvo,Ecuador
378,Ntana,Ecuador
379,Ntanar,Ecuador
380,Ntaque,Ecuador
381,Ntaqui,Ecuador
382,Ntaquillo,Ecuador
383,Ntillana,Ecuador
384,Nvo,Ecuador
385,Nyo Caramayo,Ecuador
386,Nyo Carbo,Ecuador
387,Nzo Manas,Ecuador
388,Nzo Marcelino M,Ecuador
389,Oajan,Ecuador
390,Oama,Ecuador
391,Oce Bortovelo,Ecuador
392,Oce Sargentilla,Ecuador
393,Ocefo,Ecuador
394,Ocma,Ecuador
395,Oja,Ecuador
396,Olavo,Ecuador
397,Olavolora,Ecuador
398,Omarpalora,Ecuador
399,Omas De Los Col,Ecuador
400,Omena,Ecuador
401,Omes,Ecuador
402,Onales,Ecuador
403,Oraldas,Ecuador
404,Oraldez,Ecuador
405,Orenzo Marcelin,Ecuador
406,Orgonta Ana,Ecuador
407,Orillo,Ecuador
408,Orto Baque,Ecuador
409,Orto Franjito,Ecuador
410,Ortoviejo,Ecuador
411,Otavalora,Ecuador
412,Ovael,Ecuador
413,Ovelo,Ecuador
414,Querto Francisc,Ecuador
415,Quertoviejo,Ecuador
416,Quez,Ecuador
417,Qui,Ecuador
418,Rcaa,Ecuador
419,Rco Ibarillas,Ecuador
420,Rcuigo,Ecuador
421,Rdovae,Ecuador
422,Rellasco De Sar,Ecuador
423,Rgunca,Ecuador
424,Rinto Bolimes,Ecuador
425,Roca Suno,Ecuador
426,Rocafuerte,Ecuador
427,Rocafuerto Fran,Ecuador
428,Rocafuertovelo,Ecuador
429,Rosa Zaraquez,Ecuador
430,Rosa Zarate,Ecuador
431,Rtad,Ecuador
432,Scchi,Ecuador
433,Scchidona,Ecuador
434,Scno,Ecuador
435,Sco De Carbo,Ecuador
436,Sco De Los Coli,Ecuador
437,Scuigo,Ecuador
438,Sdo,Ecuador
439,Sdo Baquez,Ecuador
440,Smeraldas,Ecuador
441,Smeraldaza,Ecuador
442,Smeraldez,Ecuador
443,Smigges,Ecuador
444,Smirgunca,Ecuador
445,Smirpolora,Ecuador
446,Smli,Ecuador
447,Snc Ssrinto Dom,Ecuador
448,Snchi Nueva Lib,Ecuador
449,Snchidona,Ecuador
450,Sncristi,Ecuador
451,Sncristina,Ecuador
452,Sncristinas,Ecuador
453,Snn Migues,Ecuador
454,Sti,Ecuador
455,Stinas,Ecuador
456,Sucre,Ecuador
457,Tacocha,Ecuador
458,Tacochalaceo,Ecuador
459,Tacunga,Ecuador
460,Tafaro,Ecuador
461,Talvo,Ecuador
462,Tama,Ecuador
463,Tamayo,Ecuador
464,Tana,Ecuador
465,Taramayo,Ecuador
466,Taranjito,Ecuador
467,Taraquez,Ecuador
468,Tecristi,Ecuador
469,Ted,Ecuador
470,Tenca,Ecuador
471,Tenra,Ecuador
472,Tenzo Moreno,Ecuador
473,Tez,Ecuador
474,Tmarpiloo Eora,Ecuador
475,To Domingolqui,Ecuador
476,Tocafuerte,Ecuador
477,Torinto Franjit,Ecuador
478,Tovelo,Ecuador
479,Toviejo,Ecuador
480,Tqfvoronel De E,Ecuador
481,Tqvi,Ecuador
482,Tslchachi,Ecuador
483,Tsnchi,Ecuador
484,Tunta Lorenzo D,Ecuador
485,Tzaza,Ecuador
486,Uca,Ecuador
487,Ucan,Ecuador
488,Uceagro,Ecuador
489,Uchachi,Ecuador
490,Uchala,Ecuador
491,Uchalaceo,Ecuador
492,Uchi,Ecuador
493,Ucia,Ecuador
494,Ucontecristinas,Ecuador
495,Ucua,Ecuador
496,Ucya,Ecuador
497,Uillaro,Ecuador
498,Ujili,Ecuador
499,Valo,Ecuador
500,Viljo,Ecuador
501,Voja,Ecuador
502,Vojo,Ecuador
503,Volora,Ecuador
504,Volorados,Ecuador
505,Vorenzo Manta R,Ecuador
506,Vorone,Ecuador
507,Vtorinto Baquez,Ecuador
508,Vuerto Franjal,Ecuador
509,Yo Carbo,Ecuador
510,Yomas De Salino,Ecuador
511,Yorinto Franda,Ecuador
512,Zo De Carbo,Ecuador
513,Zo De Esmeralda,Ecuador
514,Zo De Los Colim,Ecuador
515,Zo De Orellaro,Ecuador
516,Zo Marcelidenna,Ecuador
517,Zo Miguel,Ecuador
518,Zo Moreno,Ecuador
