,Name,Origin
0, -Fqewsa Mazar,Egypt
1, Fshyu,Egypt
2, Fzgharm El-She,Egypt
3, Hamalut,Egypt
4, Hamul,Egypt
5, Hawsh Shayn,Egypt
6, Izg,Egypt
7, K-Ayriyah,Egypt
8, Kgwan,Egypt
9, Kzgrani Mansur,Egypt
10, M Zatay,Egypt
11, Nnadinatir,Egypt
12, Nwa,Egypt
13, Qanat Al Qanat,Egypt
14, Qanatir Al Bad,Egypt
15, Suq,Egypt
16, Uktubar,Egypt
17, Umbu,Egypt
18, Wasis,Egypt
19, `Shah,Egypt
20,-Ereala,Egypt
21,Adina,Egypt
22,Al Khaykh,Egypt
23,Al Qus,Egypt
24,Ayn,Egypt
25,D Sittah,Egypt
26,F Gaqr,Egypt
27,Feshaway,Egypt
28,Fj A,Egypt
29,Fkha,Egypt
30,Fn Al Baraskur,Egypt
31,Fn Al Khankah,Egypt
32,Fn Al Matruh,Egypt
33,Fnua,Egypt
34,Fqut,Egypt
35,Fr Al Bajur,Egypt
36,Fr Al Burj,Egypt
37,Fr Al Kabir,Egypt
38,Fr Al Khankah,Egypt
39,Fr Al Manzalah,Egypt
40,Fr As Ghari,Egypt
41,Fr As Gharib,Egypt
42,Fr As Suq,Egypt
43,Fr Ashn,Egypt
44,Fr Az Zayyat,Egypt
45,Fr Az Zayyum,Egypt
46,Fr Sallawas,Egypt
47,Fs Sallawi,Egypt
48,Fu ,Egypt
49,Fw Au Oasitah,Egypt
50,Fz A,Egypt
51,Fz Al Bajur,Egypt
52,Fz Al Qanat Al ,Egypt
53,Fz Al Qus,Egypt
54,H Himmadari,Egypt
55,H Iibah,Egypt
56,H Mansurayn,Egypt
57,H Nharm El-Shei,Egypt
58,H Shaynah,Egypt
59,H Uktubar,Egypt
60,H Was,Egypt
61,H `Isa,Egypt
62,Hidiyah,Egypt
63,Hihya,Egypt
64,Hirbin,Egypt
65,Hna,Egypt
66,Hun,Egypt
67,Hwamidi Barasku,Egypt
68,Hwsh Shaynah,Egypt
69,Idi Saliyah,Egypt
70,Idj Barani Suq,Egypt
71,Idj Mazar,Egypt
72,Ikh,Egypt
73,Il As Gharib,Egypt
74,Il As Suq,Egypt
75,Il Ashtul Ash `,Egypt
76,Ilia,Egypt
77,Ilinjat,Egypt
78,Ilna,Egypt
79,Injat,Egypt
80,Inntd,Egypt
81,Irya,Egypt
82,Ish,Egypt
83,Ismailinjat,Egypt
84,Iws Hamul,Egypt
85,Iws Uaburtyut,Egypt
86,Iws Uutur,Egypt
87,Iynh,Egypt
88,Izs,Egypt
89,Jshut,Egypt
90,Khi,Egypt
91,Khmim,Egypt
92,Khni,Egypt
93,Kwfr Al Matay,Egypt
94,L Badah,Egypt
95,L Bajur,Egypt
96,L Baraskur,Egypt
97,L Burj,Egypt
98,L Fash `Isa,Egypt
99,L Hamul,Egypt
100,L Hawsh `Isa,Egypt
101,L Ibrah,Egypt
102,L Ibrahimiyah,Egypt
103,L Jammalut,Egypt
104,L Kabir,Egypt
105,L Khankah,Egypt
106,L Khaykh,Egypt
107,L Manzala,Egypt
108,L Matamidiyah,Egypt
109,L Mawas,Egypt
110,L Mazar,Egypt
111,L Minshawas,Egypt
112,L Qanatir,Egypt
113,L Qanayat,Egypt
114,L Qurqas,Egypt
115,L Qus,Egypt
116,L Qusayr,Egypt
117,L Qusayriyah,Egypt
118,L Qusiyah,Egypt
119,L `Alamadi,Egypt
120,L `Alamannud,Egypt
121,L `Ayyat,Egypt
122,L-Kheikh,Egypt
123,Lkha,Egypt
124,N Dinatir,Egypt
125,N Matarib,Egypt
126,N Slalmub,Egypt
127,Nadi,Egypt
128,Nadina,Egypt
129,Nadinatir,Egypt
130,Nah,Egypt
131,Nal Minshah,Egypt
132,Naliyarb Najm,Egypt
133,Nan Ul As Gharm,Egypt
134,Nasitah Uktubar,Egypt
135,Nfalut,Egypt
136,Nfda,Egypt
137,Nfdi,Egypt
138,Nfdiua,Egypt
139,Nfdiubarani,Egypt
140,Nfdiubaraskur,Egypt
141,Nfdiubayat,Egypt
142,Nfdiubaynah,Egypt
143,Nfdiubayriyah,Egypt
144,Nfdiukh,Egypt
145,Nfdiur,Egypt
146,Nfdiutarib,Egypt
147,Nfdiutay,Egypt
148,Nfdlukh,Egypt
149,Nfdlum,Egypt
150,Nfdlut,Egypt
151,Nffa,Egypt
152,Nffaa,Egypt
153,Nffla,Egypt
154,Nfflua,Egypt
155,Nfi,Egypt
156,Nflia,Egypt
157,Nfllawi,Egypt
158,Nfllum,Egypt
159,Nfmansurayn,Egypt
160,Nfnla,Egypt
161,Nfnlu,Egypt
162,Nfra,Egypt
163,Nfrlukh,Egypt
164,Nfshawaysina,Egypt
165,Nfslalah,Egypt
166,Nfza,Egypt
167,Nfzagazig,Egypt
168,Nfzla,Egypt
169,Nh Sharm El-She,Egypt
170,Nharm El-Sheikh,Egypt
171,Nhirbin,Egypt
172,Nhirbin Al Maza,Egypt
173,Nid,Egypt
174,Ninmallawi,Egypt
175,Njit,Egypt
176,Nl Mazar,Egypt
177,Nlub,Egypt
178,Nnadi,Egypt
179,Nnadina,Egypt
180,Nnadinatir,Egypt
181,Nnalim,Egypt
182,Nnaliyah,Egypt
183,Nnatir Az Zayyu,Egypt
184,Nndalim,Egypt
185,Nndaliyah,Egypt
186,Nnddi,Egypt
187,Nnddina,Egypt
188,Nndi,Egypt
189,Nndida Badariya,Egypt
190,Nndida Matamir,Egypt
191,Nndida Matay,Egypt
192,Nndida Saliyah,Egypt
193,Nndida Sallum,Egypt
194,Nndir,Egypt
195,Nndirahimiyah,Egypt
196,Nndiraikh,Egypt
197,Nndirbaraskur,Egypt
198,Nndirbirbin Al ,Egypt
199,Nndirji,Egypt
200,Nndirjin,Egypt
201,Nndirnis,Egypt
202,Nndiro,Egypt
203,Nndirsiitah,Egypt
204,Nndlib,Egypt
205,Nnfalut,Egypt
206,Nnfllawi,Egypt
207,Nnia,Egypt
208,Nnid,Egypt
209,Nnidiyah,Egypt
210,Nnna,Egypt
211,Nnnadi,Egypt
212,Nnnadina,Egypt
213,Nnnaliyah,Egypt
214,Nnnddi,Egypt
215,Nnndidb Krbin A,Egypt
216,Nnnla,Egypt
217,Nnsdir,Egypt
218,Nnsdirah,Egypt
219,Nnshawayf,Egypt
220,Nnud,Egypt
221,Nnwa,Egypt
222,Nnzala,Egypt
223,Nnzalah,Egypt
224,Nnzalaut,Egypt
225,Nnzil,Egypt
226,Nqur,Egypt
227,Nsfa,Egypt
228,Nsfatur,Egypt
229,Nshah,Egypt
230,Nshawamidiyah,Egypt
231,Nshawas,Egypt
232,Nshaway,Egypt
233,Nshawayf,Egypt
234,Nsir,Egypt
235,Nsyat,Egypt
236,Nta,Egypt
237,Nti,Egypt
238,Nud,Egypt
239,Nuf,Egypt
240,Nur,Egypt
241,Nus,Egypt
242,Nuw,Egypt
243,Nwa,Egypt
244,Nwalim,Egypt
245,Nwsh `Isa,Egypt
246,Nzala,Egypt
247,Nzalah,Egypt
248,Nzil,Egypt
249,Qus,Egypt
250,Rinia,Egypt
251,Rish,Egypt
252,Sh Sharm El-She,Egypt
253,Sh Shaykh,Egypt
254,Sh `Isa,Egypt
255,Shi,Egypt
256,Swan,Egypt
257,Tan Al Mashn,Egypt
258,Tfkha,Egypt
259,Tfr Az Zayyat,Egypt
260,Tir,Egypt
261,Tl Qurqas,Egypt
262,Tnu ,Egypt
263,Tur,Egypt
264,Tus,Egypt
265,Tuway,Egypt
266,Tuwayf,Egypt
267,Tuwaysinatir As,Egypt
268,Tyu ,Egypt
269,Ukh,Egypt
270,Ukku,Egypt
271,Uw`Ysan,Egypt
272,Uwayf,Egypt
273,Uwfah,Egypt
274,Uwqyat,Egypt
275,Uwsym,Egypt
276,Uwwah,Egypt
277,Was,Egypt
278,Wfh Ah Uktubar,Egypt
279,Wfshut,Egypt
280,Wh Hamadari,Egypt
281,Wiy,Egypt
282,Wnshah,Egypt
283,Wnshawayf,Egypt
284,Wrish,Egypt
285,Ws Uutur,Egypt
286,Wsh Shalmub,Egypt
287,Wsh Shar,Egypt
288,Wsh Shari,Egypt
289,Wsh Sharib,Egypt
290,Wsh Shariyah,Egypt
291,Wsh Shariyarb N,Egypt
292,Wsh Sharm El-Sh,Egypt
293,Wsh Shaydina,Egypt
294,Wsh Shaykh,Egypt
295,Wsh Shayn,Egypt
296,Wsh Shaynah,Egypt
297,Wsh Shayr,Egypt
298,Wsh Shayr Mansu,Egypt
299,Wsh Shayr Matar,Egypt
300,Wsh Shayriyah,Egypt
301,Wsh Shayriyarb ,Egypt
302,Wsh Shayrut,Egypt
303,Wsh `Isa,Egypt
304,Wsim,Egypt
305,Wsmia,Egypt
306,Wss Sallawi,Egypt
307,Wswun Ul As Suq,Egypt
308,Wwsh Sharm El-S,Egypt
309,Wwsh Shaykh,Egypt
310,Wwsh Shayr Manf,Egypt
311,Wwsh `Isa,Egypt
312,Wz Oasis,Egypt
313,Ynih,Egypt
314,Yu ,Egypt
315,Yuw,Egypt
316,Z Mazar,Egypt
317,Zshah,Egypt
318,Zwa,Egypt
319,`Nzalah,Egypt
320,`Zbat Sittah,Egypt
