,Name,Origin
0, Cuscatlan,El Salvador
1,Nnbertad,El Salvador
2,Nnepeque,El Salvador
3,Nnopeco,El Salvador
4,Nnte,El Salvador
5,Nntepeque,El Salvador
6,Nntera,El Salvador
7,Nta Ana,El Salvador
8,Nta Antiguel,El Salvador
9,Nta Rosaria De ,El Salvador
10,Nta Rosario De ,El Salvador
11,Nta Tecla,El Salvador
12,Nte,El Salvador
13,Ntepeque,El Salvador
14,Ntera,El Salvador
15,Nthanatepeque,El Salvador
16,Ntiguel,El Salvador
17,Ntiguo Cuscate,El Salvador
18,Ntiguo Cuscatec,El Salvador
19,Ntiguo Cuscatep,El Salvador
20,Ntiguo Cuscatla,El Salvador
21,Ntm Transito,El Salvador
22,Ntn Rafael Orie,El Salvador
23,Nto,El Salvador
24,Nto Tecla,El Salvador
25,Nto Tomas,El Salvador
26,Ntoguilta,El Salvador
27,Ntoniertad,El Salvador
28,Ntonio,El Salvador
29,Ntonio De  Marc,El Salvador
30,Ntonio De Ataco,El Salvador
31,Ntonio De La Fr,El Salvador
32,Ntonio De La Li,El Salvador
33,Ntonio De La Un,El Salvador
34,Ntonio De Liber,El Salvador
35,Ntonio De Lima,El Salvador
36,Ntonio De Limal,El Salvador
37,Ntonio De Monte,El Salvador
38,Ntonio De Mora,El Salvador
39,Ntonio De Rafae,El Salvador
40,Ntonio Dee Toni,El Salvador
41,Ntonio Del,El Salvador
42,Ntonio Del Mont,El Salvador
43,Ntonio Del Mora,El Salvador
44,Ntonio Del Orie,El Salvador
45,Ntonio Delaria ,El Salvador
46,Ntonion,El Salvador
47,Ntonion De Atac,El Salvador
48,Ntonion De La F,El Salvador
49,Ntonion De La L,El Salvador
50,Ntonion De La U,El Salvador
51,Ntonion De Libe,El Salvador
52,Ntonion De Lima,El Salvador
53,Ntonion De Mont,El Salvador
54,Ntonion De Mora,El Salvador
55,Ntonion Del Mon,El Salvador
56,Ntonion Del Mor,El Salvador
57,Ntonion Del Ori,El Salvador
58,Ntonion Delares,El Salvador
59,Ntonion Delario,El Salvador
60,Ntonionsonacata,El Salvador
61,Ntontonate,El Salvador
62,Ntorio,El Salvador
63,Nttanchimalco,El Salvador
64,Ta Ana,El Salvador
65,Ta Anto Tomas,El Salvador
66,Ta Rosa De Mora,El Salvador
67,Ta Rosaria Del ,El Salvador
68,Ta Rosarios,El Salvador
69,Ta Tecla,El Salvador
70,Tan,El Salvador
71,Tiguel,El Salvador
72,Tiguo Cuscate,El Salvador
73,Tla,El Salvador
74,Tlan,El Salvador
75,Tn Alejo,El Salvador
76,Tn Antonio De M,El Salvador
77,Tn Opico,El Salvador
78,Tn Rafael Ares,El Salvador
79,Tn Rafael Monte,El Salvador
80,Tn Tecla,El Salvador
81,Tna,El Salvador
82,Tnan Opico,El Salvador
83,Tnan Vicente,El Salvador
84,Tngu,El Salvador
85,Tngua,El Salvador
86,Tnguel,El Salvador
87,Tnguilagua,El Salvador
88,Tnguilarios,El Salvador
89,Tnguilta,El Salvador
90,Tngullt,El Salvador
91,Tnio De Monte,El Salvador
92,Tnncepcion,El Salvador
93,Tnnte,El Salvador
94,Tnntelua,El Salvador
95,Tnntepeque,El Salvador
96,Tnntera,El Salvador
97,Tnsunte,El Salvador
98,Tnta Antiguel,El Salvador
99,Tnta Rosa De At,El Salvador
100,Tnta Rosa De Li,El Salvador
101,Tnta Rosario,El Salvador
102,Tnta Tecla,El Salvador
103,Tnte,El Salvador
104,Tntepeque,El Salvador
105,Tntera,El Salvador
106,Tntiguel,El Salvador
107,Tnto Tomas,El Salvador
108,Tntonio De Atac,El Salvador
109,Tntonio De Libe,El Salvador
110,Tntonio De Lima,El Salvador
111,Tntonion,El Salvador
112,Tntonion De Ata,El Salvador
113,Tonion,El Salvador
114,Tonion De La Li,El Salvador
115,Utanchima,El Salvador
116,Utancingo,El Salvador
