,Name,Origin
0, Afarir,Ethiopia
1, Bolcha,Ethiopia
2, Dire Guracha,Ethiopia
3, Kolo,Ethiopia
4, Mendar,Ethiopia
5, Ndefari,Ethiopia
6, Nelem,Ethiopia
7, Nif,Ethiopia
8, Nwa,Ethiopia
9, Ore,Ethiopia
10, Sila,Ethiopia
11, Wrrka,Ethiopia
12, `Alem,Ethiopia
13,'Ele,Ethiopia
14,'Ji,Ethiopia
15,'Olito,Ethiopia
16,'Wa,Ethiopia
17,'`Lelege Newane,Ethiopia
18,A Aibic Enet,Ethiopia
19,A`Aeebeta,Ethiopia
20,A`Alemso,Ethiopia
21,Aaabat,Ethiopia
22,Abbr  Mark',Ethiopia
23,Abdis Ababat,Ethiopia
24,Abomsa,Ethiopia
25,Abr,Ethiopia
26,Addis Zemen,Ethiopia
27,Ajira,Ethiopia
28,Ajisa,Ethiopia
29,Ajita,Ethiopia
30,Ajona,Ethiopia
31,Ak',Ethiopia
32,Ak'Ele,Ethiopia
33,Ak'Ss,Ethiopia
34,Ako,Ethiopia
35,Akosa,Ethiopia
36,Alam,Ethiopia
37,Amba,Ethiopia
38,Ambelo,Ethiopia
39,Ambi,Ethiopia
40,Ambu,Ethiopia
41,Ameta,Ethiopia
42,Andar,Ethiopia
43,Andi,Ethiopia
44,Ando,Ethiopia
45,Anet,Ethiopia
46,Aoditi,Ethiopia
47,Apisa,Ethiopia
48,Asm,Ethiopia
49,Asosa'Ina,Ethiopia
50,Atb,Ethiopia
51,Awashemene,Ethiopia
52,Aych'Ew,Ethiopia
53,Azeway,Ethiopia
54,Baba,Ethiopia
55,Bahmr Yam,Ethiopia
56,Bbor,Ethiopia
57,Bbr Dar,Ethiopia
58,Bbrk'Os,Ethiopia
59,Bche,Ethiopia
60,Bddis Ababat,Ethiopia
61,Bddis `Alem,Ethiopia
62,Bdis Ababa,Ethiopia
63,Bdis Zemen,Ethiopia
64,Bdis `Alem,Ethiopia
65,Belo,Ethiopia
66,Bewane,Ethiopia
67,Bjira,Ethiopia
68,Bjisa,Ethiopia
69,Blo,Ethiopia
70,Bmso,Ethiopia
71,Bndafa,Ethiopia
72,Bnde Sela,Ethiopia
73,Bndi,Ethiopia
74,Bndo,Ethiopia
75,Boditi,Ethiopia
76,Bofcle,Ethiopia
77,Bojita,Ethiopia
78,Bojo,Ethiopia
79,Bolcha,Ethiopia
80,Bomsa,Ethiopia
81,Bon,Ethiopia
82,Bor,Ethiopia
83,Bre Mark',Ethiopia
84,Bre Maryam,Ethiopia
85,Bre Mendafa,Ethiopia
86,Bre Mengist,Ethiopia
87,Bre Selam,Ethiopia
88,Bre Sila,Ethiopia
89,Bre Silase,Ethiopia
90,Bre Teferi,Ethiopia
91,Bre Wurko,Ethiopia
92,Bro Solo,Ethiopia
93,Btc Lele,Ethiopia
94,Btlep,Ethiopia
95,Bur,Ethiopia
96,Bwa,Ethiopia
97,Bzpi,Ethiopia
98,Cga,Ethiopia
99,Ck'Elege Neway,Ethiopia
100,Ckbelam,Ethiopia
101,Cndo,Ethiopia
102,Cpi,Ethiopia
103,D Mba Minch,Ethiopia
104,Dabat,Ethiopia
105,Dabata,Ethiopia
106,Dajek,Ethiopia
107,Dar,Ethiopia
108,Dba,Ethiopia
109,Dbe Teferi,Ethiopia
110,Dbo,Ethiopia
111,Dbre Tabor,Ethiopia
112,Dbre Werota,Ethiopia
113,Dcda,Ethiopia
114,Ddis Ababa,Ethiopia
115,Ddis Ababat,Ethiopia
116,Ddis Zemen,Ethiopia
117,Ddis Zemenet,Ethiopia
118,Ddis Zemer,Ethiopia
119,Ddis Zemera,Ethiopia
120,Ddis `Alem,Ethiopia
121,Ddis `Alemso,Ethiopia
122,Debark'Os,Ethiopia
123,Debeta,Ethiopia
124,Dedesa,Ethiopia
125,Delem,Ethiopia
126,Dgaro,Ethiopia
127,Dhara,Ethiopia
128,Dis Ababa,Ethiopia
129,Dis Ababat,Ethiopia
130,Dis Werk',Ethiopia
131,Dis Zemen,Ethiopia
132,Dis `Alem,Ethiopia
133,Djdsa,Ethiopia
134,Dji,Ethiopia
135,Djisa,Ethiopia
136,Dls Ebark'Os,Ethiopia
137,Dmba Minch,Ethiopia
138,Dmden,Ethiopia
139,Dnla,Ethiopia
140,Dodo,Ethiopia
141,Dola,Ethiopia
142,Dre Mark',Ethiopia
143,Dtleps,Ethiopia
144,Dtoso'A,Ethiopia
145,Dyi,Ethiopia
146,Ebre Silase,Ethiopia
147,Eddr  Teferi,Ethiopia
148,Eddss ,Ethiopia
149,Eddssa,Ethiopia
150,Eder,Ethiopia
151,Ela,Ethiopia
152,Endafa,Ethiopia
153,Endi,Ethiopia
154,Enji,Ethiopia
155,Fcre,Ethiopia
156,Fdi,Ethiopia
157,Fdir Dar,Ethiopia
158,Fdis Ababat,Ethiopia
159,Fdis `Alem,Ethiopia
160,Fkinote Silase,Ethiopia
161,Fkiro,Ethiopia
162,Fli,Ethiopia
163,Fni,Ethiopia
164,Fre,Ethiopia
165,Fti,Ethiopia
166,Furichena,Ethiopia
167,Garo,Ethiopia
168,Gbre Mengist,Ethiopia
169,Gddis Ababat,Ethiopia
170,Gddis Zemen,Ethiopia
171,Gddis Zemene,Ethiopia
172,Gk Softu,Ethiopia
173,Gmne,Ethiopia
174,Gndi,Ethiopia
175,Gndo,Ethiopia
176,Gore,Ethiopia
177,Gsmba Minch,Ethiopia
178,Guracha,Ethiopia
179,Gwnir,Ethiopia
180,Hara,Ethiopia
181,Harar,Ethiopia
182,Hawassa,Ethiopia
183,Hdis Ababat,Ethiopia
184,Hir Dar,Ethiopia
185,Hmre Maryam,Ethiopia
186,Hojita,Ethiopia
187,Ichena,Ethiopia
188,Idis Zemen,Ethiopia
189,Idis `Alem,Ethiopia
190,Ifti,Ethiopia
191,Ilcha,Ethiopia
192,Inda Sina,Ethiopia
193,Indafa,Ethiopia
194,Indar,Ethiopia
195,Ir Dawa,Ethiopia
196,Irna,Ethiopia
197,Irr,Ethiopia
198,Iryam,Ethiopia
199,Iso,Ethiopia
200,Jiga,Ethiopia
201,Jina,Ethiopia
202,Jira,Ethiopia
203,Joda,Ethiopia
204,Joga,Ethiopia
205,Joge Neway,Ethiopia
206,Jom,Ethiopia
207,Jon,Ethiopia
208,Jona,Ethiopia
209,Jor,Ethiopia
210,Jot,Ethiopia
211,Juracha,Ethiopia
212,K'Ele,Ethiopia
213,K'Isa,Ethiopia
214,K'Os,Ethiopia
215,K'Wa,Ethiopia
216,Kcbre Sela,Ethiopia
217,Kndar,Ethiopia
218,Kodo,Ethiopia
219,Kodole,Ethiopia
220,Kom,Ethiopia
221,Kona,Ethiopia
222,Kosa,Ethiopia
223,Koso,Ethiopia
224,Ktsa,Ethiopia
225,Labelam,Ethiopia
226,Lam,Ethiopia
227,Lmbela,Ethiopia
228,Lmo,Ethiopia
229,Lom,Ethiopia
230,Maych'Ew,Ethiopia
231,Mba Minch,Ethiopia
232,Mbolcha,Ethiopia
233,Mizan Teferi,Ethiopia
234,Mji,Ethiopia
235,Mjo,Ethiopia
236,Mjoi,Ethiopia
237,Mjon,Ethiopia
238,Mjona,Ethiopia
239,Mk''I,Ethiopia
240,Mnda Silase,Ethiopia
241,Mojo,Ethiopia
242,Mrba Minch,Ethiopia
243,Mrycm'Ele,Ethiopia
244,Mrycm'Elege New,Ethiopia
245,Mrycm'Elem,Ethiopia
246,Mso,Ethiopia
247,Mtu,Ethiopia
248,Muta,Ethiopia
249,Mutt,Ethiopia
250,Mzzae Iar,Ethiopia
251,Nda Sila,Ethiopia
252,Ndafa,Ethiopia
253,Ndar,Ethiopia
254,Ndi,Ethiopia
255,Ndo,Ethiopia
256,Nga,Ethiopia
257,Ngist,Ethiopia
258,Nir,Ethiopia
259,Nji,Ethiopia
260,Nla,Ethiopia
261,Nmbela,Ethiopia
262,Nmjo,Ethiopia
263,Nna,Ethiopia
264,Nze,Ethiopia
265,Nzzr Tin,Ethiopia
266,Oditi,Ethiopia
267,Oftu,Ethiopia
268,Oje,Ethiopia
269,Ojo,Ethiopia
270,Omt,Ethiopia
271,Ondafa,Ethiopia
272,Ondar,Ethiopia
273,Onga,Ethiopia
274,Orkm,Ethiopia
275,Ort,Ethiopia
276,Osd'T,Ethiopia
277,Piche,Ethiopia
278,Pina,Ethiopia
279,Pisa,Ethiopia
280,Rba Minch,Ethiopia
281,Rbb Sar,Ethiopia
282,Reka,Ethiopia
283,Rga `Alem,Ethiopia
284,Rk'Os,Ethiopia
285,Rwa,Ethiopia
286,Ryam,Ethiopia
287,Ryc''En,Ethiopia
288,Rycm'Elem,Ethiopia
289,Rymm'Cle,Ethiopia
290,Rzan Teferi,Ethiopia
291,S Ababa,Ethiopia
292,Sabat,Ethiopia
293,Sbe Tabor,Ethiopia
294,Sbo Cole,Ethiopia
295,Sbo So,Ethiopia
296,Sbomsa,Ethiopia
297,Sbre Birhan,Ethiopia
298,Sddis Ababat,Ethiopia
299,Sde Sina,Ethiopia
300,Sga,Ethiopia
301,Sgaro,Ethiopia
302,Sgbark',Ethiopia
303,Shoftu,Ethiopia
304,Sji,Ethiopia
305,Sjina,Ethiopia
306,Sjita,Ethiopia
307,Sjo,Ethiopia
308,Slam,Ethiopia
309,Smo,Ethiopia
310,Sndd Sawashemen,Ethiopia
311,Srba Minch,Ethiopia
312,Ssa,Ethiopia
313,Sta,Ethiopia
314,Swasebetaharar,Ethiopia
315,Tahara,Ethiopia
316,Tapi,Ethiopia
317,Tapisa,Ethiopia
318,Tba Minch,Ethiopia
319,Tbhara,Ethiopia
320,Tbi,Ethiopia
321,Tbi Dolo,Ethiopia
322,Tbpisa,Ethiopia
323,Tdi,Ethiopia
324,Tdpi,Ethiopia
325,Tepi,Ethiopia
326,Tha,Ethiopia
327,Thpi Solo,Ethiopia
328,Tji,Ethiopia
329,Tka,Ethiopia
330,Tkpi,Ethiopia
331,Tkpisa,Ethiopia
332,Tnpi,Ethiopia
333,Topi,Ethiopia
334,Topita,Ethiopia
335,Tpila,Ethiopia
336,Tppi,Ethiopia
337,Tsa,Ethiopia
338,Tti,Ethiopia
339,Ttoiao,Ethiopia
340,Typ 'Slem,Ethiopia
341,Tzpi,Ethiopia
342,Ubo Cole,Ethiopia
343,Ure,Ethiopia
344,Urt,Ethiopia
345,Urtcha,Ethiopia
346,Urycm'Ele,Ethiopia
347,Utajira,Ethiopia
348,W Rola,Ethiopia
349,Wa Birhan,Ethiopia
350,Wabrt Selam,Ethiopia
351,Wahs,Ethiopia
352,Wajira,Ethiopia
353,Ware,Ethiopia
354,Washemen,Ethiopia
355,Watelem,Ethiopia
356,Wathepi,Ethiopia
357,Wawh,Ethiopia
358,Way,Ethiopia
359,Wbasi,Ethiopia
360,Wbri Dolo,Ethiopia
361,Wdddis `Alem,Ethiopia
362,Wdmse,Ethiopia
363,Wgwsojo,Ethiopia
364,Wjae,Ethiopia
365,Wndefari,Ethiopia
366,Wndi,Ethiopia
367,Wnga,Ethiopia
368,Wnji,Ethiopia
369,Wnra,Ethiopia
370,Wnri,Ethiopia
371,Wnro,Ethiopia
372,Woso,Ethiopia
373,Wrrk Oola,Ethiopia
374,Wrrk'Os,Ethiopia
375,Wrrka,Ethiopia
376,Wue Oelo,Ethiopia
377,Yam,Ethiopia
378,Ybre Sina,Ethiopia
379,Yc 'Ele,Ethiopia
380,Yc''E,Ethiopia
381,Yc''Ele,Ethiopia
382,Ych'Ew,Ethiopia
383,Ycm'Ele,Ethiopia
384,Yct'Elege Newan,Ethiopia
385,Zbwake,Ethiopia
386,Zewey,Ethiopia
387,Zmwa,Ethiopia
388,Znwa,Ethiopia
389,Zrwa,Ethiopia
390,Zwaeha,Ethiopia
391,Zwaesa,Ethiopia
392,Zwaeway,Ethiopia
393,Zwash,Ethiopia
394,Zwashemera,Ethiopia
395,Zzae Ene,Ethiopia
396,Zzar Rar,Ethiopia
397,Zzar Relg,Ethiopia
398,Zzaw ,Ethiopia
399,Zzaw Ssa,Ethiopia
400,Zzwane,Ethiopia
401,Zzwene,Ethiopia
402,Zzwezenta,Ethiopia
403,`Alem,Ethiopia
404,`Alemso,Ethiopia
405,`Cle,Ethiopia
406,`Jle,Ethiopia
407,``Aeebre Mengis,Ethiopia
