,Name,Origin
0,Aantalikka,Finland
1,Ala,Finland
2,Ali,Finland
3,Anga,Finland
4,Angas,Finland
5,Angasalmi,Finland
6,Arina,Finland
7,Auhajoki,Finland
8,Auniainen,Finland
9,Auniainenjoki,Finland
10,Aurikkala,Finland
11,Aurikkonummi,Finland
12,Bipada,Finland
13,Bisa,Finland
14,Bitalikkonummi,Finland
15,Bntaa,Finland
16,Bsaarina,Finland
17,Bstad,Finland
18,Bsykorusjaervi,Finland
19,Byvasaari,Finland
20,Byvasaarina,Finland
21,Byvasaarinaejok,Finland
22,Dersoere,Finland
23,Elajaervi,Finland
24,Enau,Finland
25,Eri,Finland
26,Erimaeki,Finland
27,Erlio,Finland
28,Erlitornio,Finland
29,Erlitornioe,Finland
30,Ernio,Finland
31,Ervi,Finland
32,Ger,Finland
33,Gina,Finland
34,Gis,Finland
35,Gli,Finland
36,Gri,Finland
37,Gursjaerimaeki,Finland
38,Hno,Finland
39,Hor,Finland
40,Hri,Finland
41,Hti,Finland
42,Hui,Finland
43,Hura,Finland
44,Hurajoki,Finland
45,Huvala,Finland
46,Hvi,Finland
47,Ieinaevae,Finland
48,Iemi,Finland
49,Iieilahti,Finland
50,Iieina,Finland
51,Iieli,Finland
52,Iielieniki,Finland
53,Iiiiilinna,Finland
54,Iiilinjaervi,Finland
55,Iiilinjala,Finland
56,Iiula,Finland
57,Iiulinna,Finland
58,Iiulu,Finland
59,Iri,Finland
60,Irikka,Finland
61,Irikko,Finland
62,Irina,Finland
63,Iruo,Finland
64,Iumuistiinaejok,Finland
65,Iuntio,Finland
66,Iuruvesi,Finland
67,Iuutaa,Finland
68,Iuuuaa,Finland
69,Iuuuaasalmi,Finland
70,Iviegi,Finland
71,Jaeri,Finland
72,Jaervenpaeae,Finland
73,Jaervi,Finland
74,Joki,Finland
75,Jurikko,Finland
76,Jurokklala,Finland
77,Kiiilinna,Finland
78,Kinieminki,Finland
79,Lae,Finland
80,Lahti,Finland
81,Lai,Finland
82,Lala,Finland
83,Lalax,Finland
84,Las,Finland
85,Lihja,Finland
86,Lijaervi,Finland
87,Linjaeri,Finland
88,Linjaerimaeki,Finland
89,Linjaervenpaeae,Finland
90,Linjaervi,Finland
91,Linjala,Finland
92,Linna,Finland
93,Lio,Finland
94,Llio,Finland
95,Lohja,Finland
96,Luhja,Finland
97,Luhst,Finland
98,Luistiina,Finland
99,Mie,Finland
100,Mieki,Finland
101,Miemijaervi,Finland
102,Mii,Finland
103,Miiminmaa,Finland
104,Minmaa,Finland
105,Mira,Finland
106,Mirina,Finland
107,Mirmarkko,Finland
108,Miu,Finland
109,Miumuistiina,Finland
110,Morkiuittinen,Finland
111,Murske,Finland
112,Mursmelo,Finland
113,Naajaervi,Finland
114,Naejoki,Finland
115,Naevae,Finland
116,Ngas,Finland
117,Ngasalmi,Finland
118,Ngi,Finland
119,Ngkoski,Finland
120,Njaervenpaeae,Finland
121,Njaervi,Finland
122,Njoki,Finland
123,Nki,Finland
124,Noemeenla,Finland
125,Nori,Finland
126,Nosmi,Finland
127,Notoensuu,Finland
128,Notyraa,Finland
129,Nouuotuastola,Finland
130,Ntio,Finland
131,Nurmijaerimaeki,Finland
132,Nuu,Finland
133,Ohui,Finland
134,Omi,Finland
135,Onen,Finland
136,Ori,Finland
137,Orpila,Finland
138,Oru,Finland
139,Orus,Finland
140,Osiimio,Finland
141,Osuu,Finland
142,Oteae,Finland
143,Otiaenekoski,Finland
144,Otiaenkoski,Finland
145,Otkamo,Finland
146,Otrae,Finland
147,Otras,Finland
148,Otsaenkoski,Finland
149,Ottae,Finland
150,Ottsaelae,Finland
151,Ottssellio,Finland
152,Otuastolahti,Finland
153,Otyraa,Finland
154,Otyraae,Finland
155,Otyrae,Finland
156,Otyrnaejoki,Finland
157,Otyrnaevae,Finland
158,Ourokelkeakoski,Finland
159,Ourokka,Finland
160,Ourokkala,Finland
161,Ourokklala,Finland
162,Prina,Finland
163,Puhajoki,Finland
164,Puhava,Finland
165,Puoaenkoski,Finland
166,Pusaaris,Finland
167,Puuaajaervi,Finland
168,Rae,Finland
169,Rava,Finland
170,Rax,Finland
171,Rgasaari,Finland
172,Rhula,Finland
173,Rie,Finland
174,Rii,Finland
175,Rijaervi,Finland
176,Rijoere,Finland
177,Rimaeki,Finland
178,Rina,Finland
179,Rinaejoki,Finland
180,Rinaervi,Finland
181,Rinaevae,Finland
182,Riu,Finland
183,Rlitornio,Finland
184,Rlitornioe,Finland
185,Rmijaervi,Finland
186,Rnioe,Finland
187,Rookmalkeakobst,Finland
188,Rrit,Finland
189,Ruava,Finland
190,Ruhvk,Finland
191,Rujoki,Finland
192,Runekoski,Finland
193,Ruu,Finland
194,Ruunaajaervi,Finland
195,Rykarleby,Finland
196,Ryvenpaeae,Finland
197,Siiilinjaervi,Finland
198,Siikioi,Finland
199,Siimio,Finland
200,Siiuittinenjoki,Finland
201,Sirkku,Finland
202,Siu,Finland
203,Sotkamo,Finland
204,Tali,Finland
205,Thlinjala,Finland
206,Tienieminki,Finland
207,Tiina,Finland
208,Tiinaejoki,Finland
209,Tiinaevae,Finland
210,Tijaervi,Finland
211,Tila,Finland
212,Tilahti,Finland
213,Tinen,Finland
214,Tinenjoki,Finland
215,Tire,Finland
216,Tirenkoski,Finland
217,Tirenokola,Finland
218,Tirenykori,Finland
219,Tiri,Finland
220,Tirina,Finland
221,Tirinaejoki,Finland
222,Tiu,Finland
223,Tiuntio,Finland
224,Tminmaa,Finland
225,Tornio,Finland
226,Trijaervenpaeae,Finland
227,Trina,Finland
228,Trinaevae,Finland
229,Ttinen,Finland
230,Ttrsoere,Finland
231,Turnjoki,Finland
232,Turnkoski,Finland
233,Tyraa,Finland
234,Udos,Finland
235,Uhos,Finland
236,Uiuttaervi,Finland
237,Uiuttasa,Finland
238,Unaaa,Finland
239,Unaajtkinieminm,Finland
240,Unjaervi,Finland
241,Unoaenkoski,Finland
242,Uotsaelae,Finland
243,Uouenttae,Finland
244,Ura,Finland
245,Urajoki,Finland
246,Urame,Finland
247,Urikka,Finland
248,Urikkala,Finland
249,Urikkalax,Finland
250,Urikkano,Finland
251,Urikklala,Finland
252,Urikko,Finland
253,Urikkonummi,Finland
254,Urjkka,Finland
255,Urjkkala,Finland
256,Urmes,Finland
257,Urmijaervi,Finland
258,Urnkoski,Finland
259,Uro,Finland
260,Uroe,Finland
261,Uroinenjoki,Finland
262,Urok,Finland
263,Urokka,Finland
264,Urokkala,Finland
265,Urokkalax,Finland
266,Urokkla,Finland
267,Urokklala,Finland
268,Urokklinjaerven,Finland
269,Urokkllola,Finland
270,Urokklo,Finland
271,Urokkminmaa,Finland
272,Uromaeki,Finland
273,Uromero,Finland
274,Urot,Finland
275,Urovesi,Finland
276,Uruvesi,Finland
277,Uura,Finland
278,Uurajoki,Finland
279,Uurame,Finland
280,Vesi,Finland
281,Vieaa,Finland
282,Vieae,Finland
283,Vieai,Finland
284,Vieali,Finland
285,Viegi,Finland
286,Viemijaerva,Finland
287,Vieminki,Finland
288,Vieni,Finland
289,Vinge,Finland
290,Visalmi,Finland
291,Xhri,Finland
292,Xhvi,Finland
293,Xiuemijaervi,Finland
294,Xla,Finland
295,Xlinna,Finland
296,Xnri,Finland
297,Xri,Finland
298,Xrikkala,Finland
299,Xru,Finland
300,Xruvesi,Finland
301,Xuruvesi,Finland
302,Xuuoaervi,Finland
303,Ykiniemijaervi,Finland
304,Ykiniemijala,Finland
305,Ykiri,Finland
306,Ykirina,Finland
307,Yrvenpaeae,Finland
308,Yveri,Finland
309,Yvinge,Finland
