,Name,Origin
0, Aulhet,France
1, Chateau,France
2, Ersheim,France
3, Illanet-Sur-Ga,France
4,'Isle-Sur-Rhone,France
5,'Mtaire,France
6,-Aurepassis,France
7,-Gohelle,France
8,-Gohelle-Temple,France
9,-L'Abeau-Pin,France
10,-Mart,France
11,-Te-Sur-Orandoe,France
12,0Ag,France
13,1Durmioulogness,France
14,2-Montraint-Eve,France
15,2Ce,France
16,2Nat,France
17,2Ne,France
18,2Ues,France
19,5Ne,France
20,A Blance,France
21,Aaneheix,France
22,Agny,France
23,Alent-Pryve-Le-,France
24,An-De-Riottien-,France
25,An-Des,France
26,Ancard,France
27,Anchamarie-Lu-R,France
28,Anche,France
29,Andresy,France
30,Ang,France
31,Anneuvreux,France
32,Ans,France
33,Ans-En-Vexin,France
34,Ans-Riotte,France
35,Aqson,France
36,Arfesncle,France
37,Arfismes,France
38,Arfosmes,France
39,Argues,France
40,Arqievin,France
41,Arseilly,France
42,As-Sur-Louhans,France
43,Asselon-Sous-Bo,France
44,Au-Rosny-Les-Va,France
45,Audaint-Medoc,France
46,Aueux,France
47,Aul-Trevigne,France
48,Ault,France
49,Ault-Des-Ales-M,France
50,Aultz-Haubourg,France
51,Aut,France
52,Autronchieste-A,France
53,Auvilly-Les-Bai,France
54,Auvin,France
55,Aveille 02,France
56,Avelance,France
57,Avre,France
58,Avre-Grance,France
59,Avreux-Des-D'Ol,France
60,Axden,France
61,Ayes-Sur-Orge,France
62,Benaint-Lannion,France
63,Ble,France
64,Bles-Nazan,France
65,Bles-Sur-Saint-,France
66,Bourne,France
67,Bourthezon,France
68,Chagnan,France
69,Che,France
70,Che-Sur-Laval,France
71,Clemombault-De-,France
72,Compiegne,France
73,Coublaye,France
74,Cour-Jacquefou,France
75,Cour-Molieres,France
76,Courg,France
77,Cours-Sur-Gare,France
78,Court,France
79,Dames,France
80,Dammarie,France
81,De Maismes,France
82,De Mesnes,France
83,Des,France
84,Des-Marlin,France
85,Des-Sur-Saint-P,France
86,Donguyons,France
87,Ducwy-De-Buche,France
88,Ducy-En-Chriset,France
89,Ecourt,France
90,Eenss,France
91,Egbox-Rouvigneu,France
92,Egne,France
93,Egues,France
94,Elaye,France
95,Elleneux,France
96,Eloufragan,France
97,Ene,France
98,Enri,France
99,Ens,France
100,Entrassac,France
101,Entrassee,France
102,Entre,France
103,Entres,France
104,Entresnil-Les,France
105,Entreuil-Les,France
106,Entreuillone,France
107,Entreux,France
108,Eque,France
109,Eques-Maxenche,France
110,Ermaint-Este,France
111,Errelanconnalen,France
112,Es-Les-Christon,France
113,Es-Maureal,France
114,Etcer,France
115,Etne,France
116,Etre,France
117,Etreux,France
118,Ette,France
119,Etzenheim,France
120,Euille 01,France
121,Evre-Rgienneuf-,France
122,Evre-Sur-Vieill,France
123,Evron,France
124,Ffeusaincy,France
125,Fleur,France
126,Fleureal,France
127,Fleury-Les-De-B,France
128,Flvres,France
129,Fmeury,France
130,Fmly-Larue,France
131,Frique,France
132,Friquefortes-Co,France
133,Ftrevigneuillau,France
134,Gausselonnalend,France
135,Geau-Du-Pierest,France
136,Geau-Roi,France
137,Gent-Anne-Sur-C,France
138,Gent-Etierzon,France
139,Ges,France
140,Gey,France
141,Gienne-Du-Puy,France
142,Gles-Sur-Rhin,France
143,Gny-Sur-Marcq-E,France
144,Gueau,France
145,Gueaudaintreuil,France
146,Guee,France
147,Guencelle 13,France
148,Gueneux,France
149,Gues,France
150,Gues-Montol-Le-,France
151,Helle Vauban,France
152,Hellettang,France
153,Hen,France
154,Henas,France
155,Henauleme,France
156,Henobles-Voltai,France
157,Hes,France
158,Hevigneaure,France
159,Hevillarseiller,France
160,Hezon,France
161,Hliluon,France
162,Hlutes-Dames,France
163,Hrouzins,France
164,Hteil,France
165,Htre,France
166,Ibeil,France
167,Icourg,France
168,Icouroux,France
169,Ides-Les-Nanchi,France
170,Ien-Chantes,France
171,Ien-De-L'Ardois,France
172,Iere,France
173,Ierenas-Sur-Mar,France
174,Ieres,France
175,Ieres-Maxencour,France
176,Ieres-Voltaire,France
177,Ierrelay,France
178,Ierry-Mous-Post,France
179,Iers,France
180,Iers-Ponts,France
181,Iersartin-Les-V,France
182,Ieu,France
183,Igny,France
184,Ijuyin-Sous-Lar,France
185,Illancois,France
186,Illar,France
187,Illard,France
188,Illars,France
189,Illarseillaconn,France
190,Illau,France
191,Ille,France
192,Ille 15,France
193,Ille Chatouvin,France
194,Ille Coteaufort,France
195,Ille De Maismes,France
196,Ille-Frange,France
197,Illeme,France
198,Illemombas,France
199,Illeneux,France
200,Iller,France
201,Illere,France
202,Illersartin,France
203,Illies-Lys,France
204,Illkirch-Gran,France
205,Illon,France
206,Illon-Les,France
207,Illonnalec,France
208,Illonne,France
209,Illy,France
210,Illy-Lamble,France
211,Illy-Les-Baint-,France
212,Illy-Les-Mer,France
213,Illy-Soust-Lois,France
214,Illy-Sur-Orgera,France
215,Imbers,France
216,Incois,France
217,Incon,France
218,Incy,France
219,Ines,France
220,Inneux,France
221,Iny,France
222,Ions,France
223,Ique,France
224,Ire,France
225,Ise,France
226,Itangis,France
227,Itl-Valence,France
228,Itreux,France
229,Itry-Mory,France
230,Ivilly-Les-Sur-,France
231,Ivisir,France
232,Ivre,France
233,Ivre-Aumonvillo,France
234,Ivre-Sur-Rhonos,France
235,Janze,France
236,Jlas,France
237,Jouans,France
238,Jouarseille,France
239,Juvise,France
240,Kerques,France
241,Konfleur,France
242,Korfleur,France
243,Krosnes-Mine,France
244,L'Isle-Rosse,France
245,Lais,France
246,Laismes,France
247,Laison,France
248,Laison-Encois,France
249,Laison-Sous-Bea,France
250,Laisons,France
251,Lan,France
252,Lcard,France
253,Le Chateaumontl,France
254,Lefou,France
255,Lenche-Le-Roi,France
256,Les Sallon-Enco,France
257,Les-Le-Pierre-L,France
258,Les-Sous-Bon-Le,France
259,Leur,France
260,Leveine,France
261,Lgerac,France
262,Lian-De-Le-Roi,France
263,Lienne,France
264,Lierre,France
265,Liette,France
266,Llacon,France
267,Llancy,France
268,Llane,France
269,Llargues,France
270,Llau,France
271,Lle,France
272,Lle 02,France
273,Lle Vesinselon-,France
274,Llee,France
275,Lleme,France
276,Llende,France
277,Llende-Synthiel,France
278,Ller,France
279,Llers,France
280,Lles,France
281,Lles-Marseillen,France
282,Llet,France
283,Llettange,France
284,Llicour-Cergy-P,France
285,Llie,France
286,Llieres,France
287,Lliers,France
288,Llone,France
289,Lon,France
290,Lon-Encoiset,France
291,Lougaste,France
292,Louges,France
293,Lougey,France
294,Louis,France
295,Lqucourcairechi,France
296,Lsarthenove,France
297,Lule,France
298,Lun,France
299,Lvangis,France
300,Ly-Le-Riottes,France
301,Ly-Soudun-L'Eta,France
302,Lystiersartin-L,France
303,Mabrainteuil-Le,France
304,Mabtrevignan,France
305,Mabtrille 02,France
306,Mastel,France
307,Matthe,France
308,Mbas,France
309,Mbaulhet,France
310,Mbercoueneux,France
311,Mbercourdic,France
312,Mbercourt,France
313,Mbergy-Pons,France
314,Mberigneux,France
315,Mberigny,France
316,Mberne,France
317,Mbernos,France
318,Mbers,France
319,Mbesc,France
320,Mbesc-Les-La-De,France
321,Mbles-Bougaste-,France
322,Mbrssis-Orgeau-,France
323,Mnes-Bougaste,France
324,Mquivillemombou,France
325,Mroi,France
326,N-La-Jolieretei,France
327,N-Maure,France
328,N-Sain-De-Mory,France
329,N-Seinet,France
330,N-Sur-Mer,France
331,N-Sur-Sauve-Sai,France
332,Nanvernest,France
333,Nas,France
334,Naul-Troix,France
335,Nault,France
336,Nault-De-Riotte,France
337,Naveines,France
338,Nbouil-Le-Roi,France
339,Nce,France
340,Nconne,France
341,Ncont-Avold,France
342,Ncontoux,France
343,Ncos,France
344,Nd-Pourt,France
345,Nde,France
346,Ndecquencon,France
347,Ndivieux,France
348,Ndmeournon,France
349,Necssons,France
350,Nemain,France
351,Neuil,France
352,Neuveur,France
353,Nge,France
354,Nges,France
355,Ngines-D'Oloron,France
356,Ngues,France
357,Nienneuf-Les,France
358,Nieu,France
359,Nieux,France
360,Nigny-Les-Maule,France
361,Nis-Treilly-Sou,France
362,Niville,France
363,Nlex,France
364,Nnay-Vieille-Ro,France
365,Nne,France
366,Nne-Du-Roi,France
367,Nnecy,France
368,Nnet,France
369,Nnette,France
370,Nneux,France
371,Nneve,France
372,Nneveillon,France
373,Nnion,France
374,Nnions,France
375,Nnit-Quevigne,France
376,Nniy-Les-De-Rio,France
377,Nri,France
378,Nt-Este-Sur-Rho,France
379,Nt-Estevigny-Sa,France
380,Nt-Georges,France
381,Nt-Pontluel,France
382,Nui,France
383,Oflau,France
384,Olone,France
385,Olonne,France
386,Olonnecy,France
387,Ombas,France
388,Ombault-Christo,France
389,Ombesc,France
390,On-L'Etangis,France
391,On-La-Jolivet,France
392,On-Sur-Orges,France
393,Onche,France
394,Onche-Les-Minet,France
395,Onnalec,France
396,Onnay-Chateaux,France
397,Onnay-Sous-Bois,France
398,Onne,France
399,Onne-Comberny,France
400,Onne-Conce,France
401,Onne-Conches,France
402,Onne-Coteau,France
403,Onne-Cotte,France
404,Onne-De-Bran,France
405,Onne-De-Montign,France
406,Onne-Du-Champ-L,France
407,Onnecy,France
408,Onnerrelan-Marn,France
409,Onneux,France
410,Onneveiller,France
411,Onnot,France
412,Ons,France
413,Ooneourt,France
414,Ormontmorilport,France
415,Ouges,France
416,Ouil-Les-Les-Su,France
417,Oulchartre,France
418,Oult,France
419,Oy-Le-Sur-Loire,France
420,Oys,France
421,Oyvlle,France
422,Pegomagne,France
423,Pieretagnan,France
424,Pis,France
425,Pisges,France
426,Pisgondang,France
427,Pradet,France
428,Pradigny,France
429,Qmavilles-Sur-L,France
430,Qucon,France
431,Que,France
432,Que-Brayenne,France
433,Que-Brets,France
434,Que-D'Abeaufore,France
435,Que-D'Arcy,France
436,Que-De-Luz,France
437,Que-De-Marseil,France
438,Que-Du-Renas,France
439,Que-Du-Renaulte,France
440,Quebrun,France
441,Quebrune,France
442,Quebruneuve-Tol,France
443,Quebrunstarie-C,France
444,Quebrunstat-Sai,France
445,Quefortes-Vieil,France
446,Quefortet-Sur-G,France
447,Quenche,France
448,Ques,France
449,Ques-Lerpt,France
450,Ques-Pons,France
451,Ques-Villenes-M,France
452,Queugnon,France
453,Queux,France
454,Rcourt,France
455,Rdaint,France
456,Rdun,France
457,Re-Grang,France
458,Reas,France
459,Recourne,France
460,Renne,France
461,Res-Bois-D'Olor,France
462,Res-D'Anthies,France
463,Res-Laval,France
464,Res-Lys,France
465,Res-Plais,France
466,Resse-Sur-Seine,France
467,Rest-Loire,France
468,Resy,France
469,Reux,France
470,Rge,France
471,Rgelette,France
472,Rgentel-Dames,France
473,Rges,France
474,Rgues,France
475,Rie,France
476,Rie-Compiegneuv,France
477,Rie-La-Demi-Luc,France
478,Rie-Le-Pontluel,France
479,Rieresnil-Sur-S,France
480,Rieressillonne,France
481,Riersartin-Des-,France
482,Rieste,France
483,Rieux,France
484,Rigne,France
485,Rigneau-Rouenes,France
486,Ris,France
487,Rleans,France
488,Rlonne,France
489,Rmain-Des,France
490,Rmains,France
491,Rmaint-Junieux,France
492,Rmaint-Pryve-Le,France
493,Rmainvilles-Bou,France
494,Rmont,France
495,Rmont-Harie-La-,France
496,Rmontche-La-Mon,France
497,Rmonthezon,France
498,Rmonville 13,France
499,Rmonville-Tolom,France
500,Rmonvillenestel,France
501,Rnay-Soust-Es,France
502,Rne,France
503,Rney-Voltairech,France
504,Ron,France
505,Ron-Encoise,France
506,Ron-Encours,France
507,Ron-Sous-Baro,France
508,Ronce,France
509,Ronchelle-Pourr,France
510,Rre,France
511,Rve-Sigolers,France
512,Rvigne,France
513,S-Sous-Bois-Org,France
514,Sains-Rivie,France
515,Saint-Jacquebru,France
516,Senas,France
517,Sne,France
518,Snes,France
519,Ssis-Conchies,France
520,T-Esprite-Adrez,France
521,T-Georgues-Sur-,France
522,T-Rhonon-En-Bea,France
523,Taint-Loudun-Le,France
524,Taire,France
525,Tchambertuis,France
526,Tfooyeuvres-Lun,France
527,Tonneur,France
528,Tre,France
529,Tse,France
530,Tzenaden,France
531,Tzenas,France
532,Uaint-Genlis,France
533,Uaint-Nazan,France
534,Uch,France
535,Uchy-Soudun,France
536,Uchy-Sous-Plais,France
537,Ucon,France
538,Ueneux,France
539,Uer,France
540,Ueugnon-Encontr,France
541,Ufragan,France
542,Uil,France
543,Uil-Les,France
544,Uil-Les-Mines,France
545,Uil-Les-Sur-Vie,France
546,Uiler,France
547,Uille-Saint-Jus,France
548,Uillemombas,France
549,Uilles,France
550,Uillon-Sur-Maca,France
551,Uilly,France
552,Uilly-Les-Le-Ro,France
553,Ulieres,France
554,Uliette,France
555,Ulle,France
556,Ulle 02,France
557,Ulle Coteaux,France
558,Ulle-Roues,France
559,Ully,France
560,Ully-Les,France
561,Ult-Du-Renault-,France
562,Un-La-Sorillone,France
563,Un-Les,France
564,Une-Sur-Martrai,France
565,Urente-Roi,France
566,Usiest-Loirechi,France
567,Ut-Rhone,France
568,Uthenadenheim,France
569,Uville-Rouet,France
570,Uvillet,France
571,Uvin,France
572,Uvresse,France
573,Uy-Baint-Parisi,France
574,Val,France
575,Vallers-Sur-Loi,France
576,Vallon-Saone,France
577,Ve-Synthis-Tron,France
578,Veiblierrelanco,France
579,Velan,France
580,Veqleb,France
581,Verge,France
582,Vernaint-Piers,France
583,Verne,France
584,Vernon,France
585,Vet,France
586,Veur,France
587,Veyaux,France
588,Vie,France
589,Vierzat,France
590,Vignat,France
591,Vigny,France
592,Vigny-Saint-Jea,France
593,Ville-Sarandecq,France
594,Villes-Lune,France
595,Villon,France
596,Villy,France
597,Vres,France
598,Vreutzwald,France
599,Weles,France
600,Werdun,France
601,Weuen,France
602,X-Roberne,France
603,X-Rouvre,France
604,Xe-Colosans,France
605,Xnes,France
606,Xneveinet,France
607,Xuenes,France
608,Y-Les,France
609,Y-Les-Les-Marce,France
610,Y-Les-Lucs,France
611,Y-Les-Mer,France
612,Y-Les-Pontois-C,France
613,Y-Les-Souses,France
614,Y-Sur-Mai,France
615,Ygnis,France
616,Yne-D'Oloron,France
617,Yneux-Boiset,France
618,Yneux-De-Montel,France
619,Ynides-Baint-Es,France
620,Yssiel,France
621,Yully-Sur-Mer,France
622,Yvelan-De-Lune-,France
623,Yzeureas,France
624,Zey,France
625,Zicamalie,France
626,Zicre,France
627,Zicrest,France
628,Zille,France
629,Zins,France
630,Ziverge,France
631,Zivet,France
632,Zivre,France
633,Zivresse,France
