,Name,Origin
0, Vhvire,Georgia
1, Vvvy  Foo,Georgia
2,' Olvi,Georgia
3,''Qsar'Eli,Georgia
4,'Agarejo,Georgia
5,'Agareli,Georgia
6,'Ala,Georgia
7,'Araici,Georgia
8,'Bisi,Georgia
9,'Ch'Amch'Amch'K,Georgia
10,'Eli,Georgia
11,'Garejo,Georgia
12,'Gateudiudauri,Georgia
13,'Gateutaisi,Georgia
14,'Gete,Georgia
15,'Gre,Georgia
16,'Lasia,Georgia
17,'Lboni,Georgia
18,'Li,Georgia
19,'Lisi,Georgia
20,'Nesi,Georgia
21,'Q'Ala,Georgia
22,'Q'Alak'I,Georgia
23,'Q'Alt'Urami,Georgia
24,'Qvarch'Ala,Georgia
25,'Qvarch'Alak'I,Georgia
26,'Qvarch'Altsikh,Georgia
27,'Qvarch'Amch'Am,Georgia
28,'Qvarch'Amch'Ir,Georgia
29,'Qvarch'Ire,Georgia
30,'Qvarch'Khere,Georgia
31,'Qvarch'Kheta,Georgia
32,'Qvarejo,Georgia
33,'Qvareli,Georgia
34,'Qvire,Georgia
35,'Qviri,Georgia
36,'Reli,Georgia
37,'Rlavi,Georgia
38,'Rleuii,Georgia
39,'Rli,Georgia
40,'Vilisi,Georgia
41,A'Qaari,Georgia
42,Aamardabani,Georgia
43,Agaaeni,Georgia
44,Agra,Georgia
45,Ali,Georgia
46,Antsiya Novyy A,Georgia
47,Ardabani,Georgia
48,Arejo,Georgia
49,Ashuri,Georgia
50,Bgru,Georgia
51,Bgruli,Georgia
52,Bltuudauri,Georgia
53,Bnnisi,Georgia
54,Boli,Georgia
55,Brdjaani,Georgia
56,C'Akt'I,Georgia
57,Caaa'I,Georgia
58,Cgaaeni,Georgia
59,Ch'Ala,Georgia
60,Ch'Alak'I,Georgia
61,Ch'Alt'Urami,Georgia
62,Ch'Amch'Alt'Ubo,Georgia
63,Ch'Amch'Altsiya,Georgia
64,Ch'Amch'Amch'Al,Georgia
65,Ch'Amch'Amch'Kh,Georgia
66,Ch'Amch'Ire,Georgia
67,Ch'Amch'Khere,Georgia
68,Ch'Amch'Khi,Georgia
69,Ch'Eli,Georgia
70,Ch'Ire,Georgia
71,Ch'Khere,Georgia
72,Ch'Khinvali,Georgia
73,Criac''Iponi,Georgia
74,Cvakci,Georgia
75,D#Ekhinvali,Georgia
76,Dabani,Georgia
77,Dakhi,Georgia
78,Dakhinvali,Georgia
79,Dala,Georgia
80,Dap'Nisi,Georgia
81,Dar''Bali,Georgia
82,Daragarejo,Georgia
83,Darami,Georgia
84,Dart'Vili,Georgia
85,Dart'Vilisi,Georgia
86,Dartich'Khe,Georgia
87,Dayarnioo'Yyaaa,Georgia
88,Ddaati,Georgia
89,Dgokeni,Georgia
90,Dia,Georgia
91,Dini,Georgia
92,Diok'Nisi,Georgia
93,Dkoi,Georgia
94,Dnok'Nisi,Georgia
95,Dobi,Georgia
96,Dokhumi,Georgia
97,Dqvarch'Ire,Georgia
98,Drch'Amch'Khi,Georgia
99,Dre,Georgia
100,Dyaani,Georgia
101,Dzasnano,Georgia
102,Edaa'I,Georgia
103,Eli,Georgia
104,Eni,Georgia
105,Ere,Georgia
106,Fda,Georgia
107,Fho,Georgia
108,Fod,Georgia
109,Fon,Georgia
110,Fre,Georgia
111,Fri,Georgia
112,Fta,Georgia
113,Fto,Georgia
114,G'Rgaeeli,Georgia
115,G'Rlasia,Georgia
116,Garejo,Georgia
117,Gareli,Georgia
118,Gdba,Georgia
119,Gdrdabani,Georgia
120,Ggadekhi,Georgia
121,Ggrdebi,Georgia
122,Godekhi,Georgia
123,Gra,Georgia
124,Grdeba,Georgia
125,Gre,Georgia
126,Gredia,Georgia
127,Grntuedaati,Georgia
128,H'Amch'Alak'I,Georgia
129,H'Amch'Khere,Georgia
130,H'Eli,Georgia
131,H'Qmirdabani,Georgia
132,H'Tmet'Aponi,Georgia
133,Halt'Ura,Georgia
134,Hartich'Khi,Georgia
135,Hch'Ala,Georgia
136,Hch'Alak'I,Georgia
137,Hch'Amch'Alak'I,Georgia
138,Hch'Ire,Georgia
139,Henek'I,Georgia
140,Henekhinvali,Georgia
141,Heneki,Georgia
142,Henekli,Georgia
143,Hent'Ekhi,Georgia
144,Hgamere,Georgia
145,Hgra,Georgia
146,Hgre,Georgia
147,Hhmet'Aponi,Georgia
148,Hhrch'Ala,Georgia
149,Hinvali,Georgia
150,Hirt'Vilisi,Georgia
151,Hmrtnvi,Georgia
152,Holi,Georgia
153,Homi,Georgia
154,Hori,Georgia
155,Hqvarch'Ire,Georgia
156,Hqvarejo,Georgia
157,Hqviri,Georgia
158,Hreli,Georgia
159,Htami,Georgia
160,Hvali,Georgia
161,Hvamch'Amch'Khi,Georgia
162,Hvamer',Georgia
163,Hvire,Georgia
164,Hvrmet'A,Georgia
165,Hvrrebi,Georgia
166,Ibuleti,Georgia
167,Ich'Khinvali,Georgia
168,Ida,Georgia
169,Idi,Georgia
170,Inda,Georgia
171,Intaeti,Georgia
172,Intali,Georgia
173,Intsikhe,Georgia
174,Intsiya Novyy A,Georgia
175,Invali,Georgia
176,Irdabani,Georgia
177,Ire,Georgia
178,Isha,Georgia
179,Iy  Foo,Georgia
180,Jhantsiya Novyy,Georgia
181,Joni,Georgia
182,Jori,Georgia
183,Kh'Llss'A,Georgia
184,Khcreki,Georgia
185,Khe,Georgia
186,Khere,Georgia
187,Kheta,Georgia
188,Khi,Georgia
189,Khmet'A,Georgia
190,Khmet'Aponi,Georgia
191,Khumi,Georgia
192,Kvali,Georgia
193,La'I,Georgia
194,Lagodekhi,Georgia
195,Lch'Ala,Georgia
196,Lgsi,Georgia
197,Lisi,Georgia
198,Lk'Ala,Georgia
199,Lk'Alak'I,Georgia
200,Lkhaltsikhere,Georgia
201,Lns'A'Ch'Eli,Georgia
202,Lnsia,Georgia
203,Loboli,Georgia
204,Lordibi,Georgia
205,Ls'A'Alak'I,Georgia
206,Ltsikheta,Georgia
207,Lysiaa'Ala,Georgia
208,M Rt'Vilisi,Georgia
209,M'Rhcvhiet'Apon,Georgia
210,Mch'Amch'Amch'A,Georgia
211,Mch'Khere,Georgia
212,Meli,Georgia
213,Met'Aponi,Georgia
214,Middakhinvali,Georgia
215,Middart'Vili,Georgia
216,Minda,Georgia
217,Mird,Georgia
218,Mirdabani,Georgia
219,Mrrneuli,Georgia
220,N'Sp'I,Georgia
221,Nat'Urami,Georgia
222,Ncsia,Georgia
223,Neti,Georgia
224,Nisi,Georgia
225,Nksinat'Urami,Georgia
226,Nnisi,Georgia
227,Nolsia,Georgia
228,Npssokhumi,Georgia
229,Ns'A,Georgia
230,Ntsikhe,Georgia
231,Ntsikhere,Georgia
232,Ntsikheta,Georgia
233,Ntsiya Novyy Af,Georgia
234,Nvali,Georgia
235,Nvi,Georgia
236,Nvnntsiya Novyy,Georgia
237,Oba,Georgia
238,Obi,Georgia
239,Ogra,Georgia
240,Ojoa,Georgia
241,Ok'Nisi,Georgia
242,Okhumi,Georgia
243,Oli,Georgia
244,Omi,Georgia
245,Ori,Georgia
246,Orli,Georgia
247,Poni,Georgia
248,Pootli,Georgia
249,Pootyin Tshh,Georgia
250,Pootyminda,Georgia
251,Pootyoyyyaafan,Georgia
252,Portovi,Georgia
253,Portvvich'Amch,Georgia
254,Qvarch'Amch'Ala,Georgia
255,Qvarch'Amch'Eli,Georgia
256,Qvarch'Eli,Georgia
257,Qvarch'Ire,Georgia
258,Qvarch'Khi,Georgia
259,Qvarejo,Georgia
260,Qvareli,Georgia
261,Qvi,Georgia
262,Qvibi,Georgia
263,Qvire,Georgia
264,Qviri,Georgia
265,Qvvarch'Amch'Al,Georgia
266,Qvvarch'Amch'Kh,Georgia
267,Qvvarch'Eli,Georgia
268,Qvvarejo,Georgia
269,Qvvareli,Georgia
270,Rch'Alt'Ubo,Georgia
271,Rch'Eli,Georgia
272,Rch'Ire,Georgia
273,Rdabani,Georgia
274,Rejo,Georgia
275,Reli,Georgia
276,Reni,Georgia
277,Rfou,Georgia
278,Rgaeeni,Georgia
279,Rgamer',Georgia
280,Rgamerh,Georgia
281,Rjomi,Georgia
282,Rli,Georgia
283,Rlisi,Georgia
284,Rmich'Amch'Ire,Georgia
285,Rncu'Auta,Georgia
286,Rneuli,Georgia
287,Roskhere,Georgia
288,Rqvarch'Amch'Ir,Georgia
289,Rssha,Georgia
290,Rsstavi,Georgia
291,Rvali,Georgia
292,Rvici,Georgia
293,Rvicisi,Georgia
294,S'Aha,Georgia
295,S'Akti,Georgia
296,S'Q'Alak'I,Georgia
297,S'Q'Ibuleti,Georgia
298,Sch'Amch'Alt'Ub,Georgia
299,Sgarejo,Georgia
300,Sh'Ala,Georgia
301,Sha,Georgia
302,She,Georgia
303,Shere,Georgia
304,Shhamtredia,Georgia
305,Shkhe,Georgia
306,Sho,Georgia
307,Shokhumi,Georgia
308,Shokini,Georgia
309,Shori,Georgia
310,Shuri,Georgia
311,Shurime,Georgia
312,Sranvi,Georgia
313,Srch'Eli,Georgia
314,Srch'Khere,Georgia
315,T'A,Georgia
316,T'Aponi,Georgia
317,T'Ekhi,Georgia
318,T'Q'Alak'I,Georgia
319,Tgareli,Georgia
320,Tisa,Georgia
321,Tlisi,Georgia
322,Tqvarejo,Georgia
323,Tsvi,Georgia
324,Tvmet'Aponi,Georgia
325,Tvudiudautaisi,Georgia
326,Udauri,Georgia
327,Udauta,Georgia
328,V#Reli,Georgia
329,V'Rce'Ava,Georgia
330,V'Reai,Georgia
331,V'Reli,Georgia
332,Vali,Georgia
333,Vamer',Georgia
334,Varch'Alak'I,Georgia
335,Varch'Ire,Georgia
336,Varch'Khere,Georgia
337,Varejo,Georgia
338,Vareli,Georgia
339,Vch'Amch'Alak'I,Georgia
340,Vch'Eli,Georgia
341,Vcliai,Georgia
342,Vdaragareli,Georgia
343,Vdi,Georgia
344,Veli,Georgia
345,Vgdidi,Georgia
346,Vgre,Georgia
347,Vhere,Georgia
348,Vhleti,Georgia
349,Vhrch'Eli,Georgia
350,Vhrejo,Georgia
351,Vhreli,Georgia
352,Vinisi,Georgia
353,Vire,Georgia
354,Viyi Foo,Georgia
355,Vkresi,Georgia
356,Vli,Georgia
357,Vmi,Georgia
358,Vni,Georgia
359,Vorch'Amch'Alak,Georgia
360,Vorejo,Georgia
361,Voreli,Georgia
362,Vpoi,Georgia
363,Vpreti,Georgia
364,Vqvire,Georgia
365,Vre,Georgia
366,Vreli,Georgia
367,Vri,Georgia
368,Vrli,Georgia
369,Vrlisi,Georgia
370,Vrreai,Georgia
371,Vyr Fvo,Georgia
372,Vyrefi,Georgia
373,Y'Aaagareli,Georgia
374,Y'Aaamardabani,Georgia
375,Yagnaroli,Georgia
376,Ybali,Georgia
377,Ychhamtredia,Georgia
378,Yga Eok'Nisi,Georgia
379,Yponi,Georgia
380,Yreni,Georgia
381,Yrffo,Georgia
382,Ysha,Georgia
383,Yyaaaat'Ubo,Georgia
384,Zcssia,Georgia
385,Zggdddart'Vilis,Georgia
386,Zggdedia,Georgia
387,Zgsdahakvi,Georgia
388,Zgsddakhi,Georgia
389,Zsgdada,Georgia
