,Name,Origin
0, Am Neck,Germany
1, Am Reke,Germany
2, An Der Queicht,Germany
3, Flsen,Germany
4, Halver,Germany
5, Main,Germany
6, Omaunsingering,Germany
7,-Eelzenfeld,Germany
8,-Mell,Germany
9,-Neissen,Germany
10,-Nersbachen,Germany
11,-Nersbrunewalen,Germany
12,-Sankel,Germany
13,-Sankt In Dersc,Germany
14,-Schmall,Germany
15,-Schwalmtal,Germany
16,-Schwetzdorf,Germany
17,-Sund,Germany
18,-Traben,Germany
19,-Tvalenbuelling,Germany
20,-Tvalz,Germany
21,/Rodt-Berg,Germany
22,/Safen,Germany
23,/Schausen,Germany
24,/Schirmagen,Germany
25,/Schlen,Germany
26,/Schnaittlingsb,Germany
27,/Senfeldorf,Germany
28,/Sstedt,Germany
29,/Stburg,Germany
30,A/M,Germany
31,Aben,Germany
32,Ach-Rossbottrum,Germany
33,Aeteen,Germany
34,Aeterfoehrsdorf,Germany
35,Agenthanskircht,Germany
36,Aggelsnitz,Germany
37,Agreiberg,Germany
38,Agsee,Germany
39,Ahl-Mellingswal,Germany
40,Ahrenberg,Germany
41,Aldbutten,Germany
42,Aldbuttenahn,Germany
43,Alde,Germany
44,Aldshafenberg,Germany
45,Alenbachterst,Germany
46,Alenbroichtling,Germany
47,Algering,Germany
48,Algermuendorf,Germany
49,Algern,Germany
50,Alichenweseke,Germany
51,Alldorf,Germany
52,Allebenzell,Germany
53,Allenbach,Germany
54,Allenbergstein,Germany
55,Alpstrow,Germany
56,Altenargesthan,Germany
57,Altmannsbuetzow,Germany
58,Altmannswaldbro,Germany
59,Aluch,Germany
60,Alzwedenheim,Germany
61,Ansbuellebsen,Germany
62,Ansburg,Germany
63,Arenstranienem,Germany
64,Arten,Germany
65,Artenkau,Germany
66,Artenzlingernem,Germany
67,Arter Strauchen,Germany
68,Arterdorf,Germany
69,Artern,Germany
70,Artersbruendena,Germany
71,Arterweseken,Germany
72,Assen,Germany
73,Atzsch,Germany
74,Atzscher,Germany
75,Aupeinberhach-H,Germany
76,Aupsen,Germany
77,Auselbruchheim ,Germany
78,Ausen,Germany
79,Autuereschweig,Germany
80,Averda,Germany
81,Awennewalmtal,Germany
82,Bach,Germany
83,Bach Am Neckar,Germany
84,Bach An Der Obe,Germany
85,Bach-Egel,Germany
86,Bach-Egermuende,Germany
87,Bachtal,Germany
88,Bad Koenheim,Germany
89,Bad Langen,Germany
90,Bad Winsfurth,Germany
91,Baden,Germany
92,Beelefehn,Germany
93,Bei Murr,Germany
94,Bel,Germany
95,Ben,Germany
96,Benwegelsterow,Germany
97,Ber-Morlau,Germany
98,Berboihingen,Germany
99,Bercappelkamp,Germany
100,Berdenderstadt,Germany
101,Berg,Germany
102,Berg Am Rheinau,Germany
103,Bergart,Germany
104,Bergarte,Germany
105,Bergartring,Germany
106,Bergsterl,Germany
107,Bergstrow,Germany
108,Berherrn,Germany
109,Berlungwitzscho,Germany
110,Berpfalza,Germany
111,Bersdorf,Germany
112,Bersheim,Germany
113,Betberg,Germany
114,Betzen,Germany
115,Bfreiburg,Germany
116,Bghlandewischoh,Germany
117,Bkreuenberg,Germany
118,Bmuende,Germany
119,Boppar,Germany
120,Bottweilassen,Germany
121,Brake (Unte,Germany
122,Brande,Germany
123,Britz,Germany
124,Broel,Germany
125,Bronn,Germany
126,Btzingenau,Germany
127,Bvrunn,Germany
128,Bwez,Germany
129,Cacb Am Rheders,Germany
130,Cacben,Germany
131,Cacbensbuetting,Germany
132,Cacberg,Germany
133,Cadeburg,Germany
134,Calber-Schirmag,Germany
135,Calberboihingen,Germany
136,Calberg,Germany
137,Calberg Am Lech,Germany
138,Caldbuttensterk,Germany
139,Calde,Germany
140,Caldsheim Am Rh,Germany
141,Canderingen,Germany
142,Cangensalzwedel,Germany
143,Cclkeppenhausen,Germany
144,Cein,Germany
145,Cein Derwerdorf,Germany
146,Ceinberstadt,Germany
147,Ceinickensteine,Germany
148,Celd,Germany
149,Celde,Germany
150,Cendlingen,Germany
151,Cendorf,Germany
152,Chen,Germany
153,Chhhaben,Germany
154,Chternau,Germany
155,Cich,Germany
156,Cin Dersheim In,Germany
157,Cingen,Germany
158,Cinkelhovenburg,Germany
159,Cinkenahnleide,Germany
160,Czchen,Germany
161,Dal,Germany
162,Daun,Germany
163,Daunschen,Germany
164,Daunschwetzdorf,Germany
165,Daunsing,Germany
166,Daunsingsham,Germany
167,Dberg,Germany
168,Delbruchtwarzhe,Germany
169,Demmelsdorf,Germany
170,Den,Germany
171,Denhorstadt,Germany
172,Der Strau,Germany
173,Dhalkendorf,Germany
174,Dingen,Germany
175,Dling,Germany
176,Dmuah,Germany
177,Doeben-Schwelm,Germany
178,Dorf,Germany
179,Dorn,Germany
180,Dschen,Germany
181,Dschoen,Germany
182,Dtebrueckar,Germany
183,Dtrauchkoel,Germany
184,Duerschwaebisch,Germany
185,E-Ndingelsbach,Germany
186,Eben,Germany
187,Ebrunn,Germany
188,Eburg,Germany
189,Eel,Germany
190,Eelebadessen,Germany
191,Eerbstadt,Germany
192,Ehlhausenbachen,Germany
193,Ehrda,Germany
194,Ehringen,Germany
195,Eim,Germany
196,Elitz,Germany
197,Ell,Germany
198,Elldorf Bezirke,Germany
199,Elsheim,Germany
200,Elsnitz,Germany
201,Emmindshausen,Germany
202,Emsdetten,Germany
203,Enan,Germany
204,Ende,Germany
205,Ender Strassleb,Germany
206,Endingwittmanns,Germany
207,Enenderwerdorn,Germany
208,Eningwerrn,Germany
209,Enthalksmuendor,Germany
210,Eogen,Germany
211,Erbstaedt,Germany
212,Ern,Germany
213,Erndtebruch,Germany
214,Erndtebrunn,Germany
215,Erow,Germany
216,Ersdorf,Germany
217,Ersing,Germany
218,Ersingen,Germany
219,Erstadt,Germany
220,Eruchenburg,Germany
221,Eruchtenzlingen,Germany
222,Esheim,Germany
223,Ethentheim In D,Germany
224,Ettegrossen,Germany
225,Ettenrade,Germany
226,Ewsstadt,Germany
227,Falkenburg,Germany
228,Falkendorf,Germany
229,Falkenheim,Germany
230,Feld,Germany
231,Feld-Ruthen Am ,Germany
232,Felden,Germany
233,Fellrich,Germany
234,Feren,Germany
235,Ferh,Germany
236,Feringen,Germany
237,Ferkassen,Germany
238,Ferl,Germany
239,Fertin,Germany
240,Ferzig,Germany
241,Fgen,Germany
242,Fgeringensbachr,Germany
243,Fgermuehlhausen,Germany
244,Filde,Germany
245,Flinsen,Germany
246,Freil,Germany
247,Frieder Donau,Germany
248,Fsen,Germany
249,Fuersen-Trabenb,Germany
250,Gagelsen-Ach,Germany
251,Gaggelow,Germany
252,Gcamburg,Germany
253,Gdadeburg,Germany
254,Gdetmerhachrodt,Germany
255,Gdewm,Germany
256,Gdmindau,Germany
257,Gelow,Germany
258,Gelsheim,Germany
259,Gen,Germany
260,Gering,Germany
261,Germa,Germany
262,Germannsweil Im,Germany
263,Gfeld,Germany
264,Glewe,Germany
265,Goetgen,Germany
266,Greznrein,Germany
267,Gsternem,Germany
268,Gwadgassenber-S,Germany
269,Ham,Germany
270,Han,Germany
271,Hanskirchen,Germany
272,Hanskirchenggri,Germany
273,Hau,Germany
274,Haun,Germany
275,Haus,Germany
276,Haus Am Rheim,Germany
277,Hausbergstekau,Germany
278,Hausen,Germany
279,Heiden,Germany
280,Hemberg,Germany
281,Hen,Germany
282,Henburg,Germany
283,Hfacker,Germany
284,Hgalzlingen,Germany
285,Hgalzlingenstek,Germany
286,Hgartendorf,Germany
287,Hiede,Germany
288,Hieder Rheim,Germany
289,Hlangen,Germany
290,Hlankel,Germany
291,Hnaitt,Germany
292,Hoekt,Germany
293,Hoelzingen,Germany
294,Horlenberg,Germany
295,Ickensburg,Germany
296,Ido,Germany
297,Ietze,Germany
298,Ilgern,Germany
299,Illingermisself,Germany
300,Ilmerhern,Germany
301,Ilzingen-Schlen,Germany
302,Inau,Germany
303,Ing,Germany
304,Ingen,Germany
305,Ingen Unter,Germany
306,Ingen-Schwelm,Germany
307,Ingsteinicker,Germany
308,Itz,Germany
309,Kappen,Germany
310,Karst,Germany
311,Kelheim,Germany
312,Kelsheim,Germany
313,Ketschenrade,Germany
314,Ketschuttlicht,Germany
315,Ketschwald,Germany
316,Kirchenwegebrun,Germany
317,Kirkelhoven,Germany
318,Koe,Germany
319,Koel,Germany
320,Korb Am Rheim,Germany
321,Kpren,Germany
322,Kreuchen,Germany
323,Kreuenburg,Germany
324,Kreuztal,Germany
325,Kshafenau,Germany
326,Ktrand,Germany
327,Ktringen-Villin,Germany
328,Lagen,Germany
329,Lange,Germany
330,Lauenden,Germany
331,Lchengen,Germany
332,Legdebuscholzhe,Germany
333,Leiden,Germany
334,Leidenau,Germany
335,Lein,Germany
336,Leiningen,Germany
337,Leinsen,Germany
338,Leinstein,Germany
339,Leldorf,Germany
340,Ler,Germany
341,Lggalle,Germany
342,Lich,Germany
343,Liebuerl,Germany
344,Lies,Germany
345,Lieskastedt,Germany
346,Lindau,Germany
347,Lindewitzinge,Germany
348,Lingen,Germany
349,Lingenau,Germany
350,Lmadessen,Germany
351,Lmmin,Germany
352,Lnan,Germany
353,Lnen,Germany
354,Lngen,Germany
355,Lohr Am Main,Germany
356,Losheim,Germany
357,Ltand,Germany
358,Lueck,Germany
359,Lueckar,Germany
360,Lueckenen,Germany
361,Luecker,Germany
362,Lugau,Germany
363,Magdeburg,Germany
364,Mahlsdorf,Germany
365,Mall,Germany
366,Mall Am Main,Germany
367,Mallbach,Germany
368,Mallenberg,Germany
369,Mallsterdorf,Germany
370,Mannsburg-North,Germany
371,Markt,Germany
372,Markt-Sankel,Germany
373,Marktoben,Germany
374,Marktoberg,Germany
375,Maunschopfheim,Germany
376,Merzig,Germany
377,Mindsberg,Germany
378,Mittern,Germany
379,Mittmann,Germany
380,Momlingen,Germany
381,N-Retnertshofsw,Germany
382,N-Schlenburg,Germany
383,Narrenfeld,Germany
384,Nau,Germany
385,Nde,Germany
386,Ndorfer Murr,Germany
387,Nein,Germany
388,Nender Oberg Am,Germany
389,Neuenberg Am Sc,Germany
390,Neuenburg,Germany
391,Neumarkt In Der,Germany
392,Neumarktoben,Germany
393,Neustadt,Germany
394,Nitz,Germany
395,Nord,Germany
396,Oalendorf,Germany
397,Oaln,Germany
398,Oalnstadt-Weil ,Germany
399,Obemsttdatek,Germany
400,Oberg,Germany
401,Obern,Germany
402,Oeld,Germany
403,Oeld-Ruthenwest,Germany
404,Oelsbruechta,Germany
405,Oelsch,Germany
406,Oelschenmund,Germany
407,Oelschirmann,Germany
408,Oelschofsweisse,Germany
409,Oelsheim An Der,Germany
410,Oelsheim In Der,Germany
411,Offenburg,Germany
412,Ohen,Germany
413,Oktenradesse,Germany
414,Olberg,Germany
415,Olln,Germany
416,Onhau,Germany
417,Onpenthen,Germany
418,Orand,Germany
419,Orande,Germany
420,Oren,Germany
421,Orende,Germany
422,Orendorf,Germany
423,Orenfeld,Germany
424,Orenfriedershei,Germany
425,Orenzlebsen,Germany
426,Orishofen,Germany
427,Ork,Germany
428,Orohna,Germany
429,Orverda,Germany
430,Ostel,Germany
431,Otten Unter,Germany
432,Ottweissen,Germany
433,Oyentreptow,Germany
434,P-Trarbach,Germany
435,Pasingen,Germany
436,Pasingen Berg,Germany
437,Pasingeringenar,Germany
438,Pdorf,Germany
439,Pentel,Germany
440,Pentelbachen An,Germany
441,Penterstadt,Germany
442,Penthach-Egern,Germany
443,Penthann,Germany
444,Pentling,Germany
445,Pfiez,Germany
446,Pheim,Germany
447,Phrenstadt/Nort,Germany
448,Phring,Germany
449,Pitz,Germany
450,Ploen,Germany
451,Pndenberg,Germany
452,Pnitz,Germany
453,Polditz,Germany
454,Poldster,Germany
455,Polnzackenstaed,Germany
456,Porz Am Rheim,Germany
457,Pppppplldorf,Germany
458,Prenbeckar,Germany
459,Prendorf,Germany
460,Pting Am Rhoe,Germany
461,Ptreptow,Germany
462,Pvolberg,Germany
463,Pyrmont,Germany
464,Pyrmontwigsee,Germany
465,Qalenden,Germany
466,Qalica,Germany
467,Qalich,Germany
468,Qalingen,Germany
469,Qanielefeld,Germany
470,Qanienem,Germany
471,Qaokenburg,Germany
472,Qauerswinkel,Germany
473,Qreibersheim,Germany
474,Qreilheim,Germany
475,Qriede,Germany
476,Qriedelsbach,Germany
477,Qrieden,Germany
478,Qriedenau,Germany
479,Qriedergstrasse,Germany
480,Qriedersingenau,Germany
481,Qriederswinkenh,Germany
482,Qriedorf Berg,Germany
483,Qrielefenhanski,Germany
484,Qrielendorf,Germany
485,Qries,Germany
486,Qrietzow,Germany
487,Qrnienburg,Germany
488,Queich,Germany
489,Queichen,Germany
490,Queichstadt,Germany
491,Queichterhaven,Germany
492,Queichterow,Germany
493,R Heim,Germany
494,Rander Helm,Germany
495,Rasselbruendorf,Germany
496,Ratek,Germany
497,Ratekau,Germany
498,Rauchen,Germany
499,Rauchtal,Germany
500,Raunstedt,Germany
501,Raus Am Renners,Germany
502,Rauselfenhausen,Germany
503,Rausen,Germany
504,Rbolzheim,Germany
505,Rden,Germany
506,Ren,Germany
507,Renburg,Germany
508,Rennef,Germany
509,Rennertshofshei,Germany
510,Renningen Bezir,Germany
511,Rhsberg,Germany
512,Riederendorf,Germany
513,Ringen,Germany
514,Rlenwiebuschow,Germany
515,Rode,Germany
516,Rodewischenwese,Germany
517,Ronn,Germany
518,Rossefeld,Germany
519,Rossen,Germany
520,Roth,Germany
521,Rotheim,Germany
522,Rothingensalz,Germany
523,Rren,Germany
524,Rringen,Germany
525,Rsdorf,Germany
526,Rsheim,Germany
527,Rsingen,Germany
528,Ruchheim,Germany
529,Ruppich,Germany
530,Ruppichensbuerk,Germany
531,S Am Rheim,Germany
532,Salza,Germany
533,Salzwederen,Germany
534,Salzwederwestfa,Germany
535,Sasel,Germany
536,Saselfenburg,Germany
537,Sauenburg,Germany
538,Sbruechtal,Germany
539,Schonkirchenber,Germany
540,Schwarzheim An ,Germany
541,Sdorf,Germany
542,See,Germany
543,Sen,Germany
544,Shafenheimd,Germany
545,Sham,Germany
546,Shein,Germany
547,Sheinheim,Germany
548,Sing,Germany
549,Sperg,Germany
550,Sruchheim,Germany
551,Ss Kreuztal,Germany
552,Sshofenberg,Germany
553,Stadt,Germany
554,Stadt Sud,Germany
555,Stadt-Berg,Germany
556,Stadt-Endersbac,Germany
557,Stadt-Endingen,Germany
558,Stadt-Glewe,Germany
559,Stadt-Weihernau,Germany
560,Stadt-Weissen,Germany
561,Stadt-Wiblingsb,Germany
562,Stadt/Nord,Germany
563,Stadt/Nordkirch,Germany
564,Staedt,Germany
565,Staufenahn,Germany
566,Stein,Germany
567,Steinsen,Germany
568,Stensburg,Germany
569,Stern,Germany
570,Sterodewitten,Germany
571,Stettentreptow,Germany
572,Strow,Germany
573,Stwdessen,Germany
574,T Am Lechtesgad,Germany
575,T En An Derg,Germany
576,T In Dersterher,Germany
577,Taedt,Germany
578,Tangen,Germany
579,Tbrauch,Germany
580,Tegebrunn,Germany
581,Tehringen,Germany
582,Tein,Germany
583,Teiss,Germany
584,Teissel,Germany
585,Telten Magdebue,Germany
586,Teltenkau,Germany
587,Telter,Germany
588,Telterwalmtal,Germany
589,Ten Am Neck,Germany
590,Tenau,Germany
591,Tenberl,Germany
592,Ter,Germany
593,Terboihingenden,Germany
594,Terbolz,Germany
595,Terfoehringen,Germany
596,Terkappenhain,Germany
597,Tern,Germany
598,Terodt-Wiblinge,Germany
599,Teroth,Germany
600,Terow,Germany
601,Terstadt,Germany
602,Terwalmtal,Germany
603,Teterchenwerde,Germany
604,Thachingen,Germany
605,Thachterkheim,Germany
606,Thal,Germany
607,Thallstedt,Germany
608,Than,Germany
609,Thanskirchen,Germany
610,Theim Bei Murr,Germany
611,Then,Germany
612,Tirn,Germany
613,Tkelsen,Germany
614,Tkoenningensbur,Germany
615,Tleeder Murr,Germany
616,Tlich,Germany
617,Tling,Germany
618,Tmannswaldbutte,Germany
619,Tmannswerdorf,Germany
620,Tmellen,Germany
621,Tmolln,Germany
622,Tnoehrhoog,Germany
623,Toppard,Germany
624,Torgelhoven,Germany
625,Torgen,Germany
626,Traben,Germany
627,Trassleben,Germany
628,Treptow,Germany
629,Trow,Germany
630,Trum,Germany
631,Trup,Germany
632,Tstadt-Weinende,Germany
633,Ttegrossdorf,Germany
634,Ttel,Germany
635,Tten,Germany
636,Ttmann,Germany
637,Ttteln,Germany
638,Tuttenarrenzell,Germany
639,Tvelbach Halber,Germany
640,Tzingen,Germany
641,Uersheim,Germany
642,Ussen-Trarbenst,Germany
643,Utz,Germany
644,Vbgeringen,Germany
645,Verda,Germany
646,Verde,Germany
647,Verkamp,Germany
648,Vettenbriede,Germany
649,Vgeseken,Germany
650,Vgrunewaldshaus,Germany
651,Vilsen,Germany
652,Visberg,Germany
653,Vlligheim,Germany
654,Vnde,Germany
655,Vndenheide,Germany
656,Vngen,Germany
657,Vnsen,Germany
658,Vnte,Germany
659,Vrbuttenstedt,Germany
660,Vrcher,Germany
661,Vrending,Germany
662,Vrher,Germany
663,Vrherben,Germany
664,Vrorsdorf,Germany
665,Vrunn,Germany
666,Vschoenhausen,Germany
667,Vttach,Germany
668,W Al Der Rheim,Germany
669,Wadgau,Germany
670,Wald,Germany
671,Walde,Germany
672,Walderichstadt-,Germany
673,Waldkraiburg Vo,Germany
674,Wan,Germany
675,Wanzlau,Germany
676,Warnem,Germany
677,Weiherrn,Germany
678,Weiler,Germany
679,Wein,Germany
680,Weinen,Germany
681,Welling,Germany
682,Wennef,Germany
683,Werde,Germany
684,Weser),Germany
685,Westeinich,Germany
686,Westrausen,Germany
687,Wetzenbuetzing,Germany
688,Wies,Germany
689,Willingolfen,Germany
690,Woertshofen,Germany
691,Wrenzellrichsta,Germany
692,Wringentrum,Germany
693,Wssnerth An Der,Germany
694,Wstettel,Germany
695,Wyrnhain,Germany
696,Wyrnorhavelbrun,Germany
697,Wyrntrup,Germany
698,Yeetersdorf,Germany
699,Yrkosbachen,Germany
700,Zal,Germany
701,Zalenderg,Germany
702,Zburg,Germany
703,Zeiler,Germany
704,Zelligsfeldorf,Germany
705,Zenfeld,Germany
706,Zheim Bei Muen,Germany
707,Zillingwerdorn,Germany
708,Zilsen,Germany
709,Zilsenhaushause,Germany
710,Zlenbergorstadt,Germany
711,Zlendenstesgade,Germany
712,Zlente,Germany
713,Zling,Germany
714,Zling Am Schmal,Germany
715,Zlingelsheim Be,Germany
716,Zlingen,Germany
717,Zlingen Am Rhed,Germany
718,Zlingen Am Rhei,Germany
719,Zlingensburg,Germany
720,Zlingsburgthal,Germany
721,Zlingstern,Germany
722,Zlinsfurt,Germany
723,Zllende,Germany
724,Zllnach,Germany
725,Zllnach-Egelhei,Germany
726,Znian,Germany
727,Zoedt,Germany
728,Zoldingswalde,Germany
729,Zow,Germany
730,Zritz,Germany
731,Zsllingen,Germany
732,Zstrow,Germany
733,Zuenberg,Germany
