,Name,Origin
0, -Wekropondi,Ghana
1, Awemrongo,Ghana
2, Cveoun,Ghana
3, Estates,Ghana
4, Gotongo,Ghana
5, Hstates,Ghana
6, Junction,Ghana
7, Lugu,Ghana
8, Mnwe,Ghana
9, Nlwa,Ghana
10, Nwe,Ghana
11, Old Town,Ghana
12, Ondi,Ghana
13, Pawmm,Ghana
14, Stea,Ghana
15, Swa,Ghana
16, Swedru,Ghana
17, Unuwam,Ghana
18, Unyani,Ghana
19, Vlentes,Ghana
20,-Akkraping,Ghana
21,-Akkropongo,Ghana
22,-Atkkmamila,Ghana
23,-Kukym,Ghana
24,-Makiram,Ghana
25,-Mankyi,Ghana
26,-Raki,Ghana
27,-Takoradi,Ghana
28,-Tanga,Ghana
29,Accra,Ghana
30,Aechem,Ghana
31,Afl,Ghana
32,Aki,Ghana
33,Alaga,Ghana
34,Alamankyi,Ghana
35,Alm,Ghana
36,Alpod,Ghana
37,Alrago,Ghana
38,Altpongo,Ghana
39,Am Own,Ghana
40,Amankyi,Ghana
41,Ambai,Ghana
42,Ammnkibaa,Ghana
43,Apvlgotongo,Ghana
44,Arhkuo,Ghana
45,As-Aakropongo,Ghana
46,Avelugu,Ghana
47,Avllgatanga,Ghana
48,Baa,Ghana
49,Baf,Ghana
50,Bai,Ghana
51,Bak,Ghana
52,Baki,Ghana
53,Bal,Ghana
54,Balaga,Ghana
55,Bam,Ghana
56,Bama Junction,Ghana
57,Bamale,Ghana
58,Ban,Ghana
59,Bas,Ghana
60,Basa,Ghana
61,Batanga,Ghana
62,Bav,Ghana
63,Bbam,Ghana
64,Bbaw,Ghana
65,Bccra,Ghana
66,Blvgonongo,Ghana
67,Btanga,Ghana
68,Bvelugu,Ghana
69,Cba,Ghana
70,Cbaa,Ghana
71,Ccca,Ghana
72,Cccaa,Ghana
73,Cccaahamale,Ghana
74,Cccaao,Ghana
75,Cccaaoc,Ghana
76,Cccaaokgodo,Ghana
77,Cccaaoki,Ghana
78,Cccaaokio ,Ghana
79,Cccaaoko,Ghana
80,Cccaaokond,Ghana
81,Cccaaokropongo,Ghana
82,Cccaaoloa,Ghana
83,Cccaioi,Ghana
84,Cccarokio ,Ghana
85,Cccra,Ghana
86,Ccra,Ghana
87,Ceram,Ghana
88,Chamale,Ghana
89,Cla,Ghana
90,Cltaonongo,Ghana
91,Cra,Ghana
92,Csconongo,Ghana
93,Ctaogo,Ghana
94,Cteo,Ghana
95,Ctpongo,Ghana
96,Cvrongo,Ghana
97,Dba,Ghana
98,Dbme,Ghana
99,Dea,Ghana
100,Dla,Ghana
101,Dmmea,Ghana
102,Dmmma Junction,Ghana
103,Duh,Ghana
104,Dve,Ghana
105,Dya,Ghana
106,Emmi Old Town,Ghana
107,Emmi Sleta,Ghana
108,Emmiinban,Ghana
109,Emmina,Ghana
110,Eoma Junction,Ghana
111,Esma,Ghana
112,Flao,Ghana
113,Fltongo,Ghana
114,Fmaoi,Ghana
115,Gass,Ghana
116,Hama Junction,Ghana
117,Hamale,Ghana
118,Hamankyi,Ghana
119,Hfhoa,Ghana
120,Hha,Ghana
121,Hvhom,Ghana
122,I-Sakyi,Ghana
123,Iba Estates,Ghana
124,Ibaa,Ghana
125,Ibam,Ghana
126,Ibamale,Ghana
127,Icci,Ghana
128,Il Oda,Ghana
129,In Swedru,Ghana
130,Inbag,Ghana
131,Iov,Ghana
132,Ivpondi,Ghana
133,Jcpe,Ghana
134,Jpppdda,Ghana
135,Jpppddi,Ghana
136,Junction,Ghana
137,Jupcsha Awemron,Ghana
138,Karadi,Ghana
139,Kaso,Ghana
140,Kasoa,Ghana
141,Kcca,Ghana
142,Kcra,Ghana
143,Kfpao,Ghana
144,Kgada,Ghana
145,Kif Ood,Ghana
146,Kim Oda,Ghana
147,Kim Swedru,Ghana
148,Kin Oda,Ghana
149,Kksoa,Ghana
150,Klopadi,Ghana
151,Kmasi,Ghana
152,Kpgmasi,Ghana
153,Krkpandae,Ghana
154,Kropondi,Ghana
155,Kropongo,Ghana
156,Krumusasaa,Ghana
157,Krupum,Ghana
158,Ksma Junction,Ghana
159,Ksradi,Ghana
160,Kstates,Ghana
161,Kum,Ghana
162,Kwa,Ghana
163,L Dneete,Ghana
164,L-Aakkraporddi,Ghana
165,Lad,Ghana
166,Lada,Ghana
167,Laga,Ghana
168,Lam,Ghana
169,Lamankese,Ghana
170,Lbatanga,Ghana
171,Lbgaga,Ghana
172,Lbgago,Ghana
173,Lcctaog,Ghana
174,Lcctaonongo,Ghana
175,Lctao,Ghana
176,Lctaogo,Ghana
177,Ldatokondi,Ghana
178,Lditafo,Ghana
179,Ldttomn,Ghana
180,Ldttongo,Ghana
181,Lec,Ghana
182,Lecteo,Ghana
183,Ledina,Ghana
184,Letam,Ghana
185,Lgaawku,Ghana
186,Lgatanga,Ghana
187,Lham,Ghana
188,Lhamankyi,Ghana
189,Lhatakoradi,Ghana
190,Lhum,Ghana
191,Linneba,Ghana
192,Lkatongo,Ghana
193,Lksaaakhremu,Ghana
194,Llgatanga,Ghana
195,Lma,Ghana
196,Lma Junction,Ghana
197,Lmankese,Ghana
198,Lmankyi,Ghana
199,Lmdapokgo,Ghana
200,Lnga,Ghana
201,Loda,Ghana
202,Lpadi,Ghana
203,Lpag,Ghana
204,Lpagd,Ghana
205,Lpam,Ghana
206,Lppesdi,Ghana
207,Lpug,Ghana
208,Lradi,Ghana
209,Lsda,Ghana
210,Lsga,Ghana
211,Lsma,Ghana
212,Ltago,Ghana
213,Ltanga,Ghana
214,Lteo,Ghana
215,Ltgago,Ghana
216,Ltntanga,Ghana
217,Ltoso,Ghana
218,Ltpondi,Ghana
219,Ltpondi-Takorad,Ghana
220,Ltpongo,Ghana
221,Lugu,Ghana
222,Lumasi,Ghana
223,Lvenuhem,Ghana
224,Lwga,Ghana
225,Lyani,Ghana
226,M Swedru,Ghana
227,Maci,Ghana
228,Mampongo,Ghana
229,Masi,Ghana
230,Mbai,Ghana
231,Mcsion,Ghana
232,Mcteo,Ghana
233,Mdmimaok,Ghana
234,Mdmpondi-Takora,Ghana
235,Mhmm Swedru,Ghana
236,Mkmpongo,Ghana
237,Mlmpond,Ghana
238,Mma Junction,Ghana
239,Mmmpongo,Ghana
240,Mnaee,Ghana
241,Mndi,Ghana
242,Mnse,Ghana
243,Mpam,Ghana
244,Mpandae,Ghana
245,Ms Jnneba,Ghana
246,Msleta,Ghana
247,Mswad,Ghana
248,N Fwao,Ghana
249,Nbaga,Ghana
250,Nbas,Ghana
251,Ncci,Ghana
252,Ndae,Ghana
253,Ndb-A,Ghana
254,Necii,Ghana
255,Ngo,Ghana
256,Nkwa,Ghana
257,Nl-Ga,Ghana
258,Nlaga,Ghana
259,Nlbatanga,Ghana
260,Nlcga,Ghana
261,Nlega,Ghana
262,Nlgatanga,Ghana
263,Nlygo,Ghana
264,Nnlggtaonloga,Ghana
265,Nnvweurusua,Ghana
266,Npag,Ghana
267,Nsaba,Ghana
268,Nvecue,Ghana
269,Nvngo,Ghana
270,O Vdeu,Ghana
271,Occ,Ghana
272,Oda,Ghana
273,Oea,Ghana
274,Ola ,Ghana
275,Ola Estates,Ghana
276,Ola Town,Ghana
277,Ola Tuwnm,Ghana
278,Old Town,Ghana
279,Olh Town,Ghana
280,Oye,Ghana
281,P Ndwe,Ghana
282,P Sda,Ghana
283,P#Fgaoa,Ghana
284,Pab,Ghana
285,Pafd,Ghana
286,Paj,Ghana
287,Pakremtem,Ghana
288,Pakropond,Ghana
289,Pakropondi-Tako,Ghana
290,Pakropongo,Ghana
291,Paldga,Ghana
292,Palditamankese,Ghana
293,Pam,Ghana
294,Pao,Ghana
295,Pav,Ghana
296,Pbadi,Ghana
297,Pbfdlo,Ghana
298,Pbgrwam,Ghana
299,Pbldwa,Ghana
300,Pccea,Ghana
301,Peee,Ghana
302,Pgfatongo,Ghana
303,Pgoda,Ghana
304,Pikm Pwdd,Ghana
305,Pkado,Ghana
306,Pleete,Ghana
307,Pmmdi,Ghana
308,Pnndge,Ghana
309,Pondae,Ghana
310,Pr#Di,Ghana
311,Psndae,Ghana
312,Pwfdno,Ghana
313,R#States,Ghana
314,Rafo,Ghana
315,Raki,Ghana
316,Rakirarogo,Ghana
317,Ram,Ghana
318,Rapoldatokond,Ghana
319,Ras,Ghana
320,Rasimaokraptpon,Ghana
321,Rastates,Ghana
322,Rba,Ghana
323,Rcctao,Ghana
324,Rma,Ghana
325,Rmmppod,Ghana
326,Rmmppodgo,Ghana
327,Rnago,Ghana
328,Rnmavelugu,Ghana
329,Rpam,Ghana
330,Rsmale,Ghana
331,Rspodi,Ghana
332,Rumum,Ghana
333,S Gooo,Ghana
334,S Loga,Ghana
335,Saa,Ghana
336,Saaafo,Ghana
337,Saaalaga,Ghana
338,Sama Junction,Ghana
339,Samankese,Ghana
340,Sasa,Ghana
341,Sasaaakrom,Ghana
342,Sca,Ghana
343,Scctaon,Ghana
344,Sea,Ghana
345,Sflao,Ghana
346,Sha Ast,Ghana
347,Sha Awem,Ghana
348,Shamale,Ghana
349,Sina,Ghana
350,Sla,Ghana
351,Slad,Ghana
352,Slatanga,Ghana
353,Sllttongo,Ghana
354,Sloda,Ghana
355,Slsatanga,Ghana
356,Sltaonongo,Ghana
357,Sltten,Ghana
358,Slttongo,Ghana
359,Sma Junction,Ghana
360,Smankyi,Ghana
361,Smates,Ghana
362,Snveeuhum,Ghana
363,Soa,Ghana
364,Sola,Ghana
365,Spa,Ghana
366,Ssltaogo,Ghana
367,States,Ghana
368,Stpandae,Ghana
369,Svelugu,Ghana
370,Tafo,Ghana
371,Tafoaoo,Ghana
372,Tang,Ghana
373,Tanga,Ghana
374,Tbam,Ghana
375,Tbmankyi,Ghana
376,Tcma,Ghana
377,Tdfo,Ghana
378,Tes,Ghana
379,Tfngo,Ghana
380,Th-Hom,Ghana
381,Timankese,Ghana
382,Tmma Junction,Ghana
383,Tmmmpam,Ghana
384,Tmnneba,Ghana
385,Tnega,Ghana
386,Toma Junction,Ghana
387,Tpandae,Ghana
388,Tpondi-Takoradi,Ghana
389,Tpongo,Ghana
390,Tvmon,Ghana
391,Tymna,Ghana
392,Unnwba,Ghana
393,Unyani,Ghana
394,Vccca,Ghana
395,Vclnage,Ghana
396,Vclo,Ghana
397,Vcloa,Ghana
398,Vecue,Ghana
399,Velugu,Ghana
400,Venuhum,Ghana
401,Vgonongo,Ghana
402,Vinneba,Ghana
403,Vlentes,Ghana
404,Vllgatanga,Ghana
405,Vllnga,Ghana
406,Vlnga,Ghana
407,Vlnngba,Ghana
408,Vmlnga,Ghana
409,Vnlnga,Ghana
410,Vonn,Ghana
411,W-Nnkbamankyi,Ghana
412,Wam,Ghana
413,Wknndbe,Ghana
414,Wnnnbba,Ghana
415,Wsnnaba,Ghana
416,Wsnnabeama Junc,Ghana
417,Xim,Ghana
418,Yani,Ghana
419,Ybai,Ghana
420,Yini,Ghana
421,Ynndba,Ghana
422,Ynndbe,Ghana
423,Ynneba,Ghana
424,Ytnngba,Ghana
