,Name,Origin
0,  Varvara,Greece
1,  Vrysi,Greece
2, Agios Dimin Me,Greece
3, Chala,Greece
4, Chalkidarios N,Greece
5, Changelos,Greece
6, Choro,Greece
7, Dimitrion,Greece
8, Drmi,Greece
9, Elissini,Greece
10, Ermi,Greece
11, Erythraiokas,Greece
12, Forikon,Greece
13, Groupolis,Greece
14, Harnas,Greece
15, Ia,Greece
16, Leron,Greece
17, Lissini,Greece
18, Meri,Greece
19, Mesoyaiania,Greece
20, Mlioupolis,Greece
21, Nikarnas,Greece
22, Nikarnes,Greece
23, Niko,Greece
24, Ores,Greece
25, Raki,Greece
26, Rikolaos,Greece
27, Rnes,Greece
28, Smyrni,Greece
29, Smyros,Greece
30, Traki,Greece
31, Treos Dimin Me,Greece
32, Tro,Greece
33, Uli,Greece
34, Upoli,Greece
35, Varvaralirakom,Greece
36, Vrysos,Greece
37, Vrysoupolis,Greece
38,A#Rth,Greece
39,Aaralirakomaked,Greece
40,Acgryfodasion,Greece
41,Achangelos,Greece
42,Acharnas,Greece
43,Adgos Dimittos,Greece
44,Aegor Kida,Greece
45,Aerathona,Greece
46,Agia Parathonas,Greece
47,Agia Vrysi,Greece
48,Agios,Greece
49,Agria,Greece
50,Alia,Greece
51,Aliko,Greece
52,Amgrofis,Greece
53,Amoxfos,Greece
54,Aoraia,Greece
55,Aplgos Dimitrio,Greece
56,Aplgos Orestiko,Greece
57,Arma,Greece
58,Athangelos,Greece
59,Aumi,Greece
60,Avrios,Greece
61,Avriosi,Greece
62,Aylekon,Greece
63,Azgaralia,Greece
64,Cas,Greece
65,Cchangelos,Greece
66,Ccharnes,Greece
67,Cdalirakastraka,Greece
68,Cfaliraeus,Greece
69,Cfania,Greece
70,Cgrafosa,Greece
71,Changelos,Greece
72,Chania,Greece
73,Charnas,Greece
74,Charnassos,Greece
75,Charnes,Greece
76,Chorikou,Greece
77,Cpalopoli,Greece
78,Cpalopolis,Greece
79,Crni,Greece
80,Crtias,Greece
81,Crya Vrysi,Greece
82,Crylikon,Greece
83,Crylokastro,Greece
84,Crysoupoli,Greece
85,Cvrion,Greece
86,Cxrnes,Greece
87,Dari,Greece
88,Dchoria,Greece
89,Ddari,Greece
90,Deaickala,Greece
91,Deri,Greece
92,Dfai,Greece
93,Dfosia,Greece
94,Dgrafos,Greece
95,Dgriannitsa,Greece
96,Dia,Greece
97,Dlerona,Greece
98,Dlis,Greece
99,Dmafalia,Greece
100,Dmafni,Greece
101,Dpolissia,Greece
102,Dporia,Greece
103,Dposta,Greece
104,Dria,Greece
105,Drousi,Greece
106,Drtrmoufaliraki,Greece
107,Dryria,Greece
108,Dryrinthona,Greece
109,Dryris,Greece
110,Dryronas,Greece
111,Dryros,Greece
112,Dtamorfosia,Greece
113,Dtra,Greece
114,Dtrousi,Greece
115,Duo,Greece
116,Durilofos,Greece
117,Dxaldraraskevi,Greece
118,Eagia Vrysoupol,Greece
119,Eamerotpos,Greece
120,Easerathos,Greece
121,Echoria,Greece
122,Echorikolaos,Greece
123,Echorinthos,Greece
124,Echoro,Greece
125,Eda Ia,Greece
126,Eda Ias,Greece
127,Eda Iraeus,Greece
128,Ees,Greece
129,Efni,Greece
130,Efon,Greece
131,Egiraki,Greece
132,Egol Varvaralir,Greece
133,Egor Noria,Greece
134,Egrlfvi,Greece
135,Egrrapetsonas,Greece
136,Egrraskevi,Greece
137,Egrrathos,Greece
138,Eia,Greece
139,Eko,Greece
140,Elaxasdrousi,Greece
141,Eles,Greece
142,Elesoyaia,Greece
143,Elesoyaias,Greece
144,Elis,Greece
145,Emeni,Greece
146,Enemeni,Greece
147,Enitsa,Greece
148,Enm,Greece
149,Eraki,Greece
150,Erathona,Greece
151,Erathonas,Greece
152,Erathonassos,Greece
153,Erathos,Greece
154,Eron,Greece
155,Esmirnes,Greece
156,Estiada,Greece
157,Estikolaos,Greece
158,Estikou,Greece
159,Etro,Greece
160,Etroupoli,Greece
161,Euli,Greece
162,Eus,Greece
163,Evena,Greece
164,Evrio,Greece
165,Evrnas,Greece
166,Fai,Greece
167,Falia,Greece
168,Faliraes,Greece
169,Faliraeus,Greece
170,Falirakleio,Greece
171,Fas,Greece
172,Fasion,Greece
173,Feos Nikon,Greece
174,Ffni,Greece
175,Fglio,Greece
176,Fgrofos,Greece
177,Filikarnes,Greece
178,Filikolaos,Greece
179,Filofos,Greece
180,Fisia,Greece
181,Fki,Greece
182,Fli,Greece
183,Fmorfosi,Greece
184,Fni,Greece
185,Forina,Greece
186,Fos,Greece
187,Fosi,Greece
188,Fosia,Greece
189,Fri,Greece
190,Frni,Greece
191,Fros,Greece
192,Frosia,Greece
193,Frsia,Greece
194,Fsos,Greece
195,Fssini,Greece
196,Ftrio,Greece
197,Ftrios,Greece
198,Ftriosi,Greece
199,Fvi,Greece
200,Gara,Greece
201,Geom Nykolaos,Greece
202,Geoo Orestiko,Greece
203,Gerakastorina,Greece
204,Geraki,Greece
205,Gerakleio,Greece
206,Gfas,Greece
207,Gia Para,Greece
208,Gia Paraskevi,Greece
209,Gia Parathos,Greece
210,Gia Parosia,Greece
211,Gia Parousi,Greece
212,Gia Thorinthos,Greece
213,Gia Thoro,Greece
214,Gia Varvaralia,Greece
215,Gia Vrysi,Greece
216,Gia Vrysos,Greece
217,Gil Eirnes,Greece
218,Gil Ionia,Greece
219,Gilene,Greece
220,Gmarestikolaos,Greece
221,Goupolis,Greece
222,Grafos,Greece
223,Grafosi,Greece
224,Grafosia,Greece
225,Grevena,Greece
226,Gria,Greece
227,Griandroupolis,Greece
228,Grya Varvara,Greece
229,Gryfid,Greece
230,Gryfidona,Greece
231,Gryfoda,Greece
232,Gryfodasilikarn,Greece
233,Gryfodasion,Greece
234,Gryfodi,Greece
235,Gryfosia,Greece
236,Gryfouai,Greece
237,Ida,Greece
238,Idario,Greece
239,Iefonassos,Greece
240,Ielis,Greece
241,Igaleo,Greece
242,Igalopoli,Greece
243,Igalopolis,Greece
244,Igalopolissia,Greece
245,Igalopolissini,Greece
246,Igllis,Greece
247,Igrlavalamas,Greece
248,Igrlavalamatero,Greece
249,Igrlevi,Greece
250,Igrlfos,Greece
251,Igrlfvi,Greece
252,Igrlfvia Parask,Greece
253,Igrlovasilikaia,Greece
254,Igrlovasion,Greece
255,Igrlovasiona,Greece
256,Ilene,Greece
257,Ilenemeni,Greece
258,Ilio,Greece
259,Ilioupolis,Greece
260,Imateronas,Greece
261,Ioaiandria,Greece
262,Ioaiokastoria,Greece
263,Ioli,Greece
264,Iolos,Greece
265,Ionia,Greece
266,Iori,Greece
267,Iorina,Greece
268,Iosia,Greece
269,Iouoi,Greece
270,Iraeus,Greece
271,Iraki,Greece
272,Irakleio,Greece
273,Ithaida,Greece
274,Ithaidania,Greece
275,Iutiada,Greece
276,Iytilene,Greece
277,Ketimitrion,Greece
278,Kida,Greece
279,Kidarion,Greece
280,Kidona,Greece
281,Kidoneri,Greece
282,Ksmyrni,Greece
283,Lefos,Greece
284,Lemeni,Greece
285,Lemenitsa,Greece
286,Leo,Greece
287,Levi,Greece
288,Lfia,Greece
289,Lida,Greece
290,Limateronas,Greece
291,Limof,Greece
292,Liraeus,Greece
293,Lmeri,Greece
294,Lmiros,Greece
295,Lmis,Greece
296,Lyvia Thoro,Greece
297,Lyvia Varvara,Greece
298,Mara,Greece
299,Maxasdo,Greece
300,Mchoro,Greece
301,Megaleo,Greece
302,Meni,Greece
303,Menitsa,Greece
304,Meoi Karlovasil,Greece
305,Meon Karlovasil,Greece
306,Meondarion,Greece
307,Meondariosia,Greece
308,Meri,Greece
309,Mes,Greece
310,Metios,Greece
311,Metiosi,Greece
312,Metiosia,Greece
313,Mgrafosia,Greece
314,Mia,Greece
315,Mirnes,Greece
316,Mirosi,Greece
317,Mirosia,Greece
318,Mirtemida,Greece
319,Mirtemidario,Greece
320,Mitrios,Greece
321,Mmeni,Greece
322,Mofki,Greece
323,Motini,Greece
324,Mrythrakastro,Greece
325,Mvroa,Greece
326,Mytnrsalamas,Greece
327,Mytoriannouli,Greece
328,Mytorina,Greece
329,Mytorinthonasso,Greece
330,Narsalamas,Greece
331,Nchania,Greece
332,Neri,Greece
333,Nfalia,Greece
334,Nfki,Greece
335,Nikarnes,Greece
336,Nikolaos,Greece
337,Nilothei,Greece
338,Nouli,Greece
339,Npeos Orestiada,Greece
340,Nryoneri,Greece
341,Nryones,Greece
342,Ntro,Greece
343,Nyfodasilikaia,Greece
344,Nyfodasilikarna,Greece
345,Oeaias,Greece
346,Oeaickilakastro,Greece
347,Oemenitsa,Greece
348,Ogria,Greece
349,Oia,Greece
350,Ones Iania,Greece
351,Oraia,Greece
352,Oraiokastraki,Greece
353,Ores,Greece
354,Orestiada,Greece
355,Oro,Greece
356,Otaros,Greece
357,Oula,Greece
358,Oupoli,Greece
359,Oupolis,Greece
360,Ousi,Greece
361,Oxra Uria,Greece
362,Oyuidariosia,Greece
363,Pcgoumeni,Greece
364,Pcralia,Greece
365,Pegsraskevi,Greece
366,Pelss,Greece
367,Pessini,Greece
368,Petsonas,Greece
369,Petsonassos,Greece
370,Pfli,Greece
371,Pfplioupoli,Greece
372,Pfplioupolissi,Greece
373,Pfraiokas,Greece
374,Pfrliveri,Greece
375,Pgios Nikaias,Greece
376,Pgrafos,Greece
377,Pioaia,Greece
378,Piraeus,Greece
379,Pkia,Greece
380,Pleo,Greece
381,Plio,Greece
382,Plioupoli,Greece
383,Plioupolis,Greece
384,Plioupolissia,Greece
385,Pmgou,Greece
386,Pmirnes,Greece
387,Pnirseni,Greece
388,Pplara,Greece
389,Pptiada,Greece
390,Pria,Greece
391,Prios Dimittos,Greece
392,Ptgil Earnas,Greece
393,Ptgor Nikarnes,Greece
394,Ptias,Greece
395,Ptioupoli,Greece
396,Ptliveri,Greece
397,Ptraki,Greece
398,Ptrari,Greece
399,Pufoli,Greece
400,Pura,Greece
401,Pxraki,Greece
402,Pylaia,Greece
403,R Yhoro,Greece
404,Rathonas,Greece
405,Rchangelos,Greece
406,Rchania,Greece
407,Rcharnassos,Greece
408,Rcharnes,Greece
409,Rethonas,Greece
410,Rfaliraeus,Greece
411,Rgia Parosia,Greece
412,Rgilene,Greece
413,Rgis Poriannits,Greece
414,Rgrafos,Greece
415,Richangelos,Greece
416,Rignia,Greece
417,Rldsoupoli,Greece
418,Rlevi,Greece
419,Rliveri,Greece
420,Rlyvia Varvaras,Greece
421,Rnas,Greece
422,Rnes,Greece
423,Roplirakas,Greece
424,Rousi,Greece
425,Rta,Greece
426,Rthei,Greece
427,Rthmitrion,Greece
428,Rthmitrios,Greece
429,Rthos,Greece
430,Rtthraiokas,Greece
431,Rythraiokastrou,Greece
432,Scroupoli,Greece
433,Sgriandriania,Greece
434,Silikaiannitsa,Greece
435,Silikon,Greece
436,Smarathos,Greece
437,Smarea,Greece
438,Smareos Dimin M,Greece
439,Smares,Greece
440,Smarestiada,Greece
441,Smareun,Greece
442,Smarnes,Greece
443,Soupoli,Greece
444,Soupolissia,Greece
445,Srapetsonas,Greece
446,Srapetsonassos,Greece
447,Sraralirakomake,Greece
448,Sraroupoli,Greece
449,Srarus,Greece
450,Srikou,Greece
451,Straki,Greece
452,Stro,Greece
453,Stroupoli,Greece
454,Strousi,Greece
455,Svrio,Greece
456,Tchorinoula,Greece
457,Tedrnas,Greece
458,Teia,Greece
459,Tgrafosia,Greece
460,Thaida,Greece
461,Thraiokastro,Greece
462,Thrakas,Greece
463,Tia,Greece
464,Tiada,Greece
465,Tias,Greece
466,Tiraeus,Greece
467,Tmesni,Greece
468,Tra,Greece
469,Trcoria,Greece
470,Trcoro,Greece
471,Trio,Greece
472,Trion,Greece
473,Trmki,Greece
474,Trmos,Greece
475,Tro,Greece
476,Troupoli,Greece
477,Trousi,Greece
478,Trros,Greece
479,Trto,Greece
480,Tsraskevi,Greece
481,Tsta,Greece
482,Ttilenemenitsa,Greece
483,Tvria,Greece
484,Tvrion,Greece
485,Tvrrafos,Greece
486,Uelissia,Greece
487,Uilikaia,Greece
488,Uli,Greece
489,Umaneri,Greece
490,Uos,Greece
491,Upllomakedoneri,Greece
492,Uplloria,Greece
493,Uplloriannitsa,Greece
494,Upllorikou,Greece
495,Upllorina,Greece
496,Urakastrakastro,Greece
497,Uraki,Greece
498,Uralia,Greece
499,Uralirakomakedo,Greece
500,Urlavala,Greece
501,Urliveri,Greece
502,Usr,Greece
503,Utra,Greece
504,Utraki,Greece
505,Utrakleio,Greece
506,Uuli,Greece
507,Uvrion,Greece
508,Vasilikarnassos,Greece
509,Vasiliko,Greece
510,Vasion,Greece
511,Via Parousi,Greece
512,Viraeus,Greece
513,Vria,Greece
514,Vriandroupoliss,Greece
515,Vriania,Greece
516,Vriannitsa,Greece
517,Vriannoula,Greece
518,Vrio,Greece
519,Vrion,Greece
520,Vrios Dimin Mes,Greece
521,Vrios Orestikou,Greece
522,Vriosi,Greece
523,Vriosia,Greece
524,Vros,Greece
525,Vrosia,Greece
526,Vrusi,Greece
527,Vrysi,Greece
528,Vrysoupoli,Greece
529,Xalda,Greece
530,Xaldari,Greece
531,Xaldrari,Greece
532,Xaldrarusi,Greece
533,Xandria,Greece
534,Xandroupoli,Greece
535,Xandroupolis,Greece
536,Xardariosia,Greece
537,Xasdoraki,Greece
538,Xchorikou,Greece
539,Xchoro,Greece
540,Xfni,Greece
541,Xgaoo,Greece
542,Xgaoometiodasio,Greece
543,Xgaoupoli,Greece
544,Xgor Aeos Dimit,Greece
545,Xgou,Greece
546,Xiada,Greece
547,Xlaia,Greece
548,Xlaiannitsa,Greece
549,Xleo,Greece
550,Xlio,Greece
551,Xlioupoli,Greece
552,Xllorinthos,Greece
553,Xlonassos,Greece
554,Xlos,Greece
555,Xlyoi,Greece
556,Xlyoia,Greece
557,Xna,Greece
558,Xos,Greece
559,Xponia,Greece
560,Xra,Greece
561,Xra Mlioupolis,Greece
562,Xrada,Greece
563,Xradi,Greece
564,Xradouna,Greece
565,Xraeus,Greece
566,Xraiokas,Greece
567,Xrakas,Greece
568,Xraki,Greece
569,Xralia,Greece
570,Xranamas,Greece
571,Xranamata,Greece
572,Xranamateron,Greece
573,Xranamlifos,Greece
574,Xranamorfosi,Greece
575,Xrania,Greece
576,Xranomi,Greece
577,Xraousi,Greece
578,Xraskevi,Greece
579,Xta,Greece
580,Xtadou,Greece
581,Xtro,Greece
582,Xvania,Greece
583,Xxandroupolis,Greece
584,Yachania,Greece
585,Yaiosia,Greece
586,Yaitagou,Greece
587,Ychania,Greece
588,Ychrrkes,Greece
589,Ychrrko,Greece
590,Ychrrkos,Greece
591,Ydaia,Greece
592,Yfada,Greece
593,Yfidirakastorik,Greece
594,Yfodasion,Greece
595,Yfodis,Greece
596,Yfosia,Greece
597,Yfpdlorinthos,Greece
598,Ygaia,Greece
599,Ygia Para,Greece
600,Ygia Thoro,Greece
601,Ygia Varvara,Greece
602,Ygor Kaia,Greece
603,Ygou,Greece
604,Ygria,Greece
605,Yiilikarnassos,Greece
606,Yionia,Greece
607,Ylaiandriannits,Greece
608,Ylaiania,Greece
609,Yleio,Greece
610,Ylekomakedona,Greece
611,Ylgia Thorintho,Greece
612,Ylikaias,Greece
613,Ylikon,Greece
614,Ylkida,Greece
615,Ylmirta,Greece
616,Ylmirtemidari,Greece
617,Ymaias,Greece
618,Ymki,Greece
619,Ymlioupolis,Greece
620,Yngia Paroupoli,Greece
621,Yoli,Greece
622,Yrakastrakastor,Greece
623,Yrta,Greece
624,Ythraia,Greece
625,Ythraiannitsa,Greece
626,Ythraias,Greece
627,Ythraiokas,Greece
628,Ythraiokastorin,Greece
629,Ythrakas,Greece
630,Ythrakleio,Greece
631,Ythrnksonas,Greece
632,Yvria,Greece
633,Yvriania,Greece
634,Yvrio,Greece
635,Yvrion,Greece
636,Yvriosia,Greece
637,Zdgara,Greece
638,Zggrafos,Greece
639,Zggrafosi,Greece
640,Zlgrafos,Greece
641,Zmgrofosia,Greece
