,Name,Origin
0, Altas,Guatemala
1, Cucasta Chiqui,Guatemala
2, Duenango,Guatemala
3, Gomera,Guatemala
4, Huis Ixcan,Guatemala
5, La Palin,Guatemala
6, Nbenango,Guatemala
7, Tomas Altas,Guatemala
8, Xecul,Guatemala
9,A Cruz Del Quic,Guatemala
10,Al Verapa,Guatemala
11,Ala,Guatemala
12,Alacao,Guatemala
13,Alacapa,Guatemala
14,Alacatepeque,Guatemala
15,Alama,Guatemala
16,Alan,Guatemala
17,Alanya,Guatemala
18,Alapan,Guatemala
19,Alcmucia Crista,Guatemala
20,Alcvbaragoza,Guatemala
21,Alln,Guatemala
22,Alomba,Guatemala
23,Alomerapan,Guatemala
24,Alomerapaz,Guatemala
25,Alpas Altas,Guatemala
26,Alpas La Gome M,Guatemala
27,Alpas Laguna,Guatemala
28,Alpas San Pedro,Guatemala
29,Alpas Sija,Guatemala
30,Alxnta Barillas,Guatemala
31,Alya,Guatemala
32,Antonimo,Guatemala
33,Bal Vera,Guatemala
34,Bal Verapa,Guatemala
35,Bal Verapan,Guatemala
36,Bam,Guatemala
37,Ban,Guatemala
38,Bara,Guatemala
39,Barago Sacatagu,Guatemala
40,Barago Sacatepe,Guatemala
41,Barago San Beni,Guatemala
42,Barago Santa Ch,Guatemala
43,Barago Suchicap,Guatemala
44,Barago Xecul,Guatemala
45,Barago Xenacoj,Guatemala
46,Barago Xenahu,Guatemala
47,Barago Xenango,Guatemala
48,Baragoza,Guatemala
49,Bastiapa,Guatemala
50,Bastoreso,Guatemala
51,Baz,Guatemala
52,Dlll  Progres,Guatemala
53,Doloreso,Guatemala
54,Ebasta,Guatemala
55,Ebastores,Guatemala
56,Ebastoreso,Guatemala
57,El Sija,Guatemala
58,Ela,Guatemala
59,Elapa,Guatemala
60,Enacoj,Guatemala
61,Enahu,Guatemala
62,Enango,Guatemala
63,Enango Xenango,Guatemala
64,Enango Xenango ,Guatemala
65,Enas,Guatemala
66,Enban,Guatemala
67,Epqquz,Guatemala
68,Esbarago Sacate,Guatemala
69,Guila,Guatemala
70,Hal,Guatemala
71,Ila,Guatemala
72,Ilna,Guatemala
73,In Jeronio La L,Guatemala
74,In Jeronion,Guatemala
75,In Jilotepeque,Guatemala
76,In Jose,Guatemala
77,In Jose Pinula,Guatemala
78,In Juan Pedro C,Guatemala
79,Inal,Guatemala
80,Intonimo,Guatemala
81,Ito,Guatemala
82,La Sacatagupa,Guatemala
83,La Seca,Guatemala
84,Lapa,Guatemala
85,Lapan,Guatemala
86,Las,Guatemala
87,Lha,Guatemala
88,Lla,Guatemala
89,Lla Sacataguna,Guatemala
90,Lla San Barilla,Guatemala
91,Llas,Guatemala
92,Lobal Verapan,Guatemala
93,Lomba,Guatemala
94,Lome Miguel Qui,Guatemala
95,Los Sacapa,Guatemala
96,Los Sacatan,Guatemala
97,Los Santa Barto,Guatemala
98,N Carcha,Guatemala
99,N Cotzaltenango,Guatemala
100,N Crista Lucast,Guatemala
101,N Huis Ixcan,Guatemala
102,N Huista,Guatemala
103,N Juan Mita,Guatemala
104,N Migua,Guatemala
105,N Rel Siguel Qu,Guatemala
106,Nacoj,Guatemala
107,Nago Xenacoj,Guatemala
108,Nagoza,Guatemala
109,Nal,Guatemala
110,Nango,Guatemala
111,Nango Sacao,Guatemala
112,Nango Sacapaz,Guatemala
113,Nango Sacatagua,Guatemala
114,Nango Sacatagun,Guatemala
115,Nango Sacatan,Guatemala
116,Nango Sacatemal,Guatemala
117,Nango San Jose,Guatemala
118,Nango San Migui,Guatemala
119,Nango Suchichel,Guatemala
120,Nango Xecul,Guatemala
121,Nango Xeculutan,Guatemala
122,Nango Xenahu,Guatemala
123,Nango Xenango,Guatemala
124,Nango Xenas,Guatemala
125,Nardino,Guatemala
126,Nas,Guatemala
127,Nba,Guatemala
128,Nbag,Guatemala
129,Nban,Guatemala
130,Nbasta,Guatemala
131,Nbastenango Xen,Guatemala
132,Nbastoban,Guatemala
133,Nbastor,Guatemala
134,Nben,Guatemala
135,Nbepacatepequez,Guatemala
136,Nbepcion Miguil,Guatemala
137,Nbeptcalacatema,Guatemala
138,Nbeptcan,Guatemala
139,Nbeptqn,Guatemala
140,Nil A,Guatemala
141,Nilotenango,Guatemala
142,Nilotenango Xec,Guatemala
143,Nio Huista,Guatemala
144,Nio Sacatepeque,Guatemala
145,Nion Huitan,Guatemala
146,Nlos Sacan,Guatemala
147,Nlos Sija,Guatemala
148,Nn Miguel Chiqu,Guatemala
149,Nncos,Guatemala
150,Nnio La Paz,Guatemala
151,Nnles,Guatemala
152,Nnlos Sija,Guatemala
153,Nnngo Xenango,Guatemala
154,Nto Domingo,Guatemala
155,Nuna,Guatemala
156,Oban,Guatemala
157,Ola,Guatemala
158,Olepequez,Guatemala
159,Olola,Guatemala
160,Olomba,Guatemala
161,Olome Mencos,Guatemala
162,Olome Miguel Ch,Guatemala
163,Olomerapa,Guatemala
164,Olores Costenas,Guatemala
165,Ome Mencos,Guatemala
166,On Chiquipula,Guatemala
167,Onbastenango,Guatemala
168,Pur,Guatemala
169,Rel,Guatemala
170,Rel Duenango,Guatemala
171,Rilla,Guatemala
172,Rilla Sebastoba,Guatemala
173,Rinta Chichitep,Guatemala
174,Rllstenango,Guatemala
175,Rolime,Guatemala
176,Tan,Guatemala
177,Tenango,Guatemala
178,Tiln,Guatemala
179,Tonio Sacatagun,Guatemala
180,Tonio Suchichel,Guatemala
181,Uan Andres Vill,Guatemala
182,Uel Chiquimula,Guatemala
183,Uel Quichel,Guatemala
184,Uenango Sacana,Guatemala
185,Uenas,Guatemala
186,Unito,Guatemala
187,Xenahu,Guatemala
188,Xenango,Guatemala
