,Name,Origin
0,  Aiiao,Honduras
1,  Egrito,Honduras
2,  Eila,Honduras
3,  Jhrtoro,Honduras
4,  Limaca,Honduras
5,  Limacaome,Honduras
6,  Negrito,Honduras
7,  Ole,Honduras
8,  Omr,Honduras
9,  Oorenzo,Honduras
10,  Orazan,Honduras
11,  Orenzo,Honduras
12,  Oronstatbpan ,Honduras
13,  Orudid,Honduras
14,  Oueva Ocotepe,Honduras
15,  Pedro Sula,Honduras
16,  Porros,Honduras
17,  Regucigalpa,Honduras
18,  Regzs ,Honduras
19,  Rhisuo,Honduras
20,  Rhoso,Honduras
21,  Rimienta Barb,Honduras
22,  Rorida,Honduras
23,  Rorszl,Honduras
24,  Ruinas,Honduras
25,  Rurida,Honduras
26,  Rurignli,Honduras
27,  Ruriguatepequ,Honduras
28,  Sula,Honduras
29,  Sur,Honduras
30,  Thooome,Honduras
31,  Tiiutarvillo,Honduras
32,  Tirucigalpa,Honduras
33,  Tiujala,Honduras
34,  Toro,Honduras
35,  Triunfo,Honduras
36,  Uef,Honduras
37,  Ueg,Honduras
38,  Ueh,Honduras
39,  Uei,Honduras
40,  Uel,Honduras
41,  Zo,Honduras
42,  Zor,Honduras
43, Alianza,Honduras
44, Aoianza,Honduras
45, Bara,Honduras
46, Baracias,Honduras
47, Baracoa,Honduras
48, Baras,Honduras
49, Col,Honduras
50, Cola,Honduras
51, Cole,Honduras
52, Coma,Honduras
53, Come,Honduras
54, Corenzo,Honduras
55, Cos,Honduras
56, Entrada,Honduras
57, Ertrodra Iarza,Honduras
58, Ezar,Honduras
59, Fome,Honduras
60, Foro,Honduras
61, Franca Sula,Honduras
62, Franchito,Honduras
63, Francisco,Honduras
64, Francisco De L,Honduras
65, Francisco De Y,Honduras
66, Frida,Honduras
67, Frodima,Honduras
68, Frodra Franca ,Honduras
69, Grito,Honduras
70, La De Otoro,Honduras
71, La De San Lore,Honduras
72, La De Santa Ba,Honduras
73, La De Yojoa,Honduras
74, La Paz,Honduras
75, Lo De Santa Ba,Honduras
76, Lorenzo,Honduras
77, Manuel,Honduras
78, Marcala,Honduras
79, Negrito,Honduras
80, Nto,Honduras
81, Nto De Santa B,Honduras
82, Nto Ouee,Honduras
83, Ntoaome,Honduras
84, Nuel,Honduras
85, Ocotepeque,Honduras
86, Ooo,Honduras
87, Ooorenzo,Honduras
88, Oronsa  Pedro ,Honduras
89, Otoro,Honduras
90, Ouel,Honduras
91, Ouorazan,Honduras
92, Para,Honduras
93, Paracias,Honduras
94, Paracoa,Honduras
95, Paz,Honduras
96, Ped Ohotuer,Honduras
97, Porros,Honduras
98, Potrerillos,Honduras
99, Regzapa,Honduras
100, Rorszl,Honduras
101, Ruinas,Honduras
102, Rurigllt De Ot,Honduras
103, So,Honduras
104, So ,Honduras
105, So  Ueg,Honduras
106, So  Uei,Honduras
107, So  Ueimacaome,Honduras
108, So  Uel,Honduras
109, So  Uyamel,Honduras
110, So Sula,Honduras
111," So Vegas, Sant",Honduras
112, Sor Do Yujol,Honduras
113, Sro,Honduras
114, Sula,Honduras
115, Sur,Honduras
116, Te Aa Francisc,Honduras
117, Te Aa Limaca,Honduras
118, Te Aa Limacaom,Honduras
119, Te Bara,Honduras
120, Te Ianza,Honduras
121, Te Ra Paz,Honduras
122, Te Ra Sur,Honduras
123, Teca,Honduras
124, Teda,Honduras
125, Tedao,Honduras
126, Tede,Honduras
127, Tedeqoe,Honduras
128, Tedeqse,Honduras
129," Tegas, San Ien",Honduras
130," Tegas, San Lor",Honduras
131," Tegas, Santa B",Honduras
132," Tegas, Santa R",Honduras
133," Tegas, Santa V",Honduras
134, Tegisuo De Yoj,Honduras
135, Teias,Honduras
136, Tela,Honduras
137, Terilla De San,Honduras
138, Terilla Paz,Honduras
139, Terillo,Honduras
140, Terillos,Honduras
141, Terique,Honduras
142, Tezepaq L,Honduras
143, Toro,Honduras
144, Trada,Honduras
145, Trida,Honduras
146, Triunfo,Honduras
147, Trorsza,Honduras
148, Uei,Honduras
149," Vegas, San Lor",Honduras
150," Vegas, San Man",Honduras
151," Vegas, San Mar",Honduras
152," Vegas, Sar Rit",Honduras
153, Xe  Ahoauei,Honduras
154, Xe  Arianza,Honduras
155, Xe  Aroo,Honduras
156, Xe  Azan,Honduras
157, Xe  Lo Puzdd,Honduras
158, Xe  Lorida,Honduras
159, Yojoa,Honduras
160, Za,Honduras
161, Zan,Honduras
162, Zao,Honduras
163, Zar,Honduras
164, Zo,Honduras
165, Zor,Honduras
166,Bara,Honduras
167,Baraiso,Honduras
168,Baras,Honduras
169,Cos,Honduras
170,F Sula,Honduras
171,F Sur,Honduras
172,Ftadc,Honduras
173,L Negrito,Honduras
174,L Sro Sula,Honduras
175,Mrrcos,Honduras
176,N Francisco,Honduras
177,N Manuel,Honduras
178,N Marcala,Honduras
179,N Pedro Sur,Honduras
180,N So,Honduras
181,Nta Bara,Honduras
182,Nta Barbara,Honduras
183,Nta Blanca Sula,Honduras
184,Nta Cruz De Yoj,Honduras
185,Nta Vieja,Honduras
186,O An Lorenzo,Honduras
187,O Ara,Honduras
188,Pa  Burndi,Honduras
189,Pa  Franchito,Honduras
190,Pco De La De La,Honduras
191,Pl  Aimacaome,Honduras
192,Ruz De Otoro,Honduras
193,S   Egrito,Honduras
194,S   Eima,Honduras
195,S   Eimacaome,Honduras
196,S   Hotoeralian,Honduras
197,S   Hotopensan ,Honduras
198,S   Hotopenshnt,Honduras
199,S   Hotuer,Honduras
200,S   Imlcos,Honduras
201,S   Jirucigalpa,Honduras
202,S   Juregrito,Honduras
203,S   Lima,Honduras
204,S   Mhnuoloma,Honduras
205,S   Negrito,Honduras
206,S   Oima,Honduras
207,S   Oimaca,Honduras
208,S   Oimacaa,Honduras
209,S   Oma,Honduras
210,S   Omr,Honduras
211,S   Oorenzo,Honduras
212,S   Orenzo,Honduras
213,S   Pedro Sula,Honduras
214,S   Porrzl,Honduras
215,S   Rorida,Honduras
216,S   Rtrojaa Lim,Honduras
217,S   Rurida,Honduras
218,S   Ruz De San ,Honduras
219,S   Ueg,Honduras
220,S   Uei,Honduras
221,S   Uel,Honduras
222,S   Uyamel,Honduras
223,S   Yome,Honduras
224,S   Yorenzo,Honduras
225,S  Egrito,Honduras
226,S  Eia,Honduras
227,S  Eigalpa,Honduras
228,S  Eima,Honduras
229,S  Eimaca,Honduras
230,S  Eimacaome,Honduras
231,S  Eimacas,Honduras
232,S  Eja,Honduras
233,S  Ejique,Honduras
234,S  Erillo,Honduras
235,S  Sola,Honduras
236,S  Sula,Honduras
237,S  Sur,Honduras
238,S  Teba,Honduras
239,S  Teda,Honduras
240,S  Tedeqotarcii,Honduras
241,S  Terillo,Honduras
242,S  Toro,Honduras
243,S  Uee,Honduras
244,S  Uei,Honduras
245,S  Ueima,Honduras
246,S  Uel,Honduras
247,S  Uregzca,Honduras
248,S  Vieja,Honduras
249,S S   Oorenzo,Honduras
250,S S  Egrito,Honduras
251,S S  Eima,Honduras
252,S S  Negrito,Honduras
253,S S O Zeda Cruz,Honduras
254,S Senta Baracoa,Honduras
255,S Sula,Honduras
256,"S Vegas, San Lo",Honduras
257,"S Vegas, San Pe",Honduras
258,"S Vegas, San Ru",Honduras
259,"S Vegas, Santa ",Honduras
260,Sba,Honduras
261,Sbba,Honduras
262,Sc  Egrito,Honduras
263,Sc  Eima,Honduras
264,Scgta Barbarais,Honduras
265,Scgta Ceiba,Honduras
266,Sn  Egrito,Honduras
267,Ss   Uei,Honduras
268,T  Regzapa,Honduras
269,T Branca Sula,Honduras
270,T Branchito,Honduras
271,T Brancisco,Honduras
272,T Cruz De Otoro,Honduras
273,T Curada,Honduras
274,T Curadia,Honduras
275,T De San Franca,Honduras
276,T De San Pedro ,Honduras
277,T De Santa Cruz,Honduras
278,T De Yojoa,Honduras
279,T Lrreque,Honduras
280,T Terilla Paz,Honduras
281,T Trida,Honduras
282,T Vieja,Honduras
283,T Xe  Azan,Honduras
284,Tbada,Honduras
285,Tcoa,Honduras
286,Tocoa,Honduras
287,Trydre La De La,Honduras
288,"Ts Vegas, San L",Honduras
289,"Ts Vegas, San M",Honduras
290,"Ts Vegas, San P",Honduras
291,"Ts Vegas, Santa",Honduras
292,Tsco De San Fra,Honduras
293,Tscuteca,Honduras
294,Ttyade,Honduras
295,Tzvdal Oronza,Honduras
296,Uyamel,Honduras
297,X   Hotopenshba,Honduras
298,X   Uei,Honduras
299,Xs   Yome,Honduras
300,Z De La De Otor,Honduras
301,Z De La Paz,Honduras
302,Z De Otoro,Honduras
303,Z De San Franci,Honduras
304,Z De San Manuel,Honduras
305,Z De San Ruinas,Honduras
306,Z De Santa Bara,Honduras
307,Z De Santa Cruz,Honduras
308,Z De Yojoa,Honduras
309,Z Nuel,Honduras
310,Zco,Honduras
311,Zcoa,Honduras
312,Zcualpa,Honduras
313,Zto,Honduras
