,Name,Origin
0, Daras,Hungary
1, Gyarmat,Hungary
2, Ii. Keruelet,Hungary
3, Lor,Hungary
4, Lro,Hungary
5, Martonalmas,Hungary
6, Rely,Hungary
7, Rot,Hungary
8, Udapest Ii. Ke,Hungary
9, Ug.Isalmadaras,Hungary
10, Xiii. Keruelek,Hungary
11, Xiii. Keruelet,Hungary
12, Xujfalva,Hungary
13, Zod,Hungary
14,Abi,Hungary
15,Abottyan,Hungary
16,Acsalmas,Hungary
17,Acshaza,Hungary
18,Aezokovacshaza,Hungary
19,Afi,Hungary
20,Aj Ubasarokszar,Hungary
21,Ajfuhezgelud,Hungary
22,Ajyab,Hungary
23,Akcal,Hungary
24,Allas,Hungary
25,Allo,Hungary
26,Alotarjan,Hungary
27,Ap Sergesujfalv,Hungary
28,Apdsosvar,Hungary
29,Arcs,Hungary
30,Arda,Hungary
31,Arhely,Hungary
32,Aszalom,Hungary
33,Aszoboszlo,Hungary
34,Aszoboszoberett,Hungary
35,Athely,Hungary
36,Ati,Hungary
37,Atlan,Hungary
38,Atonalmadaradon,Hungary
39,Atonbogard,Hungary
40,Atonboglas,Hungary
41,Avanya,Hungary
42,Azt,Hungary
43,Bachaz,Hungary
44,Bacla,Hungary
45,Ballas,Hungary
46,Ballaszalka,Hungary
47,Ballasztasztasz,Hungary
48,Ballo,Hungary
49,Balyi,Hungary
50,Barhely,Hungary
51,Barhelykut,Hungary
52,Barla,Hungary
53,Barlo,Hungary
54,Batlan,Hungary
55,Bereny,Hungary
56,Berenye,Hungary
57,Beresegyhaza,Hungary
58,Berettyan,Hungary
59,Beszprem,Hungary
60,Bglas,Hungary
61,Bircs,Hungary
62,Blog,Hungary
63,Blto,Hungary
64,Bodaeadeny,Hungary
65,Bolc,Hungary
66,Bolca,Hungary
67,Bsprsmagyarmat,Hungary
68,Cfelet,Hungary
69,Cgeghar,Hungary
70,Cglas,Hungary
71,Chaza,Hungary
72,Cisauekescsalma,Hungary
73,Clok,Hungary
74,Clon,Hungary
75,Clos,Hungary
76,Cmab,Hungary
77,Cmalyi,Hungary
78,Colcs,Hungary
79,Csaba,Hungary
80,Csabathely,Hungary
81,Csabatlan,Hungary
82,Csalmadaras,Hungary
83,Cshaza,Hungary
84,Csibathely,Hungary
85,Csieglas,Hungary
86,Cszallas,Hungary
87,Cuegeherto,Hungary
88,Czabolca,Hungary
89,Czolnok,Hungary
90,Daras,Hungary
91,Darokszallo,Hungary
92,Dbarhely,Hungary
93,Dheztos,Hungary
94,Disazhely,Hungary
95,Diszalok,Hungary
96,Diszarvas,Hungary
97,Dkeacshaza,Hungary
98,Dlal,Hungary
99,Dllaszenti,Hungary
100,Dprem,Hungary
101,Drelykut,Hungary
102,Drvas,Hungary
103,Dsasvar,Hungary
104,Dsasvarosnameny,Hungary
105,Dsvar,Hungary
106,Dszentgrot,Hungary
107,Dthely,Hungary
108,Dvar,Hungary
109,Dvarosnameny,Hungary
110,Dxealet,Hungary
111,Dzrel,Hungary
112,E Lka,Hungary
113,Ebgyhaza,Hungary
114,Ecske,Hungary
115,Ecyke,Hungary
116,Eed,Hungary
117,Eedeszprem,Hungary
118,Efvarovar,Hungary
119,Egyhaza,Hungary
120,Ehervas,Hungary
121,Eihaza,Hungary
122,Ekoszlo,Hungary
123,Ekvar,Hungary
124,Ely,Hungary
125,Enger,Hungary
126,Eny,Hungary
127,Erd,Hungary
128,Ergesujfalva,Hungary
129,Ervasarhely,Hungary
130,Eszalu,Hungary
131,Falu,Hungary
132,Falva,Hungary
133,Felet,Hungary
134,Ferecske,Hungary
135,Feres,Hungary
136,Ferettyoujfalva,Hungary
137,Fhaj,Hungary
138,Fhajolnok,Hungary
139,Fhehtrob,Hungary
140,Fhely,Hungary
141,Fhelykut,Hungary
142,Flldomolk,Hungary
143,Foldvar,Hungary
144,Foldvarosnamesz,Hungary
145,Fsobanya,Hungary
146,Fszent,Hungary
147,Fszentmartonfur,Hungary
148,Fured,Hungary
149,Fvar,Hungary
150,Fvarda,Hungary
151,Fvrecsenger,Hungary
152,Fvru,Hungary
153,Ger,Hungary
154,Ghsalmadaradony,Hungary
155,Glar,Hungary
156,Glor,Hungary
157,Glos,Hungary
158,Gobanya,Hungary
159,Grad,Hungary
160,Grot,Hungary
161,Gvarokszalu,Hungary
162,Gxotc,Hungary
163,Gyarmat,Hungary
164,Gyarokszabolca,Hungary
165,Gyarokszalu,Hungary
166,Gyaros,Hungary
167,Gyarosnameny,Hungary
168,Gyek,Hungary
169,Gyhaz,Hungary
170,Gyhaza,Hungary
171,Gyi,Hungary
172,Gykallas,Hungary
173,Gykallo,Hungary
174,Gyra,Hungary
175,Halok,Hungary
176,Halom,Hungary
177,Halotarjan,Hungary
178,Harokszalka,Hungary
179,Harokszalom,Hungary
180,Haros,Hungary
181,Harosnameny,Hungary
182,Haza,Hungary
183,Heztos,Hungary
184,Hhaz,Hungary
185,Hiratonfured,Hungary
186,Hisaphata,Hungary
187,Hlos,Hungary
188,Hvar,Hungary
189,Iavanya,Hungary
190,Ibezentmarton,Hungary
191,Icseny,Hungary
192,Idsosvar,Hungary
193,Iferettyan,Hungary
194,Igyhaz,Hungary
195,Igyhaza,Hungary
196,Iii. Keruelegyh,Hungary
197,Iii. Keruelek,Hungary
198,Iii. Keruelet,Hungary
199,Iiszalu,Hungary
200,Iiz.Elek,Hungary
201,Ildkolc,Hungary
202,Ile,Hungary
203,Ilo.,Hungary
204,Indszentgrot,Hungary
205,Indszentmarto,Hungary
206,Inyzeferettyouj,Hungary
207,Irvasarhely,Hungary
208,Iskolc,Hungary
209,Iskolcs,Hungary
210,Iskunfelek,Hungary
211,Iskunfelet,Hungary
212,Iskunlachaza,Hungary
213,Iszalok,Hungary
214,Iszaros,Hungary
215,Iszarvar,Hungary
216,Iug.Iseogyarmat,Hungary
217,Iv. Keruelet,Hungary
218,Ivaros,Hungary
219,Izarvas,Hungary
220,Izentmargo,Hungary
221,Izokovas,Hungary
222,J Haza,Hungary
223,J Szabolcs,Hungary
224,J Zsalmadarad,Hungary
225,J Zsalmas,Hungary
226,Jat,Hungary
227,Jbeny,Hungary
228,Jfalva,Hungary
229,Jfehertonfured,Hungary
230,Jfhaj,Hungary
231,Jfhhlzo,Hungary
232,Jfuhez,Hungary
233,Jfuheztosbolca,Hungary
234,Jhbztlan,Hungary
235,Jisfalva,Hungary
236,Jiszalka,Hungary
237,Jmbztlan,Hungary
238,Jnger,Hungary
239,Jnta,Hungary
240,Jombathely,Hungary
241,Jsnameny,Hungary
242,Jszshaza,Hungary
243,Jszzpalom,Hungary
244,Junyfeherton,Hungary
245,Jvar,Hungary
246,Kaposvar,Hungary
247,Kescsalmasi,Hungary
248,Kesfeherto,Hungary
249,Kesujfalu,Hungary
250,Kircs,Hungary
251,Klos,Hungary
252,Kobcszaluc,Hungary
253,Kobzszarvas,Hungary
254,Kolc,Hungary
255,Kolca,Hungary
256,Kolcs,Hungary
257,Komlos,Hungary
258,Ks Aros,Hungary
259,Ksongradonytere,Hungary
260,Ksony,Hungary
261,Kssprsongrad,Hungary
262,Ksungard,Hungary
263,Kum,Hungary
264,Kumlaszallo,Hungary
265,Kumlgsalmadi,Hungary
266,Kumlgsarhely,Hungary
267,Kumlgsotgyok,Hungary
268,Kumlgsotmarto,Hungary
269,Kunfelek,Hungary
270,Kunlachaza,Hungary
271,Kunmadaras,Hungary
272,Ldzoeny,Hungary
273,Let,Hungary
274,Lgytarjan,Hungary
275,Lik,Hungary
276,Lko,Hungary
277,Llo,Hungary
278,Lmadanas,Hungary
279,Lmas,Hungary
280,Lnakeofelet,Hungary
281,Lno,Hungary
282,Lok,Hungary
283,Los,Hungary
284,Lotarjan,Hungary
285,Lszallo,Hungary
286,Lszalu,Hungary
287,Lyi,Hungary
288,Lykut,Hungary
289,Lzo,Hungary
290,Malyi,Hungary
291,Mat,Hungary
292,Mbathely,Hungary
293,Medoeferes,Hungary
294,Meg,Hungary
295,Meny,Hungary
296,Mezovas,Hungary
297,Mindszentgrot,Hungary
298,Miskolca,Hungary
299,Miskolcs,Hungary
300,Miskunlachaza,Hungary
301,Mksonmagyarovar,Hungary
302,Mldomolk,Hungary
303,Mmat,Hungary
304,Mszentgrot,Hungary
305,Mszod,Hungary
306,Mti,Hungary
307,Mttoxbogard,Hungary
308,Muklos,Hungary
309,Mvad,Hungary
310,Myzefalu,Hungary
311,Nalmasi,Hungary
312,Narmat,Hungary
313,Natmartonbogard,Hungary
314,Ndaradony,Hungary
315,Ndaradsasvarosn,Hungary
316,Ndaras,Hungary
317,Ndereny,Hungary
318,Ngegharokszallo,Hungary
319,Nger,Hungary
320,Ngrad,Hungary
321,Ngradsasvar,Hungary
322,Ngyi,Hungary
323,Ngyra,Hungary
324,Niglor,Hungary
325,Niszalka,Hungary
326,Niszalotarjan,Hungary
327,Nlachaz,Hungary
328,Nmadaras,Hungary
329,Nngrad,Hungary
330,Nszenti,Hungary
331,Nyi,Hungary
332,Nyterecsenger,Hungary
333,Nzegthalok,Hungary
334,Nzi,Hungary
335,Obanya,Hungary
336,Obashaza,Hungary
337,Obatlan,Hungary
338,Odsesujfaluc,Hungary
339,Ofalva,Hungary
340,Oiszalok,Hungary
341,Okborto,Hungary
342,Olc,Hungary
343,Olca,Hungary
344,Oldvar,Hungary
345,Olkolc,Hungary
346,Ollaszalok,Hungary
347,Olnok,Hungary
348,Omolk,Hungary
349,Ony,Hungary
350,Ooszod,Hungary
351,Orboglar,Hungary
352,Oscnalmadi,Hungary
353,Osczafoldvar,Hungary
354,Oskolca,Hungary
355,Osvaros,Hungary
356,Oszlo,Hungary
357,Oty,Hungary
358,Oznarmat,Hungary
359,Pdvmasi,Hungary
360,Pebtyan,Hungary
361,Pelttoxfalu,Hungary
362,Peny,Hungary
363,Perto,Hungary
364,Pertonfured,Hungary
365,Pest,Hungary
366,Pest Iv. Keruel,Hungary
367,Pest Xv. Keruel,Hungary
368,Potvar,Hungary
369,Prem,Hungary
370,Psvar,Hungary
371,Pszobereny,Hungary
372,Raton,Hungary
373,Rekescsaba,Hungary
374,Reny,Hungary
375,Renye,Hungary
376,Rettyan,Hungary
377,Rgesujfalu,Hungary
378,Rgesujfalva,Hungary
379,Rgo,Hungary
380,Rgyaros,Hungary
381,Rgyarosnameny,Hungary
382,Rhely,Hungary
383,Rhelykut,Hungary
384,Rjan,Hungary
385,Rkkolca,Hungary
386,Rkkonfured,Hungary
387,Rkkonluc,Hungary
388,Rlo,Hungary
389,Rmat,Hungary
390,Rmeny,Hungary
391,Rnakeccsfeherva,Hungary
392,Rnykelck,Hungary
393,Rnykescsabatlan,Hungary
394,Rnyketc,Hungary
395,Rnyketcan,Hungary
396,Rokszalka,Hungary
397,Rot,Hungary
398,Rovas,Hungary
399,Rsegyhaza,Hungary
400,Rskallaszenti,Hungary
401,Rsony,Hungary
402,Rto,Hungary
403,Ruglos,Hungary
404,Rvar,Hungary
405,Rvarda,Hungary
406,Rvas,Hungary
407,Rvasarhelykut,Hungary
408,S I. Keruelek,Hungary
409,S Xxiii. Keruel,Hungary
410,Sazhely,Hungary
411,Sburgo,Hungary
412,Scsalmasi,Hungary
413,Senger,Hungary
414,Sfehergyarmat,Hungary
415,Shaz,Hungary
416,Shaza,Hungary
417,Sisuagokavanya,Hungary
418,Skunlachaza,Hungary
419,Smagykallas,Hungary
420,Soldvarosnameny,Hungary
421,Somdalasztelet,Hungary
422,Somdaza,Hungary
423,Sonmagyarmat,Hungary
424,Sotmarton,Hungary
425,Svar,Hungary
426,Svard,Hungary
427,Svfvar,Hungary
428,Svirdo,Hungary
429,Szabolc,Hungary
430,Szalka,Hungary
431,Szallas,Hungary
432,Szalom,Hungary
433,Szalu,Hungary
434,Szarokszarvas,Hungary
435,Szenti,Hungary
436,Szentmiklos,Hungary
437,Szibatlan,Hungary
438,Szidajau,Hungary
439,Szifalva,Hungary
440,Szobereny,Hungary
441,Szoberes,Hungary
442,Szoboszlo,Hungary
443,Szoboszod,Hungary
444,Szod,Hungary
445,Szormeny,Hungary
446,Szormenye,Hungary
447,Szprem,Hungary
448,Sztelet,Hungary
449,Szthelykut,Hungary
450,Szupalok,Hungary
451,Szupalota,Hungary
452,Szupalotarjan,Hungary
453,T Iv. Keruelem,Hungary
454,T Xiii. Keruele,Hungary
455,T Xv. Keruelek,Hungary
456,Talja,Hungary
457,Tarjan,Hungary
458,Thalota,Hungary
459,Thely,Hungary
460,Thelykut,Hungary
461,Tiszalka,Hungary
462,Tmek,Hungary
463,Tol,Hungary
464,Tolbatlan,Hungary
465,Tom,Hungary
466,Tpalyi,Hungary
467,Tsoicsalmasi,Hungary
468,Ttyan,Hungary
469,Tvanas,Hungary
470,Tvarpalotarjan,Hungary
471,Tveeztosballo,Hungary
472,Tvra,Hungary
473,Tyan,Hungary
474,Tyfujeharas,Hungary
475,Tyi,Hungary
476,Tyifalva,Hungary
477,Tyinas,Hungary
478,Tykefueeeyegged,Hungary
479,Tykeluk,Hungary
480,Tyoujfalu,Hungary
481,Tyoujfalva,Hungary
482,Tyyujfalu,Hungary
483,Ualok,Hungary
484,Udapest Xiii. ,Hungary
485,Udfprem,Hungary
486,Udmaz,Hungary
487,Udvprem,Hungary
488,Uelet,Hungary
489,Ufaluc,Hungary
490,Ugyi,Hungary
491,Ullo,Hungary
492,Umagyarokszalla,Hungary
493,Umeg,Hungary
494,Undaras,Hungary
495,Uny,Hungary
496,Unya,Hungary
497,Unye,Hungary
498,Unyfeherton,Hungary
499,Unyu,Hungary
500,Uszentmartonalm,Hungary
501,Uujap,Hungary
502,Var,Hungary
503,Varda,Hungary
504,Varpalyi,Hungary
505,Vbarlo,Hungary
506,Vcsaba,Hungary
507,Vcsalmadaras,Hungary
508,Vcsalmadi,Hungary
509,Vcsalmas,Hungary
510,Vfaru,Hungary
511,Vferes,Hungary
512,Vfueeegyhaza,Hungary
513,Vgrad,Hungary
514,Viszaros,Hungary
515,Vksanlachaza,Hungary
516,Vksazhely,Hungary
517,Vlca,Hungary
518,Vmadi,Hungary
519,Vmeaze,Hungary
520,Vmedxezent,Hungary
521,Vocsibatlan,Hungary
522,Vosalmadi,Hungary
523,Vprem,Hungary
524,Vrcag,Hungary
525,Vrjeny,Hungary
526,Vrra,Hungary
527,Vrreny,Hungary
528,Vrres,Hungary
529,Vrsegyhaza,Hungary
530,Vrsesvard,Hungary
531,Vscabolc,Hungary
532,Vscsabatlan,Hungary
533,Vscsalmadarad,Hungary
534,Vscsalmadaras,Hungary
535,Vscsalmadi,Hungary
536,Vsreny,Hungary
537,Vszallas,Hungary
538,Vuc,Hungary
539,Vvsasvar,Hungary
540,Vxreny,Hungary
541,Vzsalmas,Hungary
542,Xevvva,Hungary
543,Xfelet,Hungary
544,Xgyhaza,Hungary
545,Xiii. Keruelet,Hungary
546,Xlos,Hungary
547,Xlotarjan,Hungary
548,Xmeg,Hungary
549,Xseny,Hungary
550,Xukford,Hungary
551,Xv. Keruelegyha,Hungary
552,Xv. Keruelet,Hungary
553,Xzaros,Hungary
554,Xzentmiklos,Hungary
555,Xzobereny,Hungary
556,Xzoberettyan,Hungary
557,Y U.Eteyef,Hungary
558,Y Ujeagyaros,Hungary
559,Y Ujeakecsenger,Hungary
560,Yal,Hungary
561,Yfehertonbogard,Hungary
562,Yhaza,Hungary
563,Yiuj.Anes,Hungary
564,Yketcat,Hungary
565,Ykut,Hungary
566,Ynaros,Hungary
567,Yol,Hungary
568,Yot,Hungary
569,Ypeztaszalok,Hungary
570,Ypeztos,Hungary
571,Yreny,Hungary
572,Ysalmas,Hungary
573,Yti,Hungary
574,Ytirzo,Hungary
575,Yxheztosfalu,Hungary
576,Yzalka,Hungary
577,Yzalom,Hungary
578,Yzeres,Hungary
579,Zalas,Hungary
580,Zarokszabolca,Hungary
581,Zarokszallo,Hungary
582,Zaros,Hungary
583,Zarosnameny,Hungary
584,Zarvarokszalom,Hungary
585,Zarvas,Hungary
586,Zarvasarhely,Hungary
587,Zarvasaros,Hungary
588,Zatonbogarda,Hungary
589,Zbolca,Hungary
590,Zdasarokszarosn,Hungary
591,Zekescsalmas,Hungary
592,Zgethalota,Hungary
593,Zhely,Hungary
594,Ziokvaros,Hungary
595,Zisahasarokszal,Hungary
596,Zisalmasi,Hungary
597,Zisata,Hungary
598,Zlatonalmadaras,Hungary
599,Zlatonalmas,Hungary
600,Zlo,Hungary
601,Zmalyi,Hungary
602,Zmarton,Hungary
603,Zmeny,Hungary
604,Zoberecske,Hungary
605,Zobereny,Hungary
606,Zoberes,Hungary
607,Zoberesegyhaz,Hungary
608,Zoberesegyhaza,Hungary
609,Zoberettyoujfal,Hungary
610,Zobony,Hungary
611,Zoboszlo,Hungary
612,Zoboszobereny,Hungary
613,Zoboszoboszorme,Hungary
614,Zoboszod,Hungary
615,Zolas,Hungary
616,Zolna,Hungary
617,Zpeet Yva,Hungary
618,Zpeettyan,Hungary
619,Zpeety,Hungary
620,Zpeetyanas,Hungary
621,Zrbottyoujfalu,Hungary
622,Zrelek,Hungary
623,Zsalmas,Hungary
624,Zsefvar,Hungary
625,Zsolc,Hungary
626,Zsolca,Hungary
627,Zsolcs,Hungary
628,Zszallo,Hungary
629,Zszupalyi,Hungary
630,Ztaajar,Hungary
631,Ztelegyhaza,Hungary
632,Ztolfalva,Hungary
633,Ztosfalva,Hungary
634,Zuelet,Hungary
635,Zupalyi,Hungary
636,Zvar,Hungary
637,Zvarokszabolc,Hungary
638,Zvkobzrd,Hungary
