,Name,Origin
0, Bajo,Indonesia
1, City,Indonesia
2, Coto,Indonesia
3, Kalatibar,Indonesia
4, Lampanjahe,Indonesia
5, Lampea,Indonesia
6, Limahi,Indonesia
7, Limbho,Indonesia
8, Lombanan,Indonesia
9, Lombang,Indonesia
10, Lombaranganom,Indonesia
11, Lombok,Indonesia
12, Mal,Indonesia
13, Man,Indonesia
14, Talo,Indonesia
15, Unjunjaram,Indonesia
16,(Atar,Indonesia
17,(Atiga,Indonesia
18,(Caringaan,Indonesia
19,(Cirangsidempua,Indonesia
20,(Dimih,Indonesia
21,(Kumbangsembung,Indonesia
22,(Membarabanan,Indonesia
23,(Mim,Indonesia
24,(Mmmawe,Indonesia
25,(Nem,Indonesia
26,(Sam,Indonesia
27,(Tem,Indonesia
28,(Tembuh,Indonesia
29,"), Lampear",Indonesia
30,)Ar,Indonesia
31,)Dang,Indonesia
32,)Dar Laikit Ii ,Indonesia
33,)Dar Lamponegor,Indonesia
34,)Regpa,Indonesia
35,)Vaiatiroto,Indonesia
36,", Laikit Ii (Di",Indonesia
37,", Lampong",Indonesia
38,",Anan",Indonesia
39,",Ataranglegi Ku",Indonesia
40,",Dang",Indonesia
41,",Dangapu",Indonesia
42,",Dangen",Indonesia
43,",Dano",Indonesia
44,",Edangsembangle",Indonesia
45,",Idi",Indonesia
46,",Inda",Indonesia
47,",Indang",Indonesia
48,",Jang",Indonesia
49,",Kan",Indonesia
50,",Ngsemberpong",Indonesia
51,",Njaran",Indonesia
52,",Njarmasin",Indonesia
53,",Panjenep",Indonesia
54,",Sajnlai",Indonesia
55,",Sandangsembana",Indonesia
56,",Tang",Indonesia
57,",Tangenan",Indonesia
58,",Tangsembuh",Indonesia
59,Aalatibarajapol,Indonesia
60,Adung,Indonesia
61,Agen,Indonesia
62,Alang,Indonesia
63,Alengkil,Indonesia
64,Ali,Indonesia
65,Alingga,Indonesia
66,Alingin,Indonesia
67,Ambarabang,Indonesia
68,Anan,Indonesia
69,Ang,Indonesia
70,Anjahe,Indonesia
71,Anjaran,Indonesia
72,Anjen,Indonesia
73,"Ar,",Indonesia
74,Arakan,Indonesia
75,Arepare,Indonesia
76,Ari,Indonesia
77,Arsal,Indonesia
78,Artapura,Indonesia
79,Atak,Indonesia
80,Atam,Indonesia
81,Atambar,Indonesia
82,Atampong,Indonesia
83,Atampunggi,Indonesia
84,Atangen,Indonesia
85,Atar,Indonesia
86,Aung,Indonesia
87,Aungkungka,Indonesia
88,Awang,Indonesia
89,Awn,Indonesia
90,Ayakang,Indonesia
91,Ayakangsembung,Indonesia
92,B)O,Indonesia
93,Baki,Indonesia
94,Bambung,Indonesia
95,Bandang,Indonesia
96,Bandangen,Indonesia
97,Bandano,Indonesia
98,Bandar Lampu,Indonesia
99,Bandarepao,Indonesia
100,Bang,Indonesia
101,Banjar,Indonesia
102,Banjaram,Indonesia
103,Banji,Indonesia
104,Batak,Indonesia
105,Batura City,Indonesia
106,Bbanjar,Indonesia
107,Bbanjen,Indonesia
108,Bcangan,Indonesia
109,Bda,Indonesia
110,Bende,Indonesia
111,Berastagi,Indonesia
112,Bgtangen,Indonesia
113,Bgtangsembe),Indonesia
114,Bgyakumbawangu,Indonesia
115,Binjai,Indonesia
116,Binjaraksaan,Indonesia
117,Bjo,Indonesia
118,Bjttgi,Indonesia
119,Bklingkung,Indonesia
120,Bkngil,Indonesia
121,"Bl,Akarta",Indonesia
122,Blitaran,Indonesia
123,Blitarang,Indonesia
124,Blitarangu,Indonesia
125,Bojonegoro,Indonesia
126,Bojonegoronosob,Indonesia
127,Bok,Indonesia
128,Bontai,Indonesia
129,Bontalopo,Indonesia
130,Boo,Indonesia
131,Boyolah,Indonesia
132,Bran,Indonesia
133,Brang,Indonesia
134,Branglegi Kulo,Indonesia
135,Brantepao,Indonesia
136,Bringgau,Indonesia
137,Brit,Indonesia
138,Brono,Indonesia
139,Brta,Indonesia
140,Bstagi,Indonesia
141,Bstkglapurajapo,Indonesia
142,Bu),Indonesia
143,Bung,Indonesia
144,Bunggal,Indonesia
145,Bungwaru,Indonesia
146,Bvnjarmasin,Indonesia
147,Bwa,Indonesia
148,Bwang,Indonesia
149,Bwaru,Indonesia
150,Byamal,Indonesia
151,Byatak,Indonesia
152,Bykaht,Indonesia
153,Bykangen,Indonesia
154,Carawa,Indonesia
155,Cari,Indonesia
156,Ccaran,Indonesia
157,Ccarangaan,Indonesia
158,Chru,Indonesia
159,Chtura City,Indonesia
160,Cicurug,Indonesia
161,Cikupanjen,Indonesia
162,Cinggi,Indonesia
163,Cingtingarawang,Indonesia
164,Ciradesarkemis,Indonesia
165,Clingagungga,Indonesia
166,Cmaringin,Indonesia
167,Cong,Indonesia
168,Congdang,Indonesia
169,Congdangu,Indonesia
170,Ctampea,Indonesia
171,Ctangagung,Indonesia
172,Ctiga,Indonesia
173,Cung,Indonesia
174,Cungai Penuh,Indonesia
175,Cungan,Indonesia
176,Cunggal,Indonesia
177,Cunggi,Indonesia
178,Cungwuni,Indonesia
179,D City,Indonesia
180,Da Besa,Indonesia
181,Da Besar,Indonesia
182,Dac,Indonesia
183,Dbok,Indonesia
184,Dcrug,Indonesia
185,Ddmenep,Indonesia
186,De),Indonesia
187,Demak,Indonesia
188,Dgdingan,Indonesia
189,Diletiroto,Indonesia
190,Dko,Indonesia
191,Dlo,Indonesia
192,Dlogil,Indonesia
193,Dltemis,Indonesia
194,Dmlpponegoro,Indonesia
195,Dmponegoro,Indonesia
196,Dmuntai,Indonesia
197,Dompuan Bajo,Indonesia
198,Dresik,Indonesia
199,Dri,Indonesia
200,Dro,Indonesia
201,Dru,Indonesia
202,Dryanan,Indonesia
203,Dviparepao,Indonesia
204,Dvmpang,Indonesia
205,E Uan,Indonesia
206,Eandaringan,Indonesia
207,Ebang,Indonesia
208,Ebog,Indonesia
209,Ebonaru,Indonesia
210,Ebonarun,Indonesia
211,Eciny,Indonesia
212,Econg,Indonesia
213,Edelpone,Indonesia
214,Edud,Indonesia
215,Egpa,Indonesia
216,Eli Tua,Indonesia
217,Emberpucung,Indonesia
218,Ende,Indonesia
219,Engkil,Indonesia
220,Epangai Penuh,Indonesia
221,Epangsembawa Be,Indonesia
222,Epu,Indonesia
223,Epung,Indonesia
224,Epurajalengkang,Indonesia
225,Eras,Indonesia
226,Erastagi,Indonesia
227,Eriri,Indonesia
228,Eririt,Indonesia
229,Erpone,Indonesia
230,Eten,Indonesia
231,Etpo,Indonesia
232,Etro,Indonesia
233,Eulaboh,Indonesia
234,Ewali,Indonesia
235,Gabai,Indonesia
236,Gabanan,Indonesia
237,Gbanjar,Indonesia
238,Gbengkung,Indonesia
239,Gdunganom,Indonesia
240,Ggi,Indonesia
241,Gkung,Indonesia
242,Glbai,Indonesia
243,Glipurajapolah,Indonesia
244,Gmbang,Indonesia
245,Gmbung,Indonesia
246,Gom,Indonesia
247,Gwaru,Indonesia
248,Gwediri,Indonesia
249,Gwene,Indonesia
250,Gwuni,Indonesia
251,Gyakumbanglegi ,Indonesia
252,Hon,Indonesia
253,Hos,Indonesia
254,Hots,Indonesia
255,I Kungaan,Indonesia
256,I Penuh,Indonesia
257,"I, Laikit, Lamp",Indonesia
258,"I,Egarangaan",Indonesia
259,Ian,Indonesia
260,Idit,Indonesia
261,Ienpasar,Indonesia
262,Igi,Indonesia
263,Ii((Dmmpanjar,Indonesia
264,Ii((Mmmbawangil,Indonesia
265,Iii((Dmmpung,Indonesia
266,Ijung,Indonesia
267,Imbanji,Indonesia
268,Ingan,Indonesia
269,Inggal,Indonesia
270,Inggau,Indonesia
271,Ingil,Indonesia
272,Ingin,Indonesia
273,Ingkan,Indonesia
274,Irontai,Indonesia
275,It Ii (Dimembar,Indonesia
276,Itar,Indonesia
277,Iteureup,Indonesia
278,Jarmasin,Indonesia
279,Jbaki,Indonesia
280,Jbembar,Indonesia
281,Jcity,Indonesia
282,Jcumu,Indonesia
283,Jen,Indonesia
284,Jeresik,Indonesia
285,Jjapolah,Indonesia
286,Jkkat Mbar,Indonesia
287,Jkti,Indonesia
288,Jktingan,Indonesia
289,Jolewalingkan,Indonesia
290,Jslalingkan,Indonesia
291,Judo,Indonesia
292,Jujanan,Indonesia
293,Jumawe,Indonesia
294,Jumbung,Indonesia
295,Jung,Indonesia
296,Junggal,Indonesia
297,Jungkan,Indonesia
298,Jungwaru,Indonesia
299,Junjung,Indonesia
300,Junjunjunjungwu,Indonesia
301,Jvdang,Indonesia
302,Jvi,Indonesia
303,"Jyeg,Anan",Indonesia
304,Kanglegi Kulo,Indonesia
305,Kbmbingga,Indonesia
306,"Kd,U",Indonesia
307,Kgit,Indonesia
308,Kht Rajalengkun,Indonesia
309,Khtrrastagi,Indonesia
310,Khturajaleng,Indonesia
311,"Ki, Lampang",Indonesia
312,Kjung,Indonesia
313,"Kl, Aambuan",Indonesia
314,"Kl, Kam",Indonesia
315,"Kl, Uan Bajo",Indonesia
316,Klingtingkil,Indonesia
317,Klngano,Indonesia
318,Klngkil,Indonesia
319,Klrta,Indonesia
320,Klung,Indonesia
321,Klwaiun,Indonesia
322,Kngwuningkil,Indonesia
323,Ktagi,Indonesia
324,Ktmbung,Indonesia
325,Kumber,Indonesia
326,Kungga,Indonesia
327,Kungwuni,Indonesia
328,Kupanglipura,Indonesia
329,Kurta,Indonesia
330,Kyuggal,Indonesia
331,Labuan,Indonesia
332,Labuan Bajo,Indonesia
333,Labumi,Indonesia
334,"Laikit, Lampea",Indonesia
335,Lawang,Indonesia
336,Lbai,Indonesia
337,Lbik,Indonesia
338,Lbmal,Indonesia
339,Lboado,Indonesia
340,Lciny,Indonesia
341,Legi Kulon,Indonesia
342,Legienpasarkemi,Indonesia
343,Lembanjai,Indonesia
344,Lembung,Indonesia
345,Lengkan,Indonesia
346,Lengkangsembung,Indonesia
347,Lengkil,Indonesia
348,Lgikntgi,Indonesia
349,Libar,Indonesia
350,Libarawangenan,Indonesia
351,Libungan,Indonesia
352,Lingagung,Indonesia
353,Lingai Penuh,Indonesia
354,Lingaraja,Indonesia
355,Linggau,Indonesia
356,Lingka,Indonesia
357,Lingkil,Indonesia
358,Lingkungwuni,Indonesia
359,Lingtinggau,Indonesia
360,Litar,Indonesia
361,Lkaht,Indonesia
362,Lkii Tengka,Indonesia
363,Lkiktimgi,Indonesia
364,Lkiktpu,Indonesia
365,Lkin,Indonesia
366,Lkuhtura,Indonesia
367,Lmbangu,Indonesia
368,Lmbingka,Indonesia
369,Lmbuh,Indonesia
370,Lmpung,Indonesia
371,Loa Janado,Indonesia
372,Loa Janan,Indonesia
373,Log,Indonesia
374,Lopo,Indonesia
375,Lorono,Indonesia
376,Lovina,Indonesia
377,Lpu,Indonesia
378,Lsvmbarang,Indonesia
379,Ltabuan,Indonesia
380,Ltbar,Indonesia
381,Ltikapura,Indonesia
382,Ltpu,Indonesia
383,Ltwuningga,Indonesia
384,Lung,Indonesia
385,Lviaa,Indonesia
386,Lvikadur,Indonesia
387,Lvikapura City,Indonesia
388,Lvikapuro,Indonesia
389,Lwakumbar,Indonesia
390,Lwakumbaraksaan,Indonesia
391,Lwakumber,Indonesia
392,Lwakumbuh,Indonesia
393,Lwakumbung,Indonesia
394,Lwamuju,Indonesia
395,Lwaru,Indonesia
396,Lwarun,Indonesia
397,Lwawuningka,Indonesia
398,M Punwaru,Indonesia
399,"M,Iaipura",Indonesia
400,"M,Injar",Indonesia
401,Mak,Indonesia
402,Manjung,Indonesia
403,Mbang,Indonesia
404,Mbanjar,Indonesia
405,Mber,Indonesia
406,Mbhrastagi,Indonesia
407,Mbingan,Indonesia
408,Mbmanjungga,Indonesia
409,Mbvaiaro,Indonesia
410,Mdar,Indonesia
411,Mdom,Indonesia
412,Mdung,Indonesia
413,Mdwang,Indonesia
414,Mho,Indonesia
415,Mib,Indonesia
416,Mjung,Indonesia
417,Mlipura City,Indonesia
418,Mnedok,Indonesia
419,Mntangenan,Indonesia
420,Mpuan,Indonesia
421,Mpuan Bajo,Indonesia
422,Mrawa,Indonesia
423,Mri,Indonesia
424,Muhturajalengki,Indonesia
425,Mviia,Indonesia
426,Mwakumbawang,Indonesia
427,Mwakumbuan,Indonesia
428,Mwali,Indonesia
429,Mwaru,Indonesia
430,Mwarun,Indonesia
431,Mweriri,Indonesia
432,Mwinggi,Indonesia
433,Mwingtingkang,Indonesia
434,Mwklingarang,Indonesia
435,Myakarta,Indonesia
436,Narang,Indonesia
437,Ncarang,Indonesia
438,Ncingarang,Indonesia
439,Nda,Indonesia
440,Ndang,Indonesia
441,Ndanom,Indonesia
442,Ndar Laikit Ii ,Indonesia
443,Ndarepao,Indonesia
444,Negor,Indonesia
445,Nep,Indonesia
446,Ngen,Indonesia
447,Ngenan,Indonesia
448,Ngga,Indonesia
449,Nggal,Indonesia
450,Ngin,Indonesia
451,Ngkan,Indonesia
452,Ngkung,Indonesia
453,Nglegian,Indonesia
454,Ngngin,Indonesia
455,Ngoro,Indonesia
456,Ngtinggal,Indonesia
457,Njahe,Indonesia
458,Njai,Indonesia
459,Njar,Indonesia
460,Njarmasin,Indonesia
461,Nkam,Indonesia
462,Nmawe,Indonesia
463,Nmbangaan,Indonesia
464,Nmbanji,Indonesia
465,Nojonegoro,Indonesia
466,Nraian,Indonesia
467,Ntangu,Indonesia
468,Ntar,Indonesia
469,Ntgi,Indonesia
470,Nugid,Indonesia
471,Nvawa,Indonesia
472,Nwangsembungkan,Indonesia
473,Nwene,Indonesia
474,Obo,Indonesia
475,Oglapulanglipur,Indonesia
476,Ojan,Indonesia
477,Ojonegoro,Indonesia
478,Olewali,Indonesia
479,Olewalingano,Indonesia
480,Olewalingkan,Indonesia
481,Olok,Indonesia
482,Olth,Indonesia
483,Oltwaru,Indonesia
484,Omal,Indonesia
485,Ombang,Indonesia
486,Ombangu,Indonesia
487,Ombarabanjai,Indonesia
488,Ombok,Indonesia
489,Omlapura City,Indonesia
490,Omtang,Indonesia
491,Osobo,Indonesia
492,Oyalatiga,Indonesia
493,Pangu,Indonesia
494,Pdrun,Indonesia
495,Plungan,Indonesia
496,Pung,Indonesia
497,Pura,Indonesia
498,Purajalengkan,Indonesia
499,Pvgai Penuh,Indonesia
500,Pvlang,Indonesia
501,Pyanan,Indonesia
502,Pylengkungwaru,Indonesia
503,R Lampea,Indonesia
504,R Lamponegoro,Indonesia
505,R Lampungkil,Indonesia
506,R Tampea,Indonesia
507,"R,Ta",Indonesia
508,"R,Tang",Indonesia
509,Ra City,Indonesia
510,Rabai,Indonesia
511,Rangen,Indonesia
512,Ratembe),Indonesia
513,Raten,Indonesia
514,Rateng,Indonesia
515,Rblampone,Indonesia
516,Rbli,Indonesia
517,Rcamaringaan,Indonesia
518,Rdali,Indonesia
519,Rgu,Indonesia
520,Rindare,Indonesia
521,Rjan,Indonesia
522,Rla,Indonesia
523,Rlmawe,Indonesia
524,Rlwakumbanan,Indonesia
525,Rnjai,Indonesia
526,Rnjarmasin,Indonesia
527,Rontang,Indonesia
528,Ros,Indonesia
529,Rpucung,Indonesia
530,Rta,Indonesia
531,Rtapurajapolah,Indonesia
532,Rteb,Indonesia
533,Rtembanado,Indonesia
534,Rtja,Indonesia
535,Rto,Indonesia
536,Rtto,Indonesia
537,Rtvanan,Indonesia
538,Run,Indonesia
539,Rvanan,Indonesia
540,Ryalatiroto,Indonesia
541,Ryanado,Indonesia
542,Sabka,Indonesia
543,Sar,Indonesia
544,Sarkemis,Indonesia
545,Sbempuan Bajo,Indonesia
546,Sebbg,Indonesia
547,Sembe),Indonesia
548,Sembungkan,Indonesia
549,Seng,Indonesia
550,Sgwarun,Indonesia
551,Sijung,Indonesia
552,Sin,Indonesia
553,Smbka,Indonesia
554,Smlapulaboh,Indonesia
555,Smuntai,Indonesia
556,Sombang,Indonesia
557,Stagi,Indonesia
558,Stai,Indonesia
559,Svina,Indonesia
560,T)O,Indonesia
561,"T,I",Indonesia
562,"T,Un",Indonesia
563,Talopo,Indonesia
564,Tam,Indonesia
565,Tambuh,Indonesia
566,Tamponegorono,Indonesia
567,Tampuan Bajo,Indonesia
568,Tbangon,Indonesia
569,Tcmpanjung,Indonesia
570,Tcurug,Indonesia
571,Tegaram,Indonesia
572,Tepao,Indonesia
573,Terastagi,Indonesia
574,Tibarang,Indonesia
575,Tiga,Indonesia
576,Tiii((Dmmpang,Indonesia
577,Tlmbang,Indonesia
578,Tlo,Indonesia
579,Tngkung,Indonesia
580,Tog,Indonesia
581,Tol,Indonesia
582,Tooh,Indonesia
583,Tro,Indonesia
584,Tugi,Indonesia
585,Tvapalengkungan,Indonesia
586,Tvi,Indonesia
587,Tvmbangapura,Indonesia
588,Twa,Indonesia
589,Tya,Indonesia
590,Tyaaan,Indonesia
591,Tyaraja,Indonesia
592,Tyo,Indonesia
593,"U,Dang",Indonesia
594,Udud,Indonesia
595,Uduk,Indonesia
596,Ukhitarakang,Indonesia
597,Ukhun,Indonesia
598,Uknbaran,Indonesia
599,Ulon,Indonesia
600,Umbanglegi Kulo,Indonesia
601,Umbanjahe,Indonesia
602,Umbaran,Indonesia
603,Umber,Indonesia
604,Umbuh,Indonesia
605,Umi,Indonesia
606,Umuduk,Indonesia
607,Ung,Indonesia
608,Ungaram,Indonesia
609,Unggi,Indonesia
610,Ungwuni,Indonesia
611,Unjung,Indonesia
612,Untalo,Indonesia
613,Unwarun,Indonesia
614,Upa,Indonesia
615,Upg,Indonesia
616,Upu,Indonesia
617,Uro,Indonesia
618,Urtapulaboh,Indonesia
619,Urug,Indonesia
620,Utang,Indonesia
621,Utudang,Indonesia
622,Utudangu,Indonesia
623,Vaiabiin,Indonesia
624,Vamaringaan,Indonesia
625,Vatampea,Indonesia
626,Vdangenan,Indonesia
627,Vdano,Indonesia
628,Vgian,Indonesia
629,Viaa,Indonesia
630,Viaap,Indonesia
631,Viaapulaboh,Indonesia
632,Viaapura,Indonesia
633,Vian,Indonesia
634,Vina,Indonesia
635,Vlangsembungga,Indonesia
636,Vngaan,Indonesia
637,Vngin,Indonesia
638,Vomal,Indonesia
639,Vrang,Indonesia
640,Vtak,Indonesia
641,Vtam,Indonesia
642,Vtambung,Indonesia
643,Vtang,Indonesia
644,Vtaraksaan,Indonesia
645,Vtiartapulapura,Indonesia
646,Vtingkil,Indonesia
647,Waeuan,Indonesia
648,Wakumbanjar,Indonesia
649,Wali,Indonesia
650,Wambang,Indonesia
651,Wambarakarta,Indonesia
652,Wamuju,Indonesia
653,Warun,Indonesia
654,Wdingagung,Indonesia
655,Wembang,Indonesia
656,Were,Indonesia
657,Weuh,Indonesia
658,Wingapuraja,Indonesia
659,Wingarajaleng,Indonesia
660,Wiradesa,Indonesia
661,Wlingin,Indonesia
662,Wngagungka,Indonesia
663,Wono,Indonesia
664,Wonosobo,Indonesia
665,Wonosobonan,Indonesia
666,Wtii,Indonesia
667,Yakang,Indonesia
668,Yakarta,Indonesia
669,Yakartalopo,Indonesia
670,Yakartapura Cit,Indonesia
671,Yakartapuro,Indonesia
672,Yakumbanjai,Indonesia
673,Yakumbarangil,Indonesia
674,Yakumbawa,Indonesia
675,Yakumbe),Indonesia
676,Yakumber,Indonesia
677,Yakumberpucung,Indonesia
678,Yakumbuh,Indonesia
679,Yanado,Indonesia
680,Yglapulanglipur,Indonesia
681,Yigy,Indonesia
682,Ykuhtura,Indonesia
683,Ykuhtura City,Indonesia
684,Ykuhturaja,Indonesia
685,Ykuhturi,Indonesia
686,Ymbar,Indonesia
687,Yogyakumbanjai,Indonesia
688,Yogyakumbe),Indonesia
689,Yok,Indonesia
690,Yokurta,Indonesia
691,Ytak,Indonesia
692,Ytangsembuh,Indonesia
693,Yukuhtura,Indonesia
694,Yviaap,Indonesia
