,Name,Origin
0, Aabad,Iran
1, Aabak,Iran
2, Abad,Iran
3, Abas,Iran
4, Abas Abad,Iran
5, Abas Abas Abba,Iran
6, Abas Abbas Aba,Iran
7, Abas Abbas Abb,Iran
8, Abbas,Iran
9, Abbas Abas,Iran
10, Abbas Abas Abb,Iran
11, Abbas Abbas,Iran
12, Abbas Abbas Ab,Iran
13, Afbas Abbas Ab,Iran
14, Ahar,Iran
15, Anzali,Iran
16, Arak-E Babol,Iran
17, Arban,Iran
18, Fabad,Iran
19, Habur,Iran
20, Kenaveh,Iran
21, Q Qayeh,Iran
22, Raz,Iran
23, Shahrak-E Emam,Iran
24,'Abad,Iran
25,'Abas,Iran
26,'Bbas Abbas,Iran
27,'Lbas,Iran
28,'Maa,Iran
29,'Vba,Iran
30,-E Anzali,Iran
31,-E Anzaliyeh,Iran
32,-E Babad,Iran
33,-E Babad-E Anza,Iran
34,-E Babol,Iran
35,-E Emam Hasan,Iran
36,-E Garmsar,Iran
37,-E Genaveh,Iran
38,-E Kavus,Iran
39,-E Kord,Iran
40,-E Lengeh,Iran
41,-E Pabedana,Iran
42,-E Rah Ahar,Iran
43,-Eaparsan,Iran
44,-Ebleggnaj,Iran
45,-Eggnnaj,Iran
46,-Elkoghajari,Iran
47,Aabad,Iran
48,Aad,Iran
49,Aahar,Iran
50,Abhar,Iran
51,Afehan,Iran
52,Afi,Iran
53,Afresh,Iran
54,Ahar,Iran
55,Ahr,Iran
56,Ahriz,Iran
57,Ahva,Iran
58,Ahvan,Iran
59,Aigeh,Iran
60,Ajari,Iran
61,Ak-E Emam Hashh,Iran
62,Akan,Iran
63,Akbarayeh,Iran
64,Akbsragad Branc,Iran
65,Akestan,Iran
66,Akfsar,Iran
67,Akvas,Iran
68,Alaleh,Iran
69,Algggaj Riar,Iran
70,Aliyeh,Iran
71,Alus,Iran
72,Alvasshahriar,Iran
73,Aman,Iran
74,Amar,Iran
75,Amud,Iran
76,Anaveh,Iran
77,Anch,Iran
78,Andar-E Kavus,Iran
79,Andar-E Kord,Iran
80,Andarz,Iran
81,Andoab,Iran
82,Aon,Iran
83,Aoranshahr,Iran
84,Ar-E Emam Hashh,Iran
85,Ar-E Kavus,Iran
86,Arifabad,Iran
87,Arjan,Iran
88,Arsabad,Iran
89,Arsin,Iran
90,Ash,Iran
91,Ashtrud,Iran
92,Atan,Iran
93,Ayen,Iran
94,Ayn,Iran
95,Azadshahriar,Iran
96,Azarifabad-E Ga,Iran
97,Azarivansar,Iran
98,Azn,Iran
99,B Aabad,Iran
100,B-E Babol,Iran
101,B-E Genaveh,Iran
102,Babad,Iran
103,Bafq,Iran
104,Bas,Iran
105,Bas Abad,Iran
106,Bbard,Iran
107,Behar,Iran
108,Bfhashhadegan,Iran
109,Biz,Iran
110,Bkbaraj,Iran
111,Borujen,Iran
112,Bpishvaz,Iran
113,Bpras,Iran
114,Bransar,Iran
115,Brasshahr,Iran
116,Brzndarz,Iran
117,Bshabad,Iran
118,Bshabad-E Kord,Iran
119,Bshahr,Iran
120,Bur,Iran
121,Bus,Iran
122,Bush,Iran
123,Bushtar,Iran
124,Bushtarud,Iran
125,Bvan,Iran
126,Bvandarz,Iran
127,Bvaz,Iran
128,Bwyet,Iran
129,Byek,Iran
130,Cabad,Iran
131,Calard,Iran
132,Chabad,Iran
133,Chan,Iran
134,Chan-E Anzali,Iran
135,Chan-E Genaveh,Iran
136,Chan-E Kord,Iran
137,Cheh Piaz,Iran
138,Chun,Iran
139,Chun Kenaveh,Iran
140,Con,Iran
141,Coun,Iran
142,Czansar,Iran
143,Czanshahr,Iran
144,Czehur Kavus,Iran
145,D Gran,Iran
146,D Ur,Iran
147,D-E Genar,Iran
148,Dahar,Iran
149,Damadan,Iran
150,Darabad,Iran
151,Daz-E Rah Ahan,Iran
152,Dfarab,Iran
153,Dfasan,Iran
154,Dilardsir,Iran
155,Dinzali,Iran
156,Dkvas,Iran
157,Dm Arab,Iran
158,Dmar,Iran
159,Donbad,Iran
160,Dq Alardsir,Iran
161,Dzarifabad,Iran
162,E-B Lengeh,Iran
163,Eabad-E Kavus,Iran
164,Eabak,Iran
165,Eafabak,Iran
166,Eafaraj,Iran
167,Ebfarabad-E Gen,Iran
168,Edan,Iran
169,Effarab,Iran
170,Effarabad,Iran
171,Effarayeh,Iran
172,Ehahrak,Iran
173,Ehan,Iran
174,Ehar,Iran
175,Ehrak-E Rah Aha,Iran
176,Ehran,Iran
177,Ehtarud,Iran
178,Ehun,Iran
179,Ejan,Iran
180,Ekn,Iran
181,Elijan,Iran
182,Elishva,Iran
183,Elishvaz,Iran
184,Emar,Iran
185,Emfaaan-E Pabed,Iran
186,Emfarab,Iran
187,Emfarabad,Iran
188,Emfaraj,Iran
189,Eran,Iran
190,Erfabad,Iran
191,Ewfatabad,Iran
192,Ewlatabahan,Iran
193,Eyeh,Iran
194,Eyun,Iran
195,Ezarsabad,Iran
196,Ezna,Iran
197,Farab,Iran
198,Farabad,Iran
199,Farabahar,Iran
200,Farabak,Iran
201,Farayen,Iran
202,Fasan,Iran
203,Fash,Iran
204,Fashtar,Iran
205,Ffrriman,Iran
206,Firrman,Iran
207,Flashtarud,Iran
208,Fq Azarivand,Iran
209,Frremar,Iran
210,Frsshahrak,Iran
211,Fshahr,Iran
212,Fshahr-E Genar,Iran
213,Fwlatabad-E Anz,Iran
214,G Fras,Iran
215,Gan,Iran
216,Gana,Iran
217,Gbfras,Iran
218,Gcnbad-E Pabeda,Iran
219,Gfrmsar,Iran
220,Gkbbas,Iran
221,Gleggnaveh,Iran
222,Gnan,Iran
223,Gonbad,Iran
224,Gorgan,Iran
225,Gpras,Iran
226,Gpraz,Iran
227,Gq Abad,Iran
228,Grfher Abbas,Iran
229,Grnnajerd,Iran
230,Guman,Iran
231,Gurman,Iran
232,Gushtar,Iran
233,Ha Raastan,Iran
234,Hahr,Iran
235,Halus,Iran
236,Hamavan,Iran
237,Han-E Lengeh,Iran
238,Har,Iran
239,Haw,Iran
240,Horramshahr,Iran
241,Horramshahr-E K,Iran
242,Hur,Iran
243,Hush,Iran
244,Hushtrud,Iran
245,Hva,Iran
246,Hvandoab,Iran
247,Hwastan,Iran
248,Hzari,Iran
249,I-E Kavus,Iran
250,Ifaraj,Iran
251,Ioran,Iran
252,Iporramavandar-,Iran
253,Iran Ue Anzali,Iran
254,Ish,Iran
255,Ishah,Iran
256,Ishvaz,Iran
257,Ivun,Iran
258,Jan,Iran
259,Jari,Iran
260,Jarifabak,Iran
261,Jarivandar Abba,Iran
262,Jarivansar,Iran
263,Jur,Iran
264,Kalardsir,Iran
265,Kan,Iran
266,Kbarab,Iran
267,Kbarabad,Iran
268,Kbarabaharifaba,Iran
269,Kbarabshahr,Iran
270,Kbaraj,Iran
271,Kbarayen,Iran
272,Kbbas Abbas,Iran
273,Kbhar,Iran
274,Kbyek,Iran
275,Kdasjan,Iran
276,Khar,Iran
277,Khorramadan,Iran
278,Khsman,Iran
279,Kish,Iran
280,Kkberan,Iran
281,Kkord,Iran
282,Kkvas,Iran
283,Klashhadegan,Iran
284,Klshghajarifaba,Iran
285,Klvas,Iran
286,Kmas,Iran
287,Kobras,Iran
288,Kord,Iran
289,Kowy,Iran
290,Kqzelijan,Iran
291,Krar Abbas Abba,Iran
292,Krowy,Iran
293,Kshadegan,Iran
294,Kushtarud,Iran
295,Kvas,Iran
296,Laleh,Iran
297,Lard,Iran
298,Lardsir,Iran
299,Lcgghgad Bransh,Iran
300,Legghgar-E Babo,Iran
301,Leggn,Iran
302,Leggnaj,Iran
303,Leggnajerd,Iran
304,Leggnaveh,Iran
305,Leggnjan,Iran
306,Liaged,Iran
307,Lishvaz,Iran
308,Liyeh,Iran
309,Liz,Iran
310,Lnfghajari,Iran
311,Loran,Iran
312,Ltranshahrud,Iran
313,Lzadshahriz,Iran
314,M Hashhad,Iran
315,M Hashtrud,Iran
316,Mabad,Iran
317,Man,Iran
318,Mar,Iran
319,Marsan,Iran
320,Mas,Iran
321,Men,Iran
322,Mjan,Iran
323,Moran,Iran
324,Mshabur,Iran
325,Mshahr,Iran
326,Mushtrud,Iran
327,Mvaz,Iran
328,Mwlstan,Iran
329,Mzarsan,Iran
330,N Ve ,Iran
331,Nab,Iran
332,Nan,Iran
333,Naveh,Iran
334,Nkab,Iran
335,Noar,Iran
336,Nohr,Iran
337,Nowy,Iran
338,Nshahr,Iran
339,Nshahriar,Iran
340,Ntarud,Iran
341,Nwshtar,Iran
342,Obyek,Iran
343,Ohr,Iran
344,Okb Raz,Iran
345,Omchan,Iran
346,Onaarab,Iran
347,Onbad,Iran
348,Oran,Iran
349,Oranch,Iran
350,Oransar,Iran
351,Oranshabur,Iran
352,Oranshahr,Iran
353,Ord,Iran
354,Orjan,Iran
355,Ornan,Iran
356,Orramabak,Iran
357,Orshah,Iran
358,Orujerd,Iran
359,Orwn,Iran
360,Otranch,Iran
361,Owy,Iran
362,Parsabad,Iran
363,Parsabak,Iran
364,Parsan,Iran
365,Parsin,Iran
366,Pasragad Bran,Iran
367,Pfshad Branch,Iran
368,Pfshahrak-E Ema,Iran
369,Pishahr,Iran
370,Pishahriar,Iran
371,Pishva,Iran
372,Pksragad Bransa,Iran
373,Pnshahrud,Iran
374,Porramshah,Iran
375,Porramshahr,Iran
376,Porramshahriz,Iran
377,Prsshahr,Iran
378,Prsshahr-E Gena,Iran
379,Pshrdakan,Iran
380,Psshabur,Iran
381,Psshahr,Iran
382,Psshahriar,Iran
383,Ptsragad Bran,Iran
384,Pusr,Iran
385,Pusrtgah-E Emam,Iran
386,Pvas,Iran
387,Pvez,Iran
388,Pzssah,Iran
389,Q Aabad,Iran
390,Q Aabahan,Iran
391,Q Abad,Iran
392,Q Abas,Iran
393,Q Abbas Abas,Iran
394,Q Albas Abbas,Iran
395,Q Hasan,Iran
396,Q Hash,Iran
397,Q Hashhad Va Su,Iran
398,Q Hashhadegan,Iran
399,Q Hashmar,Iran
400,Q Hashtar,Iran
401,Q Hashtarud,Iran
402,R Abbas,Iran
403,R-E Anzaliyeh,Iran
404,R-E Babol,Iran
405,R-E Emam Hasan,Iran
406,Rabad,Iran
407,Rad,Iran
408,Raf,Iran
409,Rafshahrak-E An,Iran
410,Rah Ahan,Iran
411,Rah Ahan-E Anza,Iran
412,Rah Ahan-E Emam,Iran
413,Rah Ahan-E Kavu,Iran
414,Rah Ahar,Iran
415,Rah Ahari,Iran
416,Rak-E Garmsar,Iran
417,Rak-E Kavus,Iran
418,Rak-E Kord,Iran
419,Ralsngar-E Garm,Iran
420,Raz,Iran
421,Reydunshahr,Iran
422,Rhord,Iran
423,Riar,Iran
424,Riz,Iran
425,Rjan,Iran
426,Roh,Iran
427,Rokh Shad,Iran
428,Rokh Shahriz,Iran
429,Rokh Shar,Iran
430,Ron,Iran
431,Ror,Iran
432,Rot,Iran
433,Rowy,Iran
434,Rparsabad,Iran
435,Rud,Iran
436,Rum,Iran
437,Rvandar-E Genav,Iran
438,Ryeh,Iran
439,Rzaksn,Iran
440,Rzansar,Iran
441,Rzoky Snaveh,Iran
442,San,Iran
443,Sar,Iran
444,Sarak-E Emam Ha,Iran
445,Sbabol,Iran
446,Sfahar,Iran
447,Sfarayen,Iran
448,Shabad,Iran
449,Shabak,Iran
450,Shabur,Iran
451,Shad,Iran
452,Shadegan,Iran
453,Shahr,Iran
454,Shahr-E Babol,Iran
455,Shahr-E Rah Aha,Iran
456,Shahriar,Iran
457,Shahriz,Iran
458,Shahrud,Iran
459,Shashtrud,Iran
460,Sir,Iran
461,Sjan,Iran
462,Skbarab,Iran
463,Sman,Iran
464,Snan,Iran
465,Srah Ahar,Iran
466,Stan,Iran
467,Strad,Iran
468,Stran,Iran
469,Sushtrud,Iran
470,Svanshadegan,Iran
471,Szarifabad,Iran
472,Tabad,Iran
473,Taft,Iran
474,Tan,Iran
475,Tar,Iran
476,Tarud,Iran
477,Tbad,Iran
478,Tdadana,Iran
479,Tfahan,Iran
480,Tfaraj,Iran
481,Tlah,Iran
482,Tltrak-E Genar,Iran
483,Tmar,Iran
484,Tparsabad,Iran
485,Trabak,Iran
486,Trak,Iran
487,Trak-E Pabedana,Iran
488,Transar,Iran
489,Trfabad-E Kavus,Iran
490,Trud,Iran
491,Trur,Iran
492,Tshahr,Iran
493,Tvandar-E Genar,Iran
494,Twlatabad,Iran
495,Tzansar,Iran
496,Uchan,Iran
497,Uchan-E Garmsar,Iran
498,Uchan-E Pabedan,Iran
499,Uchan-E Rah Aha,Iran
500,Ud Rak-E Babad,Iran
501,Ud Sranch,Iran
502,Ugshahr,Iran
503,Ujan,Iran
504,Urgkarayeh,Iran
505,Uritrokh Shahr,Iran
506,Urkkarayen,Iran
507,Urkkashhadegan,Iran
508,Urlkagad Bran,Iran
509,Urun,Iran
510,Ush,Iran
511,Ushtar,Iran
512,Ushtarud,Iran
513,Ushtrud,Iran
514,Utfrrsman,Iran
515,V Adzazshabad,Iran
516,V Ssadmar,Iran
517,Vahstan,Iran
518,Van,Iran
519,Vansar,Iran
520,Vanshahr,Iran
521,Vanshahrak,Iran
522,Vas,Iran
523,Vaz,Iran
524,Vegab-E Babad,Iran
525,Veh,Iran
526,Vez,Iran
527,Via,Iran
528,Vis,Iran
529,Viz,Iran
530,Von,Iran
531,Voz,Iran
532,Vran ,Iran
533,Vus,Iran
534,Vuz,Iran
535,Wbttahur,Iran
536,Wittnan,Iran
537,Wlttabad,Iran
538,Wlttabak,Iran
539,Wlttahu-E Kord,Iran
540,Wlttahur,Iran
541,Wsttah,Iran
542,Wyet,Iran
543,Wyfa Avan,Iran
544,Yah,Iran
545,Yah Ahar,Iran
546,Yashahr-E Kord,Iran
547,Yazd,Iran
548,Yeh,Iran
549,Ykh Shahriar,Iran
550,Yshahr,Iran
551,Yvus,Iran
552,Zali,Iran
553,Zaliyeh,Iran
554,Zansar,Iran
555,Zanshad Bransar,Iran
556,Zanshahr-E Pabe,Iran
557,Zari,Iran
558,Zarifabad,Iran
559,Zarifabahan-E A,Iran
560,Zarsan,Iran
561,Zarsin,Iran
562,Zcashtar,Iran
563,Zfasan,Iran
564,Zlishva,Iran
565,Zmas,Iran
566,Zorujen,Iran
567,Zpishahr-E Anza,Iran
568,Zqrson,Iran
569,Zri,Iran
570,Zrus,Iran
571,Ztlshahr,Iran
572,Ztriar,Iran
573,Zurud,Iran
