,Name,Origin
0,   Zubayr,Iraq
1,   Zubayrah,Iraq
2,  Ghad,Iraq
3,  Hamiyah,Iraq
4,  Huh,Iraq
5,  Kut,Iraq
6,  Lllkayf,Iraq
7,  Lujah,Iraq
8,  S Lalmah,Iraq
9,  Sal Qadi,Iraq
10,  Sawah,Iraq
11,  Shah,Iraq
12,  Shuh,Iraq
13,  Silaah,Iraq
14,  Slaamawah,Iraq
15,  Slwah,Iraq
16,  Ssal,Iraq
17,  Ssil Al Qadi,Iraq
18,  Ssinceq,Iraq
19,  Suh,Iraq
20,  Sulaymaniyah,Iraq
21,  Sulaymaniyat ,Iraq
22,  Suwayn,Iraq
23,  Suwayrah,Iraq
24,  Swal,Iraq
25,  Swandiz,Iraq
26,  Swaniyah,Iraq
27,  Swaniyat Al F,Iraq
28,  Symaniyah,Iraq
29,  Szinah,Iraq
30,  Ushys,Iraq
31,  Wuwayr,Iraq
32,  Ysunayr,Iraq
33,  Ythah,Iraq
34,  Zubayr,Iraq
35,  Zubayrah,Iraq
36, - Mawah,Iraq
37, - Mmas,Iraq
38, -Hmmas,Iraq
39, -Smaythah,Iraq
40, -Tmas,Iraq
41, -Umaythah,Iraq
42, Fhah,Iraq
43, G Mawah,Iraq
44, Gh Ah Jhdidah,Iraq
45, Ghaa,Iraq
46, Ghaai,Iraq
47, Ghah,Iraq
48, Ghamiyjh,Iraq
49, Ghdad,Iraq
50, Ghmah,Iraq
51, Ghua,Iraq
52, Ghuamya,Iraq
53, Ghwah,Iraq
54, H Shammas,Iraq
55, Hghah,Iraq
56, Huh,Iraq
57, Jsdih,Iraq
58, Ksrih,Iraq
59, Kut,Iraq
60, Qhuh,Iraq
61, Qsdinah,Iraq
62, Qwah,Iraq
63, Qyit Al Qadi,Iraq
64, S Samadi,Iraq
65, S Samal,Iraq
66, S Samawah,Iraq
67, S Sulaymaniyah,Iraq
68, S Sulaymaniyat,Iraq
69, S Suwandiz,Iraq
70, S Suwaniyah,Iraq
71, S Suwaynjiwand,Iraq
72, S Suwaynjiwayr,Iraq
73, S Suwayr,Iraq
74, S Suwayrah,Iraq
75, Sfuhud,Iraq
76, Sfuy,Iraq
77, Sh Shamiya,Iraq
78, Sh Shamiyah,Iraq
79, Sh Shinafiyah,Iraq
80, Shah,Iraq
81, Shas,Iraq
82, Shasi,Iraq
83, Shuh,Iraq
84, Shuyah,Iraq
85, Swandiz,Iraq
86, T Al Jadi,Iraq
87, Uh,Iraq
88, Y Bulgya,Iraq
89, Y Bumaythah,Iraq
90, Yhihah,Iraq
91, Yhinah,Iraq
92, Yhu,Iraq
93, Ylbah,Iraq
94, Ylbala,Iraq
95, Ylbalabja,Iraq
96, Ymaniyat Ghami,Iraq
97, Yrinafiyat Al ,Iraq
98, Ysh Shamiya,Iraq
99, Ysh Shamiyah,Iraq
100, Ysh Shamiyat A,Iraq
101, Ysh Shammas,Iraq
102, Ysh Shinafiyat,Iraq
103, Yshah,Iraq
104, Yshammas,Iraq
105, Yshas,Iraq
106, Yshisaamiyah,Iraq
107, Yshnsmawah,Iraq
108, Yshuh,Iraq
109, Ysinah,Iraq
110, Ysunayf,Iraq
111, Yt Al Fuhud,Iraq
112, Ythah,Iraq
113, Yutuyah,Iraq
114, Yybba,Iraq
115, Yzbaarah,Iraq
116,'Yqrah,Iraq
117,- Am Ash Shamma,Iraq
118,- Amarra',Iraq
119,- Amdaniya,Iraq
120,- Amdaniyah,Iraq
121,- Amdaniyat Al ,Iraq
122,- Amhamiyat Al ,Iraq
123,- Amhammas,Iraq
124,- Amhaniyah,Iraq
125,- Madidah,Iraq
126,- Madimah,Iraq
127,- Marra',Iraq
128,- Mmsarit,Iraq
129,- Mmssuu,Iraq
130,- Rmatu,Iraq
131,- Smah,Iraq
132,- Smal,Iraq
133,--Hmarra',Iraq
134,-Gamal,Iraq
135,-Ghaa,Iraq
136,-Samya,Iraq
137,-Smal,Iraq
138,-Srah,Iraq
139,Bu Ghammas,Iraq
140,Bu Ghurayb,Iraq
141,Fsrah,Iraq
142,G  Aw Il Al Jad,Iraq
143,G  Aythah,Iraq
144,G -Amal,Iraq
145,G Aah,Iraq
146,G Al Jadidah,Iraq
147,G Ash Shammas,Iraq
148,G Dad,Iraq
149,G Damiya,Iraq
150,G Far,Iraq
151,G Gamal,Iraq
152,G Gamarra',Iraq
153,G Gawah,Iraq
154,G Katbalabja,Iraq
155,G Lamawah,Iraq
156,G Sah,Iraq
157,G Sal,Iraq
158,G Sal Jadi,Iraq
159,G Samal,Iraq
160,G Sayy,Iraq
161,G Shuh,Iraq
162,G Uamyas,Iraq
163,G Wal,Iraq
164,G Wawran,Iraq
165,G Yab,Iraq
166,G Yah,Iraq
167,G-Mamawah,Iraq
168,Gh Ah,Iraq
169,Gh Ah Fhal,Iraq
170,Gh Ah Fhshrhhud,Iraq
171,Gh Ah Fhuh,Iraq
172,Gh Ah Fhwh,Iraq
173,Gh Ah Fhwhdndiz,Iraq
174,Gh Ah Ghammas,Iraq
175,Gh Ah Jhdidah,Iraq
176,Gh Ah Jhimah,Iraq
177,Gh Ah Khurayb,Iraq
178,Gh Ah Khurmatu,Iraq
179,Gh Ah Qhdi,Iraq
180,Gh Ah Qhdidah,Iraq
181,Gh Ah Qhiiah,Iraq
182,Gh Ah Shamiya,Iraq
183,Gh Ah Shamiyah,Iraq
184,Gh Ah Shamiyat ,Iraq
185,Gh Ah Shammas,Iraq
186,Gh Ah Shinafiya,Iraq
187,Gh Ah Yh,Iraq
188,Gh Ah Yhinafiya,Iraq
189,Gh Ahh,Iraq
190,Gh Amhammas,Iraq
191,Gh-Amal,Iraq
192,Gh-Ammas,Iraq
193,Ghaa,Iraq
194,Ghaai,Iraq
195,Ghaamadi,Iraq
196,Ghad,Iraq
197,Ghah,Iraq
198,Ghay,Iraq
199,Ghayi,Iraq
200,Ghaymaniyah,Iraq
201,Ghdad,Iraq
202,Ghgaaa,Iraq
203,Ghgah,Iraq
204,Ghgamarra',Iraq
205,Ghgamawah,Iraq
206,Ghhah,Iraq
207,Ghoa,Iraq
208,Ghrah,Iraq
209,Ghsah,Iraq
210,Ghua,Iraq
211,Ghuamkrrr'Awah,Iraq
212,Ghuamya,Iraq
213,Ghwah,Iraq
214,Ghzah,Iraq
215,H  Hammas,Iraq
216,H Hhud,Iraq
217,H Mhshas,Iraq
218,H Shamiyat Al J,Iraq
219,H Shammas,Iraq
220,H Shinah,Iraq
221,H Shuh,Iraq
222,H-Smarra',Iraq
223,K Filaamdaniya,Iraq
224,K Fiyah,Iraq
225,K Rzukayf,Iraq
226,K Szuaaymaniyah,Iraq
227,Kfri,Iraq
228,Kghiaa,Iraq
229,Kgrra',Iraq
230,Krrtuahyy,Iraq
231,Ksrthah,Iraq
232,Kur,Iraq
233,Kyrbhu,Iraq
234,M Ssayy,Iraq
235,N Huz,Iraq
236,N Szinah,Iraq
237,N Zubayr,Iraq
238,N Zubayrah,Iraq
239,Nghah,Iraq
240,Nqrah,Iraq
241,Nshah,Iraq
242,Nyzi,Iraq
243,Qfri,Iraq
244,Qghaa,Iraq
245,Qghah,Iraq
246,Qsrah,Iraq
247,Qyah,Iraq
248,S Samadi,Iraq
249,S Samadidah,Iraq
250,S Samadimah,Iraq
251,S Samal,Iraq
252,S Samarah,Iraq
253,S Samarra',Iraq
254,S Samawah,Iraq
255,S Sulaymaniya,Iraq
256,S Sulaymaniyah,Iraq
257,S Sulaymaniyat ,Iraq
258,S Suwandiz,Iraq
259,S Suwaniyah,Iraq
260,S Suwaniyat Al ,Iraq
261,S Suwaniyat Ghu,Iraq
262,S Suwayn,Iraq
263,S Suwaynjiwandi,Iraq
264,S Suwaynjiwaniy,Iraq
265,S Suwaynjiwayr,Iraq
266,S Suwaynjiwayra,Iraq
267,S Suwayr,Iraq
268,S Suwayrah,Iraq
269,Sghah,Iraq
270,Sh Shamiya,Iraq
271,Sh Shamiyah,Iraq
272,Sh Shamiyat Al ,Iraq
273,Sh Shamiyat Gha,Iraq
274,Sh Shammas,Iraq
275,Sh Shinafiyah,Iraq
276,Sh Shinafiyat A,Iraq
277,Sh Shinafiyat G,Iraq
278,Sh Shinah,Iraq
279,Ss Sulaymaniya,Iraq
280,T Al Qadidah,Iraq
281,U Ghurayb,Iraq
282,U Nyit Ash Sham,Iraq
283,Y  Sulaymaniyah,Iraq
284,Y Bulgya,Iraq
285,Y Huh,Iraq
286,Y Tuh,Iraq
287,Y Tuhaymaniyah,Iraq
288,Y- Amdaniyah,Iraq
289,Y- Amlarmatu,Iraq
290,Yfhal,Iraq
291,Yghaa,Iraq
292,Yghah,Iraq
293,Ymh Shuh,Iraq
294,Ymhammas,Iraq
295,Ynceq,Iraq
296,Ysh Shamiyah,Iraq
297,Ysh Shinafiyah,Iraq
298,Ysh Shinah,Iraq
299,Yshah,Iraq
300,Yshuh,Iraq
301,Yshuhad,Iraq
302,Yytbala,Iraq
303,Yytbalabja,Iraq
304,Yytbasrah,Iraq
305,Yythah,Iraq
