,Name,Origin
0, Buackrock,Ireland
1, Head Nua,Ireland
2, Meala,Ireland
3, Mealallaghmede,Ireland
4, Mealy-Drina,Ireland
5, Merryvillessin,Ireland
6, Muileannon,Ireland
7, Ross,Ireland
8,-Erigalinteer,Ireland
9,-Soire,Ireland
10,-Suir,Ireland
11,Ablines,Ireland
12,Ablins,Ireland
13,Ablinteer,Ireland
14,Ablone,Ireland
15,Abones,Ireland
16,Ach,Ireland
17,Ad Nua,Ireland
18,Alh,Ireland
19,Allagh,Ireland
20,Allaght,Ireland
21,Allimh,Ireland
22,Allin,Ireland
23,Allington,Ireland
24,Allins,Ireland
25,Allinteer,Ireland
26,Ally,Ireland
27,Allymount,Ireland
28,Allymount Meala,Ireland
29,Allymount Merry,Ireland
30,Allymun,Ireland
31,Aloiee,Ireland
32,An Meala,Ireland
33,Ane,Ireland
34,Ant,Ireland
35,Aor,Ireland
36,Apllogee,Ireland
37,Ar Stown,Ireland
38,Ards,Ireland
39,Are,Ireland
40,Arkin,Ireland
41,Arne,Ireland
42,Athgar,Ireland
43,Awn,Ireland
44,Beaumont,Ireland
45,Bhau,Ireland
46,Bobr,Ireland
47,Bondale,Ireland
48,Bone,Ireland
49,Bones,Ireland
50,Bore,Ireland
51,Born,Ireland
52,Bornmcarndalkin,Ireland
53,Borr,Ireland
54,Buncrana,Ireland
55,Bwaad,Ireland
56,Bwnas,Ireland
57,Carndalkin,Ireland
58,Carney,Ireland
59,Cbornmcaanoi,Ireland
60,Cebrrogheda,Ireland
61,Chard,Ireland
62,Chards,Ireland
63,Chardston,Ireland
64,Chardstown,Ireland
65,Chead Nua,Ireland
66,Ck-On-Suir,Ireland
67,Cknock,Ireland
68,Ckon,Ireland
69,Ckoon,Ireland
70,Ckrock,Ireland
71,Cootmerstown,Ireland
72,Cort,Ireland
73,Corthy,Ireland
74,Cortlaoise,Ireland
75,Cortmarndalee,Ireland
76,Cortmarney,Ireland
77,Cortstones,Ireland
78,Cprrton,Ireland
79,Cubinteely,Ireland
80,Curina,Ireland
81,D Ross,Ireland
82,Dale,Ireland
83,Dalee,Ireland
84,Dalkin,Ireland
85,Deatallimh,Ireland
86,Den,Ireland
87,Dest,Ireland
88,Don,Ireland
89,Ebar,Ireland
90,Ebcaanly,Ireland
91,Ebhad,Ireland
92,Ebumlinteer,Ireland
93,Eda,Ireland
94,Eldin,Ireland
95,Eldiymount,Ireland
96,Eldoyle,Ireland
97,Eliim,Ireland
98,Emhead Nua,Ireland
99,En Gcearr,Ireland
100,En Gcearriggan,Ireland
101,Enagh,Ireland
102,Enaghmede,Ireland
103,Enaght,Ireland
104,End,Ireland
105,Ene,Ireland
106,Enkstown,Ireland
107,Entgalinteer,Ireland
108,Entyer,Ireland
109,Entyerriggan,Ireland
110,Epleogue,Ireland
111,Eptlrow,Ireland
112,Erford,Ireland
113,Erkennycarney,Ireland
114,Eruy,Ireland
115,Erytown,Ireland
116,Esheda,Ireland
117,Eshplyoon,Ireland
118,Esterford,Ireland
119,Estown,Ireland
120,Ewbodankills,Ireland
121,Ewna,Ireland
122,Ewnat,Ireland
123,Ewnot,Ireland
124,Fboden,Ireland
125,Fne,Ireland
126,Fodd,Ireland
127,Ford,Ireland
128,Foxrock,Ireland
129,Hal,Ireland
130,Hankillimh,Ireland
131,Hartstown,Ireland
132,Head Nua,Ireland
133,Heda,Ireland
134,Herrion,Ireland
135,Herry Orchard,Ireland
136,Hortlaoise,Ireland
137,Huileann Gcearr,Ireland
138,Huileannon,Ireland
139,Humlington,Ireland
140,Hurles,Ireland
141,Hvallagh,Ireland
142,Ine,Ireland
143,Ines,Ireland
144,Ingtone,Ireland
145,Ins,Ireland
146,Jasssonkstown,Ireland
147,Jbobone,Ireland
148,Jbose,Ireland
149,K-On-Suir,Ireland
150,Kin,Ireland
151,Knes,Ireland
152,L Miol,Ireland
153,Labinteely,Ireland
154,Lablin,Ireland
155,Lablinee,Ireland
156,Lablingtones,Ireland
157,Lablins,Ireland
158,Lablinteely,Ireland
159,Lablondalee,Ireland
160,Lablondalkin,Ireland
161,Lagh,Ireland
162,Lanchards,Ireland
163,Lanmire,Ireland
164,Laoise,Ireland
165,Lar,Ireland
166,Lasbrook,Ireland
167,Lebar,Ireland
168,Les,Ireland
169,Lessingsend,Ireland
170,Lessington,Ireland
171,Lestport,Ireland
172,Lknock,Ireland
173,Lne,Ireland
174,Lob,Ireland
175,Londalkin,Ireland
176,Lone,Ireland
177,Lones,Ireland
178,Loy,Ireland
179,Lringsend,Ireland
180,Lu Mealallybode,Ireland
181,Lu Ork,Ireland
182,Luban,Ireland
183,Lubinteely,Ireland
184,Lubinteer,Ireland
185,Luileannon,Ireland
186,Luimneach,Ireland
187,Lumhnackrock,Ireland
188,Lyboden,Ireland
189,Merstown,Ireland
190,Mmun,Ireland
191,Mobh,Ireland
192,Mortmarney,Ireland
193,Mub,Ireland
194,Mun,Ireland
195,N Meala,Ireland
196,N Merry Orchard,Ireland
197,N Merryville,Ireland
198,N Muileann Gcea,Ireland
199,N Ork,Ireland
200,Na ,Ireland
201,Nab,Ireland
202,Nab-On-Suir,Ireland
203,Nackrock,Ireland
204,Nagh,Ireland
205,Naghmede,Ireland
206,Naille,Ireland
207,Nan,Ireland
208,Nar,Ireland
209,Nay,Ireland
210,Nbown,Ireland
211,Ncaane,Ireland
212,Neach,Ireland
213,Neb,Ireland
214,Nen,Ireland
215,Ner,Ireland
216,Nes,Ireland
217,Nock,Ireland
218,Nteely,Ireland
219,Nteer,Ireland
220,Nucknock,Ireland
221,Nuileann Gcearr,Ireland
222,Nun,Ireland
223,Nvan,Ireland
224,Ole,Ireland
225,Olessington,Ireland
226,Olk,Ireland
227,On Merrick-On-S,Ireland
228,Onaghmede,Ireland
229,Ondale,Ireland
230,Ondalkin,Ireland
231,One,Ireland
232,Ones,Ireland
233,Ordbawn,Ireland
234,Oth,Ireland
235,Ount,Ireland
236,Own,Ireland
237,Own Trim,Ireland
238,Plaoise,Ireland
239,Pleogue,Ireland
240,Pliog,Ireland
241,Pll Airne,Ireland
242,Ploo,Ireland
243,Plooi,Ireland
244,Plooine,Ireland
245,Plooines,Ireland
246,Plooise,Ireland
247,Plyoo,Ireland
248,Pont,Ireland
249,Portlaoise,Ireland
250,Pottherry Orcha,Ireland
251,Ptlo Bhau,Ireland
252,Quade,Ireland
253,Quadesterford,Ireland
254,Quadesterfordst,Ireland
255,Quadeston,Ireland
256,Quadestown Trim,Ireland
257,Quddalkin,Ireland
258,Qundrumlinteely,Ireland
259,Rbones,Ireland
260,Reannon,Ireland
261,Rkenny,Ireland
262,Rle,Ireland
263,Rn Gcearriggan,Ireland
264,Rn Ire,Ireland
265,Rne,Ireland
266,Rnes,Ireland
267,Ron,Ireland
268,Rons,Ireland
269,Rot,Ireland
270,Rotsaon,Ireland
271,Rotserlington,Ireland
272,Rotserlymun,Ireland
273,Rotserlyp,Ireland
274,Row,Ireland
275,Rows,Ireland
276,Roy,Ireland
277,Roychard,Ireland
278,Roychardstown,Ireland
279,Royke,Ireland
280,Roykeln,Ireland
281,Rui,Ireland
282,Ruileann Gcearr,Ireland
283,Rumlin,Ireland
284,Run,Ireland
285,Seann Gcearrion,Ireland
286,Sellzoi,Ireland
287,Semlane,Ireland
288,Soire,Ireland
289,Stone,Ireland
290,Stown,Ireland
291,Stown Trim,Ireland
292,Sundrum,Ireland
293,Sunr Mmork,Ireland
294,Tallaght,Ireland
295,Ter,Ireland
296,Terkennybrook,Ireland
297,Thal,Ireland
298,Thaon,Ireland
299,Therrigalinseal,Ireland
300,Therryvills,Ireland
301,Tlaoise,Ireland
302,Ton,Ireland
303,Tone,Ireland
304,Tones,Ireland
305,Town,Ireland
306,Tton,Ireland
307,Tun,Ireland
308,Uabe,Ireland
309,Ubeingsend,Ireland
310,Ublina,Ireland
311,Uboine,Ireland
312,Uboines,Ireland
313,Uboire,Ireland
314,Ubone,Ireland
315,Ucknock,Ireland
316,Un Laoghaire,Ireland
317,Un Laoghal,Ireland
318,Un Laogheda,Ireland
319,Una ,Ireland
320,Unboyne,Ireland
321,Uncrana,Ireland
322,Une,Ireland
323,Une Caon,Ireland
324,Uner,Ireland
325,Unercan,Ireland
326,Unercarne,Ireland
327,Unercarnock,Ireland
328,Unerchard,Ireland
329,Unerckrock,Ireland
330,Unercock,Ireland
331,Unercont,Ireland
332,Unkrucknock,Ireland
333,Unm Raondalkin,Ireland
334,Unor,Ireland
335,Unt,Ireland
336,Unt Meala,Ireland
337,Unt Mealally,Ireland
338,Unt Mealy-Drina,Ireland
339,Unt Merryvill,Ireland
340,Unt Merryville,Ireland
341,Unt Merryvills,Ireland
342,Val,Ireland
343,Van,Ireland
344,W Ors,Ireland
345,Wn Trim,Ireland
346,Wna,Ireland
347,Wnackrock,Ireland
348,Wnaght,Ireland
349,Wnan,Ireland
350,Wnas,Ireland
351,Wnat,Ireland
352,Wne,Ireland
353,Wo D,Ireland
354,Wock,Ireland
355,Wondale,Ireland
356,Wondalee,Ireland
357,Wondalkin,Ireland
358,Wont,Ireland
359,Wood,Ireland
360,Woos,Ireland
361,Word,Ireland
362,Words,Ireland
363,Wordston,Ireland
364,Wottherrion,Ireland
365,Wottherry Orcha,Ireland
366,Wottherryvills,Ireland
367,Wowd,Ireland
368,Wpowt,Ireland
369,Wun,Ireland
370,Xaldoyle,Ireland
371,Y Ora,Ireland
372,Yboden,Ireland
373,Ymount,Ireland
374,Ymount Mealy-Dr,Ireland
375,Yroychuale,Ireland
376,Ytown,Ireland
377,Yuugar,Ireland
378,Yuugralee,Ireland
379,Yuugvai,Ireland
380,Yville,Ireland
381,Ywoddoklow,Ireland
