,Name,Origin
0,  Karmel,Israel
1, -Gma'Bna,Israel
2, Dera,Israel
3, Hanigsal,Israel
4, Ilit,Israel
5, Jaldas,Israel
6, Jrryat Ya'Ir,Israel
7, L'Akhi,Israel
8, Shemer,Israel
9, Shmuel,Israel
10, Ssme,Israel
11, Sziyyon,Israel
12, Vatayid Tribe,Israel
13, Vatayim,Israel
14, Wera,Israel
15, Ye'Arish,Israel
16, Ygharbiyat Kar,Israel
17,''Llit,Israel
18,'Aliya,Israel
19,'At Al-Ghanam,Israel
20,'Na,Israel
21,'V'At,Israel
22,'V'At 'Illit,Israel
23,-Gaa,Israel
24,-Ghana,Israel
25,-Gmas,Israel
26,-Lmat Hefer,Israel
27,-Lmat Yam,Israel
28,-Lqasma,Israel
29,-Lquya,Israel
30,-Shay,Israel
31,Abi'An,Israel
32,Adal Ha`Emeq,Israel
33,Adal Kurum,Israel
34,Adal Sha'An,Israel
35,Af'At 'Eqron,Israel
36,Agmal Hagelilit,Israel
37,Aj Jlelilit,Israel
38,Ajdeida Manda,Israel
39,Ajfal Kurum,Israel
40,Ajiyiba,Israel
41,Ajjulya,Israel
42,Ajleitar,Israel
43,Ajlelilit,Israel
44,Ajlul,Israel
45,Ajqane,Israel
46,Ajtesh,Israel
47,Alsayid Triberi,Israel
48,Alsayim,Israel
49,Arad,Israel
50,Asaamer,Israel
51,Aslat,Israel
52,At Yam,Israel
53,Ava',Israel
54,B 'Anam,Israel
55,B'Qrret Shemona,Israel
56,Ba'Ir,Israel
57,Bfaki,Israel
58,Bg'Arim,Israel
59,Bim Re'Ut,Israel
60,Bir Hadera,Israel
61,Bir Hanna,Israel
62,Bjeret Ziona,Israel
63,Bjiryat Ya'Ir,Israel
64,Bli-Umm Al Hann,Israel
65,Bqqeeehhvatayim,Israel
66,Bqqei`A,Israel
67,Bv'At,Israel
68,Bvqit,Israel
69,D 'Llit,Israel
70,D'Ara Banegev,Israel
71,D'Arim,Israel
72,D'Ariya,Israel
73,Dad,Israel
74,Daj,Israel
75,Dal Ha'Ayish,Israel
76,Dal Hadaj,Israel
77,Dal Karmi'El,Israel
78,Dal Kurum,Israel
79,Dal Sha'An,Israel
80,Dal She'Am 'Ill,Israel
81,Dal Shemona,Israel
82,Daliya,Israel
83,Dan,Israel
84,Das,Israel
85,Dav,Israel
86,Dbir Ha'Ayishay,Israel
87,Dbir Hagelilit,Israel
88,Ddir,Israel
89,Dera,Israel
90,Derad,Israel
91,Deradim,Israel
92,Derat 'Eqron,Israel
93,Derat 'Illit,Israel
94,Derat Sham,Israel
95,Deroham,Israel
96,Derohams,Israel
97,Derot,Israel
98,Dfa,Israel
99,Dfan Al-Ghanam,Israel
100,Dger,Israel
101,Di'In Ilit,Israel
102,Dir,Israel
103,Djdleii Eh Vata,Israel
104,Djdllit,Israel
105,Djelelilit,Israel
106,Djmre,Israel
107,Djrliya,Israel
108,Dlia,Israel
109,Dlibir Ha'Ayin,Israel
110,Dlilit,Israel
111,Dlim,Israel
112,Dlit,Israel
113,Dljilyt,Israel
114,Dmirias,Israel
115,Dqir,Israel
116,Dqriyat Manda,Israel
117,Dt Iha,Israel
118,Dt Irat Taiyiba,Israel
119,Dv'At Ata,Israel
120,Dv'It,Israel
121,Dv'It Makkabbim,Israel
122,Dv'It Manda,Israel
123,Dvasseret 'Eqro,Israel
124,Dvrit,Israel
125,Dyerot,Israel
126,E`Erna,Israel
127,Ed Qra,Israel
128,Ed Tribe,Israel
129,Ed Triberias,Israel
130,Ederot,Israel
131,Ehdvaisiona,Israel
132,Ehdvasseret Sha,Israel
133,El-Ghanam,Israel
134,Eqlon,Israel
135,Esda'Av,Israel
136,Fal,Israel
137,Fal Ha'Ayin,Israel
138,Fal Ha`Emeq,Israel
139,Fal Hagelilit,Israel
140,Fal Hanna,Israel
141,Fal Karmel,Israel
142,Fal Kurum,Israel
143,Fal Sha'Av,Israel
144,Fal Shemesh,Israel
145,Fal Shemona,Israel
146,Fal Yehuda,Israel
147,Far Yehuda,Israel
148,Fat Ata,Israel
149,Fat Gat,Israel
150,Fat Karmi'El,Israel
151,Fat She'Am 'Ill,Israel
152,Fat She'Ara Ban,Israel
153,Fat Yam,Israel
154,Fat Yasif,Israel
155,Firat Ata,Israel
156,Fl'Akhi,Israel
157,Flat,Israel
158,Fqriya Pituah,Israel
159,Fula,Israel
160,G'Al,Israel
161,G'Ara Banegev,Israel
162,Gan,Israel
163,Gbrrksulis,Israel
164,Gda',Israel
165,Gdal 'Ashay,Israel
166,Gdal Ha'Ayin,Israel
167,Gdal Ha'Ayish,Israel
168,Gdal Hadaj,Israel
169,Gdal Hanna,Israel
170,Gdal Karmel,Israel
171,Gdal Karmi'El,Israel
172,Gdal Konu,Israel
173,Gdal Kurum,Israel
174,Geh,Israel
175,Ggan,Israel
176,Ggarish,Israel
177,Ghar,Israel
178,Gharbiya,Israel
179,Gharbiya Pituah,Israel
180,Gharbiyat 'Eqro,Israel
181,Gharbiyat -Nuja,Israel
182,Gharbiyat Yisho,Israel
183,Ghdrin,Israel
184,Gon,Israel
185,Gqalem,Israel
186,Gsiryat Yam,Israel
187,Gva,Israel
188,Gva',Israel
189,Gvatayid Tribe,Israel
190,Gvatayid Tribei,Israel
191,Gvatayid Triber,Israel
192,Gvatayim,Israel
193,Gwdi'In Mal'Akh,Israel
194,Gwela,Israel
195,Gwelaliyat Shem,Israel
196,Gwri'Ana,Israel
197,Gwri'Anam,Israel
198,Gwrishon Leziyy,Israel
199,H Kurum,Israel
200,Hbyanuah,Israel
201,Hidl Mond,Israel
202,Hj'Al Shmuel,Israel
203,Hjbaiyiba,Israel
204,Hjdaj,Israel
205,Hjdeida Makkabb,Israel
206,Hjdeida Manda,Israel
207,Hjfal She'Am 'I,Israel
208,Hjfal She'An,Israel
209,Hjhalgm,Israel
210,Hjjerusale Iron,Israel
211,Hjjerusalen,Israel
212,Hjmer,Israel
213,Hjubi Brak,Israel
214,Hjva,Israel
215,Hjvasseret Shev,Israel
216,Ibir Hadaj,Israel
217,Ida Manda,Israel
218,Ide Drin,Israel
219,Ide Oqne'Am 'Il,Israel
220,Ifa,Israel
221,Igaa,Israel
222,Iilit,Israel
223,Ilgt,Israel
224,Ilktyhat,Israel
225,Ilqiyya,Israel
226,Ilqiyyon,Israel
227,Ilqt,Israel
228,Ilsha'Anam,Israel
229,Ilstyiya Pituah,Israel
230,Im Re'Ut,Israel
231,Imatlelilit,Israel
232,Ira,Israel
233,Irat 'Eqron,Israel
234,Irat Sheva',Israel
235,Irohamna,Israel
236,Ishak,Israel
237,It Makr,Israel
238,Ivatayim,Israel
239,Izangarim,Israel
240,J-Lam,Israel
241,Jadderad,Israel
242,Jafula,Israel
243,Jalda,Israel
244,Jaljulya,Israel
245,Jbli-Umm Al Kar,Israel
246,Jdal Ha'Ayin,Israel
247,Jdal Ha`Emeq,Israel
248,Jdal Karmel,Israel
249,Jdal Karmi'El,Israel
250,Jdal Kurum,Israel
251,Jdal Shemona,Israel
252,Jdbli-Umm Al-Gh,Israel
253,Jddera,Israel
254,Jdderad,Israel
255,Jdderohams,Israel
256,Jdeida Mal'Akhi,Israel
257,Jdeida Manda,Israel
258,Jdfi'Ana,Israel
259,Jdfira,Israel
260,Jdie,Israel
261,Jdle,Israel
262,Jdleiia,Israel
263,Jdleitar,Israel
264,Jdleiya,Israel
265,Jdlen,Israel
266,Jdlet,Israel
267,Jdlin,Israel
268,Jdlit,Israel
269,Jedelaliya,Israel
270,Jffa,Israel
271,Jilyon,Israel
272,Jilyt,Israel
273,Jiryat Gat,Israel
274,Jiryat Hefer,Israel
275,Jiryat Shmuel,Israel
276,Jlfisa,Israel
277,Jliya,Israel
278,Jllit,Israel
279,Jlul,Israel
280,Jmde,Israel
281,Jmlelilit,Israel
282,Jtlshams,Israel
283,Judeida Makkabb,Israel
284,Jvasseret Dagan,Israel
285,Jzrin,Israel
286,Kabbim Re'Ut,Israel
287,Karmel,Israel
288,Kbbum,Israel
289,Kdyun,Israel
290,Kgran,Israel
291,Khav Yam,Israel
292,Khav Yasif,Israel
293,Khavim,Israel
294,Kkabbim Re'Ut,Israel
295,Kkbbli-Umm Al K,Israel
296,Kmarsma,Israel
297,Ks'Am 'Illit,Israel
298,Kwbrna,Israel
299,L Ha`Emeq,Israel
300,L Karmel,Israel
301,L Mond,Israel
302,L Sham,Israel
303,L'Ikhavim,Israel
304,L-Ghanana,Israel
305,L-Gharbiya,Israel
306,Lbiya,Israel
307,Lfa,Israel
308,Lgsham,Israel
309,Lqkurum,Israel
310,Ls`Am,Israel
311,Lsham,Israel
312,Lva,Israel
313,Lzmona,Israel
314,Lzrin,Israel
315,Mdgdilit,Israel
316,Mdgdrin,Israel
317,Mer,Israel
318,Mesh,Israel
319,Mgaliya,Israel
320,Mgerias,Israel
321,Mgggrrrasba,Israel
322,Mgifra,Israel
323,Migdal Hadaj,Israel
324,Mkgariya,Israel
325,Mona,Israel
326,Mva',Israel
327,Mwsshzyon,Israel
328,Mzliya Pituah J,Israel
329,Mzran,Israel
330,Nel Sheva',Israel
331,Ner Shemesh,Israel
332,Nza,Israel
333,Od 'L Ilit,Israel
334,Od 'Llit,Israel
335,Od Ira,Israel
336,Od Irat Manda,Israel
337,Od Irat Ye'Ana,Israel
338,Od Irat Yishay,Israel
339,Odai,Israel
340,Odeida Makr,Israel
341,Odeida Mal'Akhi,Israel
342,Os Gziryat Shem,Israel
343,Q'Inl,Israel
344,Qaredas,Israel
345,Qariel,Israel
346,Qazera,Israel
347,Qdeida Makkabbi,Israel
348,Qdeida Manda,Israel
349,Qdiyon,Israel
350,Qdmiret Dagan,Israel
351,Qgan,Israel
352,Qjaydat,Israel
353,Qliya Pituah Ja,Israel
354,Qlrusale Iron,Israel
355,Qlryut,Israel
356,Qme',Israel
357,Qme'Anana,Israel
358,Qqriya,Israel
359,Qriya,Israel
360,Qriya Pituah,Israel
361,Qsrmul,Israel
362,Qve',Israel
363,Qweet Dagan,Israel
364,Qyanpa,Israel
365,Qziyyon,Israel
366,Qzono,Israel
367,R-Gaalem,Israel
368,R-Gharbiya,Israel
369,Rat Manda,Israel
370,Rdesiyyon,Israel
371,Rfat Shmuel,Israel
372,Ril,Israel
373,Rish,Israel
374,Rmel,Israel
375,Rqiyyon,Israel
376,Rsbam 'Illit,Israel
377,Ryat Al Ha'Ayin,Israel
378,Ryit,Israel
379,S-Gyarpirua,Israel
380,Sadelilit,Israel
381,Sblik,Israel
382,Sda,Israel
383,Sda',Israel
384,Sda'An,Israel
385,Sdal Karmi'El,Israel
386,Sdam,Israel
387,Sde'Ariya Pitua,Israel
388,Sdeida Manda,Israel
389,Sdera,Israel
390,Sderat Gat,Israel
391,Sderat Yam,Israel
392,Sderat Yehuda,Israel
393,Sderoham,Israel
394,Sdim,Israel
395,Sfa,Israel
396,Sfat Yishon Lez,Israel
397,Shak,Israel
398,Shay,Israel
399,Sheyam,Israel
400,Shibli-Umm Al K,Israel
401,Shiya,Israel
402,Sibir Haderat T,Israel
403,Sif,Israel
404,Sjliyat Al-Ghan,Israel
405,Sme,Israel
406,Smet,Israel
407,Smibi,Israel
408,Ssiyyon,Israel
409,St Jerusalem,Israel
410,Sulis,Israel
411,Svam,Israel
412,Sziyyon,Israel
413,T Banegev,Israel
414,T Hefer,Israel
415,T Shemesh,Israel
416,T Shemona,Israel
417,T Weradim,Israel
418,T Ye'Arim,Israel
419,T Ziona,Israel
420,Tamra,Israel
421,Tan,Israel
422,Tda,Israel
423,Tdar,Israel
424,Tdeida Manda,Israel
425,Tgarim,Israel
426,Tgariya,Israel
427,Tibe,Israel
428,Til Iyr,Israel
429,Timanda,Israel
430,Tmiud,Israel
431,Tona,Israel
432,Tqziyya,Israel
433,Trabiya,Israel
434,Tsua ,Israel
435,Tushmuel,Israel
436,Tv'Itlhat,Israel
437,Twat 'Eqron,Israel
438,Twsanemasaf,Israel
439,Tzayzon,Israel
440,Tzrin,Israel
441,U`Eina,Israel
442,Uayin,Israel
443,Uda,Israel
444,Ul Ilit,Israel
445,Ul Ion,Israel
446,Ulis,Israel
447,Uyi,Israel
448,V 'Ae Al-Ghar,Israel
449,V 'Al,Israel
450,V 'Azar,Israel
451,V'At,Israel
452,V'At 'Illit,Israel
453,V'At Al Sham,Israel
454,V'At Al-Ghana,Israel
455,V'At Manda,Israel
456,V'At Yehuda,Israel
457,V'Bt Ziona,Israel
458,V`'Aual,Israel
459,V`Qanemas Al Ku,Israel
460,Va',Israel
461,Vasseret Dagan,Israel
462,Vasseret She'An,Israel
463,Vasseret Shemes,Israel
464,Vasseret Shemon,Israel
465,Vasseret Ziyya,Israel
466,Vasseret Ziyyon,Israel
467,Vatayim,Israel
468,Vfa,Israel
469,Vi',Israel
470,Vj'Al,Israel
471,Vm'Ahigaaiyiba,Israel
472,Vm'Ariya,Israel
473,Vne,Israel
474,Vos,Israel
475,Vosh Ha'Ayishon,Israel
476,Vq'An,Israel
477,Vq'Ana,Israel
478,Vq'Ananam,Israel
479,Vs'Am 'Ilut,Israel
480,Vtsshzyanpa,Israel
481,Vv'At,Israel
482,Vv'At 'Illit,Israel
483,Vv'At Gat,Israel
484,Vv'At Hefer,Israel
485,Vv'At Karmel,Israel
486,Vv'At Yehud,Israel
487,Vv'Tt Banegev,Israel
488,Vv'Tt Ilit,Israel
489,Vv'Tt Ya'Ir,Israel
490,Vvatayid Tribe,Israel
491,Vvatayid Triber,Israel
492,Vzor Hagelilit,Israel
493,Vzrtna,Israel
494,Wat Makr,Israel
495,Wdat,Israel
496,Wlat,Israel
497,Wssaf,Israel
498,Wssal,Israel
499,Wssale Iron,Israel
500,Wssalem,Israel
501,Wssay,Israel
502,Wssayet Dagan,Israel
503,Wssazemesh,Israel
504,Wsshzyanpa,Israel
505,Wsshzyiya,Israel
506,Wsshzyiya Pitua,Israel
507,Wsshzymona,Israel
508,Wsshzyon,Israel
509,Wssor Ha'Ayin,Israel
510,Y'Vra,Israel
511,Yanuah,Israel
512,Yd Tlelilit,Israel
513,Ydstrjelul,Israel
514,Ygfar Weradim,Israel
515,Yif'At,Israel
516,Yjvne,Israel
517,Yliya,Israel
518,Ymv'At Ya'Ir,Israel
519,Ysshiyon,Israel
520,Ysufe,Israel
521,Yukhavim,Israel
522,Yvf'At Hefer,Israel
523,Yvna,Israel
524,Ywian,Israel
525,Ywvasseret Zion,Israel
526,Yzrhnee,Israel
527,Yzrin,Israel
528,Z Rhariya Pitua,Israel
529,Zarzir,Israel
530,Zdrel Mond,Israel
531,Ziryat Gat,Israel
532,Ziryat Shemesh,Israel
533,Zkrrmel,Israel
534,Zlrat Makkabbim,Israel
535,Zlrishon Leziyy,Israel
536,Zlryat Manda,Israel
537,Zme',Israel
538,Zmrnde,Israel
539,Zon,Israel
540,Zono,Israel
541,Zor,Israel
542,Zor Hadaj,Israel
543,Zor Haderadim,Israel
544,Zor Hanna,Israel
545,Zrin,Israel
546,Zur,Israel
547,`Jjne,Israel
548,`Jne,Israel
549,`June,Israel
