,Name,Origin
0, -Nv-Carranuova,Italy
1, Al Di Jeso,Italy
2, Annunziaterlet,Italy
3, Argento Castel,Italy
4, Bdia,Italy
5, Bolli,Italy
6, Cana,Italy
7, Fameziata,Italy
8, Guartoferraio,Italy
9, In Vulture,Italy
10, Lago,Italy
11, Ligure,Italy
12, Monte Sant'Ale,Italy
13, Perto,Italy
14, Qulu,Italy
15, Scangelo,Italy
16, Sul Seveso,Italy
17, Valpoli,Italy
18, Valtino,Italy
19,'Algare,Italy
20,'Eviftuno,Italy
21,'Gumlravallasor,Italy
22,'Tuno,Italy
23,'Zuto,Italy
24,-Anlo,Italy
25,-Caigure,Italy
26,-Casamasso Di J,Italy
27,-Casano,Italy
28,-Casteldagnano,Italy
29,-Chio,Italy
30,-Dfcinati,Italy
31,-Ello,Italy
32,-Fontaro,Italy
33,-Lfjoso,Italy
34,-Liano Di Liven,Italy
35,-Na-La Colla,Italy
36,-Noxo,Italy
37,-O-Castello,Italy
38,-Roitilea,Italy
39,-Santana-La Cro,Italy
40,A Ligure,Italy
41,A-Sano,Italy
42,Aarentova,Italy
43,Abcina,Italy
44,Acco,Italy
45,Aderea,Italy
46,Adessera Di Sev,Italy
47,Aeria,Italy
48,Aeriol,Italy
49,Aggio,Italy
50,Agiuseppe Jaton,Italy
51,Agrata,Italy
52,Agrate,Italy
53,Agrategratana,Italy
54,Aiano,Italy
55,Ajaeo,Italy
56,Alessino,Italy
57,Alrivio,Italy
58,Ambrogiorgio,Italy
59,Ampezzo,Italy
60,Amura,Italy
61,Ano,Italy
62,Ano Sul Rubicon,Italy
63,Anon - Rittoren,Italy
64,Aoporto,Italy
65,Aorma,Italy
66,Aovuidone,Italy
67,Aplletranuovi D,Italy
68,Ara,Italy
69,Ara Dellalbanet,Italy
70,Ara Inferro Gar,Italy
71,Arcogli Abruzzi,Italy
72,Arcolino-Martin,Italy
73,Arenon Albiata,Italy
74,Aria,Italy
75,Ariano,Italy
76,Artini Goti,Italy
77,Artu Santore,Italy
78,Arvella,Italy
79,Asca,Italy
80,Aserro,Italy
81,Assano Al Di Ti,Italy
82,Asse-Santegrate,Italy
83,Assero In Rio,Italy
84,Asserticheriana,Italy
85,Assinascore Alb,Italy
86,Assomezia Degli,Italy
87,Atani,Italy
88,Atano,Italy
89,Ate,Italy
90,Ate Santoriano-,Italy
91,Atrevio,Italy
92,Atrittimomannun,Italy
93,Atvant'Egidio D,Italy
94,Avo,Italy
95,Azzurranco Di A,Italy
96,B Sullo,Italy
97,B-Carmano-Marit,Italy
98,Bbiaco,Italy
99,Bbiano,Italy
100,Bbiate,Italy
101,Bbiate Bolognes,Italy
102,Bbio,Italy
103,Bgiomanni,Italy
104,Bgressone,Italy
105,Bico,Italy
106,Bicolo,Italy
107,Bisacco,Italy
108,Bito Terme,Italy
109,Bngelo,Italy
110,Bnia Ponte,Italy
111,Bolzano,Italy
112,Borgonza,Italy
113,Boscorre Olona ,Italy
114,Brusano,Italy
115,Brusaportoferia,Italy
116,Camo,Italy
117,Candriano,Italy
118,Ccalmuto,Italy
119,Ccari,Italy
120,Ccello,Italy
121,Cco,Italy
122,Cco-San Gramo,Italy
123,Ccona,Italy
124,Cconio,Italy
125,Celle,Italy
126,Celle Pesa,Italy
127,Centico,Italy
128,Cera Inferro Ma,Italy
129,Cerana,Italy
130,Che,Italy
131,Chiaianate Sant,Italy
132,Cia,Italy
133,Cianiga,Italy
134,Cigno,Italy
135,Ciliano,Italy
136,Ciliano-Ostigna,Italy
137,Cino,Italy
138,Clusonovo Di Ta,Italy
139,Cnia,Italy
140,Colo,Italy
141,Conate,Italy
142,Cquavignola,Italy
143,Crescalimerana ,Italy
144,Cri,Italy
145,Csscrana,Italy
146,Ctripaldiero,Italy
147,Ctripallo,Italy
148,Dciacull'Alba,Italy
149,Dco,Italy
150,Ddfareggia,Italy
151,Del Fusaportino,Italy
152,Del Montinalda,Italy
153,Dengo,Italy
154,Dgllo-Casalate,Italy
155,Di Pertanati,Italy
156,Digoncorreggia,Italy
157,Dii,Italy
158,Dio,Italy
159,Dirola,Italy
160,Dligant'Agatani,Italy
161,Doli,Italy
162,Dolino In Vitin,Italy
163,Driano Terme,Italy
164,Drio Tor Lupara,Italy
165,Duiembiaco,Italy
166,Ealentino Nella,Italy
167,Eda,Italy
168,Efano Irpino,Italy
169,Egania,Italy
170,Egere Boldogno,Italy
171,Egerea,Italy
172,Egeria A Vibrat,Italy
173,Egero,Italy
174,Egersalenzanova,Italy
175,Eggiano,Italy
176,Egguodi Jesolar,Italy
177,Egidio Al Vesuv,Italy
178,Egidio Della,Italy
179,Egidio Di Capor,Italy
180,Egidio Di Trent,Italy
181,Egodengo-Saiano,Italy
182,Egole,Italy
183,Egonia,Italy
184,Egonovo-Fonto D,Italy
185,Eina Santa,Italy
186,Elendel Monte P,Italy
187,Ellasciola-San ,Italy
188,Ello,Italy
189,Eni,Italy
190,Enicate,Italy
191,Entino,Italy
192,Eria,Italy
193,Eria A Vico Di ,Italy
194,Eria Anto Su Le,Italy
195,Eriano,Italy
196,Erignano Dei No,Italy
197,Erigno,Italy
198,Erio,Italy
199,Erqa Guarticeli,Italy
200,Esatino Milana,Italy
201,Essa,Italy
202,Esso,Italy
203,Estello,Italy
204,Eta,Italy
205,Etegrottaro,Italy
206,Etellascorreggi,Italy
207,Etrallo Al Di S,Italy
208,Etrepuzzi,Italy
209,Etta,Italy
210,Etta Di Cesareg,Italy
211,Ette,Italy
212,Eueo Termigno,Italy
213,Evefnano-Castel,Italy
214,Evio,Italy
215,Ezzeli,Italy
216,Ezzelio,Italy
217,Fbergo Vi,Italy
218,Feri,Italy
219,Ferio,Italy
220,Ferio Di Levers,Italy
221,Ferio Di Pescar,Italy
222,Ferraio,Italy
223,Ferrancavillo,Italy
224,Ferranuova,Italy
225,Ferro In Pietro,Italy
226,Flrano,Italy
227,Flrantania,Italy
228,Flravagno,Italy
229,Fmescant'Elende,Italy
230,Fmessievesola G,Italy
231,Fnese,Italy
232,Forli,Italy
233,Fornalunga,Italy
234,Fredonia,Italy
235,Fressomelino,Italy
236,Fusano,Italy
237,G'Ino,Italy
238,Gdimina Di Sott,Italy
239,Gdiminia,Italy
240,Ggare,Italy
241,Ggiore Olona,Italy
242,Ggoato,Italy
243,Ggomo,Italy
244,Ggrill'Adda,Italy
245,Ghiena,Italy
246,Gilia,Italy
247,Giuli,Italy
248,Gmande,Italy
249,Gmerano,Italy
250,Gna,Italy
251,Gno,Italy
252,Gnola,Italy
253,Gole,Italy
254,Gonie,Italy
255,Gono,Italy
256,Gonopol Campoli,Italy
257,Gonovo De'Gotta,Italy
258,Goria,Italy
259,Gorla D'Alta Mi,Italy
260,Gorle,Italy
261,Gorli,Italy
262,Gramonte Sul Ru,Italy
263,Greriano Di Bri,Italy
264,Gresano,Italy
265,Grotta,Italy
266,Grottana,Italy
267,Grumo Termoli,Italy
268,Gsut Atorio,Italy
269,Gubbia,Italy
270,Gubbio,Italy
271,Gussago,Italy
272,Gusse-San Fere,Italy
273,Gvarate,Italy
274,Heriano-Casteld,Italy
275,Hiena,Italy
276,Hiiboldo,Italy
277,Hlione,Italy
278,Huvere Marto,Italy
279,Ia A Vitto Term,Italy
280,Iaco,Italy
281,Iana-La Casare,Italy
282,Ianicolini Di M,Italy
283,Iano,Italy
284,Iano A Terme,Italy
285,Iano D'Adda,Italy
286,Iano-Cartiri,Italy
287,Ianon - Rittamu,Italy
288,Ianovolistana D,Italy
289,Iavegno,Italy
290,Icandia,Italy
291,Icu,Italy
292,Iero,Italy
293,Ignacavara,Italy
294,Iia,Italy
295,Ilea,Italy
296,Illa,Italy
297,Imo,Italy
298,Ina Di Renone,Italy
299,Inampolistandri,Italy
300,Inatino-Carmiro,Italy
301,Ino,Italy
302,Ino Nellato,Italy
303,Iragnano Di Ann,Italy
304,Irago,Italy
305,Irantania,Italy
306,Irata Di San Gi,Italy
307,Iregiaricentova,Italy
308,Irello,Italy
309,Isacca,Italy
310,Iso,Italy
311,Issa,Italy
312,Issano,Italy
313,Ita Bria,Italy
314,Iternale,Italy
315,Ivena,Italy
316,Ivitavegnandia,Italy
317,Jato,Italy
318,Lambergamona,Italy
319,Lambiata Capo R,Italy
320,Lambrogiore Mar,Italy
321,Lana Di Jesola,Italy
322,Laranciano,Italy
323,Lascarioli,Italy
324,Lateriore Argen,Italy
325,Lbanese,Italy
326,Lbmbiata,Italy
327,Lbmona,Italy
328,Lco,Italy
329,Ldgnacavara,Italy
330,Ldure,Italy
331,Le Grago,Italy
332,Leggiorezzo,Italy
333,Lempoliania,Italy
334,Leno Al Di Casa,Italy
335,Leone,Italy
336,Lguido In Paolo,Italy
337,Limenda,Italy
338,Ljano Di San Ma,Italy
339,Llia,Italy
340,Lma Castello-Ca,Italy
341,Lmbianatina,Italy
342,Lmena,Italy
343,Lmlna Di Caport,Italy
344,Lo Albino,Italy
345,Lo Del Monopoli,Italy
346,Lo Valtino,Italy
347,Lqurviano Irpin,Italy
348,Lrivita Di Jeso,Italy
349,Lugo,Italy
350,Lulatonando,Italy
351,Lumbiaco,Italy
352,Lunga,Italy
353,Lvantania,Italy
354,Lvedetto,Italy
355,Lvizzanese,Italy
356,Lvizzurrandro I,Italy
357,Lvlttritte,Italy
358,Mace,Italy
359,Manese,Italy
360,Manni,Italy
361,Mano-Ostignano ,Italy
362,Martirino,Italy
363,Mazara,Italy
364,Mbia,Italy
365,Mbiano San Gior,Italy
366,Mbiate,Italy
367,Mbiate Sant'Aga,Italy
368,Mbio,Italy
369,Messa,Italy
370,Miso,Italy
371,Motta,Italy
372,Mpno Di Ligure,Italy
373,Mrzzuto,Italy
374,Mura,Italy
375,Musano,Italy
376,Mussero,Italy
377,N-Naxos,Italy
378,Naito Superate,Italy
379,Nale,Italy
380,Nalena,Italy
381,Natinore,Italy
382,Nbe,Italy
383,Nbiano,Italy
384,Nbiasio,Italy
385,Nbvonateriatell,Italy
386,Ndbio,Italy
387,Ndiano,Italy
388,Ndiano-Cartu Sa,Italy
389,Ndinaldagnano D,Italy
390,Ndineta,Italy
391,Ndino,Italy
392,Ndo,Italy
393,Nesianza,Italy
394,Ngelo,Italy
395,Ngo-San Caporto,Italy
396,Ngrillo,Italy
397,Nia,Italy
398,Nia Torrengo,Italy
399,Nico,Italy
400,Nie,Italy
401,Nigasio,Italy
402,Nii,Italy
403,Nilla,Italy
404,Nivazzuto,Italy
405,Nladoseto Stezz,Italy
406,Nlba,Italy
407,Nle,Italy
408,Nni,Italy
409,Nni In Pieto,Italy
410,Nni In Vulture,Italy
411,Nno Di Lupara,Italy
412,No Delo,Italy
413,Nocerate Primo,Italy
414,Nola,Italy
415,Non Albiata,Italy
416,Novanni In Cesa,Italy
417,Novi,Italy
418,Novo-Fonta,Italy
419,Npdena,Italy
420,Nquviano,Italy
421,Nre Boarine,Italy
422,Ns'Atdia,Italy
423,Nscore,Italy
424,Nttorre Bagno,Italy
425,Nza,Italy
426,Nzano,Italy
427,Nzano Di Casala,Italy
428,Nzano Martiglio,Italy
429,Nzia Po,Italy
430,Nzli,Italy
431,O Marto Casero,Italy
432,O Vi,Italy
433,O-Casal Di Cast,Italy
434,O-Castelle Ligu,Italy
435,O-Martese,Italy
436,Oaasco,Italy
437,Oariore,Italy
438,Obbia,Italy
439,Oci,Italy
440,Ogiia Della,Italy
441,Ogiziatelvetros,Italy
442,Ol ,Italy
443,Ola-San Fermoli,Italy
444,Olbino,Italy
445,Oli,Italy
446,Olla,Italy
447,Olla Del Martin,Italy
448,Olla San Martu ,Italy
449,Olle,Italy
450,Olle Brescalnat,Italy
451,Olleferraio,Italy
452,Olleferro,Italy
453,Olleto,Italy
454,Olletrano,Italy
455,Olli,Italy
456,Olo,Italy
457,Omano,Italy
458,Ommaredo Di Jes,Italy
459,Ommatino,Italy
460,On Albanella,Italy
461,On Albano,Italy
462,On Albertico,Italy
463,On Albertino,Italy
464,One,Italy
465,Onegliano,Italy
466,Onegonia,Italy
467,Onio,Italy
468,Onrelladoseto,Italy
469,Oqdia,Italy
470,Ore,Italy
471,Orgo,Italy
472,Orgolettario Pa,Italy
473,Orgonia,Italy
474,Orgonzolognese,Italy
475,Orgori,Italy
476,Oristel Treviso,Italy
477,Ornalda,Italy
478,Orzinuova,Italy
479,Ossandiano,Italy
480,Otv,Italy
481,Ova,Italy
482,Ovant'Egidio,Italy
483,Ovi,Italy
484,Ovii,Italy
485,Ovo Vi,Italy
486,Ovoli,Italy
487,Ovolta Di Recan,Italy
488,Pande,Italy
489,Pcsagliano,Italy
490,Pdina Porto,Italy
491,Pgole,Italy
492,Pgragnano,Italy
493,Pia,Italy
494,Pirelleto Reno,Italy
495,Pluog Ore,Italy
496,Pmino,Italy
497,Pomelinza,Italy
498,Pontegrata,Italy
499,Ppanice,Italy
500,Ppaniceto,Italy
501,Ppanigi,Italy
502,Ppaniva De Tren,Italy
503,Ppano,Italy
504,Ppano In Piano,Italy
505,Ppara Di Piano,Italy
506,Pparano,Italy
507,Pparate,Italy
508,Ppari,Italy
509,Pparo,Italy
510,Ppe Jato,Italy
511,Ppe Valda,Italy
512,Pppno,Italy
513,Pppo Rione,Italy
514,Ppresi,Italy
515,Ppunziola,Italy
516,Presa,Italy
517,Presciano,Italy
518,Prese,Italy
519,Pslombardano,Italy
520,Pstezzo,Italy
521,Quovi,Italy
522,Qvignano,Italy
523,Qvignano-Ostigl,Italy
524,Racce,Italy
525,Radate,Italy
526,Rantina D'Oglio,Italy
527,Rara,Italy
528,Rate,Italy
529,Razie Di Aversa,Italy
530,Rbio,Italy
531,Rdeni,Italy
532,Rdia,Italy
533,Rdini,Italy
534,Re Badernacello,Italy
535,Reale,Italy
536,Reano Delle,Italy
537,Rebisacco,Italy
538,Recagni Di Ligu,Italy
539,Redda,Italy
540,Reggia,Italy
541,Reggio,Italy
542,Regnano,Italy
543,Regno-Castelle ,Italy
544,Reide,Italy
545,Rence,Italy
546,Rengo,Italy
547,Rengo-San Gemia,Italy
548,Rengo-Santo,Italy
549,Rentiche,Italy
550,Renzano,Italy
551,Renzano Di Valt,Italy
552,Rerignacilianov,Italy
553,Rerio,Italy
554,Rese,Italy
555,Resiuni,Italy
556,Reto,Italy
557,Reto Di Livena ,Italy
558,Retta,Italy
559,Rezzano,Italy
560,Rfgna,Italy
561,Ria,Italy
562,Riani,Italy
563,Riano In Vultur,Italy
564,Riate,Italy
565,Riate Santassin,Italy
566,Rignano,Italy
567,Rmia,Italy
568,Rng Msderzo,Italy
569,Roce Sull'Adda,Italy
570,Rola-Ducena,Italy
571,Rpandrivitavena,Italy
572,Rsano,Italy
573,Rsttimo,Italy
574,Rtinalento,Italy
575,Rto,Italy
576,Rvattella Sala,Italy
577,Rza,Italy
578,San Giuseppe Va,Italy
579,San Speranta,Italy
580,Savena,Italy
581,Sbelvedetta Di ,Italy
582,Sbracco,Italy
583,Sca,Italy
584,Scalia,Italy
585,Scampo,Italy
586,Sclonacco,Italy
587,Sctomanni,Italy
588,Sina,Italy
589,Sina Scalo,Italy
590,Sludecchio,Italy
591,Sno,Italy
592,Sommena,Italy
593,Sor,Italy
594,Sorso,Italy
595,Ssande,Italy
596,Ssano D'Arnobbi,Italy
597,Ssano Di Tirre ,Italy
598,Ssanovo D'Aless,Italy
599,Ssate,Italy
600,Ssaterlentini-N,Italy
601,Sscgania Antone,Italy
602,Sserto Su Lecch,Italy
603,Ssima,Italy
604,Ssino,Italy
605,Ssiragnano Di L,Italy
606,Ssirago,Italy
607,Ssmmicino,Italy
608,Ssone,Italy
609,Ssun Ritto Dell,Italy
610,Ssurza,Italy
611,Stel Colle Font,Italy
612,Stella,Italy
613,Stronta Di Tivo,Italy
614,Subico,Italy
615,T'Ogli Atelfior,Italy
616,Ta Crea,Italy
617,Tale,Italy
618,Tallo,Italy
619,Tano,Italy
620,Tatera,Italy
621,Taterboldognese,Italy
622,Tattana-Casale ,Italy
623,Tattimo,Italy
624,Tattina,Italy
625,Tattinalda,Italy
626,Tdesiano,Italy
627,Teano,Italy
628,Tecana,Italy
629,Teggio,Italy
630,Tegidi,Italy
631,Tegidio Di San ,Italy
632,Tegidio Di Scal,Italy
633,Tegodena,Italy
634,Tegodi Perta,Italy
635,Tegono,Italy
636,Telfrana,Italy
637,Telle,Italy
638,Telletta,Italy
639,Telmini Di Abru,Italy
640,Tenigasigli Anc,Italy
641,Tesceminorezzo ,Italy
642,Tezzelio,Italy
643,Tgrotto,Italy
644,Tnaldogno-Marti,Italy
645,Tpo,Italy
646,Trecana,Italy
647,Trevesoletri,Italy
648,Trevio,Italy
649,Treviolombardia,Italy
650,Trevis,Italy
651,Tri,Italy
652,Tsanta Di Pesa,Italy
653,Tsgrano,Italy
654,Ttamura,Italy
655,Tvaglio Paolo,Italy
656,Tvandel Maresio,Italy
657,Tvattaro,Italy
658,Tveve,Italy
659,Tvmicolle Brent,Italy
660,Tzzuto,Italy
661,Tzzzlll Albino,Italy
662,Ure,Italy
663,Urticolo,Italy
664,Usano-Cardo,Italy
665,Useppe Jato,Italy
666,Useppe Val Camp,Italy
667,Useppe Valdo,Italy
668,Useppe Vallo-Ca,Italy
669,Useppe Valtide,Italy
670,Useppe Valtidon,Italy
671,Useppe Vecchio ,Italy
672,Useppe Vesuvian,Italy
673,Useppe Vesuvio,Italy
674,Ussano,Italy
675,Ussonova Boarin,Italy
676,Vabnovo-Fonte P,Italy
677,Vagalato,Italy
678,Vaheiosa,Italy
679,Vaiano,Italy
680,Vaina Di Persa,Italy
681,Vamonte Albizzu,Italy
682,Vanni,Italy
683,Vaonopolistere,Italy
684,Vapaldagno,Italy
685,Varandro,Italy
686,Varelle,Italy
687,Varento,Italy
688,Varnello,Italy
689,Varni In Viulia,Italy
690,Vecastiano,Italy
691,Vecommena,Italy
692,Vecsapo Ritto R,Italy
693,Veina,Italy
694,Venne,Italy
695,Vero,Italy
696,Versa,Italy
697,Versalpusto Di ,Italy
698,Vetellona,Italy
699,Vetralla Fonte ,Italy
700,Vicnampiero,Italy
701,Villa,Italy
702,Villara,Italy
703,Villato,Italy
704,Vio,Italy
705,Vnscemianiva Di,Italy
706,Voli,Italy
707,Vona,Italy
708,Vote,Italy
709,Vzllanafredone,Italy
710,Zate,Italy
711,Zia Milana,Italy
712,Zzano,Italy
713,Zzano Di Val Di,Italy
714,Zzano Santano-C,Italy
715,Zzate,Italy
716,Zzi,Italy
717,Zzo,Italy
718,Zzo  Guartigna,Italy
719,Zzo Dellatonigi,Italy
720,Zzo Di Goti,Italy
721,Zzola,Italy
722,Zzola-Sant'Elpi,Italy
723,Zzologno,Italy
724,Zzurrano,Italy
725,Zzuto,Italy
726,Zzzano,Italy
727,Zzzi,Italy
728,Zzzlicattimo,Italy
