,Name,Origin
0, Bha,Jordan
1, Dubayhah,Jordan
2, Flrqas,Jordan
3, Kaba,Jordan
4, Slwmarit,Jordan
5,Al Mazar Al Bun,Jordan
6,Bdlnah,Jordan
7,Bdlnuitim,Jordan
8,Bkan,Jordan
9,Blli,Jordan
10,Bydhnujran,Jordan
11,D Bafh,Jordan
12,D Bafhan,Jordan
13,D City,Jordan
14,Daba,Jordan
15,Dbba,Jordan
16,Dbbah,Jordan
17,Dbia,Jordan
18,Dbin,Jordan
19,Dbnah,Jordan
20,Dbnnhijasam,Jordan
21,Dcbnyhimah,Jordan
22,Dfban,Jordan
23,Dhbah,Jordan
24,Dibah,Jordan
25,Dita,Jordan
26,Djban,Jordan
27,Djbin,Jordan
28,Dkban,Jordan
29,Dl Ah Mha,Jordan
30,Dl Ah Mhan,Jordan
31,Dlba,Jordan
32,Dqbash Shajarat,Jordan
33,Dqbawh,Jordan
34,Dsbi,Jordan
35,Dsia,Jordan
36,Dubayhah,Jordan
37,Dybaah,Jordan
38,Ehbb,Jordan
39,Fd Nasi,Jordan
40,Fd Sawm,Jordan
41,Fdbnah,Jordan
42,Fdcnnjirah,Jordan
43,Fdinah,Jordan
44,Fdinai,Jordan
45,Fdinaiy Al Kiti,Jordan
46,Fdinaiya,Jordan
47,Fdinaiyaa,Jordan
48,Fdsnasi,Jordan
49,Fffrrqha,Jordan
50,Fffrrqhas Sir,Jordan
51,Ffraasud,Jordan
52,Ffraq,Jordan
53,Ffraq As Sir,Jordan
54,Ffraq Ash,Jordan
55,Ffraq Ash Shaja,Jordan
56,Ffraqaba,Jordan
57,Ffraqdaba,Jordan
58,Ffraqdubayhah,Jordan
59,Ffrqqas,Jordan
60,Ffrrah,Jordan
61,Ffrrah Azra,Jordan
62,Ffrrah Mhar Al ,Jordan
63,Ffrrah Mhav,Jordan
64,Ffrrah Thrnmorv,Jordan
65,Ffrraha,Jordan
66,Ffrrahah,Jordan
67,Ffrrahdmankbin,Jordan
68,Ffrrahh Shama,Jordan
69,Ffrrahhah,Jordan
70,Ffrrahhmjarah,Jordan
71,Ffrrahhmshajara,Jordan
72,Ffrrahhtjarah,Jordan
73,Ffrrahhttsrrhhs,Jordan
74,Ffrrahk Sawm,Jordan
75,Ffrrahm Sawm,Jordan
76,Ffrrahmbad,Jordan
77,Ffrrash Shajara,Jordan
78,Ffrrqh Ah Mhan,Jordan
79,Ffrrqha,Jordan
80,Ffrrqhah,Jordan
81,Ffrrqhas,Jordan
82,Ffrrqhas Sir,Jordan
83,Ffrrqhasah,Jordan
84,Ffrrqhash,Jordan
85,Ffrrqhash Shaja,Jordan
86,Ffrrqhash Sham ,Jordan
87,Ffrrqhasi,Jordan
88,Ffrrqshasamma,Jordan
89,Ffrrqshasamman,Jordan
90,Ffrsahab,Jordan
91,Fhan,Jordan
92,Fila,Jordan
93,Fkaaa,Jordan
94,Fkan,Jordan
95,Fkarah,Jordan
96,Fkbcily,Jordan
97,Fkrcqdynah,Jordan
98,Fkrrthah,Jordan
99,Fkrsyhau Ay Al ,Jordan
100,Fl Azra,Jordan
101,Fl Azraq Ash,Jordan
102,Flkqaba,Jordan
103,Flqqas,Jordan
104,Flqquaay Al Quw,Jordan
105,Flqsash Shajara,Jordan
106,Flrqah,Jordan
107,Fmkan,Jordan
108,Fmran,Jordan
109,Fqaqah,Jordan
110,Fqarah,Jordan
111,Fqrash,Jordan
112,Fqrash Shajarak,Jordan
113,Fr Abil,Jordan
114,Fr Asad,Jordan
115,Fr Sawm,Jordan
116,Fraq As Sir,Jordan
117,Fsfsiq,Jordan
118,Fyqah,Jordan
119,Fyqas,Jordan
120,Fzraq,Jordan
121,Hab,Jordan
122,Hah,Jordan
123,Ham Al Quwayr Y,Jordan
124,Ham Al Quwayrah,Jordan
125,Hama,Jordan
126,Haqah,Jordan
127,Hbjaham Al Khin,Jordan
128,Hdshamalila,Jordan
129,Hfmjnnnjirah,Jordan
130,Hhbjalawah,Jordan
131,Hkban,Jordan
132,Hkbbndhi,Jordan
133,Hkbmndaia,Jordan
134,Hkbnnhiyza,Jordan
135,Hkzma,Jordan
136,Hl Jubayhah,Jordan
137,Hl Quwayr Yusuf,Jordan
138,Hmman,Jordan
139,Jcrnyhimah,Jordan
140,Jdcinyiita,Jordan
141,Jfraq,Jordan
142,Jfrnqsisah,Jordan
143,Jran,Jordan
144,K City,Jordan
145,Kaba,Jordan
146,Kama,Jordan
147,Kamali,Jordan
148,Kamalila,Jordan
149,Kbba,Jordan
150,Kbbah,Jordan
151,Kbbndhi,Jordan
152,Kbbndhinzirah,Jordan
153,Kbbnhhjahama,Jordan
154,Kbbnhhjasas,Jordan
155,Kbbnhhjmansiiaa,Jordan
156,Kbbnhhnjarash,Jordan
157,Kbbnhhyjanab,Jordan
158,Kbbnnhijasa,Jordan
159,Kbnnhib,Jordan
160,Kcbnyhah,Jordan
161,Kcbnyhinzirah,Jordan
162,Kdbnnhinzirah,Jordan
163,Kffrrqha,Jordan
164,Kfrfqdrah,Jordan
165,Kkaba,Jordan
166,Kkbnnhib,Jordan
167,Kkbnnhijzar Al ,Jordan
168,Kkbnnhimah,Jordan
169,Kkbnnhitza,Jordan
170,Kkbnnhiyza,Jordan
171,Kkbnnhiyzaw ,Jordan
172,Kkcinyitim,Jordan
173,Kmcilyh,Jordan
174,Kqfraq As Sir,Jordan
175,L Azraq Ash,Jordan
176,L Bunayy Al Kit,Jordan
177,L Bunayy Al Quw,Jordan
178,L Bunayyat,Jordan
179,L City,Jordan
180,L Janubi,Jordan
181,L Kafr Asad,Jordan
182,L Khinzirah,Jordan
183,L Kitim,Jordan
184,L Qas,Jordan
185,L Quwayrah,Jordan
186,L Quwaysimah,Jordan
187,L Rah,Jordan
188,L Rash Shajarah,Jordan
189,L Rash Sham Al ,Jordan
190,L Wassh,Jordan
191,L`Lay,Jordan
192,Ladubayhah,Jordan
193,Lbha,Jordan
194,Lbkittah,Jordan
195,Lbwa,Jordan
196,Ldkan,Jordan
197,Ldkanray Al Bun,Jordan
198,Ldqaba,Jordan
199,Ldrah,Jordan
200,Lfdanubi,Jordan
201,Lfhan,Jordan
202,Lfjaqah,Jordan
203,Lfjarat,Jordan
204,Lfkarah,Jordan
205,Lfkiri,Jordan
206,Lfkirthh,Jordan
207,Lfqarat,Jordan
208,Lfraq,Jordan
209,Lfwarshhmsh,Jordan
210,Lhqu,Jordan
211,Likiita,Jordan
212,Lk Al Khinzirah,Jordan
213,Lk Au Ay Al Jub,Jordan
214,Lka,Jordan
215,Lkban,Jordan
216,Lkbin,Jordan
217,Lkdan,Jordan
218,Lkha,Jordan
219,Lkjanubi,Jordan
220,Lkkaba,Jordan
221,Lkkan,Jordan
222,Lkkanfbin,Jordan
223,Lkkanr Abil,Jordan
224,Lkkittah,Jordan
225,Lkla,Jordan
226,Lklan,Jordan
227,Lkman,Jordan
228,Lkqa,Jordan
229,Lkqaba,Jordan
230,Lkqubayhah,Jordan
231,Lkra,Jordan
232,Lkraq,Jordan
233,Lktan,Jordan
234,Lkwan,Jordan
235,Ll A,Jordan
236,Lla,Jordan
237,Llbu,Jordan
238,Llwah,Jordan
239,Llwmask City,Jordan
240,Lmkanr Ilah,Jordan
241,Lmquray,Jordan
242,Lmra,Jordan
243,Lqrash Shajarak,Jordan
244,Lr Al Quwayrah,Jordan
245,Ltka,Jordan
246,Ltquawy,Jordan
247,Lybunayy Al Kaf,Jordan
248,Lykamali,Jordan
249,Lymalka,Jordan
250,Lyqaham Al Quwa,Jordan
251,Lywah,Jordan
252,Lywaush,Jordan
253,Mjanabi,Jordan
254,Mjanah,Jordan
255,Mjlnnubi,Jordan
256,Mkan,Jordan
257,Mkbnnhijaham Al,Jordan
258,Mma,Jordan
259,Mman,Jordan
260,Mmlnnubi,Jordan
261,Mmmnniita,Jordan
262,Mylilah,Jordan
263,Nlbil,Jordan
264,Obh,Jordan
265,Okb,Jordan
266,Qakama,Jordan
267,Qha,Jordan
268,Qkaba,Jordan
269,Qkasas,Jordan
270,Qkban,Jordan
271,Qla,Jordan
272,Qlka,Jordan
273,Qqas,Jordan
274,Qr Al Bunayy Al,Jordan
275,R Sawm,Jordan
276,Rhkhan,Jordan
277,Rka,Jordan
278,Rkadaba,Jordan
279,Rkamalka,Jordan
280,Rkhaq Ash,Jordan
281,Sffrrqha,Jordan
282,Sh Shajarah,Jordan
283,Sk Sir,Jordan
284,Skban,Jordan
285,Sl Kitim,Jordan
286,Smffnrat,Jordan
287,T Bantit,Jordan
288,T Bunayy Al ,Jordan
289,T Jubayhah,Jordan
290,T Kuffrrqhas,Jordan
291,T Mafi,Jordan
292,T Mafilah,Jordan
293,T Mub,Jordan
294,T Mubi,Jordan
295,T Quwaysimah,Jordan
296,T Sawm,Jordan
297,T Turrah,Jordan
298,T Yafa,Jordan
299,Tfrrqhasi,Jordan
300,Tka,Jordan
301,Tlma,Jordan
302,Tt Hub,Jordan
303,Ttyhuudytay,Jordan
304,Tymah,Jordan
305,Vlka,Jordan
306,Ydinai,Jordan
307,Ydinaiytayaham ,Jordan
308,Ydinaiytiy,Jordan
309,Ydknafy,Jordan
310,Ydknirah,Jordan
311,Ydlnusifa,Jordan
312,Ydnnuiita,Jordan
313,Ydtnu,Jordan
314,Ydtnuhi,Jordan
315,Ydun,Jordan
316,Ydynah,Jordan
317,Yf Ar Al Kaffar,Jordan
318,Yfraq Ash,Jordan
319,Yftan,Jordan
320,Yfyqah,Jordan
321,Yk Ai Ash,Jordan
322,Yk Al Bunayy Al,Jordan
323,Yk Au Janubi,Jordan
324,Yk Auka,Jordan
325,Ykaba,Jordan
326,Ykama,Jordan
327,Ykamali,Jordan
328,Ykkan,Jordan
329,Ykma,Jordan
330,Yl Azraq Ash,Jordan
331,Yl Yusuf,Jordan
332,Ylka,Jordan
333,Yrah,Jordan
334,Yt Yafa,Jordan
335,Yykamali,Jordan
336,Yyyttyhan Bit,Jordan
337,Yyyttyhau Ay Al,Jordan
