,Name,Origin
0,'-Kaman,Kazakhstan
1,'-Oba,Kazakhstan
2,'-Tasu,Kazakhstan
3,'-Ya,Kazakhstan
4,'-Yaguz,Kazakhstan
5,'-Yalu,Kazakhstan
6,'-Yanovka,Kazakhstan
7,'Ar,Kazakhstan
8,'Arday,Kazakhstan
9,'Au,Kazakhstan
10,'Ayan,Kazakhstan
11,'Ayanovka,Kazakhstan
12,'Ba,Kazakhstan
13,'Basar,Kazakhstan
14,'Bau,Kazakhstan
15,'Cubokoy,Kazakhstan
16,'Du,Kazakhstan
17,'Ekay,Kazakhstan
18,'Ekayan,Kazakhstan
19,'Ekul,Kazakhstan
20,'Etbasar,Kazakhstan
21,'Gar,Kazakhstan
22,'Gub,Kazakhstan
23,'Ksu,Kazakhstan
24,'Kubas,Kazakhstan
25,'Kubasar,Kazakhstan
26,'Lsbe,Kazakhstan
27,'Qara,Kazakhstan
28,'Ryaghan,Kazakhstan
29,'Ryagharkand,Kazakhstan
30,'Ryaghashino,Kazakhstan
31,'Ryaguz,Kazakhstan
32,'Tau,Kazakhstan
33,'Tbasar,Kazakhstan
34,'Ubas,Kazakhstan
35,'Ubasar,Kazakhstan
36,'Ubulaq,Kazakhstan
37,'Ughyl,Kazakhstan
38,'Ugovodskoye,Kazakhstan
39,'Um,Kazakhstan
40,'Urban,Kazakhstan
41,'Yubks,Kazakhstan
42,-'A,Kazakhstan
43,--Kmmntagi,Kazakhstan
44,-Emey,Kazakhstan
45,-Kaman,Kazakhstan
46,-Kamenogorsk,Kazakhstan
47,-Kament,Kazakhstan
48,-Lmminn,Kazakhstan
49,-Lmmirlanovka,Kazakhstan
50,-Ma,Kazakhstan
51,-Mamynt,Kazakhstan
52,-Nal,Kazakhstan
53,-Qazghanga Buqt,Kazakhstan
54,-Raman,Kazakhstan
55,-Ulakkurgan,Kazakhstan
56,-Vaa,Kazakhstan
57,-Voashino,Kazakhstan
58,-Voaskyr,Kazakhstan
59,-Ya,Kazakhstan
60,-Yaguz,Kazakhstan
61,-Yal,Kazakhstan
62,-Yalhashimskiy,Kazakhstan
63,-Yalu,Kazakhstan
64,-Yalulovka,Kazakhstan
65,-Yaluzikkanas,Kazakhstan
66,-Yamulgqaragand,Kazakhstan
67,-Yamunger,Kazakhstan
68,-Yan,Kazakhstan
69,-Yanovka,Kazakhstan
70,-Yemkyr,Kazakhstan
71,-Zakentau,Kazakhstan
72,-Zymt'Yubulakku,Kazakhstan
73,-Zymte,Kazakhstan
74,Abay,Kazakhstan
75,Agharkanas,Kazakhstan
76,Aghashimskiy,Kazakhstan
77,Agyn,Kazakhstan
78,Akandy,Kazakhstan
79,Akkol',Kazakhstan
80,Akunobo,Kazakhstan
81,Alkashimskiy,Kazakhstan
82,Almaty,Kazakhstan
83,Aly,Kazakhstan
84,Anka,Kazakhstan
85,Antagi,Kazakhstan
86,Antau,Kazakhstan
87,Aoys,Kazakhstan
88,Aqayyng,Kazakhstan
89,Ara,Kazakhstan
90,Araly,Kazakhstan
91,Aratau,Kazakhstan
92,Araz,Kazakhstan
93,Arazhar,Kazakhstan
94,Arkandy,Kazakhstan
95,Aryaguz,Kazakhstan
96,Aryanovka,Kazakhstan
97,Aryozek,Kazakhstan
98,Arz,Kazakhstan
99,Arzlakkurgandy,Kazakhstan
100,Ashyr,Kazakhstan
101,Asu,Kazakhstan
102,Atau,Kazakhstan
103,Atu,Kazakhstan
104,Auchinsk,Kazakhstan
105,Aurabay,Kazakhstan
106,Aurlemirnovka,Kazakhstan
107,Auyl,Kazakhstan
108,Avka,Kazakhstan
109,Ayevka,Kazakhstan
110,Ayevo,Kazakhstan
111,Ayrauyl,Kazakhstan
112,Bal,Kazakhstan
113,Bar,Kazakhstan
114,Bas,Kazakhstan
115,Basar,Kazakhstan
116,Bay,Kazakhstan
117,Bem,Kazakhstan
118,Beo,Kazakhstan
119,Bes,Kazakhstan
120,Borodulikhan,Kazakhstan
121,Chakhan,Kazakhstan
122,Chan,Kazakhstan
123,Chantagi,Kazakhstan
124,Chchum,Kazakhstan
125,Chchysan,Kazakhstan
126,Chchysay,Kazakhstan
127,Chcuyievka,Kazakhstan
128,Chemolgan,Kazakhstan
129,Chino,Kazakhstan
130,Chuchino,Kazakhstan
131,Chuchinsk,Kazakhstan
132,Chysan,Kazakhstan
133,Chysay,Kazakhstan
134,Cuczino,Kazakhstan
135,Cui'Kabay,Kazakhstan
136,Cuulikhan,Kazakhstan
137,Durar Ryskul,Kazakhstan
138,Durchuchinskiy,Kazakhstan
139,Durgeyevo,Kazakhstan
140,Egen,Kazakhstan
141,Eiilhashyr,Kazakhstan
142,Eir,Kazakhstan
143,Ekeli,Kazakhstan
144,Emey,Kazakhstan
145,Emirlanovka,Kazakhstan
146,Emirlanovoye,Kazakhstan
147,Emirlanovsk,Kazakhstan
148,Emirlanovskiy,Kazakhstan
149,Emirnovka,Kazakhstan
150,Emirnovoy,Kazakhstan
151,Emirnovsk,Kazakhstan
152,Emirnovskiy,Kazakhstan
153,Ent,Kazakhstan
154,Ergen,Kazakhstan
155,Ergeyevka,Kazakhstan
156,Eteomeiovoye,Kazakhstan
157,Eteomeit,Kazakhstan
158,Eteopavlodar,Kazakhstan
159,Eteopavlodarata,Kazakhstan
160,Eteopevtaddyr,Kazakhstan
161,Eteopevtaduraba,Kazakhstan
162,Eteopgvl,Kazakhstan
163,Etuoishkulovka,Kazakhstan
164,Eyevka,Kazakhstan
165,Ezynt,Kazakhstan
166,Gan,Kazakhstan
167,Gandy,Kazakhstan
168,Gbar,Kazakhstan
169,Gekeli,Kazakhstan
170,Gen,Kazakhstan
171,Gep,Kazakhstan
172,Ger,Kazakhstan
173,Geyevka,Kazakhstan
174,Geyevo,Kazakhstan
175,Gez,Kazakhstan
176,Ghanga Buqtyrma,Kazakhstan
177,Ghanka,Kazakhstan
178,Ghar,Kazakhstan
179,Gharke,Kazakhstan
180,Gharkent,Kazakhstan
181,Ghash,Kazakhstan
182,Ghashimskiy,Kazakhstan
183,Ghashyr,Kazakhstan
184,Ghelezinka,Kazakhstan
185,Gheseovgip,Kazakhstan
186,Gievka,Kazakhstan
187,Gin,Kazakhstan
188,Gkesio,Kazakhstan
189,Govoy,Kazakhstan
190,Gur,Kazakhstan
191,Gyobe,Kazakhstan
192,Hakha,Kazakhstan
193,Hakhan,Kazakhstan
194,Hal,Kazakhstan
195,Han,Kazakhstan
196,Hanka,Kazakhstan
197,Har,Kazakhstan
198,Hardar,Kazakhstan
199,Hardaragandy,Kazakhstan
200,Harday,Kazakhstan
201,Harkandy,Kazakhstan
202,Harkent,Kazakhstan
203,Hashimskiy,Kazakhstan
204,Hayan,Kazakhstan
205,Hchum,Kazakhstan
206,Hchysan,Kazakhstan
207,Hemolgan,Kazakhstan
208,Hemolgand,Kazakhstan
209,Hemonaikhanka,Kazakhstan
210,Hgezen,Kazakhstan
211,Hobar,Kazakhstan
212,Hortand,Kazakhstan
213,Hortandy,Kazakhstan
214,Hulayevka,Kazakhstan
215,Hurabay,Kazakhstan
216,Hzyatu,Kazakhstan
217,Iekky,Kazakhstan
218,Ievka,Kazakhstan
219,Inka,Kazakhstan
220,Ino,Kazakhstan
221,Irkanas,Kazakhstan
222,Irlanovoy,Kazakhstan
223,Irlanovsk,Kazakhstan
224,Irnovka,Kazakhstan
225,Irnovsk,Kazakhstan
226,Irovka,Kazakhstan
227,Irovsk,Kazakhstan
228,Irsa,Kazakhstan
229,Ishino,Kazakhstan
230,Ishinsk,Kazakhstan
231,Ishkulov,Kazakhstan
232,Ittyshsk,Kazakhstan
233,Ivodskoy,Kazakhstan
234,Karovka,Kazakhstan
235,Karovsk,Kazakhstan
236,Kemirlanovka,Kazakhstan
237,Kha,Kazakhstan
238,Kkurgan,Kazakhstan
239,Kkurgen,Kazakhstan
240,Kkurgeyevka,Kazakhstan
241,Kkurgeyevo,Kazakhstan
242,Koye,Kazakhstan
243,Kpekty,Kazakhstan
244,Kshetau,Kazakhstan
245,Ksu,Kazakhstan
246,Ktau,Kazakhstan
247,Kteopevta,Kazakhstan
248,Kteum,Kazakhstan
249,Ktu,Kazakhstan
250,Kul,Kazakhstan
251,Kulov,Kazakhstan
252,Kulovka,Kazakhstan
253,Kum,Kazakhstan
254,Kurgan,Kazakhstan
255,Kurgen,Kazakhstan
256,Kurgeyevka,Kazakhstan
257,Kurgeyevo,Kazakhstan
258,Lenger,Kazakhstan
259,Likhan,Kazakhstan
260,Lmi,Kazakhstan
261,Lmielkys,Kazakhstan
262,Lmitlaskiy,Kazakhstan
263,Lmitnobo,Kazakhstan
264,Lumolgandy,Kazakhstan
265,Mirlanovka,Kazakhstan
266,Mirlanovoy,Kazakhstan
267,Mirlanovsk,Kazakhstan
268,Mirlanovskiy,Kazakhstan
269,Mirnovgad,Kazakhstan
270,Mirnovka,Kazakhstan
271,Mirnovodolinsk,Kazakhstan
272,Mirnovodskoye,Kazakhstan
273,Mirnovoy,Kazakhstan
274,Mirnovoye,Kazakhstan
275,Mirnovsk,Kazakhstan
276,Mirnovskiy,Kazakhstan
277,Miyqayyng,Kazakhstan
278,Mrkinskiy,Kazakhstan
279,Mryqayyng,Kazakhstan
280,Mtyqayynkum,Kazakhstan
281,Nag,Kazakhstan
282,Nrookeeiynv,Kazakhstan
283,Nsu,Kazakhstan
284,Ntagi,Kazakhstan
285,Ntau,Kazakhstan
286,Ogan,Kazakhstan
287,Okshetau,Kazakhstan
288,Oodskoye,Kazakhstan
289,Oran,Kazakhstan
290,Oranka,Kazakhstan
291,Ordar,Kazakhstan
292,Ourienke,Kazakhstan
293,Ovka,Kazakhstan
294,Ovo,Kazakhstan
295,Ovoy,Kazakhstan
296,Ovoye,Kazakhstan
297,Ovsk,Kazakhstan
298,Oye,Kazakhstan
299,Pbal,Kazakhstan
300,Pekty,Kazakhstan
301,Pelty,Kazakhstan
302,Pettopevta,Kazakhstan
303,Pettopivka,Kazakhstan
304,Pettopivla,Kazakhstan
305,Pger,Kazakhstan
306,Pntgorsk,Kazakhstan
307,Pryzgharke,Kazakhstan
308,Ptaryozek,Kazakhstan
309,Qara,Kazakhstan
310,Qaraly,Kazakhstan
311,Qaratau,Kazakhstan
312,Qaraz,Kazakhstan
313,Qarazharkanas,Kazakhstan
314,Qarqara,Kazakhstan
315,Qayynkum,Kazakhstan
316,Qtyrma,Kazakhstan
317,Qurabay,Kazakhstan
318,Rakha,Kazakhstan
319,Ran,Kazakhstan
320,Rar Ryskulov,Kazakhstan
321,Rar Ryskulovka,Kazakhstan
322,Repeytau,Kazakhstan
323,Rernovsk,Kazakhstan
324,Rgand,Kazakhstan
325,Rgeyevka,Kazakhstan
326,Rgoys,Kazakhstan
327,Rkent,Kazakhstan
328,Rku,Kazakhstan
329,Rovka,Kazakhstan
330,Rovsk,Kazakhstan
331,Rqara,Kazakhstan
332,Rran,Kazakhstan
333,Rryaghash,Kazakhstan
334,Rvka,Kazakhstan
335,Ryaghan,Kazakhstan
336,Ryaghar,Kazakhstan
337,Ryagharkentagi,Kazakhstan
338,Ryaghashino,Kazakhstan
339,Ryaghashyr,Kazakhstan
340,Ryaguz,Kazakhstan
341,Ryan,Kazakhstan
342,Ryanovka,Kazakhstan
343,Ryanovodskoy,Kazakhstan
344,Ryanovoye,Kazakhstan
345,Ryanovsk,Kazakhstan
346,Ryanovskiy,Kazakhstan
347,Ryozek,Kazakhstan
348,Rzakent,Kazakhstan
349,Rzkanas,Kazakhstan
350,Rzkanovsk,Kazakhstan
351,Rzkkntagi,Kazakhstan
352,Rzualkaman,Kazakhstan
353,Shchuchino,Kazakhstan
354,Shchum,Kazakhstan
355,Shchysay,Kazakhstan
356,Shetau,Kazakhstan
357,Shimskiy,Kazakhstan
358,Shokshetau,Kazakhstan
359,Sholymbet,Kazakhstan
360,Shortand,Kazakhstan
361,Shortandy,Kazakhstan
362,Shulakkurgen,Kazakhstan
363,Skul,Kazakhstan
364,Soran,Kazakhstan
365,Ssurgeyevka,Kazakhstan
366,Steanga Buqtyrm,Kazakhstan
367,Stobe,Kazakhstan
368,Stu,Kazakhstan
369,Stubek,Kazakhstan
370,Sul,Kazakhstan
371,Suluq,Kazakhstan
372,Suluyovodskoy,Kazakhstan
373,Surabay,Kazakhstan
374,Surchum,Kazakhstan
375,Takent,Kazakhstan
376,Takentagi,Kazakhstan
377,Takentau,Kazakhstan
378,Tandy,Kazakhstan
379,Tar,Kazakhstan
380,Tardar,Kazakhstan
381,Tareanovskiy,Kazakhstan
382,Tarkand,Kazakhstan
383,Taryanovskiy,Kazakhstan
384,Taryozek,Kazakhstan
385,Tasu,Kazakhstan
386,Tau,Kazakhstan
387,Tbas,Kazakhstan
388,Tbasar,Kazakhstan
389,Tbes,Kazakhstan
390,Tdurabay,Kazakhstan
391,Techysay,Kazakhstan
392,Temirlanovk,Kazakhstan
393,Temirlanovskiy,Kazakhstan
394,Tepnogorsk,Kazakhstan
395,Tespoyovo,Kazakhstan
396,Tespoys,Kazakhstan
397,Tgei,Kazakhstan
398,Tgorsk,Kazakhstan
399,Turgan,Kazakhstan
400,Tvka,Kazakhstan
401,Uathum,Kazakhstan
402,Ubas,Kazakhstan
403,Ubasar,Kazakhstan
404,Ubes,Kazakhstan
405,Ugay,Kazakhstan
406,Ugaysan,Kazakhstan
407,Ughnshimskiy,Kazakhstan
408,Ughyl,Kazakhstan
409,Ugirvoy,Kazakhstan
410,Ugirvoye,Kazakhstan
411,Uht-,Kazakhstan
412,Uihashyr,Kazakhstan
413,Ukul,Kazakhstan
414,Ul-Kaman,Kazakhstan
415,Ulmyelkyshsk,Kazakhstan
416,Ur'Basar,Kazakhstan
417,Urabay,Kazakhstan
418,Urar Ryskul,Kazakhstan
419,Urar Ryskulov,Kazakhstan
420,Urar Ryskulovka,Kazakhstan
421,Urban,Kazakhstan
422,Urbanas,Kazakhstan
423,Urbar,Kazakhstan
424,Urbay,Kazakhstan
425,Urben,Kazakhstan
426,Urchuchino,Kazakhstan
427,Urchuchinsk,Kazakhstan
428,Urchuchinskiy,Kazakhstan
429,Urchum,Kazakhstan
430,Urdbr,Kazakhstan
431,Urgan,Kazakhstan
432,Urgen,Kazakhstan
433,Urgeyevka,Kazakhstan
434,Urhenogorsk,Kazakhstan
435,Uroba,Kazakhstan
436,Utz-Kaman,Kazakhstan
437,Uzgez,Kazakhstan
438,Vda,Kazakhstan
439,Vha,Kazakhstan
440,Vharkanas,Kazakhstan
441,Vka,Kazakhstan
442,Vko,Kazakhstan
443,Vku,Kazakhstan
444,Vodolinskiy,Kazakhstan
445,Vodskoye,Kazakhstan
446,Vskiy,Kazakhstan
447,Vtayevka,Kazakhstan
448,Vtyrma,Kazakhstan
449,Yanovka,Kazakhstan
450,Yekul,Kazakhstan
451,Yerment,Kazakhstan
452,Yevka,Kazakhstan
453,Yrauyl,Kazakhstan
454,Yrvo,Kazakhstan
455,Yryanovka,Kazakhstan
456,Yrzakent,Kazakhstan
457,Yug'Y,Kazakhstan
458,Z'Ay,Kazakhstan
459,Zek,Kazakhstan
460,Zkul,Kazakhstan
461,Zryanovskiy,Kazakhstan
462,Zvovsk,Kazakhstan
463,Zvovskiy,Kazakhstan
464,Zyltu,Kazakhstan
