,Name,Origin
0,  Ivssi,Kenya
1, Ero,Kenya
2, Eru,Kenya
3, Erugoya,Kenya
4, Fi,Kenya
5, Ilifi,Kenya
6, Imvrshbasa,Kenya
7, Kayngi,Kenya
8, Livasha,Kenya
9, Livfs,Kenya
10, Lo,Kenya
11, Marsabit,Kenya
12, Moru,Kenya
13, Mrosi,Kenya
14, Nai,Kenya
15, Nar,Kenya
16, Nau,Kenya
17, Ngo,Kenya
18, Nilifi,Kenya
19, Noya,Kenya
20, Ogykiias,Kenya
21, Ooya,Kenya
22, Oumuru,Kenya
23, Post,Kenya
24, Psowar,Kenya
25, River,Kenya
26, Tiv Sia,Kenya
27, Uhoroni,Kenya
28,Aer,Kenya
29,Aericho,Kenya
30,Aeru,Kenya
31,Aerugoya,Kenya
32,Ago,Kenya
33,Ahero,Kenya
34,Akuruti,Kenya
35,Ale,Kenya
36,Anai,Kenya
37,Angi,Kenya
38,Ango,Kenya
39,Angu,Kenya
40,Angundo,Kenya
41,Aphowar,Kenya
42,Apkoyu,Kenya
43,Apsiwar,Kenya
44,Athi River,Kenya
45,Athiar,Kenya
46,Athwani,Kenya
47,Bakaungundo,Kenya
48,Bana,Kenya
49,Batewe,Kenya
50,Bere,Kenya
51,Bga,Kenya
52,Bme,Kenya
53,Bndera,Kenya
54,Bnte,Kenya
55,Btner,Kenya
56,Btte E,Kenya
57,Cauk,Kenya
58,Cdera,Kenya
59,Cgui,Kenya
60,Cha,Kenya
61,Chuka,Kenya
62,Ckuku,Kenya
63,Cmuku,Kenya
64,Cngundo,Kenya
65,Cruku,Kenya
66,Cugulu,Kenya
67,Cumias,Kenya
68,Cumuru,Kenya
69,Cumuruti,Kenya
70,Cuuuiru,Kenya
71,Dbar,Kenya
72,Dbare,Kenya
73,Dcrakbur,Kenya
74,Dera,Kenya
75,Dgaa,Kenya
76,Dkarngo,Kenya
77,Dmrasba,Kenya
78,Dnaa,Kenya
79,Do Aoya,Kenya
80,Dora,Kenya
81,Dowar,Kenya
82,Dprowir,Kenya
83,Dpvasha,Kenya
84,Drare,Kenya
85,Drwabit,Kenya
86,Dtaaa,Kenya
87,Dtkakuru,Kenya
88,Dvasha,Kenya
89,Egu,Kenya
90,Eru,Kenya
91,Erugoya,Kenya
92,Fgo,Kenya
93,Fin,Kenya
94,Fmbasa,Kenya
95,Fpi,Kenya
96,Gana,Kenya
97,Gdoia,Kenya
98,Ghancha,Kenya
99,Gomias,Kenya
100,Gong,Kenya
101,Gongai,Kenya
102,Gpnoya,Kenya
103,Gtha Cal,Kenya
104,H Nri,Kenya
105,Hb Rdowar,Kenya
106,Hera,Kenya
107,Hero,Kenya
108,Hhaaca,Kenya
109,Hisri,Kenya
110,Hl Rave,Kenya
111,Hlea,Kenya
112,Hllaba,Kenya
113,Hmaoag,Kenya
114,Hmaosa,Kenya
115,Hmlaba,Kenya
116,Hmmabbtntkikuyu,Kenya
117,Hmoou,Kenya
118,Hnango,Kenya
119,Hnnri,Kenya
120,Hnroni,Kenya
121,Hola,Kenya
122,Hp Rvveh,Kenya
123,Hpo Tor ,Kenya
124,Hprcwi,Kenya
125,Hpsowar,Kenya
126,Hrlaba,Kenya
127,Hroni,Kenya
128,Htk  Oroni,Kenya
129,Huro,Kenya
130,Hwani,Kenya
131,Ihancha,Kenya
132,Ikuyu,Kenya
133,Ilef,Kenya
134,Ilefa,Kenya
135,Imira,Kenya
136,Isgis,Kenya
137,Isii,Kenya
138,K Boy,Kenya
139,K Moru,Kenya
140,K Post,Kenya
141,K#Mera,Kenya
142,K#Roni,Kenya
143,Kann,Kenya
144,Kanndo,Kenya
145,Kanngi,Kenya
146,Kanngu,Kenya
147,Kannu,Kenya
148,Kbana,Kenya
149,Kbundo,Kenya
150,Kclu,Kenya
151,Kcmuku,Kenya
152,Kcuuuuru,Kenya
153,Kdera,Kenya
154,Keru,Kenya
155,Kfunau,Kenya
156,Khmuau,Kenya
157,Khmuaua,Kenya
158,Kinpi,Kenya
159,Kkaungu,Kenya
160,Kkmera,Kenya
161,Kkmira,Kenya
162,Kkthe O,Kenya
163,Kmhomo Boy,Kenya
164,Kmmera,Kenya
165,Kmpese,Kenya
166,Kmpugwani,Kenya
167,Kmungu,Kenya
168,Kmuru,Kenya
169,Kndera,Kenya
170,Knku,Kenya
171,Knmivasha,Kenya
172,Knni,Kenya
173,Kope,Kenya
174,Koungu,Kenya
175,Kphowor,Kenya
176,Kpmewa,Kenya
177,Kpmuture,Kenya
178,Kpmuwar,Kenya
179,Kpndo,Kenya
180,Kpnow,Kenya
181,Kpnowar,Kenya
182,Kpnoya,Kenya
183,Kppowtr,Kenya
184,Kppowwr,Kenya
185,Kpsowar,Kenya
186,Krtib Ravbatewe,Kenya
187,Ksngi,Kenya
188,Kthe O,Kenya
189,Kthi River,Kenya
190,Ktme A,Kenya
191,Ktnerugoya,Kenya
192,Ktungu,Kenya
193,Kumuru,Kenya
194,Kumuruti,Kenya
195,Kuru,Kenya
196,Kuruti,Kenya
197,Kuuuuruti,Kenya
198,L Eai,Kenya
199,L Eaicho,Kenya
200,L Eau,Kenya
201,L Iar,Kenya
202,L Malaba,Kenya
203,L Marsabit,Kenya
204,L#Dwar,Kenya
205,Lba,Kenya
206,Ler,Kenya
207,Lgumias,Kenya
208,Lguuuru,Kenya
209,Lku,Kenya
210,Lldwar,Kenya
211,Lmdwar,Kenya
212,Lmgusu,Kenya
213,Lmmugulu,Kenya
214,Lmmungu,Kenya
215,Lndworg,Kenya
216,Lpscwa,Kenya
217,Lthbana,Kenya
218,Ltmwani,Kenya
219,Lwa,Kenya
220,M  Rave,Kenya
221,M Bay,Kenya
222,Maua,Kenya
223,Mbasa,Kenya
224,Mera,Kenya
225,Mgana,Kenya
226,Mgosi,Kenya
227,Mhong,Kenya
228,Mhongai,Kenya
229,Migori,Kenya
230,Minangundo,Kenya
231,Misai,Kenya
232,Mkuruti,Kenya
233,Mkuuru,Kenya
234,Ml Bay,Kenya
235,Mllba,Kenya
236,Mlmugulu,Kenya
237,Mlmuru,Kenya
238,Mmgana,Kenya
239,Mmisai,Kenya
240,Mmuaua,Kenya
241,Mmulu,Kenya
242,Mngai,Kenya
243,Mngo,Kenya
244,Mngu,Kenya
245,Mngundo,Kenya
246,Mpsswi,Kenya
247,Mpuswa,Kenya
248,Mrumias,Kenya
249,Mrusi,Kenya
250,Mtkkuru,Kenya
251,Mugulu,Kenya
252,Muhoroni,Kenya
253,Mumias,Kenya
254,Mwana,Kenya
255,Mwani,Kenya
256,Myumias,Kenya
257,N#Iver,Kenya
258,N#Minangu,Kenya
259,Nagii,Kenya
260,Nango,Kenya
261,Nap,Kenya
262,Ncha,Kenya
263,Ncuuuuuru,Kenya
264,Ndera,Kenya
265,Ndo,Kenya
266,Ner,Kenya
267,Ngi,Kenya
268,Ngo,Kenya
269,Ngu,Kenya
270,Nhancha,Kenya
271,Nhi,Kenya
272,Nho,Kenya
273,Nhong,Kenya
274,Nhono,Kenya
275,Nhu,Kenya
276,Nhunau,Kenya
277,Ningi,Kenya
278,Nkumuru,Kenya
279,Nkumuruti,Kenya
280,Nli,Kenya
281,Nlu,Kenya
282,Nmi,Kenya
283,Nminongai,Kenya
284,Nmivasha,Kenya
285,Nndi,Kenya
286,Nndo,Kenya
287,Nngai,Kenya
288,Nningi,Kenya
289,Nono,Kenya
290,Nonyuki,Kenya
291,Npkaver,Kenya
292,Npkoyu,Kenya
293,Nri,Kenya
294,Nru,Kenya
295,Nti,Kenya
296,Ntik Post,Kenya
297,Ntim Rasba,Kenya
298,Nvkuhurotik Pos,Kenya
299,Nyakiru,Kenya
300,Nyuki,Kenya
301,O  Kalou,Kenya
302,O  Kolo,Kenya
303,O  Krliba,Kenya
304,Oa Kilifi,Kenya
305,Odera,Kenya
306,Oerk,Kenya
307,Ogugulu,Kenya
308,Ogundo,Kenya
309,Oh Kalou,Kenya
310,Oh Koli,Kenya
311,Oh Krli,Kenya
312,Oi Kilifi,Kenya
313,Ok Koli,Kenya
314,Oku Uara Marsab,Kenya
315,Okugulu,Kenya
316,Okukuti,Kenya
317,Ondo,Kenya
318,Ongu,Kenya
319,Ongundo,Kenya
320,Opk,Kenya
321,Or Kola,Kenya
322,Otk,Kenya
323,Ou Uara Marsabi,Kenya
324,Oyugis,Kenya
325,P Swa,Kenya
326,Pboyd,Kenya
327,Pcho,Kenya
328,Pcuwur,Kenya
329,Pdowar,Kenya
330,Pero,Kenya
331,Pgowar,Kenya
332,Pgowir,Kenya
333,Phowar,Kenya
334,Phowor,Kenya
335,Phowori,Kenya
336,Phwwni,Kenya
337,Pimera,Kenya
338,Pimwrnihancha,Kenya
339,Pkayuri,Kenya
340,Pkmmega,Kenya
341,Pkoyu,Kenya
342,Pksyu,Kenya
343,Pkumuruti,Kenya
344,Pkuvu,Kenya
345,Pkuvua,Kenya
346,Pkuvule,Kenya
347,Pkuvut,Kenya
348,Pkuvutha Cao,Kenya
349,Pkuwur,Kenya
350,Pkuwuru,Kenya
351,Pkuwuruti,Kenya
352,Pkuyu,Kenya
353,Plow,Kenya
354,Pmb Saliba,Kenya
355,Pmm Bay,Kenya
356,Pmmwana,Kenya
357,Pmmwani,Kenya
358,Pmowar,Kenya
359,Pmwwni,Kenya
360,Pndo,Kenya
361,Pndwar,Kenya
362,Pngo,Kenya
363,Pngwi,Kenya
364,Pnmwana,Kenya
365,Pnol,Kenya
366,Pnoya,Kenya
367,Pnro,Kenya
368,Pnyykiinyikipur,Kenya
369,Pnyykiipissi,Kenya
370,Pomt Bay,Kenya
371,Pomwana,Kenya
372,Pomwani,Kenya
373,Powwr,Kenya
374,Ppowtr,Kenya
375,Ppswwi,Kenya
376,Prowir,Kenya
377,Pshwana,Kenya
378,Psiv,Kenya
379,Psowar,Kenya
380,Psowara Marsabi,Kenya
381,Pswwi,Kenya
382,Pthwana,Kenya
383,Pthwani,Kenya
384,Ptkwani,Kenya
385,Ptkwer,Kenya
386,Ptmbasa,Kenya
387,Ptowar,Kenya
388,Ptswa,Kenya
389,Pumwana,Kenya
390,Pumwani,Kenya
391,Pwor,Kenya
392,Pwowar,Kenya
393,Pwowir,Kenya
394,Pwoya,Kenya
395,Pwsyu,Kenya
396,Pyawir,Kenya
397,Rare,Kenya
398,Rbindi,Kenya
399,Rbnndo,Kenya
400,Rbtber,Kenya
401,Rdwar,Kenya
402,Rihwnnai,Kenya
403,Ringi,Kenya
404,Rkpbawar,Kenya
405,Rktme A,Kenya
406,Rkumuruti,Kenya
407,Rkuuuru,Kenya
408,Rmiba,Kenya
409,Rmira,Kenya
410,Rmisai,Kenya
411,Rngundo,Kenya
412,Rnir,Kenya
413,Roni,Kenya
414,Rpsowar,Kenya
415,Rrominongai,Kenya
416,Rsi,Kenya
417,Rthbana,Kenya
418,Rtik Post,Kenya
419,Rtin I,Kenya
420,Rtmbasa,Kenya
421,Rwabit,Kenya
422,Ryamira,Kenya
423,S Galaba,Kenya
424,Sgale,Kenya
425,Sha,Kenya
426,Sih,Kenya
427,Skgundo,Kenya
428,Sli,Kenya
429,Sngi,Kenya
430,Sni,Kenya
431,Stgana,Kenya
432,Stgia,Kenya
433,Stgik,Kenya
434,Stgin,Kenya
435,Stha Cai,Kenya
436,Stha Cal,Kenya
437,Stha Cho,Kenya
438,Stha Rave,Kenya
439,Sthi River,Kenya
440,Sti,Kenya
441,Takaungu,Kenya
442,Takeru,Kenya
443,Tere,Kenya
444,Tger,Kenya
445,Th  Roru,Kenya
446,Th  Rvveh,Kenya
447,Thaacgo,Kenya
448,The O,Kenya
449,The R,Kenya
450,The Rkvnhhancha,Kenya
451,Thk Roya,Kenya
452,Thn River,Kenya
453,Thwana,Kenya
454,Thwani,Kenya
455,Tik Post,Kenya
456,Tim Raybaia,Kenya
457,Tk Wor,Kenya
458,Tka,Kenya
459,Tka Nal,Kenya
460,Tkaknmu,Kenya
461,Tkaknru,Kenya
462,Tkaknumias,Kenya
463,Tkaknuuru,Kenya
464,Tkaknuuuuruti,Kenya
465,Tkbmnas,Kenya
466,Tkhwnngai,Kenya
467,Tkk Noya,Kenya
468,Tkkann,Kenya
469,Tkkanndi,Kenya
470,Tkkanngi,Kenya
471,Tkkburt,Kenya
472,Tkkungu,Kenya
473,Tkkunuui,Kenya
474,Tkkuuuuuru,Kenya
475,Tkm Nai,Kenya
476,Tkp Post,Kenya
477,Tkuru,Kenya
478,Tkuruti,Kenya
479,Tle ,Kenya
480,Tle A,Kenya
481,Tmb Saa,Kenya
482,Tmb Sai,Kenya
483,Tmbasa,Kenya
484,Tme A,Kenya
485,Tmh Nri,Kenya
486,Tmk Post,Kenya
487,Tn Eru,Kenya
488,Tnak,Kenya
489,Tnga,Kenya
490,Tngai,Kenya
491,Tnge,Kenya
492,Tngi,Kenya
493,Tnikuyu,Kenya
494,Tnk Muru,Kenya
495,Tnkbana,Kenya
496,Tnku,Kenya
497,Tnpero,Kenya
498,Tpk Misai,Kenya
499,Tpk Post,Kenya
500,Tpk Vos,Kenya
501,Tpk Vosh,Kenya
502,Tpk Vosi,Kenya
503,Tpwawani,Kenya
504,Trbaba,Kenya
505,Trn I,Kenya
506,Tska,Kenya
507,Ttk  Ora,Kenya
508,Ttk  Post,Kenya
509,Ttka,Kenya
510,Ttka Nai,Kenya
511,Ttka Ngo,Kenya
512,Ttke Mkrsib,Kenya
513,Ttkkanngi,Kenya
514,Twar,Kenya
515,Ugoya,Kenya
516,Uhoroni,Kenya
517,Ungu,Kenya
518,Uti,Kenya
519,Ver,Kenya
520,Vheso,Kenya
521,Vkuhuro,Kenya
522,Vpost,Kenya
523,W Tur,Kenya
524,Wana,Kenya
525,Wani,Kenya
526,War,Kenya
527,Wet,Kenya
528,Wilef,Kenya
529,Wilefa,Kenya
530,Wir,Kenya
531,Wmigar,Kenya
532,Wptuwa,Kenya
533,Wteee,Kenya
534,Wtte E,Kenya
535,Wtteeeg,Kenya
536,Yaiivisii,Kenya
537,Yakimera,Kenya
538,Yakimuru,Kenya
539,Yakiru,Kenya
540,Yakiuuruti,Kenya
541,Yamigar,Kenya
542,Yaui,Kenya
543,Yumias,Kenya
