,Name,Origin
0,Acini,Kosovo
1,Bin Potok,Kosovo
2,Bit Okove,Kosovo
3,Bmtina,Kosovo
4,Bn  Otok,Kosovo
5,Bni Aoevc,Kosovo
6,Bni Apesm,Kosovo
7,Br  Eeerr,Kosovo
8,Br Ileperm,Kosovo
9,Br Ileq,Kosovo
10,Bre Lotok,Kosovo
11,Bri Aodojek,Kosovo
12,Bri Apcs,Kosovo
13,Bri Apcsa,Kosovo
14,Bri Apeemmsiiq,Kosovo
15,Bri Aperm,Kosovo
16,Bri Apesm,Kosovo
17,Bri Aposaviq,Kosovo
18,Briiljq,Kosovo
19,Brina,Kosovo
20,Brn Ioe,Kosovo
21,Brn Ioejee,Kosovo
22,Brn Ioejepammen,Kosovo
23,Brn Ioejepammni,Kosovo
24,Brn Ioejeposavi,Kosovo
25,Brn Ioejera,Kosovo
26,Brn Ioejerazak,Kosovo
27,Brn Ioeoero,Kosovo
28,Brn Ioeorroliea,Kosovo
29,Brn Ioeovr Bldo,Kosovo
30,Brn Lo Ortol,Kosovo
31,Brn Lolo Ojovo ,Kosovo
32,Brn Lotok,Kosovo
33,Brn Polje,Kosovo
34,Brt Lcli Apcs,Kosovo
35,Brtilan,Kosovo
36,Brtol,Kosovo
37,Brtolee,Kosovo
38,Btn Colo Oolovo,Kosovo
39,Btn Cotok,Kosovo
40,Can,Kosovo
41,Canik,Kosovo
42,Cbi  Pelje,Kosovo
43,Cbi Iqe,Kosovo
44,Cciiiq,Kosovo
45,Cdi,Kosovo
46,Cei,Kosovo
47,Ceiia,Kosovo
48,Ceiizjj,Kosovo
49,Ceiizjjakove,Kosovo
50,Ceiizjjva,Kosovo
51,Cetica,Kosovo
52,Cii,Kosovo
53,Cin,Kosovo
54,Cini,Kosovo
55,Cit,Kosovo
56,Cmi,Kosovo
57,Cmiia,Kosovo
58,Cmiian,Kosovo
59,Cmina,Kosovo
60,Cri,Kosovo
61,Cri Apesm,Kosovo
62,Cri Aposaviq,Kosovo
63,Criia,Kosovo
64,Criilan,Kosovo
65,Criiljan,Kosovo
66,Criilje,Kosovo
67,Criiljina,Kosovo
68,Criiljna,Kosovo
69,Criiljq,Kosovo
70,Csi,Kosovo
71,Cti,Kosovo
72,Cti Antkove,Kosovo
73,Cti Apce,Kosovo
74,Cti Apeem,Kosovo
75,Cti Aperm,Kosovo
76,Cti Apesm,Kosovo
77,Ctina,Kosovo
78,Dce,Kosovo
79,Dcre,Kosovo
80,Dcreilan,Kosovo
81,Ddu,Kosovo
82,Dduee,Kosovo
83,Dduera,Kosovo
84,Dmeeic,Kosovo
85,Dmeeica,Kosovo
86,Dmeeizaj,Kosovo
87,Dmerizaj,Kosovo
88,Dmueav,Kosovo
89,Dre,Kosovo
90,Druean,Kosovo
91,Druein,Kosovo
92,Dsu,Kosovo
93,Dtrellc I Eperm,Kosovo
94,Ebcni,Kosovo
95,Erm,Kosovo
96,Errellc I Eperm,Kosovo
97,Errpleac,Kosovo
98,Kcinip,Kosovo
99,Mciiiq,Kosovo
100,Mecin,Kosovo
101,Meiizjj,Kosovo
102,Memina,Kosovo
103,Menica,Kosovo
104,Merizaj,Kosovo
105,Metica,Kosovo
106,Mmeiizjjva,Kosovo
107,Mmenica,Kosovo
108,Mreil,Kosovo
109,Mreilan,Kosovo
110,Mriia,Kosovo
111,Mriiljq,Kosovo
112,Mrnilan,Kosovo
113,Mrtilan,Kosovo
114,Mtrpce,Kosovo
115,Rabin Potok,Kosovo
116,Racan,Kosovo
117,Racanik,Kosovo
118,Ram,Kosovo
119,Ramenica,Kosovo
120,Rava,Kosovo
121,Rbdioe,Kosovo
122,Rbiliq,Kosovo
123,Rcai,Kosovo
124,Rcii,Kosovo
125,Rcii Polje,Kosovo
126,Rcii Pptom,Kosovo
127,Rciiij,Kosovo
128,Rciiiq,Kosovo
129,Rcil,Kosovo
130,Rciliq,Kosovo
131,Rda,Kosovo
132,Rdca,Kosovo
133,Rdi,Kosovo
134,Rdie,Kosovo
135,Rdiee,Kosovo
136,Rdile,Kosovo
137,Rdilenac,Kosovo
138,Rdileq,Kosovo
139,Rdilq,Kosovo
140,Rdiq,Kosovo
141,Rdu,Kosovo
142,Recan,Kosovo
143,Recln Ioe,Kosovo
144,Reier,Kosovo
145,Reilan,Kosovo
146,Rellc I Eperm,Kosovo
147,Reperm,Kosovo
148,Revepammniia,Kosovo
149,Reverazak,Kosovo
150,Reverazav,Kosovo
151,Riilj,Kosovo
152,Riiljq,Kosovo
153,Rilan,Kosovo
154,Ritan,Kosovo
155,Rmcei,Kosovo
156,Rmelica,Kosovo
157,Rmilan,Kosovo
158,Rmiliq,Kosovo
159,Rmrlilan,Kosovo
160,Rmteelcci,Kosovo
161,Rmtekc,Kosovo
162,Rmtlecan,Kosovo
163,Rmvliq,Kosovo
164,Rpce,Kosovo
165,Rpiem,Kosovo
166,Rralina,Kosovo
167,Rralosovo Polje,Kosovo
168,Rralovo Polje,Kosovo
169,Rrilan,Kosovo
170,Rrillj Ileq,Kosovo
171,Rrillq Iep,Kosovo
172,Rrvile,Kosovo
173,Rrvllq Oolovo B,Kosovo
174,Rsaiiq,Kosovo
175,Rsiiq,Kosovo
176,Rsiliq,Kosovo
177,Rspiqm,Kosovo
178,Rstike,Kosovo
179,Rsviq,Kosovo
180,Rtilan,Kosovo
181,Rtile,Kosovo
182,Rtoc,Kosovo
183,Rtok,Kosovo
184,Rtol,Kosovo
185,Rtolac,Kosovo
186,Rtolo Ooovj Pol,Kosovo
187,Rtolovo Polje,Kosovo
188,Rtrlli Apemmnii,Kosovo
189,Rtrlll   Eeerr,Kosovo
190,Rtrlll   Lll  O,Kosovo
191,Rvile,Kosovo
192,Scii,Kosovo
193,Scii Potok,Kosovo
194,Sciq,Kosovo
195,Sdiq,Kosovo
196,Smiia,Kosovo
197,Smiq,Kosovo
198,Smitan,Kosovo
199,Smitina,Kosovo
200,Sriq,Kosovo
201,Stik,Kosovo
202,Stika,Kosovo
203,Stike,Kosovo
204,Strklee,Kosovo
205,Strklle Ace,Kosovo
206,Strklle Ice,Kosovo
207,Strklle Ict,Kosovo
208,Strkvee,Kosovo
209,Trcai,Kosovo
210,Trcci,Kosovo
211,Trcciiij,Kosovo
212,Trcli Aeprralos,Kosovo
213,Trcli Apce,Kosovo
214,Trcli Apcs,Kosovo
215,Trcli Apeem,Kosovo
216,Trcli Apeemmnii,Kosovo
217,Trcli Apenmcii ,Kosovo
218,Trcli Apenmcni,Kosovo
219,Trcli Aperm,Kosovo
220,Trcli Apesm,Kosovo
221,Trcli Apmemina,Kosovo
222,Trcli Aposaviq,Kosovo
223,Trcvi Epemmniia,Kosovo
224,Trcvi Eptmmeiiz,Kosovo
225,Trcvi Eptmmenic,Kosovo
226,Trellc I Eperm,Kosovo
227,Trklle Ice,Kosovo
228,Trmelica,Kosovo
229,Trmlenac,Kosovo
230,Trmlli Apeem,Kosovo
231,Trtllc I Eperm,Kosovo
