,Name,Origin
0,  Alid,Libya
1,  Aljanlan,Libya
2,  Aljatlsa,Libya
3,  Aljatlsathsny,Libya
4,  Aljatlsatran,Libya
5,  Allat,Libya
6,  Alut,Libya
7,  Alyat Suluq,Libya
8,  Aryat Suluq,Libya
9,  Awiyah,Libya
10,  Awj,Libya
11,  Awl,Libya
12,  Awlftnnan,Libya
13,  Ayjarluq,Libya
14,  Ayl,Libya
15,  Aylat,Libya
16,  Aylatah,Libya
17,  Aywatah,Libya
18,  Rjuqa,Libya
19,  Sllbtan,Libya
20,  Slltten,Libya
21,  Sllttnan,Libya
22,  Sllttnnan,Libya
23,  Swlratah,Libya
24,  Swlttnnan,Libya
25,  Urzuq,Libya
26, #Adamis,Libya
27, Aalat,Libya
28, Aaya,Libya
29, Abratah,Libya
30, Addan,Libya
31, Adid,Libya
32, Adu,Libya
33, Ahu,Libya
34, Ajarliy,Libya
35, Ajdabiya,Libya
36, Ajdabiyah,Libya
37, Ajlal,Libya
38, Ajura',Libya
39, Ajurayqah,Libya
40, Alid,Libya
41, Aljatlsn,Libya
42, Alut,Libya
43, Arj,Libya
44, Arwahayya',Libya
45, Arwiya,Libya
46, Aryan,Libya
47, Aryat Suluq,Libya
48, Asolb,Libya
49, Awiyah,Libya
50, Awj,Libya
51, Awl,Libya
52, Awwftan,Libya
53, Awyyt Nah,Libya
54, Ayl,Libya
55, Aylat,Libya
56, Aylatah,Libya
57, Aywarah,Libya
58, Aywatah,Libya
59, Ayya',Libya
60, Dah,Libya
61, Dawiyah,Libya
62, Jallatah,Libya
63, Nab,Libya
64, Nah,Libya
65, Naj,Libya
66, Nal,Libya
67, Nar,Libya
68, Naw,Libya
69, Nay,Libya
70, Raj,Libya
71, Rap,Libya
72, Rayqah,Libya
73, Sabha,Libya
74, Sabratah,Libya
75, Sal,Libya
76, Salbah,Libya
77, Salbati,Libya
78, Salha,Libya
79, Salhah,Libya
80, Salhan,Libya
81, Salhana ,Libya
82, Salhanah,Libya
83, Salhat,Libya
84, Sallat,Libya
85, Sallatah,Libya
86, Salrah,Libya
87, Salran,Libya
88, Salratah,Libya
89, Saltan,Libya
90, Salut,Libya
91, Sblhtnnan,Libya
92, Sblrte,Libya
93, Sjlbbah,Libya
94, Sllttnan,Libya
95, Sllttnnan,Libya
96, Sllut,Libya
97, Srltan,Libya
98, Srlte,Libya
99, Srlten,Libya
100, Srlttnan,Libya
101, Srluq,Libya
102, Srwrqah,Libya
103, Sslbtan,Libya
104, Sslhbnah,Libya
105, Sslltte,Libya
106, Ssllttnnan,Libya
107, Sslrte,Libya
108, Suluq,Libya
109, Swlhan,Libya
110, Sylrte,Libya
111, Sylt Naj,Libya
112, Szltten,Libya
113, Taj,Libya
114, Walid,Libya
115,A Iyyh,Libya
116,Adamis,Libya
117,Anah,Libya
118,Ari,Libya
119,Dan,Libya
120,Inah,Libya
121,Na ,Libya
122,Nan,Libya
123,Ns Bha,Libya
124,S Bha,Libya
125,S Bratah,Libya
126,Sallat,Libya
127,Sallatah,Libya
128,Snbha,Libya
129,Srbtan,Libya
