,Name,Origin
0,Abrade,Lithuania
1,Akiai,Lithuania
2,Aklitaginas,Lithuania
3,Akruoji Akmene,Lithuania
4,Akruoji Akmerge,Lithuania
5,Akruojis,Lithuania
6,Araiai,Lithuania
7,Arena,Lithuania
8,Arenai,Lithuania
9,Argzdainiai,Lithuania
10,Ariai,Lithuania
11,Arina,Lithuania
12,Arinas,Lithuania
13,Ariniai,Lithuania
14,Arininkai,Lithuania
15,Arliai,Lithuania
16,Arrenai,Lithuania
17,Aurage,Lithuania
18,Ava,Lithuania
19,Dar,Lithuania
20,Dlretininkai,Lithuania
21,Drenai,Lithuania
22,Drynas,Lithuania
23,Ilainiai,Lithuania
24,Ilbpede,Lithuania
25,Illiuas,Lithuania
26,Ilnius,Lithuania
27,Ilute,Lithuania
28,Kurden,Lithuania
29,Kureda,Lithuania
30,L#Le,Lithuania
31,Laiciai,Lithuania
32,Lainiai,Lithuania
33,Laininkai,Lithuania
34,Laininkskiniai,Lithuania
35,Lainiskes,Lithuania
36,Lainiskiniai,Lithuania
37,Laipeda,Lithuania
38,Laipedai,Lithuania
39,Laipedainiai,Lithuania
40,Laipede,Lithuania
41,Laite,Lithuania
42,Lakcionys,Lithuania
43,Lake,Lithuania
44,Laknai,Lithuania
45,Lakpade,Lithuania
46,Lakpedai,Lithuania
47,Lakpede,Lithuania
48,Lakpodas,Lithuania
49,Lakpodes,Lithuania
50,Lakpude,Lithuania
51,Laktae,Lithuania
52,Lakte,Lithuania
53,Lakteda,Lithuania
54,Laktrenai,Lithuania
55,Lale,Lithuania
56,Larena,Lithuania
57,Laspina,Lithuania
58,Lauciai,Lithuania
59,Laue,Lithuania
60,Launas,Lithuania
61,Laupade,Lithuania
62,Lauta,Lithuania
63,Lautai,Lithuania
64,Lauto,Lithuania
65,Lautoa,Lithuania
66,Lautod,Lithuania
67,Lautonava,Lithuania
68,Lave,Lithuania
69,Lazeikiai,Lithuania
70,Lazpedai,Lithuania
71,Lazpide,Lithuania
72,Lazpikai,Lithuania
73,Lbrezai,Lithuania
74,Lde,Lithuania
75,Leda,Lithuania
76,Lektrena,Lithuania
77,Lelsiadorys,Lithuania
78,Lelte,Lithuania
79,Leltecionys,Lithuania
80,Leltenai,Lithuania
81,Leltetgi,Lithuania
82,Leltetinga,Lithuania
83,Leltetiniai,Lithuania
84,Leltetiniskes,Lithuania
85,Lessiadorys,Lithuania
86,Lestinga,Lithuania
87,Lestininkai,Lithuania
88,Lestiniskininka,Lithuania
89,Letai,Lithuania
90,Lilaiciai,Lithuania
91,Lilainiai,Lithuania
92,Lilaininkai,Lithuania
93,Lilaipede,Lithuania
94,Lilaite,Lithuania
95,Lilale,Lithuania
96,Lina,Lithuania
97,Linas,Lithuania
98,Lirage,Lithuania
99,Lkpeda,Lithuania
100,Lkpede,Lithuania
101,Lkue,Lithuania
102,Lkuedi,Lithuania
103,Lkuodas,Lithuania
104,Llaiciai,Lithuania
105,Llaininkai,Lithuania
106,Llaite,Lithuania
107,Lle,Lithuania
108,Lleltet,Lithuania
109,Lletai,Lithuania
110,Lleus,Lithuania
111,Lleutrggdlltut,Lithuania
112,Lleva,Lithuania
113,Llevtnna,Lithuania
114,Llkpedai,Lithuania
115,Llletai,Lithuania
116,Llme,Lithuania
117,Llpetai,Lithuania
118,Llretinga,Lithuania
119,Llrutjo,Lithuania
120,Llte,Lithuania
121,Llute,Lithuania
122,Llyetciai,Lithuania
123,Llytus,Lithuania
124,Lretinga,Lithuania
125,Lretiniai,Lithuania
126,Lretininkai,Lithuania
127,Lretiniskes,Lithuania
128,Lretiniskiniai,Lithuania
129,Lretiniskis,Lithuania
130,Lretiniskiskes,Lithuania
131,Lretiniskiskine,Lithuania
132,Lreva,Lithuania
133,Lrytisgeskine,Lithuania
134,Lskas,Lithuania
135,Lultau,Lithuania
136,Luregina,Lithuania
137,Lureginas,Lithuania
138,Lurejiniai,Lithuania
139,Lute,Lithuania
140,Lyetciai,Lithuania
141,Lylute,Lithuania
142,Lytus,Lithuania
143,Lzpekai,Lithuania
144,Olave,Lithuania
145,Reda,Lithuania
146,Redai,Lithuania
147,Redainiai,Lithuania
148,Redaininkai,Lithuania
149,Reeninkai,Lithuania
150,Reginas,Lithuania
151,Rekai,Lithuania
152,Rena,Lithuania
153,Renai,Lithuania
154,Reoniskes,Lithuania
155,Rerae,Lithuania
156,Rerina,Lithuania
157,Rerinas,Lithuania
158,Res,Lithuania
159,Resai,Lithuania
160,Resaiai,Lithuania
161,Resaiiagina,Lithuania
162,Resaiiai,Lithuania
163,Resaiie,Lithuania
164,Resaiiiaginas,Lithuania
165,Resaiiiai,Lithuania
166,Resaiinas,Lithuania
167,Resaililaipedai,Lithuania
168,Resainiai,Lithuania
169,Resaininkai,Lithuania
170,Resainiskes,Lithuania
171,Resainiskine,Lithuania
172,Resainiskiniai,Lithuania
173,Resainiskininka,Lithuania
174,Resainiskiniske,Lithuania
175,Resainiskis,Lithuania
176,Resainiskiskes,Lithuania
177,Resaisiadorys,Lithuania
178,Resaisiai,Lithuania
179,Resiiag,Lithuania
180,Resiiagina,Lithuania
181,Resiiaginas,Lithuania
182,Resiiai,Lithuania
183,Resilaiciai,Lithuania
184,Resilaipedainin,Lithuania
185,Reskine,Lithuania
186,Reskiniai,Lithuania
187,Reskininkai,Lithuania
188,Reskiniskes,Lithuania
189,Reskis,Lithuania
190,Reskiskine,Lithuania
191,Reskiskiniai,Lithuania
192,Reskiskiskes,Lithuania
193,Reskiskiskine,Lithuania
194,Resninkai,Lithuania
195,Resniskes,Lithuania
196,Resniskis,Lithuania
197,Rezai,Lithuania
198,Riai,Lithuania
199,Ridilnius,Lithuania
200,Ridna,Lithuania
201,Riena,Lithuania
202,Rienai,Lithuania
203,Rina,Lithuania
204,Rinas,Lithuania
205,Riniai,Lithuania
206,Rininkai,Lithuania
207,Riniskes,Lithuania
208,Riniskiskes,Lithuania
209,Rionys,Lithuania
210,Ririai,Lithuania
211,Ririna,Lithuania
212,Risagina,Lithuania
213,Riyisciai,Lithuania
214,Rizai,Lithuania
215,Rkes,Lithuania
216,Rle,Lithuania
217,Rurkas,Lithuania
218,Rvencionys,Lithuania
219,Rye,Lithuania
220,Rzai,Lithuania
221,Skus,Lithuania
222,Sle,Lithuania
223,Sslaipede,Lithuania
224,Urkas,Lithuania
225,Ursena,Lithuania
226,Ursenai,Lithuania
227,Uskiskes,Lithuania
228,Ylscainiai,Lithuania
229,Yrstena,Lithuania
230,Yrstiniai,Lithuania
231,Zak,Lithuania
