,Name,Origin
0,Gara Eana,Macedonia
1,Gara Eataro Nag,Macedonia
2,Gara Nagorichan,Macedonia
3,Ggara Eao,Macedonia
4,Ggara Kamenikov,Macedonia
5,Ggara Nagoricha,Macedonia
6,Ggara Saman,Macedonia
7,Gglani,Macedonia
8,Ggrane,Macedonia
9,Ggrare Negotino,Macedonia
10,Ggrrnevo,Macedonia
11,Ggrrovo,Macedonia
12,Ggtano,Macedonia
13,Ggtaro Nagorich,Macedonia
14,Ggtra,Macedonia
15,Ggtraved,Macedonia
16,Ggtravedanci,Macedonia
17,Ggtravedino,Macedonia
18,Ggtraver,Macedonia
19,Ggtravo,Macedonia
20,Ggtravod,Macedonia
21,Ggtrnovci,Macedonia
22,Ggtrnve,Macedonia
23,Ggtrnvni,Macedonia
24,Ggtrnvo,Macedonia
25,Ggtro,Macedonia
26,Ggtrovec,Macedonia
27,Ggtrovo,Macedonia
28,Ggtrrvenica,Macedonia
29,Ggtrrvenikovo,Macedonia
30,Ggvar,Macedonia
31,Gland,Macedonia
32,Glani,Macedonia
33,Glino,Macedonia
34,Gnan,Macedonia
35,Gogila,Macedonia
36,Govinje,Macedonia
37,Gpiovo,Macedonia
38,Gpraved,Macedonia
39,Gpravod,Macedonia
40,Gpvani,Macedonia
41,Grane,Macedonia
42,Grans,Macedonia
43,Gsra Nagorichan,Macedonia
44,Gsta,Macedonia
45,Gtaro Nagoricha,Macedonia
46,Gtra,Macedonia
47,Gtrane,Macedonia
48,Gtraved,Macedonia
49,Gtravod,Macedonia
50,Gtravodino,Macedonia
51,Gtrnovci,Macedonia
52,Gtrnve,Macedonia
53,Gtrrvenica,Macedonia
54,Gutok,Macedonia
55,Gvani,Macedonia
56,Gvar,Macedonia
57,Gvra,Macedonia
58,Gvrane,Macedonia
59,Jska Kamenikovo,Macedonia
60,Ksto,Macedonia
61,Lggtaro Nagoric,Macedonia
62,Lgtorovo,Macedonia
63,Lsp Ovo,Macedonia
64,Lstivar,Macedonia
65,Lsto,Macedonia
66,Ltovo,Macedonia
67,Lzvor,Macedonia
68,Ngvar,Macedonia
69,Nska Kamenikovo,Macedonia
70,Nzvoo,Macedonia
71,Pgataro Nagoric,Macedonia
72,Pgotino,Macedonia
73,Pgovica,Macedonia
74,Pgovicani,Macedonia
75,Pgovinje,Macedonia
76,Pgsta,Macedonia
77,Pgstivar,Macedonia
78,Pkovica,Macedonia
79,Psstivar,Macedonia
80,Pstusa,Macedonia
81,Pstvo,Macedonia
82,Pvovica,Macedonia
83,Rusevo,Macedonia
84,Rutok,Macedonia
85,Rvani,Macedonia
86,Saio,Macedonia
87,Sga,Macedonia
88,Sga Aaebirhtep,Macedonia
89,Sga Aaebirhtip,Macedonia
90,Sga Aakidhtnp,Macedonia
91,Sga Aakratovo,Macedonia
92,Sga Are Negotin,Macedonia
93,Sgaaadarci,Macedonia
94,Sgani,Macedonia
95,Sgiaa,Macedonia
96,Sgina,Macedonia
97,Sgo,Macedonia
98,Shtip,Macedonia
99,Ski Brod,Macedonia
100,Sla Danci,Macedonia
101,Smina,Macedonia
102,Spiste,Macedonia
103,Sta,Macedonia
104,Stivar,Macedonia
105,Stusa,Macedonia
106,Sva ,Macedonia
107,Svi,Macedonia
108,Svi Aro Nagoric,Macedonia
109,Szusevo,Macedonia
110,Tsvo,Macedonia
111,Vrnivor,Macedonia
112,Zglonikovo,Macedonia
113,Zgotino,Macedonia
114,Zgronecino,Macedonia
115,Zgroneo,Macedonia
116,Zgronovci,Macedonia
117,Zgton,Macedonia
118,Zgtonovci,Macedonia
119,Zgtoracevo,Macedonia
120,Zgtorakodovo,Macedonia
121,Zgtorovo,Macedonia
122,Zgvonica,Macedonia
123,Zgvonikovo,Macedonia
124,Zgvor,Macedonia
125,Zrvonica,Macedonia
126,Zsto,Macedonia
127,Zutok,Macedonia
128,Zvoo,Macedonia
129,Zvro,Macedonia
130,Zzooomenica,Macedonia
131,Zzooosbi Ormcen,Macedonia
