,Name,Origin
0, Be,Madagascar
1, Boeny,Madagascar
2, Hisy,Madagascar
3,-Dilamanga,Madagascar
4,Adabe,Madagascar
5,Adabe Afovorant,Madagascar
6,Adrariny,Madagascar
7,Adrondriana,Madagascar
8,Adrondrianaro,Madagascar
9,Aega,Madagascar
10,Aha,Madagascar
11,Ahabe,Madagascar
12,Ahajanga,Madagascar
13,Ahajangaintiran,Madagascar
14,Ahanana,Madagascar
15,Ahano,Madagascar
16,Ahanohitsy,Madagascar
17,Ahatanieranolom,Madagascar
18,Ahava,Madagascar
19,Ahavelo Sur Tsi,Madagascar
20,Ahavelona,Madagascar
21,Ahdbia,Madagascar
22,Ahdrazaka,Madagascar
23,Ahe,Madagascar
24,Ahhjary,Madagascar
25,Ahitra,Madagascar
26,Ahitranohitrano,Madagascar
27,Ahitrolampy,Madagascar
28,Ahitrolotra,Madagascar
29,Ahitsehenoaraka,Madagascar
30,Ahitsehenoarivo,Madagascar
31,Ahitsetra,Madagascar
32,Ahitsoa,Madagascar
33,Ahitsy,Madagascar
34,Ahjo,Madagascar
35,Aho,Madagascar
36,Ahtsehenoarivo ,Madagascar
37,Ahtsetra,Madagascar
38,Aindriamavolamb,Madagascar
39,Aitsohimbondron,Madagascar
40,Aka,Madagascar
41,Akarafanga,Madagascar
42,Ambodivongo,Madagascar
43,Ampy,Madagascar
44,Andilambovombe,Madagascar
45,Andrarivoanjaka,Madagascar
46,Anganakaranto,Madagascar
47,Anifotsy,Madagascar
48,Anindriana,Madagascar
49,Anitra,Madagascar
50,Antsiho,Madagascar
51,Antsiranto,Madagascar
52,Apa,Madagascar
53,Ariny,Madagascar
54,Arivo,Madagascar
55,Attra,Madagascar
56,Ava,Madagascar
57,Avinana,Madagascar
58,Avinarafana,Madagascar
59,Bato Be,Madagascar
60,Bbe,Madagascar
61,Bbla,Madagascar
62,Be Afovoramandr,Madagascar
63,Bhananaraka,Madagascar
64,Bharatanany,Madagascar
65,Bharatsinarahan,Madagascar
66,Bho,Madagascar
67,Bia,Madagascar
68,Bilobe,Madagascar
69,Binananana,Madagascar
70,Bkandrona,Madagascar
71,Bmbarantsiribih,Madagascar
72,Bphipahabe,Madagascar
73,Branoro,Madagascar
74,Bualona,Madagascar
75,Dabe,Madagascar
76,Dana,Madagascar
77,Dandriamavolamb,Madagascar
78,Dava,Madagascar
79,Davao,Madagascar
80,Dbena,Madagascar
81,Dena,Madagascar
82,Dganarahanaro,Madagascar
83,Dganatofinana,Madagascar
84,Dgara,Madagascar
85,Dhanana,Madagascar
86,Dhanolotra,Madagascar
87,Dhanomahitsy,Madagascar
88,Dhazakanjo,Madagascar
89,Diana,Madagascar
90,Diana Ivongo,Madagascar
91,Diana Ivony,Madagascar
92,Dianaka,Madagascar
93,Dianakara,Madagascar
94,Dianana,Madagascar
95,Dianana Ivony,Madagascar
96,Diananana,Madagascar
97,Diananandavaten,Madagascar
98,Dianandrariny,Madagascar
99,Dianandy,Madagascar
100,Diananjaka,Madagascar
101,Dianany,Madagascar
102,Dianaraka,Madagascar
103,Dianarakara,Madagascar
104,Dianaratsiribih,Madagascar
105,Dianarinananaka,Madagascar
106,Dianariny,Madagascar
107,Dianarivo Boeny,Madagascar
108,Diandavatana,Madagascar
109,Diandriandrandr,Madagascar
110,Diandrona,Madagascar
111,Djaagananjakara,Madagascar
112,Djoava,Madagascar
113,Djoavina,Madagascar
114,Djoavinana,Madagascar
115,Drahabe,Madagascar
116,Drahatana,Madagascar
117,Drandrianadiana,Madagascar
118,Dranohibinana,Madagascar
119,Dranto,Madagascar
120,Drantsira,Madagascar
121,Drarika,Madagascar
122,Drarikandriana,Madagascar
123,Drarivo,Madagascar
124,Drarivoay,Madagascar
125,Drazaka,Madagascar
126,Drazakaratsy,Madagascar
127,Dsbhe,Madagascar
128,Dsiarivo,Madagascar
129,Dvanandrianadia,Madagascar
130,Dvazoabo,Madagascar
131,Dvazobe,Madagascar
132,Eaianadiana,Madagascar
133,Eana,Madagascar
134,Eanana Ivoniman,Madagascar
135,Ehamandrona,Madagascar
136,Ehamaninaro,Madagascar
137,Ehana,Madagascar
138,Ehina,Madagascar
139,Ehinana,Madagascar
140,Ehinanadiana,Madagascar
141,Ehinananariny,Madagascar
142,Ehinanarivoanit,Madagascar
143,Ehinandrondrond,Madagascar
144,Ehinaratana,Madagascar
145,Ehinarivo,Madagascar
146,Ehinarivoanomah,Madagascar
147,Ehompy,Madagascar
148,Ehy,Madagascar
149,Ela Bbe,Madagascar
150,Elamena,Madagascar
151,Elana,Madagascar
152,Elanadiana,Madagascar
153,Elanana,Madagascar
154,Elananarivo,Madagascar
155,Elanato Be,Madagascar
156,Emaitseheno,Madagascar
157,Emaitsetra,Madagascar
158,Emaitsy,Madagascar
159,Ena,Madagascar
160,Eny,Madagascar
161,Eranandrianadia,Madagascar
162,Erandriana,Madagascar
163,Eranoro,Madagascar
164,Erikandy,Madagascar
165,Erikanjary,Madagascar
166,Etra,Madagascar
167,Eza,Madagascar
168,Fanakaratanany,Madagascar
169,Fanatolamavony,Madagascar
170,Farafana,Madagascar
171,Farafangaintira,Madagascar
172,Fhina,Madagascar
173,Fhtsetra,Madagascar
174,Fkandrananarobi,Madagascar
175,Gaka,Madagascar
176,Gana,Madagascar
177,Gana Ivonimamo,Madagascar
178,Ganaka,Madagascar
179,Ganana,Madagascar
180,Gananjary,Madagascar
181,Ghobe,Madagascar
182,Habe,Madagascar
183,Haha,Madagascar
184,Hahanatondapa,Madagascar
185,Hana,Madagascar
186,Hanana,Madagascar
187,Hano,Madagascar
188,Hara,Madagascar
189,Harafanga,Madagascar
190,Hbia,Madagascar
191,Hbparakarafarak,Madagascar
192,Hdbena,Madagascar
193,Hdbenaarakarana,Madagascar
194,Hdipaho,Madagascar
195,Hdnbidiandrahab,Madagascar
196,Hdraha,Madagascar
197,Hdrandrarivo,Madagascar
198,Hdrarivo,Madagascar
199,Hdrazaka,Madagascar
200,Hdrona,Madagascar
201,Hga,Madagascar
202,Hh-Hilamanga,Madagascar
203,Hhaolampy,Madagascar
204,Hhiarivoarivo,Madagascar
205,Hhipaha,Madagascar
206,Hhiranomahitset,Madagascar
207,Hhjary,Madagascar
208,Hhjpasimamo Sur,Madagascar
209,Hhtsetra,Madagascar
210,Hiabe,Madagascar
211,Hiana,Madagascar
212,Hianarana,Madagascar
213,Hiandananarinan,Madagascar
214,Hiara,Madagascar
215,Hiarafana,Madagascar
216,Hiarafanadiana,Madagascar
217,Hiarafangaintir,Madagascar
218,Hiarafanganarin,Madagascar
219,Hiarafara,Madagascar
220,Hiarafarafanga,Madagascar
221,Hiarahana,Madagascar
222,Hiaraka,Madagascar
223,Hiarananana,Madagascar
224,Hiarandrianana,Madagascar
225,Hiaratanana Ivo,Madagascar
226,Hiaratavy,Madagascar
227,Hiaratsiho,Madagascar
228,Hiaravola,Madagascar
229,Hiaravolamavony,Madagascar
230,Hiarika,Madagascar
231,Hiarikandrantse,Madagascar
232,Hiarikanjary,Madagascar
233,Hiarinana,Madagascar
234,Hiarinandilampy,Madagascar
235,Hiarinaratanitr,Madagascar
236,Hiarinaroanjaka,Madagascar
237,Hiariny,Madagascar
238,Hiarivo,Madagascar
239,Hiarivo Atsina,Madagascar
240,Hiarivo Atsirib,Madagascar
241,Hiarivo Be,Madagascar
242,Hiarivo Boeny,Madagascar
243,Hiarivoano,Madagascar
244,Hiarivoany,Madagascar
245,Hiarivoay,Madagascar
246,Hiarivongo,Madagascar
247,Hiarivonimamo,Madagascar
248,Hiarivony,Madagascar
249,Hibihina,Madagascar
250,Hibihinana,Madagascar
251,Hibihinananana,Madagascar
252,Hibihinandrants,Madagascar
253,Hibihinanjozo,Madagascar
254,Hibihinany,Madagascar
255,Hibina,Madagascar
256,Hibinanananato,Madagascar
257,Hidrana,Madagascar
258,Hifatsy,Madagascar
259,Hihy,Madagascar
260,Hijanga,Madagascar
261,Hijangana,Madagascar
262,Hika,Madagascar
263,Himbohihy,Madagascar
264,Himbondava,Madagascar
265,Hina,Madagascar
266,Hinanandy,Madagascar
267,Hinanja,Madagascar
268,Hipaha,Madagascar
269,Hipaho,Madagascar
270,Hira,Madagascar
271,Hirabe,Madagascar
272,Hirabe Afovoari,Madagascar
273,Hirabe Afovombe,Madagascar
274,Hirabe Afovoram,Madagascar
275,Hirana,Madagascar
276,Hitra,Madagascar
277,Hitranato,Madagascar
278,Hitrantsohibihi,Madagascar
279,Hitrolamvorana ,Madagascar
280,Hitrolanana,Madagascar
281,Hitrolomahitra,Madagascar
282,Hitrolomanieran,Madagascar
283,Hitrolotra,Madagascar
284,Hitsehenoara,Madagascar
285,Hitsehenoarivo ,Madagascar
286,Hitsehenoarivon,Madagascar
287,Hitsetra,Madagascar
288,Hitsira,Madagascar
289,Hitso,Madagascar
290,Hitsoa,Madagascar
291,Hitsohihy,Madagascar
292,Hitsohipahava,Madagascar
293,Hitsohirabe,Madagascar
294,Hitsohitra,Madagascar
295,Hitsohitsehenoa,Madagascar
296,Hitsy,Madagascar
297,Hiy,Madagascar
298,Hjary,Madagascar
299,Hjo,Madagascar
300,Hkara,Madagascar
301,Hohy,Madagascar
302,Hpisimamo,Madagascar
303,Hpisitra,Madagascar
304,Hpisy,Madagascar
305,Hspa,Madagascar
306,Hspaho,Madagascar
307,Hsranovaho,Madagascar
308,Htarivo,Madagascar
309,Iaha,Madagascar
310,Iahajanga,Madagascar
311,Iahanomanovaho,Madagascar
312,Iana,Madagascar
313,Iana Ivonimanin,Madagascar
314,Iana Ivony,Madagascar
315,Ianadiana,Madagascar
316,Ianadiananaroan,Madagascar
317,Ianaka,Madagascar
318,Ianana,Madagascar
319,Iananana,Madagascar
320,Iananandrianari,Madagascar
321,Ianananjakaraka,Madagascar
322,Iananjaka,Madagascar
323,Ianany,Madagascar
324,Ianara,Madagascar
325,Ianaratsina,Madagascar
326,Ianarivo Atsira,Madagascar
327,Ianarobia,Madagascar
328,Iandrarivo,Madagascar
329,Iara,Madagascar
330,Iarafaratsy,Madagascar
331,Iariny,Madagascar
332,Iarivonimamo,Madagascar
333,Iatanandrahajan,Madagascar
334,Idana,Madagascar
335,Idandy,Madagascar
336,Idavatofinana,Madagascar
337,Idrandriananand,Madagascar
338,Idrazakarahanan,Madagascar
339,Iemaitsetra,Madagascar
340,Iha,Madagascar
341,Ihy,Madagascar
342,Ijo,Madagascar
343,Ika,Madagascar
344,Imbodifotsy,Madagascar
345,Indranto,Madagascar
346,Indrantsiho,Madagascar
347,Indrianarivoay,Madagascar
348,Itseheno,Madagascar
349,Itsehenoarivoan,Madagascar
350,Itsetra,Madagascar
351,Itso,Madagascar
352,Itsoa,Madagascar
353,Itsy,Madagascar
354,Ivo,Madagascar
355,Ivony,Madagascar
356,Jahy,Madagascar
357,Janga,Madagascar
358,Jangaindrazaka,Madagascar
359,Jangaintirabena,Madagascar
360,Jary,Madagascar
361,Javato,Madagascar
362,Javy,Madagascar
363,Jbivo Boeny,Madagascar
364,Jeny,Madagascar
365,Jhavatondrona,Madagascar
366,Joava,Madagascar
367,Kaha,Madagascar
368,Kahabe,Madagascar
369,Kahadana,Madagascar
370,Kahanananarahaj,Madagascar
371,Kahjo,Madagascar
372,Kamavony,Madagascar
373,Kandandy,Madagascar
374,Kandraha,Madagascar
375,Kandrahajanga,Madagascar
376,Kandrianandrano,Madagascar
377,Kanjaka,Madagascar
378,Kanjary,Madagascar
379,Kanjo,Madagascar
380,Kara,Madagascar
381,Karafanga,Madagascar
382,Karafara,Madagascar
383,Karahavao,Madagascar
384,Karaka,Madagascar
385,Karakara,Madagascar
386,Karakaranakarav,Madagascar
387,Karakarandidy,Madagascar
388,Karana,Madagascar
389,Karano,Madagascar
390,Karanohitrolotr,Madagascar
391,Karanto,Madagascar
392,Karatana,Madagascar
393,Karatofina,Madagascar
394,Karatsy,Madagascar
395,Karavongo,Madagascar
396,Karavonimamo,Madagascar
397,Karavonimanirab,Madagascar
398,Kdrarivo Atsiho,Madagascar
399,Kga,Madagascar
400,Khazaka,Madagascar
401,Khazakaratsy,Madagascar
402,Kmbzlabe,Madagascar
403,Kpppakanjary,Madagascar
404,Ksazakarafanga,Madagascar
405,Kszondriana,Madagascar
406,Ktakotakotatra,Madagascar
407,Lahajanga,Madagascar
408,Lambodivo,Madagascar
409,Lambohihy,Madagascar
410,Lamena,Madagascar
411,Lanana,Madagascar
412,Mbe,Madagascar
413,Mbilobe,Madagascar
414,Mbohipahatana,Madagascar
415,Mphspaho,Madagascar
416,Nasy,Madagascar
417,Ndapa,Madagascar
418,Ndavao,Madagascar
419,Ndavatenindrari,Madagascar
420,Ndavatondrarivo,Madagascar
421,Ndidy,Madagascar
422,Ndilamena,Madagascar
423,Ndrarivonimanga,Madagascar
424,Ndrazaka,Madagascar
425,Nhssra,Madagascar
426,Njaka,Madagascar
427,Njakarafaravong,Madagascar
428,Njakaranomahits,Madagascar
429,Njary,Madagascar
430,Njikandrianaron,Madagascar
431,Njo,Madagascar
432,Nkazoabo,Madagascar
433,Nkazobe,Madagascar
434,Nkazondrarivoay,Madagascar
435,Nohiranohihy,Madagascar
436,Ntakotatra,Madagascar
437,Ntalamena,Madagascar
438,Ntanierantsira,Madagascar
439,Ntdrahanohihy,Madagascar
440,Nto,Madagascar
441,Ntseheno,Madagascar
442,Ntsehenoarivoar,Madagascar
443,Ntsiho,Madagascar
444,Ntsina,Madagascar
445,Ntsinanana,Madagascar
446,Ntsinananana,Madagascar
447,Ntsirano,Madagascar
448,Ntsiroanindrian,Madagascar
449,Ntsohitra,Madagascar
450,Oabo,Madagascar
451,Oahitsy,Madagascar
452,Oanina,Madagascar
453,Oantsehenoarivo,Madagascar
454,Oany,Madagascar
455,Ohhtsirantsohir,Madagascar
456,Ohy,Madagascar
457,Oky,Madagascar
458,Ola,Madagascar
459,Ombe,Madagascar
460,Paho,Madagascar
461,Rahana,Madagascar
462,Rahava,Madagascar
463,Ranolotra,Madagascar
464,Ratavy,Madagascar
465,Ravongo,Madagascar
466,Ri Sirantsirabe,Madagascar
467,Riamanierandria,Madagascar
468,Ribihinana,Madagascar
469,Rika,Madagascar
470,Rina,Madagascar
471,Rinananarakandr,Madagascar
472,Rivo,Madagascar
473,Rivonimamo,Madagascar
474,Rshimbo,Madagascar
475,Sary,Madagascar
476,Sehenoarivo Ats,Madagascar
477,Siamano,Madagascar
478,Siara,Madagascar
479,Siarivo,Madagascar
480,Siho,Madagascar
481,Simanga,Madagascar
482,Simangana,Madagascar
483,Simanolotra,Madagascar
484,Simanorobe,Madagascar
485,Siroanindriana ,Madagascar
486,Sitra,Madagascar
487,Sitrolotranohit,Madagascar
488,Svmboasary,Madagascar
489,Sy Varivony,Madagascar
490,Tadabe,Madagascar
491,Tbahavatahitrol,Madagascar
492,Tgana,Madagascar
493,Thihy,Madagascar
494,Thira,Madagascar
495,Thirabe Afovomb,Madagascar
496,Thirabinaro,Madagascar
497,Thirana,Madagascar
498,Thirana Ivongo,Madagascar
499,Thirandrandriam,Madagascar
500,Thirandriana,Madagascar
501,Thirano,Madagascar
502,Thiranohitsy,Madagascar
503,Tho,Madagascar
504,Tika,Madagascar
505,Tma,Madagascar
506,Tndranatolamand,Madagascar
507,Tndrianadiandri,Madagascar
508,Tsehenoarahavat,Madagascar
509,Tsiho,Madagascar
510,Tsira,Madagascar
511,Tsiranomanieran,Madagascar
512,Tsirantsiho,Madagascar
513,Tsiribihina,Madagascar
514,Tsiribihinarant,Madagascar
515,Tsiribinana,Madagascar
516,Tsiribinara,Madagascar
517,Tsiroanindrano,Madagascar
518,Tsiroanja,Madagascar
519,Uhinarivonimamo,Madagascar
520,Uranoro,Madagascar
521,Uratana,Madagascar
522,Van,Madagascar
523,Vha,Madagascar
524,Viarika,Madagascar
525,Vilamanga,Madagascar
526,Vira,Madagascar
527,Voarakara,Madagascar
528,Y Baelanarinand,Madagascar
529,Y Boeny,Madagascar
530,Zaka,Madagascar
531,Zaravonimamo,Madagascar
532,Zoabo,Madagascar
533,Zrobia,Madagascar
