,Name,Origin
0, Ayer Hang Bern,Malaysia
1, Ayer Kedah,Malaysia
2, Mertajam,Malaysia
3, Nlu Serembai,Malaysia
4, Nudangsar,Malaysia
5, Pantai,Malaysia
6, Renggam,Malaysia
7,", Bentong",Malaysia
8,", Bernam",Malaysia
9,", Keroh",Malaysia
10,",,Dhil",Malaysia
11,",Bh Rerdang Pen",Malaysia
12,",Dah",Malaysia
13,",Edah",Malaysia
14,",En ",Malaysia
15,",H Baharu Nilai",Malaysia
16,",H Bala Keroh",Malaysia
17,",H Berendam",Malaysia
18,",H Berjung Suba",Malaysia
19,",H Besar",Malaysia
20,",H Karangai Pel",Malaysia
21,",Lek",Malaysia
22,",Lek Glugor",Malaysia
23,",Te",Malaysia
24,",Te Ara",Malaysia
25,",U Baru Subang ",Malaysia
26,",U Batu Feringg",Malaysia
27,",U Bentong",Malaysia
28,",U Berjuntan",Malaysia
29,",U Bernam",Malaysia
30,",Wo",Malaysia
31,",Wontian Sepat",Malaysia
32,",Wort Dickson",Malaysia
33,Aai,Malaysia
34,Abak Bentong,Malaysia
35,Abuhan Klang,Malaysia
36,Adang,Malaysia
37,Adang Kadok,Malaysia
38,Adang Perlis,Malaysia
39,Adang Tokong,Malaysia
40,Adangat,Malaysia
41,Agi,Malaysia
42,Ai Cenas,Malaysia
43,Aju,Malaysia
44,Alg Pahau,Malaysia
45,Aling Mat Sirat,Malaysia
46,Alor Gajam,Malaysia
47,Alor Gudang Ren,Malaysia
48,Alor Sepang,Malaysia
49,Am Sawit,Malaysia
50,Amfnai,Malaysia
51,Amfng,Malaysia
52,Amjung Ayer Han,Malaysia
53,Amsung Baharu N,Malaysia
54,Ang,Malaysia
55,Ang Pang Ayer K,Malaysia
56,Angkak,Malaysia
57,Aooo  Esfbai,Malaysia
58,Arang Bahru,Malaysia
59,Ark,Malaysia
60,Aro,Malaysia
61,Arong,Malaysia
62,Arong Ayer Hang,Malaysia
63,Arong Baharu,Malaysia
64,Arong Masjid Ta,Malaysia
65,Arong Petang Se,Malaysia
66,Aror,Malaysia
67,Aru,Malaysia
68,Aru Sepangat,Malaysia
69,Auk,Malaysia
70,Awit,Malaysia
71,Awntai,Malaysia
72,Bentong,Malaysia
73,Bentong Seremba,Malaysia
74,Ber,Malaysia
75,Bjung Tokong Si,Malaysia
76,Bkai,Malaysia
77,Bkan,Malaysia
78,Bkan Kedah,Malaysia
79,Bkan Senangar,Malaysia
80,Bkong,Malaysia
81,Bkun Ah,Malaysia
82,Blenai,Malaysia
83,Bler,Malaysia
84,Bloo  E,Malaysia
85,Blung Ayer Hang,Malaysia
86,Bmanjuntar,Malaysia
87,Bpkil Kasap,Malaysia
88,Brlusangkak,Malaysia
89,Bru,Malaysia
90,Bsang,Malaysia
91,Btang,Malaysia
92,Bterwort Dickso,Malaysia
93,Btler,Malaysia
94,Btlerah,Malaysia
95,Btterwort Dicks,Malaysia
96,Btterworth,Malaysia
97,Bwort Dickson,Malaysia
98,Cakan Klang,Malaysia
99,Cekan Senas,Malaysia
100,Chol Kangkal Ka,Malaysia
101,Ckoot Buntang B,Malaysia
102,Coharu Bernam,Malaysia
103,Cokan,Malaysia
104,Cokan Kedah,Malaysia
105,Cokan Klang Ren,Malaysia
106,Cokan Nenang,Malaysia
107,Cokan Serendang,Malaysia
108,Cokrn,Malaysia
109,Dah,Malaysia
110,Dang,Malaysia
111,Dang Renggi,Malaysia
112,Dang Tokong,Malaysia
113,Dangkak,Malaysia
114,Dek,Malaysia
115,Dlebang Ayer Ha,Malaysia
116,Dleg,Malaysia
117,Dluan,Malaysia
118,Doh,Malaysia
119,Egpar,Malaysia
120,Ekan Senai,Malaysia
121,Ekkgkag Renggi,Malaysia
122,Ektontian Kechi,Malaysia
123,Ekung Kang Sena,Malaysia
124,Elek,Malaysia
125,Elek Glugor,Malaysia
126,Elek Nenas,Malaysia
127,Elek New Villag,Malaysia
128,Elkong Masjid T,Malaysia
129,Eluk Intai Udan,Malaysia
130,Eluk Intan,Malaysia
131,Eluk Intani,Malaysia
132,Empang,Malaysia
133,Empang Tokong,Malaysia
134,Empangai Cenang,Malaysia
135,Empangai Udang,Malaysia
136,Empar,Malaysia
137,Empat,Malaysia
138,Epangsar,Malaysia
139,Epat,Malaysia
140,Ermat,Malaysia
141,Etaling,Malaysia
142,Etlasap,Malaysia
143,Feri Kuchingar,Malaysia
144,Feri Kundam,Malaysia
145,Fering,Malaysia
146,Fndom,Malaysia
147,Fndong,Malaysia
148,Fndong Buntangk,Malaysia
149,Fndong Serendan,Malaysia
150,Fort Dickson,Malaysia
151,Fri,Malaysia
152,"G, Bernam",Malaysia
153,Gas,Malaysia
154,Gelabuan,Malaysia
155,Gemaa,Malaysia
156,Gflawit,Malaysia
157,Ghamgar,Malaysia
158,Gjamat,Malaysia
159,Gkak,Malaysia
160,Gklek,Malaysia
161,Glage,Malaysia
162,Glek,Malaysia
163,Glek New Villag,Malaysia
164,Glepalakong Mas,Malaysia
165,Glugor,Malaysia
166,Gluk Intan,Malaysia
167,Gmamat,Malaysia
168,Gra Musang Reng,Malaysia
169,Grajam,Malaysia
170,Gras,Malaysia
171,Grat,Malaysia
172,Grbagan Senas,Malaysia
173,Gru Besar,Malaysia
174,Gru Nilah,Malaysia
175,Gru Nilai,Malaysia
176,Gsar,Malaysia
177,Gurun,Malaysia
178,Hkng Masjid Tan,Malaysia
179,Hlebang,Malaysia
180,Hlong Simpabak ,Malaysia
181,Hlubang Cang Em,Malaysia
182,Hlubunrai,Malaysia
183,Hong,Malaysia
184,Hor Gudang Simp,Malaysia
185,Hwng Reng,Malaysia
186,Iepat,Malaysia
187,Ilah,Malaysia
188,Ilai,Malaysia
189,Ilek New Villag,Malaysia
190,Iluang,Malaysia
191,Imaa,Malaysia
192,Imlatang Empat,Malaysia
193,Ingai Petar,Malaysia
194,It Rajam,Malaysia
195,Itar,Malaysia
196,Jam,Malaysia
197,Jaru,Malaysia
198,Jaru Nilai,Malaysia
199,Jentong,Malaysia
200,Jerua,Malaysia
201,Jjau Senai,Malaysia
202,Jjru,Malaysia
203,Jloo  Eanorn Kl,Malaysia
204,Jloo  Enjaru Su,Malaysia
205,Jlrum,Malaysia
206,Jlung Mas,Malaysia
207,Jluu Besar,Malaysia
208,Jluu Masjid Tan,Malaysia
209,Jmorah,Malaysia
210,Jmras,Malaysia
211,Jntong,Malaysia
212,Jru,Malaysia
213,Jrun,Malaysia
214,Jtru,Malaysia
215,Jtur,Malaysia
216,Jung Sepat,Malaysia
217,Jungai Petaling,Malaysia
218,Juntan,Malaysia
219,Juntar,Malaysia
220,K Bernam,Malaysia
221,K Besar,Malaysia
222,K New Village,Malaysia
223,Kan,Malaysia
224,Kdladang Empang,Malaysia
225,Kek Glugor,Malaysia
226,Kek New Village,Malaysia
227,Kgamatan,Malaysia
228,Kid Tanjung Pas,Malaysia
229,Kil Kang,Malaysia
230,Kit Merai,Malaysia
231,Kk Bernam,Malaysia
232,Kkkan,Malaysia
233,Kklang Jaya,Malaysia
234,Kldong Senas,Malaysia
235,Klebang,Malaysia
236,Klebangkal Kang,Malaysia
237,Klek Glugor,Malaysia
238,Kloh Kang Bahar,Malaysia
239,Kluantai Udang,Malaysia
240,Kmala Lipis,Malaysia
241,Knngat,Malaysia
242,Kong,Malaysia
243,Kong Ayer Kedah,Malaysia
244,Kong Bahru,Malaysia
245,Kong Bernam,Malaysia
246,Kong Bukit Ting,Malaysia
247,Kong Empar,Malaysia
248,Kong Jaya,Malaysia
249,Kong Kang,Malaysia
250,Kong Mat Sirat,Malaysia
251,Kong Permatani,Malaysia
252,Kong Renggi,Malaysia
253,Kong Sebang,Malaysia
254,Kong Senai,Malaysia
255,Kong Simpat,Malaysia
256,Kong Sirat,Malaysia
257,Kong Town,Malaysia
258,Korgh,Malaysia
259,Kotg Fering,Malaysia
260,Kpnggam,Malaysia
261,Ksang,Malaysia
262,Ksebang,Malaysia
263,Kuala Kalong,Malaysia
264,Kualakong Baru,Malaysia
265,Kuantai Udangsa,Malaysia
266,Kuk Intai Peri ,Malaysia
267,Kuk Intai Perin,Malaysia
268,Kuk Intangsar,Malaysia
269,Kulai,Malaysia
270,Kulau Sebang,Malaysia
271,Kulau Senang To,Malaysia
272,Kulau Serai,Malaysia
273,Kulau Sung Masj,Malaysia
274,Kulau Sung Sung,Malaysia
275,Law,Malaysia
276,Ldang Setar,Malaysia
277,Ldmagan Keching,Malaysia
278,Ldmagan Klang P,Malaysia
279,Ldmagan New Vil,Malaysia
280,Le Batu Arang M,Malaysia
281,Lek,Malaysia
282,Lek Glugor,Malaysia
283,Lek Necai,Malaysia
284,Lek Nenai,Malaysia
285,Lek Nenas,Malaysia
286,Lek New Village,Malaysia
287,Lepat,Malaysia
288,Lering,Malaysia
289,Lermat,Malaysia
290,Lernam,Malaysia
291,Lgkola Keching,Malaysia
292,Lgkolik Bernam,Malaysia
293,Lku  Atw Berjun,Malaysia
294,Lku  Ewcvial Ka,Malaysia
295,Lmbai,Malaysia
296,Lmbang,Malaysia
297,Lmdang Empat,Malaysia
298,Lmdang Pasir Ga,Malaysia
299,Lmdang Sung Ben,Malaysia
300,Lmlisir Molek G,Malaysia
301,Lmmat,Malaysia
302,Lmra,Malaysia
303,Loag,Malaysia
304,Loag Simpat,Malaysia
305,Lob Han Kechil,Malaysia
306,Loe Klang Punsa,Malaysia
307,Loh Kadok,Malaysia
308,Loh Kalong,Malaysia
309,Loh Kalong Batu,Malaysia
310,Loh Kalong Kang,Malaysia
311,Loh Kalong Peng,Malaysia
312,Loh Kang,Malaysia
313,Loh Kang Sung B,Malaysia
314,Loh Kangsar,Malaysia
315,Loh Karang,Malaysia
316,Loh Karang Batu,Malaysia
317,Loh Karangai Ar,Malaysia
318,Loh Karangkak,Malaysia
319,Loh Karangkal K,Malaysia
320,Loh Kasap,Malaysia
321,Loh Krdang,Malaysia
322,Lok Glugor,Malaysia
323,Lol Kadok,Malaysia
324,Long,Malaysia
325,Long Kuchingai ,Malaysia
326,Lor Godah,Malaysia
327,Lot  Uferi Kuch,Malaysia
328,Lou Seban,Malaysia
329,Lou Senai,Malaysia
330,Lou Serendang,Malaysia
331,Lou Sungai Udan,Malaysia
332,Low ,Malaysia
333,Lowo,Malaysia
334,Lrbuna Perlis,Malaysia
335,Lrmat,Malaysia
336,Lrmatas,Malaysia
337,Lu Setang Peng,Malaysia
338,Luk Intai,Malaysia
339,Luk Intai Ara,Malaysia
340,Luk Intai Peng,Malaysia
341,Luk Intai Perah,Malaysia
342,Luk Intai Perli,Malaysia
343,Luk Intai Petan,Malaysia
344,Luk Intai Petar,Malaysia
345,Luk Intai Udang,Malaysia
346,Luk Intang,Malaysia
347,Luk Intang Bent,Malaysia
348,Luk Intang Jaya,Malaysia
349,Luk Intang Pera,Malaysia
350,Luk Intang Sira,Malaysia
351,Luk Intang Toko,Malaysia
352,Luk Intangai Ar,Malaysia
353,Luk Intani,Malaysia
354,Luk Intar,Malaysia
355,Lung Kuchil,Malaysia
356,Luong Masjid Ta,Malaysia
357,"M,An",Malaysia
358,Mblah,Malaysia
359,Mjai Peng,Malaysia
360,Mkas Baharu,Malaysia
361,Mlangkal Kang,Malaysia
362,Mlar,Malaysia
363,Mlare,Malaysia
364,Mlarembangat,Malaysia
365,Mlarh,Malaysia
366,Mlaru,Malaysia
367,Mlarum,Malaysia
368,Mlas,Malaysia
369,Mlasek New Vill,Malaysia
370,Mlatang,Malaysia
371,Mlatani,Malaysia
372,Mlate Bala Kasa,Malaysia
373,Mmatan,Malaysia
374,Mnlai,Malaysia
375,Mpang,Malaysia
376,Mpang Tokong To,Malaysia
377,Mpar,Malaysia
378,Mpat,Malaysia
379,Mras,Malaysia
380,Mru,Malaysia
381,Mtan,Malaysia
382,Ndam,Malaysia
383,Ndang,Malaysia
384,Nelabuang Bahar,Malaysia
385,Nelapa Sawit,Malaysia
386,Ng Batu Feringg,Malaysia
387,Ng Berjung Baru,Malaysia
388,Ng Kedah,Malaysia
389,Ng Pang Tokong ,Malaysia
390,Ng Pantar,Malaysia
391,Ng Tanjuntai,Malaysia
392,Ngai Udang,Malaysia
393,Ngar,Malaysia
394,"Nggi, Bentong B",Malaysia
395,Ngkak,Malaysia
396,Ngmitra,Malaysia
397,Ngtan,Malaysia
398,Nlek,Malaysia
399,Nlek New Villag,Malaysia
400,Nr Serah,Malaysia
401,Nseri Kuchingai,Malaysia
402,Ntai,Malaysia
403,Ntai Cenai,Malaysia
404,Ntani,Malaysia
405,Ntar,Malaysia
406,Ntsinggi,Malaysia
407,Nwlir,Malaysia
408,Odah,Malaysia
409,Oft,Malaysia
410,Oh Kadok,Malaysia
411,Oh Kalong,Malaysia
412,Oh Kangkak,Malaysia
413,Oh Karang,Malaysia
414,Oh Kasap,Malaysia
415,Ohor Gudai,Malaysia
416,Ohtri,Malaysia
417,Ok Glugor,Malaysia
418,Okkccs,Malaysia
419,Okong,Malaysia
420,Okong Empar,Malaysia
421,Okong Kundah,Malaysia
422,Okong Serembai,Malaysia
423,Okong Town,Malaysia
424,Old Kasap,Malaysia
425,Old Uar,Malaysia
426,Olt Uar,Malaysia
427,Ong,Malaysia
428,Ong Baru Sepat,Malaysia
429,Ong Kalong Tanj,Malaysia
430,Ong Mat Simpat,Malaysia
431,Ong Petaling,Malaysia
432,Ooh,Malaysia
433,Ooh Kalong Reng,Malaysia
434,Ooh Kasap,Malaysia
435,Or Bahau,Malaysia
436,Or Baru Nilah,Malaysia
437,Or Senas,Malaysia
438,Or Sepalakong,Malaysia
439,Orh,Malaysia
440,Orh Bahru,Malaysia
441,Orh Rendam,Malaysia
442,Orh Senai,Malaysia
443,Orhhru,Malaysia
444,Ornharu Senang,Malaysia
445,Ort Dickson,Malaysia
446,Orth,Malaysia
447,Orw Baharu,Malaysia
448,Orw Baharu Nila,Malaysia
449,Orw Rerdang,Malaysia
450,"Orw Ringgi, Ber",Malaysia
451,Orwh,Malaysia
452,Orwhri,Malaysia
453,Orwhrn,Malaysia
454,Ot  Berua,Malaysia
455,Ot  Bharu,Malaysia
456,Ot  Bsntan,Malaysia
457,Ot  Bukit Rajam,Malaysia
458,Ot  Eching,Malaysia
459,Ot  Feri Kundah,Malaysia
460,Ot  Ifntian Kec,Malaysia
461,Ot  Ilis,Malaysia
462,Ot  Mrsang Peng,Malaysia
463,Ot  Reng,Malaysia
464,Ot  Rwng,Malaysia
465,Ot  Suban,Malaysia
466,Ot Bahau,Malaysia
467,Ot Baru Sung Re,Malaysia
468,Ot Batu Fering,Malaysia
469,Ot Singai Udang,Malaysia
470,Ote Sung Buntan,Malaysia
471,Oto Bentong Ber,Malaysia
472,Oto Bentong Kun,Malaysia
473,Oto Bentong Sen,Malaysia
474,Oto Berembangka,Malaysia
475,Oto Berjung Bes,Malaysia
476,Oto Berjuntang,Malaysia
477,Oto Bernam,Malaysia
478,Oto Bharum,Malaysia
479,Oto Bilai,Malaysia
480,Oto Bntai Petal,Malaysia
481,Oto Gedah,Malaysia
482,Oto Rendah,Malaysia
483,Oto Wontian Seb,Malaysia
484,Ott Run,Malaysia
485,Owo,Malaysia
486,Owong Batu Paha,Malaysia
487,P Bernam,Malaysia
488,Padang,Malaysia
489,Pang,Malaysia
490,Pang Kuchingai ,Malaysia
491,Pantai,Malaysia
492,Par,Malaysia
493,Parit Rambangka,Malaysia
494,Pcgoo ,Malaysia
495,Perlis,Malaysia
496,Pggaman Setalij,Malaysia
497,Pkan,Malaysia
498,Plas,Malaysia
499,Pluluu Bala Ked,Malaysia
500,Pod,Malaysia
501,Pong,Malaysia
502,Pong Empang,Malaysia
503,Pong Jaya,Malaysia
504,Pong Kasap,Malaysia
505,Pong Sirat,Malaysia
506,Por,Malaysia
507,Prngat,Malaysia
508,Prntang,Malaysia
509,Psangsar,Malaysia
510,Pulai,Malaysia
511,Purong Kalong,Malaysia
512,Rang,Malaysia
513,Raub,Malaysia
514,Rendah,Malaysia
515,Rgmban,Malaysia
516,Rit Mersing,Malaysia
517,Rjung Serendam,Malaysia
518,Rjuntai Udang J,Malaysia
519,Rkmbai,Malaysia
520,Rkudai,Malaysia
521,Rleg Empat,Malaysia
522,Rlusangai Peng,Malaysia
523,Rlusangkal Kalo,Malaysia
524,Rluson,Malaysia
525,Rmat,Malaysia
526,Rmegtang Bernam,Malaysia
527,Rmugru,Malaysia
528,Rmun,Malaysia
529,Rnam,Malaysia
530,Rng Mas,Malaysia
531,Rngai Peng,Malaysia
532,Rngat,Malaysia
533,Rnggam,Malaysia
534,Rntai Cenang,Malaysia
535,Rntani,Malaysia
536,Rohor Gajah,Malaysia
537,Rpuban,Malaysia
538,Rrub,Malaysia
539,Rsebangsar,Malaysia
540,Rsingai Pelek N,Malaysia
541,Rtobw Senai,Malaysia
542,Rtubpangat Simp,Malaysia
543,Ru Bentong Bala,Malaysia
544,Ru Nilah,Malaysia
545,Ru Nilai,Malaysia
546,Rum,Malaysia
547,Rundam,Malaysia
548,Rwering,Malaysia
549,Rwort Dickson,Malaysia
550,Rworth,Malaysia
551,Ryer Hang,Malaysia
552,Sang,Malaysia
553,Sar,Malaysia
554,Sbbang,Malaysia
555,Sbgar,Malaysia
556,Ser Hang,Malaysia
557,Ser Hangkal Kad,Malaysia
558,Ser Keching,Malaysia
559,Ser Kedah,Malaysia
560,Ser Molek,Malaysia
561,Ser Molek New V,Malaysia
562,Serembang,Malaysia
563,Seringgi,Malaysia
564,Sggaman Serenda,Malaysia
565,Simpat,Malaysia
566,Sir Gudang Kasa,Malaysia
567,Sir Molek Glugo,Malaysia
568,Sjung Ayer Hang,Malaysia
569,Slbaa,Malaysia
570,Srnam,Malaysia
571,Srua,Malaysia
572,Subangsar,Malaysia
573,Sung Bukit Mers,Malaysia
574,Sung Empat,Malaysia
575,Swnai,Malaysia
576,Tanah,Malaysia
577,Tar,Malaysia
578,Tcang,Malaysia
579,Tcang Masjid Ta,Malaysia
580,Tefnvillage,Malaysia
581,Tferi Kuchil,Malaysia
582,Tferi Kundam,Malaysia
583,Tfering,Malaysia
584,Tferingai Peng,Malaysia
585,Tferingat,Malaysia
586,Tferinggam,Malaysia
587,"Tferinggi, Bent",Malaysia
588,Tfri,Malaysia
589,Timpangsar,Malaysia
590,Tjertajah,Malaysia
591,Tkan Nenai,Malaysia
592,Tkmlaru Bahat,Malaysia
593,Tkmpar,Malaysia
594,Tkpangsar,Malaysia
595,Tlernam,Malaysia
596,Tlipas,Malaysia
597,Tljan,Malaysia
598,Tllage,Malaysia
599,"Tlngui, Bentong",Malaysia
600,Tlring Buntang,Malaysia
601,Tlringgi,Malaysia
602,Tman Nenang Emp,Malaysia
603,Tmerua,Malaysia
604,Tmpar,Malaysia
605,Tngcai,Malaysia
606,Tnring,Malaysia
607,Toip Nggi,Malaysia
608,Tompar,Malaysia
609,Tp Ara,Malaysia
610,Tpabsk Dang,Malaysia
611,Tpang,Malaysia
612,Tpangai Ara,Malaysia
613,Tping Ayer Mole,Malaysia
614,Tpk Terwort Dic,Malaysia
615,Trip Sang,Malaysia
616,Tser Hang,Malaysia
617,Tsing,Malaysia
618,Tudangar,Malaysia
619,Tus,Malaysia
620,Uala Bharu,Malaysia
621,Uantani,Malaysia
622,Udang,Malaysia
623,Udang Bukit Mer,Malaysia
624,Udang Mat Sirat,Malaysia
625,Udang Pekan Seb,Malaysia
626,Udang Simpat,Malaysia
627,Udang Town,Malaysia
628,Ukai,Malaysia
629,Ukci,Malaysia
630,Ukgilah,Malaysia
631,Uklia,Malaysia
632,Ulau Sung Reng,Malaysia
633,Uluantai Cenang,Malaysia
634,Uluu Ara,Malaysia
635,Uluu Arang Ayer,Malaysia
636,Uluu Mas,Malaysia
637,Uluu Mat Simpat,Malaysia
638,Uluu Mat Sirat,Malaysia
639,Umlasek New Vil,Malaysia
640,Untai Pelabukai,Malaysia
641,Usepang Sebangh,Malaysia
642,Userai,Malaysia
643,Uum,Malaysia
644,Vmllage,Malaysia
645,Wcora Musang Ba,Malaysia
646,Wcorah,Malaysia
647,Wndam,Malaysia
648,Wntar,Malaysia
649,Wntgaman Kechil,Malaysia
650,Wontian Sebang,Malaysia
651,Wovontian Serin,Malaysia
652,Wovt,Malaysia
653,Wovt Nangsar,Malaysia
654,Wovt Tar,Malaysia
655,Wovtdlik Berjun,Malaysia
656,Wovtgleg,Malaysia
657,Wovtglia,Malaysia
658,Wovtolih,Malaysia
659,Wovtong Jaya,Malaysia
660,Wovtsngai Cenai,Malaysia
661,Wovtsr,Malaysia
662,Wvillage,Malaysia
663,Wvvillage,Malaysia
