,Name,Origin
0, Dina,Malta
1,Abla,Malta
2,Ablokk,Malta
3,Abra,Malta
4,Afd,Malta
5,Anlatharb,Malta
6,Anra,Malta
7,Anraisakloakara,Malta
8,Ard,Malta
9,Arghur,Malta
10,Arz,Malta
11,Bbug,Malta
12,Bbuga,Malta
13,Bdu,Malta
14,Bdug,Malta
15,Bfi,Malta
16,Bga,Malta
17,Bgur,Malta
18,Bja,Malta
19,Bjug,Malta
20,Bllzenbrt,Malta
21,Bna,Malta
22,Bnora,Malta
23,Bom,Malta
24,Bor,Malta
25,Borkirkirkop,Malta
26,Boug,Malta
27,Cdspacua,Malta
28,Dina,Malta
29,Dja,Malta
30,Djna,Malta
31,Dnnat,Malta
32,Dona,Malta
33,Dun,Malta
34,Emgrras,Malta
35,Emgrraxxar,Malta
36,Ghajnsielem,Malta
37,Ghajra,Malta
38,Ghja,Malta
39,Ghra,Malta
40,Ghur,Malta
41,Glea,Malta
42,Gli,Malta
43,Gljan,Malta
44,Hajnsielem,Malta
45,Hml Nl Il-Bahar,Malta
46,Hmmrnnstaldana,Malta
47,Jaf,Malta
48,Jag,Malta
49,Jaj,Malta
50,Jan,Malta
51,Jar,Malta
52,Jas,Malta
53,Jfi,Malta
54,Jlnittoriosa,Malta
55,Jmdina,Malta
56,Jndi,Malta
57,Jnfi,Malta
58,Jngiea,Malta
59,Jngiija,Malta
60,Jngiirai,Malta
61,Jngiiraosa,Malta
62,Jngli,Malta
63,Jnnintana,Malta
64,Jnnitaoa,Malta
65,Jnnitioka,Malta
66,Jnnittoriosa,Malta
67,Jnsielem,Malta
68,Jrfi,Malta
69,Jsdiaa,Malta
70,Jsdiea,Malta
71,Jtnnat,Malta
72,Kgra,Malta
73,Krkkrkkrkkra,Malta
74,Lem,Malta
75,Lettard,Malta
76,Ljtnnat,Malta
77,Lmind,Malta
78,Lminn,Malta
79,Lmtnnat,Malta
80,Lokk,Malta
81,Mbroke,Malta
82,Mdnnat,Malta
83,Mdrna,Malta
84,Mfi,Malta
85,Mgli,Malta
86,Mgrrassakkrkkrk,Malta
87,Mgrrassalka,Malta
88,Mhdnda,Malta
89,Mjnnittoriosa,Malta
90,Mnrni,Malta
91,Mrdona,Malta
92,Mrrsxxlrknra,Malta
93,Msdda,Malta
94,Msddara,Malta
95,Nbtard,Malta
96,Ndi,Malta
97,Ndta,Malta
98,Ndtard,Malta
99,Nfi,Malta
100,Nglea,Malta
101,Ngli,Malta
102,Njat,Malta
103,Njnnittoriosa,Malta
104,Njntina,Malta
105,Njta,Malta
106,Njtnnat,Malta
107,Njtt Rwnena,Malta
108,Njtti,Malta
109,Njttirdor,Malta
110,Njttnra,Malta
111,Njttnraexa,Malta
112,Njttnrdi,Malta
113,Nl Il-Baharghur,Malta
114,Nlttnrdi,Malta
115,Nmdina,Malta
116,Nmjtnnat,Malta
117,Nmlieha,Malta
118,Nmn Ii-Baharb,Malta
119,Nmtnnat,Malta
120,Nn  Il-Bahar,Malta
121,Nn Pawl Il-Baha,Malta
122,Nn Tana,Malta
123,Nn Tina,Malta
124,Nn Twnnnttnrdir,Malta
125,Nndta,Malta
126,Nngtirda,Malta
127,Nnlti Vanlgtard,Malta
128,Nnnttnrdi,Malta
129,Nnnttnrdina,Malta
130,Nnnttnrdiraosa,Malta
131,Nntt Ran,Malta
132,Nntt Rarxien,Malta
133,Nntt Rdi,Malta
134,Nntt Rdiraisa,Malta
135,Nntt Rdnnat,Malta
136,Nntt Rinsaika,Malta
137,Nntt Vanl,Malta
138,Nntt Vanlathrr,Malta
139,Nnttnrdi,Malta
140,Nnttnrdina,Malta
141,Nnttnrdiraosa,Malta
142,Nnttnriesa,Malta
143,Nnttnriesallett,Malta
144,Nnttnrrissallet,Malta
145,Nnxirnisalletta,Malta
146,Nona,Malta
147,Nota,Malta
148,Nrdi,Malta
149,Nrgiur,Malta
150,Nrtidi,Malta
151,Nrtirdor,Malta
152,Nrtisielem,Malta
153,Nsafk,Malta
154,Nsaika,Malta
155,Nsailga,Malta
156,Nsailsa,Malta
157,Nsanlath Rghur,Malta
158,Nsdi,Malta
159,Nsnieta,Malta
160,Nstala,Malta
161,Nttnrdi,Malta
162,Nxlek,Malta
163,Nxtrriesa,Malta
164,Odm,Malta
165,Oja,Malta
166,Ole,Malta
167,Olea,Malta
168,Oli,Malta
169,Omi,Malta
170,Omiona,Malta
171,Omminn,Malta
172,Onka,Malta
173,Opmiun,Malta
174,Opui,Malta
175,Opuiua,Malta
176,Oreid,Malta
177,Oreida,Malta
178,Oreidi,Malta
179,Oreiz,Malta
180,Orkop,Malta
181,Ormi,Malta
182,Osi,Malta
183,Oskala,Malta
184,Osmien,Malta
185,Qabba,Malta
186,Qabbar,Malta
187,Qnena,Malta
188,Rbdu,Malta
189,Rden,Malta
190,Rdena,Malta
191,Rdiraa,Malta
192,Rdon,Malta
193,Remdrn,Malta
194,Remz,Malta
195,Rghur,Malta
196,Rja,Malta
197,Rjisielem,Malta
198,Rose,Malta
199,Rosealieha,Malta
200,Rseslieha,Malta
201,Rxeoki,Malta
202,Salka,Malta
203,Salletta,Malta
204,Sallettard,Malta
205,Saskala,Malta
206,Sdala,Malta
207,Sdllatha,Malta
208,Sdma,Malta
209,Sdwa,Malta
210,Smdana,Malta
211,Snllettard,Malta
212,Snn Twn Nintana,Malta
213,Tard,Malta
214,Uqa,Malta
215,Xar,Malta
216,Xjrdi,Malta
217,Xlek,Malta
218,Xlem,Malta
219,Xmrrnssalka,Malta
220,Xorkirkirkirkop,Malta
221,Xorkirkop,Malta
222,Xxgkra,Malta
223,Zbbbrrkera,Malta
224,Zjnnittoriosa,Malta
