,Name,Origin
0, Accueil,Mauritius
1, Anguillacq,Mauritius
2, Eas Ong Mounta,Mauritius
3, Hes Andre,Mauritius
4, Louill,Mauritius
5, Mathurin,Mauritius
6, Nwire,Mauritius
7, Piere,Mauritius
8, Rivierre,Mauritius
9,-Dos Carajos,Mauritius
10,-Masion,Mauritius
11,-Masione Du Sai,Mauritius
12,-Masione Magnie,Mauritius
13,-Monsandre,Mauritius
14,-Rose Bellemous,Mauritius
15,-Rose Blanches ,Mauritius
16,-Rose Bois,Mauritius
17,-Rose Bornes,Mauritius
18,-Ss Baie,Mauritius
19,-Ss Sas,Mauritius
20,A  Re Des Papay,Mauritius
21,A Ruiillacq,Mauritius
22,A Wrerie,Mauritius
23,Aarri,Mauritius
24,Abousses,Mauritius
25,Abure,Mauritius
26,Abusre Seche,Mauritius
27,Achu,Mauritius
28,Achusiere Bland,Mauritius
29,Acuuire,Mauritius
30,Ad Dc,Mauritius
31,Adr ,Mauritius
32,Agrand Basronia,Mauritius
33,Agrands,Mauritius
34,Agreniere,Mauritius
35,Agrove,Mauritius
36,Ahebourg,Mauritius
37,Ahebous,Mauritius
38,Ahebousses,Mauritius
39,Ahebousses Noir,Mauritius
40,Ahibosses,Mauritius
41,Ahpiie,Mauritius
42,Akauabre,Mauritius
43,Akauopllmnt Sac,Mauritius
44,Amarin,Mauritius
45,Ambuurepipe,Mauritius
46,An Chet,Mauritius
47,An Mathurin,Mauritius
48,An Re Rouge,Mauritius
49,An Rerie,Mauritius
50,An Resien,Mauritius
51,An Sicie,Mauritius
52,An U Ien,Mauritius
53,Andre,Mauritius
54,Anire,Mauritius
55,Anmurc,Mauritius
56,Annuvcoge Cocos,Mauritius
57,Antre Rivier Mi,Mauritius
58,Antre Rouge,Mauritius
59,Antre Seche,Mauritius
60,Aourg,Mauritius
61,Aptaint Andre,Mauritius
62,Aqlanches Andre,Mauritius
63,Aqronian,Mauritius
64,Aqruning Bvinre,Mauritius
65,Ar Bfinq,Mauritius
66,Arauds,Mauritius
67,Araudvnoche,Mauritius
68,Ardse Belles,Mauritius
69,Ardss Baie,Mauritius
70,Avdrg,Mauritius
71,Avong Mountagne,Mauritius
72,Aw Rre,Mauritius
73,Aw Rre De Flacq,Mauritius
74,Aw Ure,Mauritius
75,Aw Urepipe,Mauritius
76,Awdrr,Mauritius
77,Awurre,Mauritius
78,Bamtlint Sac,Mauritius
79,Bant Pier Milit,Mauritius
80,Bastopol,Mauritius
81,Bhe,Mauritius
82,Bhebourg,Mauritius
83,Bhebousses,Mauritius
84,Bherie,Mauritius
85,Bprtiere,Mauritius
86,Bvant Piere,Mauritius
87,C Rcelles,Mauritius
88,Ches Noire,Mauritius
89,Ckay,Mauritius
90,Dagotie,Mauritius
91,De Flacq,Mauritius
92,Dgaodss Bassin-,Mauritius
93,Dhenien,Mauritius
94,Dogotier Milita,Mauritius
95,Eare,Mauritius
96,Ebastopol,Mauritius
97,Eble,Mauritius
98,Ebourg,Mauritius
99,Eflecq,Mauritius
100,Eg Anguill,Mauritius
101,Ehu Ie ,Mauritius
102,Entre Des Noire,Mauritius
103,Erve Turepipe,Mauritius
104,Ew Grenien,Mauritius
105,Ewgrenien,Mauritius
106,G Aventre Des N,Mauritius
107,G Avents,Mauritius
108,G Aventure,Mauritius
109,Gaaoka,Mauritius
110,Gaaolat,Mauritius
111,Gaavherie,Mauritius
112,Gaio,Mauritius
113,Gambous,Mauritius
114,Gaodas,Mauritius
115,Gaodlanche,Mauritius
116,Gaodos Cargados,Mauritius
117,Gaon Accueil,Mauritius
118,Gaontaire,Mauritius
119,Gaova,Mauritius
120,Gaove,Mauritius
121,Gaovoergedie,Mauritius
122,Giant Pier,Mauritius
123,Gkaillacq,Mauritius
124,Gkanod,Mauritius
125,Glanche,Mauritius
126,Gmani Belle,Mauritius
127,Gmani Read Vall,Mauritius
128,Gmanis,Mauritius
129,Gmant Anguill,Mauritius
130,Gmant Anguille,Mauritius
131,Gmant Sac,Mauritius
132,Gmants,Mauritius
133,Gnand Bois,Mauritius
134,Gpant Andre,Mauritius
135,Grand Baie,Mauritius
136,Grand Du Rempar,Mauritius
137,Grand Du Sac,Mauritius
138,Grands,Mauritius
139,Gravent Andre,Mauritius
140,Gravfnian,Mauritius
141,Gravfntagne Des,Mauritius
142,Grove,Mauritius
143,Gsav,Mauritius
144,Gtaontaire,Mauritius
145,Gvants,Mauritius
146,H Min Greniere,Mauritius
147,H Min Grove,Mauritius
148,Haches Papayes,Mauritius
149,Hachu,Mauritius
150,Hagleie,Mauritius
151,Hamil Tier Mili,Mauritius
152,Hamin Greniere,Mauritius
153,Hamin Grove,Mauritius
154,Hamir Riviere R,Mauritius
155,Hamons Baie,Mauritius
156,Hamonsacpuiel,Mauritius
157,Hamonss,Mauritius
158,Hamorie,Mauritius
159,Hamors,Mauritius
160,Hamplemousses,Mauritius
161,Hashon,Mauritius
162,Haslon,Mauritius
163,He De Flac,Mauritius
164,He De Flacq,Mauritius
165,Hebourg,Mauritius
166,Hebours,Mauritius
167,Hebous,Mauritius
168,Hebousses,Mauritius
169,Heboustapayes,Mauritius
170,Hemin Grenien,Mauritius
171,Hemin Grenienes,Mauritius
172,Hemin Grenier,Mauritius
173,Hemin Grenier M,Mauritius
174,Hemin Greniere,Mauritius
175,Hemin Greniere ,Mauritius
176,Hemin Grenierre,Mauritius
177,Hemin Greniure,Mauritius
178,Hemin Grove,Mauritius
179,Hen S,Mauritius
180,Hen Ure,Mauritius
181,Henien,Mauritius
182,Herie,Mauritius
183,Heriel Air Rivi,Mauritius
184,Herre,Mauritius
185,Herre Riviere S,Mauritius
186,Hes Anguille,Mauritius
187,Hes Anguilles,Mauritius
188,Hes Noire,Mauritius
189,Hes Papayes,Mauritius
190,Het,Mauritius
191,Hgrand Du Rempa,Mauritius
192,Hgrin,Mauritius
193,Hhes Noire,Mauritius
194,Hhlmet Anguille,Mauritius
195,Hinitre Rouge,Mauritius
196,Hitierre Bel Ai,Mauritius
197,Hkaio,Mauritius
198,Hke,Mauritius
199,Hkmenturepipe,Mauritius
200,Hkmin Grove,Mauritius
201,Hlmetit Raffray,Mauritius
202,Hmbourg,Mauritius
203,Hmbousses,Mauritius
204,Hnbonsacousses,Mauritius
205,Hnhfriy,Mauritius
206,Homin Grenien,Mauritius
207,Hon,Mauritius
208,Honi Nenm Ine M,Mauritius
209,Honiarajos,Mauritius
210,Hor Militaire,Mauritius
211,Hore Rouge,Mauritius
212,Hos,Mauritius
213,Hos Carajos,Mauritius
214,Hpllinte Rivier,Mauritius
215,Hrbourg,Mauritius
216,Hre Cocos,Mauritius
217,Hre Riviere Coc,Mauritius
218,Hre Sechet,Mauritius
219,Hrebcurepipe,Mauritius
220,Hrgados Cargado,Mauritius
221,Hrmin Grenien,Mauritius
222,Hrmin Grove,Mauritius
223,Humin Grove,Mauritius
224,Hurin,Mauritius
225,Hveir,Mauritius
226,Hvert Mathurin,Mauritius
227,Hw Rrevier Mili,Mauritius
228,Hwmin Grenier M,Mauritius
229,Hwmin Grenierre,Mauritius
230,Hwmin Grove,Mauritius
231,Hws Baie,Mauritius
232,Hws Sain,Mauritius
233,Ipre,Mauritius
234,Kahebourg,Mauritius
235,Kahebousses,Mauritius
236,Kahlbontaire,Mauritius
237,Kahobors,Mauritius
238,Kahobos,Mauritius
239,Kahobosre Bois,Mauritius
240,Kahobosre De Fl,Mauritius
241,Kahobosses,Mauritius
242,Kamnt Andre,Mauritius
243,Kamontaire,Mauritius
244,Kamorie,Mauritius
245,Kamors,Mauritius
246,Kamors Das Ond ,Mauritius
247,Kamqrin,Mauritius
248,Karnis,Mauritius
249,Kay,Mauritius
250,Khenien,Mauritius
251,Kre,Mauritius
252,L Hillemous,Mauritius
253,Laagvilles,Mauritius
254,Lac,Mauritius
255,Lahdbourg,Mauritius
256,Laine Belles,Mauritius
257,Lamn Ire,Mauritius
258,Lamplements,Mauritius
259,Lamplemousses,Mauritius
260,Landre,Mauritius
261,Larcallon,Mauritius
262,Las,Mauritius
263,Lhamplemanihe,Mauritius
264,Lhe,Mauritius
265,Lhemin Grove,Mauritius
266,Llac,Mauritius
267,Llacq,Mauritius
268,Ln Maunragde Fl,Mauritius
269,Lon,Mauritius
270,Lvaint Pier Mil,Mauritius
271,Lvinre Seche,Mauritius
272,M#Ntse Aux Pier,Mauritius
273,Mant Pier,Mauritius
274,Marin,Mauritius
275,Mbourg,Mauritius
276,Mbousses,Mauritius
277,Mbrutf,Mauritius
278,Mebss,Mauritius
279,Mgrin,Mauritius
280,Mheriel,Mauritius
281,Mhes Papayes,Mauritius
282,Mkaint Piere,Mauritius
283,Mnhire,Mauritius
284,Mnt Pier Milita,Mauritius
285,Mphire,Mauritius
286,Mptiere,Mauritius
287,Mptierre Des An,Mauritius
288,Mtre Des Noire,Mauritius
289,Mtrin,Mauritius
290,N Scceelue,Mauritius
291,Ngrenien,Mauritius
292,Nhe,Mauritius
293,Nhe  Tce Lele,Mauritius
294,Nhe Bois,Mauritius
295,Nhe Borne,Mauritius
296,Nhe Des Noire,Mauritius
297,Nhen Nwir Rivie,Mauritius
298,Nherie,Mauritius
299,Nhon,Mauritius
300,Nhonitaire,Mauritius
301,Nhre Cocos,Mauritius
302,Nngorie,Mauritius
303,Nnorre Des Papa,Mauritius
304,Now Arc,Mauritius
305,Npptie,Mauritius
306,Ntagnier,Mauritius
307,Ntain,Mauritius
308,Nw Rre,Mauritius
309,Nww Qre,Mauritius
310,Nww Re Cocos,Mauritius
311,Nww Re De Flac,Mauritius
312,Nww Relou,Mauritius
313,Nww Rre,Mauritius
314,Nww Rre Bland B,Mauritius
315,Nww Rre Blands,Mauritius
316,Nww Rre Cocos,Mauritius
317,Nww Rre De Flac,Mauritius
318,Nww Rre Des And,Mauritius
319,Nww Rre Des Ang,Mauritius
320,Nww Rre Des Noi,Mauritius
321,Nww Rre Du Remp,Mauritius
322,Nww Rre Rouge,Mauritius
323,Nww Rre Seche,Mauritius
324,Nww Rre Sechet,Mauritius
325,Nww Rri,Mauritius
326,Nww Rrie,Mauritius
327,Nww Rrill,Mauritius
328,Nww Rrilles,Mauritius
329,Oka,Mauritius
330,Ontagne Mathuri,Mauritius
331,Ontain,Mauritius
332,Ontaint Piere D,Mauritius
333,Ontaire,Mauritius
334,P Tie,Mauritius
335,Paill,Mauritius
336,Paillacq,Mauritius
337,Paille,Mauritius
338,Paillements,Mauritius
339,Pailles,Mauritius
340,Pair Rivier,Mauritius
341,Pamp Diable,Mauritius
342,Pamplemous,Mauritius
343,Pamplemousses,Mauritius
344,Pamtrin,Mauritius
345,Pbait Raffray,Mauritius
346,Pbaite Rivier,Mauritius
347,Pbambourg,Mauritius
348,Pbart,Mauritius
349,Petite Riviere,Mauritius
350,Pgtiere,Mauritius
351,Pgtove,Mauritius
352,Phemin Grenien,Mauritius
353,Phemin Grove,Mauritius
354,Pherie,Mauritius
355,Pherin,Mauritius
356,Phie,Mauritius
357,Phitine Des Noi,Mauritius
358,Piton,Mauritius
359,Pkainte De Flac,Mauritius
360,Plaine Des Angu,Mauritius
361,Plemous,Mauritius
362,Pltiveer Milita,Mauritius
363,Pltoint Pierre ,Mauritius
364,Pmailles,Mauritius
365,Pmin Grove,Mauritius
366,Pmtiere,Mauritius
367,Pniir Rivierre,Mauritius
368,Pniore Seche,Mauritius
369,Ppiere Des Angu,Mauritius
370,Ppiile,Mauritius
371,Pptie,Mauritius
372,Pptiere Riviere,Mauritius
373,Priev,Mauritius
374,Prin,Mauritius
375,Psaint Andre,Mauritius
376,Psaint Pier,Mauritius
377,Ptie,Mauritius
378,Ptier Militaire,Mauritius
379,Pvinr Air Rivie,Mauritius
380,Pvinre Du Rempa,Mauritius
381,Pwtin,Mauritius
382,Qaarhivoes,Mauritius
383,Qhes Noire,Mauritius
384,Qhes Papayes,Mauritius
385,Qmani Nead Bass,Mauritius
386,Qre,Mauritius
387,R Che,Mauritius
388,Rachu,Mauritius
389,Ragdie,Mauritius
390,Raillac,Mauritius
391,Rajos,Mauritius
392,Ranire,Mauritius
393,Rasfond Bois,Mauritius
394,Rasfong Mountag,Mauritius
395,Rasvunragde Fla,Mauritius
396,Rdse Bois,Mauritius
397,Renierre,Mauritius
398,Rhefien,Mauritius
399,Rhemin Grenierr,Mauritius
400,Rhemin Grove,Mauritius
401,Rkajos,Mauritius
402,Rlhvent Andre,Mauritius
403,Rmcie,Mauritius
404,Rngfill,Mauritius
405,Rnhfriy,Mauritius
406,Rnwire,Mauritius
407,Rpeit,Mauritius
408,Rpiveern Milita,Mauritius
409,Rpmpart,Mauritius
410,Rpvier Militain,Mauritius
411,Rqvherie,Mauritius
412,Rrvfire,Mauritius
413,Rsvinre Des Pap,Mauritius
414,Rtaint Saine Ma,Mauritius
415,Rvaillementre D,Mauritius
416,Rvivrerd Du Sai,Mauritius
417,Rvsien,Mauritius
418,Rvsiere,Mauritius
419,Rwvinre Des Ang,Mauritius
420,Sain,Mauritius
421,Saine Blands,Mauritius
422,Saine Bois,Mauritius
423,Saine Des Andre,Mauritius
424,Saine Des Angui,Mauritius
425,Saine Du Rempar,Mauritius
426,Saine Magne Mat,Mauritius
427,Saine Magnien,Mauritius
428,Saine Magniere,Mauritius
429,Saine Mathurin,Mauritius
430,Saint Anguillac,Mauritius
431,Saint Piere,Mauritius
432,Saint Pimenture,Mauritius
433,Saint Saint Pim,Mauritius
434,Sainte Aux Pier,Mauritius
435,Sbaite Aux Pier,Mauritius
436,Skay,Mauritius
437,Slin,Mauritius
438,Sriviere,Mauritius
439,Srivierre,Mauritius
440,Ssbants,Mauritius
441,T#Ants,Mauritius
442,Taine Des Noire,Mauritius
443,Terre,Mauritius
444,The,Mauritius
445,Theri,Mauritius
446,Therie,Mauritius
447,Theriel Air Riv,Mauritius
448,Tmpartiere Roug,Mauritius
449,Triolet,Mauritius
450,Uamp Diable,Mauritius
451,Upire,Mauritius
452,V Rie,Mauritius
453,Vacoas,Mauritius
454,Vanirre,Mauritius
455,Varajos,Mauritius
456,Vartiere De Fla,Mauritius
457,Vccoes,Mauritius
458,Vent Pierre Du ,Mauritius
459,Vent Saint Pier,Mauritius
460,Vhemin Grenien,Mauritius
461,Vhemin Grove,Mauritius
462,Vherie,Mauritius
463,Vhet,Mauritius
464,Vinre Bois,Mauritius
465,Vinre Sechet,Mauritius
466,Vkaillacq,Mauritius
467,Vkaine Bellemen,Mauritius
468,Vmnt Sac,Mauritius
469,Vmrin,Mauritius
470,Vntiere Blands,Mauritius
471,Vntiere Bois,Mauritius
472,Vntiere De Flac,Mauritius
473,Vntin,Mauritius
474,Vntre Des Noire,Mauritius
475,Vntre Riviere,Mauritius
476,Vntre Rouge,Mauritius
477,Vpire,Mauritius
478,Vpiton,Mauritius
479,Vpretite De Fla,Mauritius
480,Vregce Du Rempa,Mauritius
481,Vreiv,Mauritius
482,Vreri,Mauritius
483,Vrerie,Mauritius
484,Vreriel,Mauritius
485,Vtie,Mauritius
486,Vure,Mauritius
487,Vurepipe,Mauritius
488,Vvert Louis,Mauritius
489,Vvremin Grove,Mauritius
490,Warri,Mauritius
491,Wgrenien,Mauritius
492,Wgreniere Des N,Mauritius
493,Wgrove,Mauritius
494,Wgrrn L Uhclain,Mauritius
495,Wgrrn Magniere,Mauritius
496,Wgrrn Mblanche,Mauritius
497,Wgrrv Mathurin,Mauritius
498,Wka,Mauritius
499,Wnre Sechet,Mauritius
500,Wpmpartie,Mauritius
501,Wprrill,Mauritius
502,Wrrevitre Rivie,Mauritius
503,Wrs Vallon,Mauritius
504,Wsarnis,Mauritius
505,Wve,Mauritius
506,Xw Rre,Mauritius
507,Yacq,Mauritius
508,Yon,Mauritius
