,Name,Origin
0, Al,Mexico
1, Aldama,Mexico
2, Antonionamires,Mexico
3, Carlos Sancing,Mexico
4, De Bano,Mexico
5, De Julian De L,Mexico
6, De Santas Pari,Mexico
7, Escarcia De Mi,Mexico
8, Esco Tule,Mexico
9, Estande,Mexico
10, Fuenandaca,Mexico
11, Galenabancisco,Mexico
12, Guerrerontepec,Mexico
13, Inn,Mexico
14, Jacion,Mexico
15, Jimeca,Mexico
16, Juande,Mexico
17, Juarenzo Teca,Mexico
18, Juartineranjo,Mexico
19, Lincatiago,Mexico
20, Luises,Mexico
21, Mora,Mexico
22, Nopan,Mexico
23, Ocamba,Mexico
24, Onamiento Amil,Mexico
25, Panita,Mexico
26, Papan,Mexico
27, Ria Del Suchil,Mexico
28, Rios,Mexico
29, Salilpan,Mexico
30, Saltipayac,Mexico
31, Sebasta,Mexico
32, Teral,Mexico
33, Tlaltizac,Mexico
34, Vapan,Mexico
35, Victor Morado ,Mexico
36, Viejo,Mexico
37, Zarapan,Mexico
38,(Ol,Mexico
39,2Raz De Carlos ,Mexico
40,A Cande,Mexico
41,A De Cuna Xaltz,Mexico
42,A De Real,Mexico
43,A Del Topilulco,Mexico
44,A Garza,Mexico
45,A Isla,Mexico
46,A La Inn,Mexico
47,A Marial,Mexico
48,A Zahuac Del Aj,Mexico
49,Aaca,Mexico
50,Abala,Mexico
51,Abre Del Rio,Mexico
52,Aca,Mexico
53,Acab,Mexico
54,Acab Puerreyta ,Mexico
55,Acajuchitel,Mexico
56,Acala,Mexico
57,Acalco,Mexico
58,Acallinala,Mexico
59,Acampo,Mexico
60,Acan,Mexico
61,Acaotenciscobed,Mexico
62,Acateos De Raco,Mexico
63,Acatepec,Mexico
64,Acatla,Mexico
65,Achapulhuan Jos,Mexico
66,Achiautlahuan D,Mexico
67,Achil,Mexico
68,Achila,Mexico
69,Acho,Mexico
70,Acionalautlan,Mexico
71,Aco,Mexico
72,Acotla,Mexico
73,Acula,Mexico
74,Acutiro,Mexico
75,Adalgo,Mexico
76,Aduertolon,Mexico
77,Aflorelos San T,Mexico
78,Aidalupe,Mexico
79,Al 2Da. Seccion,Mexico
80,Al De Doral Cat,Mexico
81,Al De Juarez,Mexico
82,Al Zuazua,Mexico
83,Ala,Mexico
84,Alcala,Mexico
85,Alcalac,Mexico
86,Alcalan,Mexico
87,Alcalano Tolulc,Mexico
88,Alcalcingo,Mexico
89,Alcalcingo Del,Mexico
90,Alcalco,Mexico
91,Alcalco De Vall,Mexico
92,Alcaltzingo,Mexico
93,Alchez,Mexico
94,Alcila,Mexico
95,Alcila De Nexqu,Mexico
96,Alcilachalco,Mexico
97,Alcilacotitla,Mexico
98,Alcilacotitlan,Mexico
99,Alcilaltizatla,Mexico
100,Alcilapan,Mexico
101,Alcilapata,Mexico
102,Alcingo,Mexico
103,Alcingo Del Top,Mexico
104,Alcingostelchel,Mexico
105,Alcintiaguisque,Mexico
106,Alcintian Juan ,Mexico
107,Alco,Mexico
108,Alco De Diego D,Mexico
109,Alco De Miguel ,Mexico
110,Alco De Zapan,Mexico
111,Alcoman,Mexico
112,Alcoyo,Mexico
113,Aldamachiautla,Mexico
114,Aldamalinas,Mexico
115,Aldamalpan,Mexico
116,Aldamapan,Mexico
117,Aldamarinal,Mexico
118,Aldarran,Mexico
119,Aldarrilla Jose,Mexico
120,Ale,Mexico
121,Alenavista,Mexico
122,Ales,Mexico
123,Alez,Mexico
124,Alla Del Rio,Mexico
125,Alle,Mexico
126,Allen,Mexico
127,Allenavistavo M,Mexico
128,Allendacuecoxpa,Mexico
129,Allendavier Jim,Mexico
130,Allermo De Naca,Mexico
131,Allero,Mexico
132,Alles,Mexico
133,Allm,Mexico
134,Allo,Mexico
135,Aloyan,Mexico
136,Alpas,Mexico
137,Altenandaviston,Mexico
138,Altenas De Abaj,Mexico
139,Altenca,Mexico
140,Altepec,Mexico
141,Altepera,Mexico
142,Altic,Mexico
143,Altilla De Alam,Mexico
144,Altipayac,Mexico
145,Altitlahuaca,Mexico
146,Altitlan Lopelc,Mexico
147,Alto,Mexico
148,Altombaro Tlac,Mexico
149,Altombay,Mexico
150,Altzinconamient,Mexico
151,Aluiz Coacalco,Mexico
152,Alulco,Mexico
153,Alupe,Mexico
154,Am Gome,Mexico
155,Am Gonza,Mexico
156,Ama,Mexico
157,Amalpan,Mexico
158,Amapala,Mexico
159,Amarinacatlan,Mexico
160,Amecas,Mexico
161,An De Guada,Mexico
162,An Tototita,Mexico
163,Anal Ejidos De ,Mexico
164,Andamargo,Mexico
165,Anez,Mexico
166,Ango,Mexico
167,Anote,Mexico
168,Antun,Mexico
169,Aotenco,Mexico
170,Apa,Mexico
171,Apacutiro,Mexico
172,Apan,Mexico
173,Apan Andreso De,Mexico
174,Apan Juarez,Mexico
175,Apiaxtlanu,Mexico
176,Apinasin,Mexico
177,Aplaya,Mexico
178,Armejilla Del T,Mexico
179,Arra Sabia,Mexico
180,Arran,Mexico
181,Arranchez,Mexico
182,Arras,Mexico
183,Arretalcallenas,Mexico
184,Arrotepec,Mexico
185,As Acapulce,Mexico
186,As Airez,Mexico
187,As Altaman,Mexico
188,As Ana Yeca,Mexico
189,As De Ahuacaote,Mexico
190,As De Alam Gome,Mexico
191,As De Guadalgo,Mexico
192,As De Guadas,Mexico
193,As De Leyva Vel,Mexico
194,As De Los Lago ,Mexico
195,As De Magdalgo,Mexico
196,As De Medero Tl,Mexico
197,As De Porte,Mexico
198,As Guertolobamp,Mexico
199,As Hacio,Mexico
200,As Juan De Arri,Mexico
201,As Juan Diego I,Mexico
202,As Juan Morelos,Mexico
203,As Pinotepechpa,Mexico
204,As Ponio Benito,Mexico
205,As Regule,Mexico
206,As Reyes Acolas,Mexico
207,As Rosalan,Mexico
208,As San Jose Rey,Mexico
209,As San Juando),Mexico
210,As Veral,Mexico
211,Ascado Acatiaga,Mexico
212,Ascador Arauz,Mexico
213,Ascara,Mexico
214,Asin,Mexico
215,Astilla,Mexico
216,Astin Agustilla,Mexico
217,Atla,Mexico
218,Atlachimatlahuc,Mexico
219,Atlaltilla De J,Mexico
220,Atoluca,Mexico
221,Avente,Mexico
222,Avento Gonzalac,Mexico
223,Avezahualupe Vi,Mexico
224,Avistorum,Mexico
225,Avo Ixtitlan,Mexico
226,Bajo,Mexico
227,Bal 2Da. Seccio,Mexico
228,Bal 2Da. Segule,Mexico
229,Bal Alles,Mexico
230,Bal Cman Del Ba,Mexico
231,Bal Esco,Mexico
232,Bal Jose De Ari,Mexico
233,Bal Morelos Acu,Mexico
234,Bal Tapia,Mexico
235,Bal Tolula,Mexico
236,Balla De San Te,Mexico
237,Balla Unidale,Mexico
238,Balle,Mexico
239,Blas Hidalla De,Mexico
240,C Autopan,Mexico
241,Cahuatlan Andri,Mexico
242,Cala,Mexico
243,Calaco,Mexico
244,Calau,Mexico
245,Calaxiacingo,Mexico
246,Calaxihuic,Mexico
247,Calco,Mexico
248,Calkini,Mexico
249,Calle,Mexico
250,Calpa De Rayon,Mexico
251,Calparanza,Mexico
252,Caltepetitacion,Mexico
253,Caltic,Mexico
254,Caltilla Andres,Mexico
255,Caltionamienez,Mexico
256,Calto,Mexico
257,Caltzingo,Mexico
258,Can,Mexico
259,Capulhualina,Mexico
260,Catlan,Mexico
261,Coya,Mexico
262,Coyatelco,Mexico
263,Coyotlan Tuxco,Mexico
264,Cultepec,Mexico
265,D Miguel Zaachi,Mexico
266,Daleanacab Papa,Mexico
267,Dalgo,Mexico
268,Dalucan Ana De ,Mexico
269,Dalucanuevo Nue,Mexico
270,Dalupe,Mexico
271,Dero,Mexico
272,Ditlan,Mexico
273,Dom Gobierrero,Mexico
274,Dos Atempan Mig,Mexico
275,Dos De Brizuel ,Mexico
276,Dos Guada,Mexico
277,Duaranjo,Mexico
278,Duarez,Mexico
279,Duaro Abajomun,Mexico
280,Duaro Tlaherma,Mexico
281,Duarto,Mexico
282,Eca,Mexico
283,Ecaxacatetela,Mexico
284,Edallerma,Mexico
285,Efepec,Mexico
286,El Aldama,Mexico
287,El Alemajac Del,Mexico
288,El Ana Tijera,Mexico
289,El Anto Arios,Mexico
290,El Palmascalyal,Mexico
291,El Paz,Mexico
292,El Tapimingo,Mexico
293,El Telilotlan,Mexico
294,El Vallenabo,Mexico
295,Ela,Mexico
296,Elixtlan,Mexico
297,Elos,Mexico
298,Elos De Aerrang,Mexico
299,Elos De Pedro C,Mexico
300,Elos Olveral De,Mexico
301,Enasin,Mexico
302,Enave,Mexico
303,Eranctopan,Mexico
304,Ero,Mexico
305,Erxilonia Maria,Mexico
306,Etlaxcalcilapan,Mexico
307,Go De Arauz,Mexico
308,Go Magdallena C,Mexico
309,Gon,Mexico
310,Guadalupe,Mexico
311,Gui,Mexico
312,Guilitla,Mexico
313,Guillo,Mexico
314,Guilpaseos Laza,Mexico
315,Guision Salixtl,Mexico
316,Guito De Dego C,Mexico
317,Gustiaga,Mexico
318,Halan,Mexico
319,Ia Guerrero,Mexico
320,Iacalautlan,Mexico
321,Iacan Barteaga,Mexico
322,Iacanueva,Mexico
323,Iacotepechpan,Mexico
324,Iapacotena Prim,Mexico
325,Iapan,Mexico
326,Iave,Mexico
327,Icalupe Ortines,Mexico
328,Idad Penitacion,Mexico
329,Idalgo,Mexico
330,Igo,Mexico
331,Ihalan Ana Ocam,Mexico
332,Ijose De Brizat,Mexico
333,Ila,Mexico
334,Ilac,Mexico
335,Ilalco,Mexico
336,Ilaltipayac,Mexico
337,Ilaltizatlan,Mexico
338,Ilejo,Mexico
339,Ilejo Progresor,Mexico
340,Illa Azulancab,Mexico
341,Illa Del Rio,Mexico
342,Illadalgo,Mexico
343,Illo,Mexico
344,Iman,Mexico
345,Inta De Alvaro,Mexico
346,Ista,Mexico
347,Istavo Nuevo In,Mexico
348,Itacatepec,Mexico
349,Itas,Mexico
350,Ito Diez,Mexico
351,Ito Juan Peno,Mexico
352,Ito Juarenzo Ca,Mexico
353,Iuiapan,Mexico
354,Ixel Alvan,Mexico
355,Ixtencisco De J,Mexico
356,Ixtla,Mexico
357,Jalpa De Grande,Mexico
358,Jalpa De Monte,Mexico
359,Juca,Mexico
360,Juch,Mexico
361,Juchichuc,Mexico
362,Juchilacionamie,Mexico
363,Juilulco,Mexico
364,Juna,Mexico
365,Juna Yecaxaca,Mexico
366,K Gomequilula,Mexico
367,La Fuena De Die,Mexico
368,La Isla,Mexico
369,La Ixtla,Mexico
370,La Unidalgo,Mexico
371,La Unionamiento,Mexico
372,Lalco,Mexico
373,Laltenavistlan,Mexico
374,Lan,Mexico
375,Larez,Mexico
376,Las,Mexico
377,Las San Cuajima,Mexico
378,Lchez,Mexico
379,Lco,Mexico
380,Leon Blas San P,Mexico
381,Lerdenango (Col,Mexico
382,Licentonionamix,Mexico
383,Lo Nezahualau,Mexico
384,Loma Las De Jal,Mexico
385,Loman,Mexico
386,Lomas,Mexico
387,Lomascalapan,Mexico
388,Lomascalco,Mexico
389,Lores Cholulco,Mexico
390,Los Gonza,Mexico
391,Los Guerreto,Mexico
392,Los Lagoza,Mexico
393,Los Real De La ,Mexico
394,Lul,Mexico
395,Luxco Tlaltepec,Mexico
396,Malinas,Mexico
397,Man,Mexico
398,Mapimilillado B,Mexico
399,Maria Teral,Mexico
400,Mas,Mexico
401,Matepalucional,Mexico
402,Mecamargo,Mexico
403,Mecas,Mexico
404,Mero,Mexico
405,Metelcheznuxcoi,Mexico
406,Metepec,Mexico
407,Mex,Mexico
408,Mines (El Necas,Mexico
409,Mixco,Mexico
410,Mixtlanxa Guerr,Mexico
411,Motolo,Mexico
412,Mpalupe,Mexico
413,N Casa Blas,Mexico
414,Nal,Mexico
415,Nal Dellina Paz,Mexico
416,Nala,Mexico
417,Nalac,Mexico
418,Nalahuatonion,Mexico
419,Nalan,Mexico
420,Nalaxia Ciudad ,Mexico
421,Nalez,Mexico
422,Naloa De Ocampo,Mexico
423,Nango Del Del B,Mexico
424,Nas,Mexico
425,Nas De Tlaltepe,Mexico
426,Nas Del Valle,Mexico
427,Naxtlan,Mexico
428,Ngo,Mexico
429,Nito Camapa,Mexico
430,O Ideal Morelos,Mexico
431,O Juandez,Mexico
432,O Lorelos,Mexico
433,O Marindo,Mexico
434,O Ruiz Clarez,Mexico
435,O Tehuacalapan,Mexico
436,O Tehualaxihuac,Mexico
437,Obal Ejidos Lag,Mexico
438,Obierreon,Mexico
439,Ocampa,Mexico
440,Oila,Mexico
441,Oilam Villo,Mexico
442,Olcaltzingo,Mexico
443,Omatlalcingo,Mexico
444,Omba,Mexico
445,Ombardia,Mexico
446,Ometepec,Mexico
447,On Berrero,Mexico
448,On Santa Martin,Mexico
449,Onstin Y Martol,Mexico
450,Os Allende,Mexico
451,Os Andreso,Mexico
452,Os De Cuajiman,Mexico
453,Os De Cuajimanc,Mexico
454,Os De Neca,Mexico
455,Os Del Profeso,Mexico
456,Os Garza,Mexico
457,Os Hidad Miguel,Mexico
458,Os Hidalgo,Mexico
459,Os Reyes Acamec,Mexico
460,Osreso Ideanaba,Mexico
461,Otla,Mexico
462,Otlaltepec,Mexico
463,Oyo,Mexico
464,Oyotlana,Mexico
465,Oyotzinga,Mexico
466,Pala,Mexico
467,Palahuatl,Mexico
468,Palco,Mexico
469,Palmira,Mexico
470,Palotera,Mexico
471,Palpan,Mexico
472,Palupe,Mexico
473,Pan,Mexico
474,Pan Barrancampo,Mexico
475,Papan,Mexico
476,Paseos,Mexico
477,Paseos Olivos,Mexico
478,Pdtorum,Mexico
479,Pec,Mexico
480,Pero,Mexico
481,Poalco,Mexico
482,Potita,Mexico
483,Poto Gomero,Mexico
484,Que,Mexico
485,Quian Blas De C,Mexico
486,Quilpan,Mexico
487,Quiltic,Mexico
488,Quilul,Mexico
489,Quilulco Tequex,Mexico
490,Ral De Mixquint,Mexico
491,Rancian De La D,Mexico
492,Randenande,Mexico
493,Randez,Mexico
494,Ranguiliacional,Mexico
495,Ranjo,Mexico
496,Ranos,Mexico
497,Rasoleanatlan,Mexico
498,Rasolo,Mexico
499,Ria,Mexico
500,Ria De Morelos,Mexico
501,Riago Mitla,Mexico
502,Rio Vigas De La,Mexico
503,Rista,Mexico
504,Ro Castillo,Mexico
505,Ro De Rio,Mexico
506,Ro Del Riovera,Mexico
507,Ro Lorelos,Mexico
508,Ro Tera,Mexico
509,Ro Tlaltenco,Mexico
510,Romas Palmira,Mexico
511,Ros,Mexico
512,Ruertolas Regun,Mexico
513,S Acoza,Mexico
514,S Airestebasole,Mexico
515,S Airez,Mexico
516,S Atoca,Mexico
517,S De Arria,Mexico
518,S Del Aldarrero,Mexico
519,S Del Antongos,Mexico
520,S Gala,Mexico
521,S Gonza,Mexico
522,S Gonzalen,Mexico
523,S Jaltic,Mexico
524,S Juan Mitras D,Mexico
525,S Lagozac,Mexico
526,S Miguel Xolotl,Mexico
527,Salacion De San,Mexico
528,San Ana Citlan,Mexico
529,San De San Mira,Mexico
530,Scaragoza,Mexico
531,Scidaleanatlan,Mexico
532,Seybaplaya Vere,Mexico
533,Sita,Mexico
534,Soalco Tezon,Mexico
535,Soto,Mexico
536,Soto Genez,Mexico
537,Spa,Mexico
538,Speral Jose Reg,Mexico
539,Ste,Mexico
540,Stillo,Mexico
541,Stlan,Mexico
542,Tal Jose La De ,Mexico
543,Temas,Mexico
544,Temax,Mexico
545,Temozoc De Cano,Mexico
546,Tempa,Mexico
547,Tempazos Allend,Mexico
548,Tenas,Mexico
549,Tenco,Mexico
550,Tepec,Mexico
551,Tierrera,Mexico
552,Titlanchez,Mexico
553,Tla,Mexico
554,Tla Union De Re,Mexico
555,Tlahualcingo,Mexico
556,Tlalpan,Mexico
557,Tlanco,Mexico
558,To Xoxtlan,Mexico
559,Uan Juan Mantem,Mexico
560,Uapia,Mexico
561,Uatlancab Parra,Mexico
562,Uca Cortin Y Ma,Mexico
563,Ucacateos,Mexico
564,Ucan,Mexico
565,Uel De Carmen T,Mexico
566,Uel Xolonienton,Mexico
567,Uel Zuazua,Mexico
568,Ueque,Mexico
569,Uequises,Mexico
570,Uilio Cienera,Mexico
571,Uilla Ana Tlalp,Mexico
572,Uilla De Netzil,Mexico
573,Uilpa De Leyva,Mexico
574,Uinardela,Mexico
575,Ula,Mexico
576,Ulan,Mexico
577,Ulapan,Mexico
578,Umeda,Mexico
579,Una Nopaloa De ,Mexico
580,Usoria,Mexico
581,Verde,Mexico
582,Villa Hidalgo D,Mexico
583,Villa Maria,Mexico
584,Villas,Mexico
585,Vina Cata,Mexico
586,Xal Ejido,Mexico
587,Xpan,Mexico
588,Yac,Mexico
589,Yacocotitlan,Mexico
590,Yala,Mexico
591,Yalachalcilame ,Mexico
592,Yalacion Blanu,Mexico
593,Yalan Juarez,Mexico
594,Yalapas,Mexico
595,Yalautlan Diaz,Mexico
596,Yaltenconamirua,Mexico
597,Yaltepec,Mexico
598,Yaltic,Mexico
599,Yaltoca,Mexico
600,Yaltocaman,Mexico
601,Yaltombatla,Mexico
602,Yaltomlenderiba,Mexico
603,Yaltzingos,Mexico
604,Zala,Mexico
605,Zales,Mexico
606,Zaran,Mexico
607,[Canatlan,Mexico
