,Name,Origin
0, Oca,Moldova
1,-Cani,Moldova
2,-Eni,Moldova
3,-Enii Noi,Moldova
4,-Enni,Moldova
5,-Lanau,Moldova
6,-Lnnesti,Moldova
7,-Lnng Raclia,Moldova
8,-Lunesti,Moldova
9,-Mnat,Moldova
10,-Neni,Moldova
11,-Nenii Voda,Moldova
12,-Ningera,Moldova
13,-Onau,Moldova
14,Aloveni,Moldova
15,Asi,Moldova
16,Azova,Moldova
17,Bozia,Moldova
18,Cauieni,Moldova
19,Eadir-Lungaz,Moldova
20,Elinet,Moldova
21,Eni,Moldova
22,Enii Vechi,Moldova
23,Eri,Moldova
24,Gara,Moldova
25,Garaclia,Moldova
26,Garasi,Moldova
27,Girasporenii Vo,Moldova
28,Hii,Moldova
29,Hini,Moldova
30,Hiniepi,Moldova
31,Hiniu Eni,Moldova
32,Hisina,Moldova
33,Hisinau,Moldova
34,Hli,Moldova
35,Hlyhrri,Moldova
36,Honi,Moldova
37,Imlsta,Moldova
38,Inet,Moldova
39,Ioloa,Moldova
40,Iorenii Voda,Moldova
41,Ioresti,Moldova
42,Linet,Moldova
43,Lol,Moldova
44,Loldanesti,Moldova
45,Lolea,Moldova
46,Loleadir-Lunga,Moldova
47,Loleadir-Lungaz,Moldova
48,Loleani,Moldova
49,Loleauieni,Moldova
50,Lolua Voda,Moldova
51,Lonea,Moldova
52,Lonesti,Moldova
53,Looga,Moldova
54,Loreni,Moldova
55,Lorescu,Moldova
56,Loresti,Moldova
57,Loveni,Moldova
58,Lovenii Noi,Moldova
59,Lovenii Oeiones,Moldova
60,Lovenii Vechi,Moldova
61,Lovenii Vechia,Moldova
62,Lovenii Voda,Moldova
63,M-Lsnea,Moldova
64,M-Lta,Moldova
65,Menca,Moldova
66,Millieei,Moldova
67,Minleseni,Moldova
68,Mislia,Moldova
69,Mliceni,Moldova
70,Mlinet,Moldova
71,Mliseni,Moldova
72,Mlisenii Noi,Moldova
73,Mliteni,Moldova
74,Mlllia,Moldova
75,Mllta,Moldova
76,Mlmlncu,Moldova
77,Mlocei,Moldova
78,Mloseni,Moldova
79,Mloteani,Moldova
80,Mloteauieni,Moldova
81,Mlotescu,Moldova
82,Mlsta,Moldova
83,Mltcani,Moldova
84,Mmlta,Moldova
85,Mmltcani,Moldova
86,Mmrttcani,Moldova
87,Mnesti,Moldova
88,Mnet,Moldova
89,Mnga,Moldova
90,Mngaz,Moldova
91,Mngteni,Moldova
92,Mngtenii Vechia,Moldova
93,Mnis ,Moldova
94,Mnis A,Moldova
95,Mnis Ani,Moldova
96,Mnis Auieni,Moldova
97,Mnis I,Moldova
98,Mnis Ini,Moldova
99,Mnis Inie I,Moldova
100,Mnis Init Caiec,Moldova
101,Mnis Lii,Moldova
102,Mnis Ni,Moldova
103,Mnis Oi,Moldova
104,Mnispol,Moldova
105,Mnit Caieci,Moldova
106,Mrat,Moldova
107,Mretcanesti,Moldova
108,Mrhti,Moldova
109,Mriteca,Moldova
110,Mritecaiiceni,Moldova
111,Mritecanesti,Moldova
112,Mritecani,Moldova
113,Mriteni,Moldova
114,Mritescu,Moldova
115,Mritesi,Moldova
116,Mritesti,Moldova
117,Mritoca,Moldova
118,Mritp,Moldova
119,Mritparescu,Moldova
120,Mritparesti,Moldova
121,Mritpari,Moldova
122,Mritpcl,Moldova
123,Mritpcretcanest,Moldova
124,Mritporescu,Moldova
125,Mritporesti,Moldova
126,Mritpsc,Moldova
127,Mrttcani,Moldova
128,Mslcani,Moldova
129,Nesti,Moldova
130,Net,Moldova
131,Nga,Moldova
132,Ngaz,Moldova
133,Nlhul,Moldova
134,Nol,Moldova
135,Nos,Moldova
136,Noz,Moldova
137,Oca,Moldova
138,Oceeti,Moldova
139,Ocei,Moldova
140,Oceitiaci,Moldova
141,Oceiticani,Moldova
142,Oceni,Moldova
143,Ocenii Voda,Moldova
144,Ochi,Moldova
145,Ocieri,Moldova
146,Ocova,Moldova
147,Oea,Moldova
148,Oeadir-Lungaz,Moldova
149,Oldanesti,Moldova
150,Olhini,Moldova
151,Olia,Moldova
152,Oloa,Moldova
153,Oloadarasporest,Moldova
154,Oloadarechia,Moldova
155,Oloadarecu,Moldova
156,Oloadarescu,Moldova
157,Oloadaresti,Moldova
158,Oloaeaiiceni,Moldova
159,Oloaeari,Moldova
160,Oloai,Moldova
161,Olocei,Moldova
162,Oloceitaci,Moldova
163,Omaiscani,Moldova
164,Omeaci,Moldova
165,Omialcvn,Moldova
166,Omialcvnea,Moldova
167,Omialcvneati,Moldova
168,Omialevi,Moldova
169,Omiali,Moldova
170,Omialireni,Moldova
171,Omialirescu,Moldova
172,Omialiresti,Moldova
173,Omialiveni,Moldova
174,Omialivenii Noi,Moldova
175,Omialivenii Vod,Moldova
176,Omialprl,Moldova
177,Omlil,Moldova
178,Omlinet,Moldova
179,Omliseni,Moldova
180,Omliteati,Moldova
181,Ommislia,Moldova
182,Omrat,Moldova
183,Onea,Moldova
184,Ones,Moldova
185,Onesti,Moldova
186,Onga,Moldova
187,Ongaz,Moldova
188,Oni,Moldova
189,Oniu Enii Voda,Moldova
190,Onl,Moldova
191,Oomialcvna,Moldova
192,Ooraclia,Moldova
193,Ora,Moldova
194,Oraclia,Moldova
195,Orani,Moldova
196,Oraoi,Moldova
197,Oraoioeeni,Moldova
198,Orasi,Moldova
199,Oraspol,Moldova
200,Orasporescu,Moldova
201,Orasporesti,Moldova
202,Orau,Moldova
203,Orauleni,Moldova
204,Oraulenii Voda,Moldova
205,Oreni,Moldova
206,Orenii Noi,Moldova
207,Orescu,Moldova
208,Oresti,Moldova
209,Oriopol,Moldova
210,Ormotaci,Moldova
211,Oroca,Moldova
212,Orochi,Moldova
213,Ova,Moldova
214,Ovadul Lui Voda,Moldova
215,Oveni,Moldova
216,Ozia,Moldova
217,Reni,Moldova
218,Rgara,Moldova
219,Riopol,Moldova
220,Roca,Moldova
221,Rochi,Moldova
222,Rvmhisinau,Moldova
223,Ryhoriopol,Moldova
224,Ryorgara,Moldova
225,Sloa,Moldova
226,Tlra,Moldova
227,Ulenesti,Moldova
228,Uleni,Moldova
229,Ulinet,Moldova
230,Uloleadir-Lunga,Moldova
231,Uoldanesti,Moldova
232,Vldanesti,Moldova
233,Vmdaseii,Moldova
234,Voda,Moldova
235,Vomaisc,Moldova
236,Vrochia,Moldova
237,Yhoriopol,Moldova
238,Yloveni,Moldova
239,Ymrot,Moldova
240,Yorg,Moldova
241,Yorgara,Moldova
242,Yorgaraclia,Moldova
243,Yorgarasi,Moldova
244,Yorgerei,Moldova
245,Yorgorani,Moldova
246,Yorgoreni,Moldova
247,Yroraopol,Moldova
248,Zina,Moldova
249,Zinau,Moldova
250,Zlanesti,Moldova
251,Zloadarescu,Moldova
252,Zmans,Moldova
253,Zmnas,Moldova
254,Zna,Moldova
255,Zni,Moldova
256,Zonau,Moldova
