,Name,Origin
0, Bel Kebir,Morocco
1, Bennour,Morocco
2, Bwlet,Morocco
3, El Aaroudant,Morocco
4, El Aiounate,Morocco
5, El Ksiri,Morocco
6, Fl Tal,Morocco
7, Ie,Morocco
8, Il ,Morocco
9, Il Kebir,Morocco
10, Knirr,Morocco
11, Leuh,Morocco
12, Nwacer,Morocco
13,-Tan,Morocco
14,-Tan-Tan-Tan,Morocco
15,-Tangier,Morocco
16,Acie,Morocco
17,Afi,Morocco
18,Afiu,Morocco
19,Agariidelt,Morocco
20,Agiar,Morocco
21,Agora,Morocco
22,Al Bali,Morocco
23,Al Balidi Benno,Morocco
24,Al Balidia,Morocco
25,An Nwacer,Morocco
26,An-Tan-Tan-Tang,Morocco
27,Ana,Morocco
28,Angier,Morocco
29,Ant,Morocco
30,Aoui,Morocco
31,Aouira,Morocco
32,Aouna,Morocco
33,Arou,Morocco
34,Aroudant,Morocco
35,Aroui,Morocco
36,Arouira,Morocco
37,Arrakesh,Morocco
38,Arzaza,Morocco
39,Arzazat,Morocco
40,Awa,Morocco
41,Aze,Morocco
42,Azetma,Morocco
43,B Ridgani,Morocco
44,Barbaridar,Morocco
45,Bari,Morocco
46,Bari Ie,Morocco
47,Baricgerrechraa,Morocco
48,Barid,Morocco
49,Barid An Nwacer,Morocco
50,Barida,Morocco
51,Baridak,Morocco
52,Baridda,Morocco
53,Baridi Bennour,Morocco
54,Bariidar,Morocco
55,Bariidelt,Morocco
56,Barrakesh,Morocco
57,Bdar,Morocco
58,Berrechraa Benn,Morocco
59,Bga,Morocco
60,Bgra Bennouribg,Morocco
61,Bprie,Morocco
62,Cefio,Morocco
63,Cer,Morocco
64,Cfi,Morocco
65,Cfir,Morocco
66,Cgari,Morocco
67,Che,Morocco
68,Cid,Morocco
69,Cidar,Morocco
70,Cke,Morocco
71,Cpp Negro Ii,Morocco
72,Cra,Morocco
73,Csa,Morocco
74,Cwa,Morocco
75,Daat Mgoun,Morocco
76,Dak,Morocco
77,Dalt,Morocco
78,Dant,Morocco
79,Dar,Morocco
80,Dat,Morocco
81,Dda,Morocco
82,Der,Morocco
83,Dettat,Morocco
84,Ean,Morocco
85,Earache,Morocco
86,Echid,Morocco
87,Echk,Morocco
88,Echraa Bel Kebi,Morocco
89,Echraa Bel Ksir,Morocco
90,Echraa Bennour,Morocco
91,Echraa Bennouri,Morocco
92,Ed Kebir,Morocco
93,Eechid,Morocco
94,Efia,Morocco
95,Efio,Morocco
96,Efrou,Morocco
97,El Aaroudant,Morocco
98,El Kebir,Morocco
99,Emara,Morocco
100,Emarache,Morocco
101,Eouh,Morocco
102,Ep Kebir,Morocco
103,Erechid,Morocco
104,Essaoui,Morocco
105,Essaouian Nwace,Morocco
106,Essaouira,Morocco
107,Essaouna,Morocco
108,Essaounate,Morocco
109,Est,Morocco
110,Ewcalidia,Morocco
111,Far,Morocco
112,Fet,Morocco
113,Fga,Morocco
114,Fia,Morocco
115,Fid,Morocco
116,Fidia,Morocco
117,Fie,Morocco
118,Fir,Morocco
119,Fit,Morocco
120,Flet,Morocco
121,Fra,Morocco
122,Fsssoufia,Morocco
123,Fzat,Morocco
124,Fzesmaua,Morocco
125,Gaaz ,Morocco
126,Gaaz Umiar,Morocco
127,Gani,Morocco
128,Gaoin,Morocco
129,Gari,Morocco
130,Gari Gel Ksiri,Morocco
131,Garia,Morocco
132,Garicga,Morocco
133,Garicgaric-Aan ,Morocco
134,Garicgaricga,Morocco
135,Garicgaridka,Morocco
136,Garicie,Morocco
137,Garid An Nwace,Morocco
138,Garid Le Al Jad,Morocco
139,Garidar,Morocco
140,Garidda,Morocco
141,Garidgatim,Morocco
142,Garidi Bennouri,Morocco
143,Garidia,Morocco
144,Garii,Morocco
145,Gariida,Morocco
146,Gariidar,Morocco
147,Gariiga,Morocco
148,Garzazat,Morocco
149,Gazit,Morocco
150,Gnerrechraa Ben,Morocco
151,Ida,Morocco
152,Idar,Morocco
153,Jari,Morocco
154,Jaria,Morocco
155,Jarida,Morocco
156,Kdar,Morocco
157,Kelaat An Nwace,Morocco
158,Kelaat Mgoun,Morocco
159,Kenifra,Morocco
160,Kesh,Morocco
161,Kfir,Morocco
162,Kkemhsar El Aar,Morocco
163,Kleuh,Morocco
164,Ksar El Ksiri,Morocco
165,Kssroui,Morocco
166,L Aaroudant,Morocco
167,L Aarouira,Morocco
168,L Aiounate,Morocco
169,L Bali,Morocco
170,L Balidi Begro ,Morocco
171,L Balidi Bel Ke,Morocco
172,L Balidi Bel Ks,Morocco
173,L Balidi Bennou,Morocco
174,L Balidia,Morocco
175,Larache,Morocco
176,Lcis,Morocco
177,Le Al Aiounate,Morocco
178,Lerhediz,Morocco
179,Lerhefio,Morocco
180,Lerhelidi Bel K,Morocco
181,Lerhelikian,Morocco
182,Let,Morocco
183,Lfi,Morocco
184,Lfis,Morocco
185,Lra,Morocco
186,Lraa Bel Ksiri,Morocco
187,Mara,Morocco
188,Marrakesh,Morocco
189,Mdar,Morocco
190,Mdecti,Morocco
191,Mes,Morocco
192,Mgaria,Morocco
193,Mgarid Aroui,Morocco
194,Mgaridga,Morocco
195,Mgazz,Morocco
196,Mrcefio,Morocco
197,N Leuh,Morocco
198,N Nwacer,Morocco
199,N-Tan-Tangier,Morocco
200,Naounate,Morocco
201,Ndddant,Morocco
202,Ngae ,Morocco
203,Ngae Nl Cio,Morocco
204,Ngaei,Morocco
205,Ngaet,Morocco
206,Ngaeza,Morocco
207,Ngaria,Morocco
208,Ngier,Morocco
209,Ngouna,Morocco
210,Nlerhelisset,Morocco
211,Oelmasar El Ksi,Morocco
212,Olerhelikiar,Morocco
213,Operrechid,Morocco
214,Ouan,Morocco
215,Oun,Morocco
216,Ouna,Morocco
217,Ounate,Morocco
218,Our,Morocco
219,Ouribga,Morocco
220,P Leuh,Morocco
221,P Negro Ii,Morocco
222,Pare,Morocco
223,Parechid,Morocco
224,Parechraa Benno,Morocco
225,Pcee,Morocco
226,Pder,Morocco
227,Pecefio,Morocco
228,Pecei,Morocco
229,Pecen,Morocco
230,Pecer,Morocco
231,Pecri,Morocco
232,Pecridc Balidia,Morocco
233,Penrddk,Morocco
234,Perrechraa Bel ,Morocco
235,Pet,Morocco
236,Petet,Morocco
237,Petra,Morocco
238,Pfie,Morocco
239,Pfre,Morocco
240,Pidek,Morocco
241,Pidia,Morocco
242,Piee,Morocco
243,Pkeeh,Morocco
244,Pknenrou,Morocco
245,Pleet,Morocco
246,Plet,Morocco
247,Pnedrz,Morocco
248,Pneer,Morocco
249,Pnwectia,Morocco
250,Poue,Morocco
251,Pouen Owane,Morocco
252,Ppeerouira,Morocco
253,Predh,Morocco
254,Preea,Morocco
255,Preechid,Morocco
256,Psee,Morocco
257,Pzee,Morocco
258,Pzetma,Morocco
259,Rar El Ksiri,Morocco
260,Rcaai,Morocco
261,Rcif,Morocco
262,Rdalt,Morocco
263,Rechid,Morocco
264,Roudant,Morocco
265,Roui,Morocco
266,Rouira,Morocco
267,Rzemmouribga,Morocco
268,Saouira,Morocco
269,Saoun,Morocco
270,Saouna,Morocco
271,Saounate,Morocco
272,Sar El Kebir,Morocco
273,Sar El Ksiri,Morocco
274,Sefrou,Morocco
275,Sfi,Morocco
276,Sfie,Morocco
277,Sfir,Morocco
278,Sflet,Morocco
279,Sset,Morocco
280,Ssoufia,Morocco
281,Szetma,Morocco
282,Taouna,Morocco
283,Tet,Morocco
284,Tfani,Morocco
285,Tga,Morocco
286,Tgani,Morocco
287,Tjari Ie,Morocco
288,Touan,Morocco
289,Wacer,Morocco
290,Waee,Morocco
291,Wakesh,Morocco
292,Wanewrechid,Morocco
293,Warechraa Bel K,Morocco
294,Wcef,Morocco
295,Wcel,Morocco
296,Wecer,Morocco
297,Wectia,Morocco
298,Wyat Mgoun,Morocco
299,Wyat Mgouna,Morocco
300,Y Ssoufia,Morocco
301,Yan Nwacer,Morocco
302,Yar El Aaroui,Morocco
303,Yat Mgouna,Morocco
304,Yaz Tma,Morocco
305,Yessaouna,Morocco
306,Zan,Morocco
307,Zaza,Morocco
308,Zemmour,Morocco
309,Zemmouribga,Morocco
310,Zetma,Morocco
311,Zetmat,Morocco
312,Zetmata,Morocco
313,Zewyat Mgounate,Morocco
314,Zfgouna,Morocco
315,Zgawiae Al Bali,Morocco
316,Zout,Morocco
317,Zwa,Morocco
