,Name,Origin
0, Awadi,Myanmar
1, Awei,Myanmar
2, Lain Seik,Myanmar
3, Leiktila,Myanmar
4, Oo Lwin,Myanmar
5, Oo Lwingyan,Myanmar
6, Oo Lwingyi,Myanmar
7, Seikgyi,Myanmar
8, Seiktila,Myanmar
9, Taw,Myanmar
10, Tein,Myanmar
11, Tiw,Myanmar
12, Tiwn,Myanmar
13, Township,Myanmar
14, Twante,Myanmar
15, Tyinegyunn,Myanmar
16,Acaill,Myanmar
17,Agka,Myanmar
18,Agwa,Myanmar
19,Agway,Myanmar
20,Agyan,Myanmar
21,Agyana,Myanmar
22,Agyi,Myanmar
23,Agyi Township,Myanmar
24,Ama,Myanmar
25,Ang,Myanmar
26,Angua,Myanmar
27,Aok,Myanmar
28,Artaban,Myanmar
29,Athein,Myanmar
30,Aud,Myanmar
31,Audgn,Myanmar
32,Audin,Myanmar
33,Audso,Myanmar
34,Auk,Myanmar
35,Aukse,Myanmar
36,Aungdwin,Myanmar
37,Aungoo,Myanmar
38,Awadi,Myanmar
39,Awady,Myanmar
40,Ayan,Myanmar
41,B Gawna,Myanmar
42,Bggain Oo Lwin,Myanmar
43,Bggain Seikgyi,Myanmar
44,Biga,Myanmar
45,Bmgao,Myanmar
46,Caglabyn,Myanmar
47,Calle,Myanmar
48,Cartaban,Myanmar
49,Catle,Myanmar
50,Cauk,Myanmar
51,Caul,Myanmar
52,Caula,Myanmar
53,Cauli,Myanmar
54,Caulse,Myanmar
55,Caulsebin,Myanmar
56,Cawlaiklat,Myanmar
57,Cawlamyinegyunn,Myanmar
58,Cchlle,Myanmar
59,Ceikgyi,Myanmar
60,Cgil,Myanmar
61,Cgwlyi,Myanmar
62,Chalamyingyan,Myanmar
63,Chale,Myanmar
64,Chilek,Myanmar
65,Chllbin,Myanmar
66,Chwlbin,Myanmar
67,Ckila,Myanmar
68,Cmik,Myanmar
69,Coi Township,Myanmar
70,Cok,Myanmar
71,Con,Myanmar
72,Congway,Myanmar
73,Crtlbin,Myanmar
74,Cthlebin,Myanmar
75,Cudin,Myanmar
76,Cudlo,Myanmar
77,Cudon,Myanmar
78,Cudwongwa,Myanmar
79,Cwaltm,Myanmar
80,Cwil,Myanmar
81,Dle,Myanmar
82,Dseik,Myanmar
83,Dwabin,Myanmar
84,Dwante,Myanmar
85,Dyingyanatpin,Myanmar
86,Egyunn,Myanmar
87,Eik,Myanmar
88,Eikgyi,Myanmar
89,Eikgyi Township,Myanmar
90,Eiktila,Myanmar
91,Ekthlebin,Myanmar
92,Ekuti,Myanmar
93,Emkthin,Myanmar
94,Ethin,Myanmar
95,Fklat,Myanmar
96,Fla,Myanmar
97,Flad,Myanmar
98,Flaik,Myanmar
99,Flam,Myanmar
100,Fle,Myanmar
101,Fya,Myanmar
102,Gaung,Myanmar
103,Gaunggyi,Myanmar
104,Gawndyan,Myanmar
105,Gcalle,Myanmar
106,Gci,Myanmar
107,Gda,Myanmar
108,Gdi,Myanmar
109,Gdwin,Myanmar
110,Ggyi,Myanmar
111,Ggyi Township,Myanmar
112,Gka,Myanmar
113,Gkali,Myanmar
114,Gkayine,Myanmar
115,Glab,Myanmar
116,Gli,Myanmar
117,Glin,Myanmar
118,Gmayan,Myanmar
119,Gnayan,Myanmar
120,Gon,Myanmar
121,Goo,Myanmar
122,Gpin,Myanmar
123,Griam,Myanmar
124,Griemauag,Myanmar
125,Gryir Amwingyan,Myanmar
126,Gryireathein,Myanmar
127,Gryireatuno,Myanmar
128,Gryirmaraabin,Myanmar
129,Gsinthada,Myanmar
130,Gud,Myanmar
131,Gudon,Myanmar
132,Guy,Myanmar
133,Gwa,Myanmar
134,Gway,Myanmar
135,Gyan,Myanmar
136,Gyana,Myanmar
137,Gyanatpin,Myanmar
138,Gyanaung,Myanmar
139,Gyanaungdwin,Myanmar
140,Gyanaunggyi Taw,Myanmar
141,Gyanaunglebin,Myanmar
142,Gyanaungoo,Myanmar
143,Gyi,Myanmar
144,Gyi Taw,Myanmar
145,Hada,Myanmar
146,Hakha,Myanmar
147,Haukse,Myanmar
148,I Taw,Myanmar
149,Ia Oi Taw,Myanmar
150,Igy,Myanmar
151,Iktila,Myanmar
152,In Oo Lwin,Myanmar
153,In Seik,Myanmar
154,Ing,Myanmar
155,Ingyana,Myanmar
156,Ingyanatpin,Myanmar
157,Ingyi Township,Myanmar
158,Ipg,Myanmar
159,Ipi,Myanmar
160,Irgyi,Myanmar
161,Ise,Myanmar
162,Ittay,Myanmar
163,Kauig,Myanmar
164,Kauigdan,Myanmar
165,Kauigdaw,Myanmar
166,Kauiggyi,Myanmar
167,Kauk,Myanmar
168,Kaukse,Myanmar
169,Kik,Myanmar
170,Kma,Myanmar
171,Kokku,Myanmar
172,Ksa,Myanmar
173,Kuk,Myanmar
174,Kwa,Myanmar
175,Lam,Myanmar
176,Lamyingyan,Myanmar
177,Laukse,Myanmar
178,Laung,Myanmar
179,Laungde,Myanmar
180,Laungdwin,Myanmar
181,Launggyi,Myanmar
182,Launglebin,Myanmar
183,Laungoo,Myanmar
184,Lbina,Myanmar
185,Lcanle,Myanmar
186,Lein,Myanmar
187,Lek,Myanmar
188,Lgin,Myanmar
189,Lingyanatpin,Myanmar
190,Lntnayanatpin,Myanmar
191,Lon,Myanmar
192,Lrtob,Myanmar
193,Lunn,Myanmar
194,Lwante,Myanmar
195,Magain Oo Lwing,Myanmar
196,Magain Seik,Myanmar
197,Magain Seiktila,Myanmar
198,Magaing,Myanmar
199,Magaingyi,Myanmar
200,Makakik,Myanmar
201,Mama,Myanmar
202,Maraaban,Myanmar
203,Martaban,Myanmar
204,Mathein,Myanmar
205,Maua,Myanmar
206,Mauag,Myanmar
207,Mauaggaingyan,Myanmar
208,Mauasetpin,Myanmar
209,Mawlaiklat,Myanmar
210,Mon,Myanmar
211,Moonlwante,Myanmar
212,Mwa,Myanmar
213,N Aiwlam,Myanmar
214,N Ooywu,Myanmar
215,N Township,Myanmar
216,Nacpil,Myanmar
217,Nagyan,Myanmar
218,Naungoo,Myanmar
219,Negyunndyan,Myanmar
220,Nein,Myanmar
221,Ngae,Myanmar
222,Ngapon,Myanmar
223,Ngawlaiklat,Myanmar
224,Ngwa,Myanmar
225,Ngway,Myanmar
226,Ngyan,Myanmar
227,Ngyana,Myanmar
228,Ngyanaungde,Myanmar
229,Ngyi,Myanmar
230,Nnaung,Myanmar
231,Noonlwante,Myanmar
232,Nrgabe,Myanmar
233,Nrwady,Myanmar
234,Nsaiple,Myanmar
235,Nseetthein,Myanmar
236,Nsetthein,Myanmar
237,Nsgyan,Myanmar
238,Nsgyana,Myanmar
239,Nude,Myanmar
240,Nwadi,Myanmar
241,Nwante,Myanmar
242,Nwe,Myanmar
243,Nyaungdwin,Myanmar
244,Nyaunggyi,Myanmar
245,Nyaunglebin,Myanmar
246,O T Wyi,Myanmar
247,O Tlwnn,Myanmar
248,O Township,Myanmar
249,Oaglanne,Myanmar
250,Oan Eei,Myanmar
251,Oaulgdn,Myanmar
252,Oaulgon,Myanmar
253,Ocolyunn,Myanmar
254,Okauig,Myanmar
255,Okauiggyi,Myanmar
256,Okauk,Myanmar
257,Okklmt,Myanmar
258,On Oo Lwin,Myanmar
259,On Wei,Myanmar
260,Ongwa,Myanmar
261,Ongway,Myanmar
262,Oo Lwin,Myanmar
263,Oo Lwing,Myanmar
264,Oonlwante,Myanmar
265,Ooslwpno,Myanmar
266,Opon,Myanmar
267,Osaopin,Myanmar
268,Osepo,Myanmar
269,Osgwo,Myanmar
270,Osilpin,Myanmar
271,Ouddn,Myanmar
272,Oudtn,Myanmar
273,Oulldnn,Myanmar
274,Ow Loing,Myanmar
275,Pakokku,Myanmar
276,Pau,Myanmar
277,Paung,Myanmar
278,Pin,Myanmar
279,Pkayin Oo Lwing,Myanmar
280,Pkko,Myanmar
281,Pon,Myanmar
282,Pon Wei,Myanmar
283,Poo,Myanmar
284,Puno,Myanmar
285,Pyingyan,Myanmar
286,Raabin,Myanmar
287,Ragban,Myanmar
288,Rartaban,Myanmar
289,Raubin,Myanmar
290,Rawady,Myanmar
291,Reathein,Myanmar
292,Rgabe,Myanmar
293,Rgabin,Myanmar
294,Rgob,Myanmar
295,Rgobyunn,Myanmar
296,Riam,Myanmar
297,Rmaban,Myanmar
298,Rmaraabin,Myanmar
299,Roaula,Myanmar
300,Ronmwa,Myanmar
301,Rraaban,Myanmar
302,Rrgabin,Myanmar
303,Rrraabin,Myanmar
304,Rrwady,Myanmar
305,Rsabpn,Myanmar
306,Rtaban,Myanmar
307,Rthbde,Myanmar
308,Rthbin,Myanmar
309,Rtwbin,Myanmar
310,Ruabon,Myanmar
311,Rudbnn,Myanmar
312,Rwadi,Myanmar
313,Rwady,Myanmar
314,Ryarwady,Myanmar
315,Sagpin,Myanmar
316,Samok,Myanmar
317,Sampin,Myanmar
318,Sapon,Myanmar
319,Saypn,Myanmar
320,Sei,Myanmar
321,Seik,Myanmar
322,Seiktila,Myanmar
323,Seip,Myanmar
324,Setpin,Myanmar
325,Setthein,Myanmar
326,Sggain Seikgyi,Myanmar
327,Sggaingyan,Myanmar
328,Sgraibe,Myanmar
329,Sgrayan,Myanmar
330,Sgwa,Myanmar
331,Sgway,Myanmar
332,Skip,Myanmar
333,Smgao,Myanmar
334,Sngawlam,Myanmar
335,Sngawlamyin Yei,Myanmar
336,Sngawlamyine,Myanmar
337,Sngay,Myanmar
338,Srgabe,Myanmar
339,Stwa,Myanmar
340,Swgay,Myanmar
341,Swgay Pyingyana,Myanmar
342,Swgayetmyo,Myanmar
343,Swgayn,Myanmar
344,Swrtobnu,Myanmar
345,Tachilek,Myanmar
346,Taung,Myanmar
347,Taunggyi,Myanmar
348,Taunglebin,Myanmar
349,Taungoo,Myanmar
350,Tbayanaungde,Myanmar
351,Tcon,Myanmar
352,Thada,Myanmar
353,Theinthada,Myanmar
354,Thwdbin,Myanmar
355,Tina,Myanmar
356,Tmao,Myanmar
357,Tonnwante,Myanmar
358,Tsuton,Myanmar
359,Ttan,Myanmar
360,Tucn,Myanmar
361,Tudon,Myanmar
362,Twa,Myanmar
363,Twante,Myanmar
364,Uagdaw,Myanmar
365,Ucgllbi,Myanmar
366,Udan,Myanmar
367,Uddn,Myanmar
368,Ude,Myanmar
369,Udgn,Myanmar
370,Udgny,Myanmar
371,Udgnyyawady,Myanmar
372,Udgo,Myanmar
373,Udn,Myanmar
374,Udngyi Township,Myanmar
375,Udo,Myanmar
376,Udon,Myanmar
377,Udwdny,Myanmar
378,Udwn,Myanmar
379,Udwnn,Myanmar
380,Udy,Myanmar
381,Udynn,Myanmar
382,Ugd,Myanmar
383,Uin,Myanmar
384,Uko,Myanmar
385,Umo,Myanmar
386,Ung,Myanmar
387,Ungde,Myanmar
388,Ungdwing,Myanmar
389,Unggyi,Myanmar
390,Unglebin,Myanmar
391,Ungoo,Myanmar
392,Uooolwlni,Myanmar
393,Uwgdyine,Myanmar
394,Wadi,Myanmar
395,Wady,Myanmar
396,Wagyan,Myanmar
397,Wante,Myanmar
398,Wartaban,Myanmar
399,Wastipay,Myanmar
400,Wat,Myanmar
401,Wau,Myanmar
402,Wauk,Myanmar
403,Waukse,Myanmar
404,Wautg,Myanmar
405,Wautgdan,Myanmar
406,Wautggoo,Myanmar
407,Wautglabyn,Myanmar
408,Wauthoungde,Myanmar
409,Wautila,Myanmar
410,Wauygo,Myanmar
411,Wawthounglebin,Myanmar
412,Way,Myanmar
413,Wcholnlyikma,Myanmar
414,Wday,Myanmar
415,Wde,Myanmar
416,Wgayetmyo,Myanmar
417,Wlam,Myanmar
418,Wlamyine,Myanmar
419,Wongway,Myanmar
420,Wooolwlni,Myanmar
421,Wrdab,Myanmar
422,Yamethin,Myanmar
423,Yauk,Myanmar
424,Yaukse,Myanmar
425,Yaung,Myanmar
426,Yaunggyi,Myanmar
427,Yawadi,Myanmar
428,Yinegyunn,Myanmar
429,Yinmanatpin,Myanmar
430,Ysrwady,Myanmar
431,Ywa,Myanmar
