,Name,Origin
0,Adran,Nepal
1,Aipur Tamangawa,Nepal
2,Ang House,Nepal
3,Angadhi,Nepal
4,Angadhyapur,Nepal
5,Angawa,Nepal
6,Ankrabari,Nepal
7,Ankrabariya,Nepal
8,Ankuta,Nepal
9,Attaran,Nepal
10,Bari,Nepal
11,Bari Bdr Thimi,Nepal
12,Bari Danda,Nepal
13,Bari Dovan,Nepal
14,Bradrapur,Nepal
15,Briyuga,Nepal
16,Chulikhel,Nepal
17,Dbari,Nepal
18,Dharai Dandu,Nepal
19,Dharai Dovan,Nepal
20,Dharatpur Thimi,Nepal
21,Dhari Bdr Taman,Nepal
22,Dipayal,Nepal
23,Dna,Nepal
24,Dranagar,Nepal
25,Drapur,Nepal
26,Gadhi,Nepal
27,Ganj,Nepal
28,Gar,Nepal
29,Haratpur Thimi,Nepal
30,Hokbariyuga,Nepal
31,Hukr,Nepal
32,Huma,Nepal
33,Ibajiya,Nepal
34,Ikhel,Nepal
35,Imidhyapur Thim,Nepal
36,Inakpur,Nepal
37,Ingadhi,Nepal
38,Inj,Nepal
39,Inkharai Danda,Nepal
40,Ipayal,Nepal
41,Ipur,Nepal
42,Ipur Tamanda,Nepal
43,Ipur Tamandu,Nepal
44,Ipur Tamang Hou,Nepal
45,Ipur Tamangawa,Nepal
46,Ipur Thimi,Nepal
47,Iraha,Nepal
48,Irahara,Nepal
49,Iraharai Dandu,Nepal
50,Iraharatnagar,Nepal
51,Iratpur,Nepal
52,Irdj,Nepal
53,Iri,Nepal
54,Irij,Nepal
55,Irikhel,Nepal
56,Iriya,Nepal
57,Irutp,Nepal
58,Iya,Nepal
59,Jokvar,Nepal
60,Khari,Nepal
61,Kharthankrabari,Nepal
62,Knagar,Nepal
63,Knakpur,Nepal
64,Knakpur Thimi,Nepal
65,Knaruwa,Nepal
66,Knkrabari,Nepal
67,Knkrabari Bdr T,Nepal
68,Knkrabari Dandu,Nepal
69,Knkuta,Nepal
70,Kpur,Nepal
71,Krabari,Nepal
72,Krabari Bdr Tam,Nepal
73,Krabari Bdr Thi,Nepal
74,Krabari Dovan,Nepal
75,Ktthan,Nepal
76,Lihaj,Nepal
77,Lin,Nepal
78,Lipur,Nepal
79,Lnha,Nepal
80,Lnhadranagar,Nepal
81,Lrhangadhi,Nepal
82,Lung,Nepal
83,Mndhar,Nepal
84,Mnhendrapur,Nepal
85,Nagar,Nepal
86,Nda,Nepal
87,Ndu,Nepal
88,Ngadhi,Nepal
89,Ngadhyapur,Nepal
90,Ngadhyapur Tama,Nepal
91,Ngawa,Nepal
92,Nkkpur Tamang H,Nepal
93,Nkpar,Nepal
94,Nkparai Dovan,Nepal
95,Nkparan,Nepal
96,Nkparganj,Nepal
97,Nkpur,Nepal
98,Nkrabari,Nepal
99,Nkrabari Bdr Ta,Nepal
100,Nkrabari Bdr Th,Nepal
101,Nkrabari Danda,Nepal
102,Nkrabari Dovan,Nepal
103,Nkrabariya,Nepal
104,Nkrabariyuga,Nepal
105,Nkuta,Nepal
106,Nngadhi,Nepal
107,Npur,Nepal
108,Npur Tamandu,Nepal
109,Npur Thimi,Nepal
110,Nranakpur,Nepal
111,Nuta,Nepal
112,Nuttara,Nepal
113,Nutwal,Nepal
114,Okbari Dovan,Nepal
115,Okhar,Nepal
116,Okhara,Nepal
117,Okharai Dandu,Nepal
118,Okharai Dovan,Nepal
119,Okharatnagar,Nepal
120,Okhari Bdr Thim,Nepal
121,Okhari Dovan,Nepal
122,Okharthankuta,Nepal
123,Okj,Nepal
124,Okja,Nepal
125,Okjabari,Nepal
126,Okjak,Nepal
127,Oknagar,Nepal
128,Oknakpur,Nepal
129,Oknakpur Thimi,Nepal
130,Okrabariyuga,Nepal
131,Ovan,Nepal
132,Pul,Nepal
133,Pur,Nepal
134,Pur T,Nepal
135,Pur Tamandu,Nepal
136,Pur Tamangadhya,Nepal
137,Pur Tamangawa,Nepal
138,Pur Thimi,Nepal
139,Rai Danda,Nepal
140,Ran Dovan,Nepal
141,Ranagar,Nepal
142,Ranakpur,Nepal
143,Ranakpur Tamand,Nepal
144,Ranauti,Nepal
145,Ratnagar,Nepal
146,Ratpur,Nepal
147,Rdbariya,Nepal
148,Ri Bdr Thimi,Nepal
149,Ri Danda,Nepal
150,Ripur,Nepal
151,Ripur Tamang Ho,Nepal
152,Ripur Thimi,Nepal
153,Riya,Nepal
154,Riyuga,Nepal
155,Rknagar,Nepal
156,Rknakpur,Nepal
157,Rpun ,Nepal
158,Rtnagar,Nepal
159,Rtpur,Nepal
160,Ruha,Nepal
161,Rula,Nepal
162,Ruta,Nepal
163,Ruth,Nepal
164,Rutl,Nepal
165,Rutp,Nepal
166,Ruwa,Nepal
167,Ryapur,Nepal
168,Siddhara,Nepal
169,Srad Danda,Nepal
170,Sradaranagar,Nepal
171,Thangadhi,Nepal
172,Thangadhyapur,Nepal
173,Thangawa,Nepal
174,Tikapur,Nepal
175,Tikapur Tamanga,Nepal
176,Tipur,Nepal
177,Tnagar,Nepal
178,Tnkrabari Bdr T,Nepal
179,Tnkrabariyuga,Nepal
180,Tpur,Nepal
181,Tpur Tamangadhi,Nepal
182,Tpur Thimi,Nepal
183,Ttarai Danda,Nepal
184,Ttarai Dovan,Nepal
185,Ttaranakpur,Nepal
186,Ttaratpur Thimi,Nepal
187,Uda,Nepal
188,Uga,Nepal
189,Uik,Nepal
190,Uilaknagar,Nepal
191,Ula,Nepal
192,Ulari,Nepal
193,Ulari Bdr Taman,Nepal
194,Ulari Bdr Tuma,Nepal
195,Ulari Dovan,Nepal
196,Ulariya,Nepal
197,Ulikhel,Nepal
198,Uma,Nepal
199,Umarganj,Nepal
200,Umi,Nepal
201,Una,Nepal
202,Ura,Nepal
203,Uri,Nepal
204,Uta,Nepal
205,Utgar,Nepal
206,Uti,Nepal
207,Uttara,Nepal
208,Uttaranagar,Nepal
209,Uttaranakpur,Nepal
210,Uttaranakpur Th,Nepal
211,Uttaratpur,Nepal
212,Uttaratpur Tama,Nepal
213,Uttaratpur Thim,Nepal
214,Utwal,Nepal
215,Uwa,Nepal
216,Wlil,Nepal
217,Yapur,Nepal
218,Yulari,Nepal
219,Yulari Dovan,Nepal
