,Name,Origin
0, Cub,Netherlands
1, Doastel,Netherlands
2, Donksveen,Netherlands
3, Dorp,Netherlands
4, Rijn,Netherlands
5, Rijswijk,Netherlands
6, Rijswijk-Dinth,Netherlands
7,-Acbhrg,Netherlands
8,-Ainde,Netherlands
9,-Ambacht,Netherlands
10,-Anberg,Netherlands
11,-Beijerland,Netherlands
12,-Beijerlandam,Netherlands
13,-Beilen,Netherlands
14,-Cmmen,Netherlands
15,-Cmmerongen,Netherlands
16,-Dinther,Netherlands
17,-Eer,Netherlands
18,-Hmbechen,Netherlands
19,-Ido-Ambacht,Netherlands
20,-Merongen,Netherlands
21,-Phon Senaar,Netherlands
22,-Schoonhovenlrn,Netherlands
23,-Smeirenveen,Netherlands
24,-Smharn,Netherlands
25,-Smhoonholt,Netherlands
26,A Lmelo,Netherlands
27,Aalten,Netherlands
28,Aceswijk,Netherlands
29,Aclmeloorn,Netherlands
30,Adn Benlo,Netherlands
31,Aeesp,Netherlands
32,Aeeswijk-Dintel,Netherlands
33,Aelst,Netherlands
34,Aen,Netherlands
35,Aendorp,Netherlands
36,Agmen,Netherlands
37,Aijk,Netherlands
38,Alkmaar,Netherlands
39,Alkmaardinxveld,Netherlands
40,Almelo,Netherlands
41,Almeloorn,Netherlands
42,An Denhoven,Netherlands
43,And,Netherlands
44,Andberg,Netherlands
45,Anlandvoord,Netherlands
46,Anlw,Netherlands
47,Apel,Netherlands
48,Apeld,Netherlands
49,Apeldoord,Netherlands
50,Aslpelle,Netherlands
51,Aten,Netherlands
52,Avlkkum,Netherlands
53,Beek,Netherlands
54,Beijerlandberg,Netherlands
55,Beilen,Netherlands
56,Berg,Netherlands
57,Calmeloort,Netherlands
58,Ceemstedenberg,Netherlands
59,Ceemsterdam,Netherlands
60,Ceen,Netherlands
61,Ceerenveen,Netherlands
62,Ceeverinchem,Netherlands
63,Ceevering,Netherlands
64,Cen,Netherlands
65,Cer,Netherlands
66,Chem,Netherlands
67,Chen,Netherlands
68,Choonholt,Netherlands
69,Choonhoven,Netherlands
70,Choord,Netherlands
71,Choordwijk-Dint,Netherlands
72,Choort,Netherlands
73,Coeverinchem,Netherlands
74,Coeverinchen,Netherlands
75,Coeverinchen Aa,Netherlands
76,Coeverinchen Ri,Netherlands
77,Coevering,Netherlands
78,Cuum,Netherlands
79,D Blaardinxveld,Netherlands
80,De Lier,Netherlands
81,De P,Netherlands
82,Deiden Aan Denh,Netherlands
83,Den,Netherlands
84,Den Rijn,Netherlands
85,Den Rijswijk-Bi,Netherlands
86,Denberg,Netherlands
87,Denholt,Netherlands
88,Denhoven,Netherlands
89,Der-Compascuum,Netherlands
90,Der-Harden,Netherlands
91,Der-Hardenberg,Netherlands
92,Der-Hardinxveld,Netherlands
93,Derdam-Zuiderwo,Netherlands
94,Derdorp,Netherlands
95,Dert,Netherlands
96,Dertruid-Scharn,Netherlands
97,Dertruid-Scharw,Netherlands
98,Dertruiden,Netherlands
99,Dertruiderwoud,Netherlands
100,Derweer,Netherlands
101,Derwolde,Netherlands
102,Doord,Netherlands
103,Doorn,Netherlands
104,Doost,Netherlands
105,Doostede,Netherlands
106,Doostermeerdam,Netherlands
107,Doosterweer,Netherlands
108,Dp Blaak,Netherlands
109,E Vucht,Netherlands
110,Ee Dorp,Netherlands
111,Ee Eilen,Netherlands
112,Ee Trden Aand,Netherlands
113,Eeberg,Netherlands
114,Eedenholt,Netherlands
115,Eee Enland,Netherlands
116,Eeeeep,Netherlands
117,Eeeeeperlandvoo,Netherlands
118,Eeeert,Netherlands
119,Eeep,Netherlands
120,Eeepeelst,Netherlands
121,Eeepenlo,Netherlands
122,Eeeper,Netherlands
123,Eeer,Netherlands
124,Eeerdam,Netherlands
125,Eeerdorp,Netherlands
126,Eeerenveer,Netherlands
127,Eeert,Netherlands
128,Eeesp,Netherlands
129,Eeeswijk,Netherlands
130,Eeinde,Netherlands
131,Eemstede,Netherlands
132,Eemsteder-Compa,Netherlands
133,Eemstermeertrui,Netherlands
134,Een,Netherlands
135,Eep,Netherlands
136,Eeperlandam,Netherlands
137,Eer,Netherlands
138,Eerbeek,Netherlands
139,Eerdam,Netherlands
140,Eerdorp,Netherlands
141,Eerenveen,Netherlands
142,Eert,Netherlands
143,Eertruiderdorp,Netherlands
144,Eertruidertruid,Netherlands
145,Eertruidoost,Netherlands
146,Eesp,Netherlands
147,Eeswijk,Netherlands
148,Eeswijk-Binneke,Netherlands
149,Eeswijk-Dintel,Netherlands
150,Eeswijk-Dinther,Netherlands
151,Eetroonhoven,Netherlands
152,Eewjul ,Netherlands
153,Eewoude,Netherlands
154,Ehe,Netherlands
155,Ekmermeerdam,Netherlands
156,Emen,Netherlands
157,Enaven,Netherlands
158,Enberg,Netherlands
159,Endonk,Netherlands
160,Endorp,Netherlands
161,Endrik-Ido-Amba,Netherlands
162,Enewoud,Netherlands
163,Enewoude,Netherlands
164,Enholt,Netherlands
165,Enhoven,Netherlands
166,Enwolde,Netherlands
167,Erdam,Netherlands
168,Erenveerenveerd,Netherlands
169,Ertruid-Schoonh,Netherlands
170,Ge Morssele,Netherlands
171,Ge Morssenaveen,Netherlands
172,Ge Vucht,Netherlands
173,Geer,Netherlands
174,Gele,Netherlands
175,Gelen,Netherlands
176,Geverinchem,Netherlands
177,Gevering,Netherlands
178,Heemstein,Netherlands
179,Heemstermeer,Netherlands
180,Heen,Netherlands
181,Heerenveen,Netherlands
182,Hen,Netherlands
183,Hen Aan Den,Netherlands
184,Hen Aand,Netherlands
185,Hen Aandvoord,Netherlands
186,Hen Aandvoorn,Netherlands
187,Hen Rijn,Netherlands
188,Hendorp,Netherlands
189,Hendrik-Ido-Amb,Netherlands
190,Hoge Mors,Netherlands
191,Hoord,Netherlands
192,Hoorn,Netherlands
193,Ijk-Binnekenswa,Netherlands
194,Ilen,Netherlands
195,Inden,Netherlands
196,Ing,Netherlands
197,J-Binneker,Netherlands
198,Jbelk,Netherlands
199,Je Laak,Netherlands
200,Je Lo,Netherlands
201,Je Loerenveen,Netherlands
202,Je Luidoostein,Netherlands
203,Jedlo,Netherlands
204,Jeklo,Netherlands
205,Jelle,Netherlands
206,Jellegom,Netherlands
207,Jello,Netherlands
208,Jemlobrgce,Netherlands
209,Jenlo,Netherlands
210,Jerland,Netherlands
211,Jerlandvoorn,Netherlands
212,Jerlandvoort,Netherlands
213,Jewlud,Netherlands
214,Jewlud-Beijerla,Netherlands
215,Jhe,Netherlands
216,Jnlandvoord,Netherlands
217,Jwolde,Netherlands
218,K-Ido-Ambacht,Netherlands
219,Kello,Netherlands
220,Ken,Netherlands
221,Kenswaar,Netherlands
222,Koost,Netherlands
223,Land,Netherlands
224,Ldooshevering,Netherlands
225,Leer,Netherlands
226,Len,Netherlands
227,Lken,Netherlands
228,Lmelo,Netherlands
229,Loordwijk,Netherlands
230,Meer,Netherlands
231,Meerdam,Netherlands
232,Meerdorp,Netherlands
233,Meerenveer,Netherlands
234,Meerenveertruid,Netherlands
235,Meerseken,Netherlands
236,Meert,Netherlands
237,Meertruiderweer,Netherlands
238,Meertruidoostei,Netherlands
239,Men,Netherlands
240,Meppel,Netherlands
241,Meppeldhuizen,Netherlands
242,Meppelle,Netherlands
243,Mermeer,Netherlands
244,Merongen,Netherlands
245,Moasterweer,Netherlands
246,N Aan Den,Netherlands
247,N Aan Den Aandb,Netherlands
248,N Aan Den Aandv,Netherlands
249,N Aan Denberg,Netherlands
250,N Aan Denhoven,Netherlands
251,N Aand,Netherlands
252,N Aandam-Zuiden,Netherlands
253,N Aandberg,Netherlands
254,N Aandvoord,Netherlands
255,N Den Aan Denbe,Netherlands
256,N Denholt,Netherlands
257,N Denhoven,Netherlands
258,N Rijn,Netherlands
259,N Rijswijk-Dint,Netherlands
260,Naar,Netherlands
261,Naardenberg,Netherlands
262,Naveen,Netherlands
263,Naveer,Netherlands
264,Naven,Netherlands
265,Nchem,Netherlands
266,Ndam-Zuiderdorp,Netherlands
267,Nde,Netherlands
268,Ndenberg,Netherlands
269,Nder-Compascuum,Netherlands
270,Nderdam-Zuidoor,Netherlands
271,Nderwoud,Netherlands
272,Ndonk,Netherlands
273,Ndonksveen,Netherlands
274,Ndonksveer,Netherlands
275,Ndonksveerenvee,Netherlands
276,Ndonksveert,Netherlands
277,Ndoostermeer,Netherlands
278,Ndorp,Netherlands
279,Ndrik-Ido-Ambac,Netherlands
280,Ndwijk-Binneker,Netherlands
281,Nedewoude,Netherlands
282,Nen,Netherlands
283,Ngen,Netherlands
284,Nhem,Netherlands
285,Nhlem,Netherlands
286,Nholt,Netherlands
287,Nhoven,Netherlands
288,Nhovenland,Netherlands
289,Nhovenlo,Netherlands
290,Nland,Netherlands
291,Nlandam,Netherlands
292,Nlandberg,Netherlands
293,Nlo,Netherlands
294,Nnswaardinxveld,Netherlands
295,Nok,Netherlands
296,Noort,Netherlands
297,Oge Mors,Netherlands
298,Oge Morssele,Netherlands
299,Oge Morsselen,Netherlands
300,Oge Morssenavee,Netherlands
301,Oge Morssenaven,Netherlands
302,Oge Vucht,Netherlands
303,Ogezand,Netherlands
304,Ooge Morsselen,Netherlands
305,Ooge Morssenaar,Netherlands
306,Ooge Vucht,Netherlands
307,Oogezandam,Netherlands
308,Oooht,Netherlands
309,Oord,Netherlands
310,Oordwijk,Netherlands
311,Oordwijk-Binnen,Netherlands
312,Oordwijk-Dintel,Netherlands
313,Oorn,Netherlands
314,Oort,Netherlands
315,Oost,Netherlands
316,Orn,Netherlands
317,Ort,Netherlands
318,Pel,Netherlands
319,Peld,Netherlands
320,Peldhuizen,Netherlands
321,Peldoord,Netherlands
322,Peldoort,Netherlands
323,Peldoost,Netherlands
324,Peldoostermeert,Netherlands
325,Pelle,Netherlands
326,Pello,Netherlands
327,R-Draveerenveer,Netherlands
328,R-Hardinxveen,Netherlands
329,Raamsdonk,Netherlands
330,Ranekenswaar,Netherlands
331,Rdam-Zuid-Schai,Netherlands
332,Reesp,Netherlands
333,Rgasterwolde,Netherlands
334,Roenewoud,Netherlands
335,Roesburg,Netherlands
336,Rongen,Netherlands
337,Rped,Netherlands
338,Rtede,Netherlands
339,Seei,Netherlands
340,Seer,Netherlands
341,Speldoostermeer,Netherlands
342,Spelle,Netherlands
343,Sphen,Netherlands
344,Stederweertruid,Netherlands
345,Stein,Netherlands
346,Steindenberg,Netherlands
347,Steinder-Harden,Netherlands
348,Steinderdam,Netherlands
349,Steindonksveer,Netherlands
350,Stel,Netherlands
351,Steloordwijk-Bi,Netherlands
352,Sterdam,Netherlands
353,Stermeer,Netherlands
354,Sterweer,Netherlands
355,Tdegraven,Netherlands
356,Techoonhoven,Netherlands
357,Tee,Netherlands
358,Teeer,Netherlands
359,Teewello,Netherlands
360,Teewt,Netherlands
361,Tel,Netherlands
362,Ten,Netherlands
363,Tendonk,Netherlands
364,Tendonksveerdam,Netherlands
365,Tendrik-Ido-Amb,Netherlands
366,Terdam,Netherlands
367,Terdorp,Netherlands
368,Termeer,Netherlands
369,Termeert,Netherlands
370,Termeertruidoos,Netherlands
371,Terweer,Netherlands
372,Terweert,Netherlands
373,Terwolde,Netherlands
374,Terwoude,Netherlands
375,Tgelen,Netherlands
376,Tpel,Netherlands
377,Uethoonholt,Netherlands
378,Uijerlandberg,Netherlands
379,Uilen,Netherlands
380,Uinder-Compascu,Netherlands
381,Usthdonk,Netherlands
382,Veen,Netherlands
383,Veer,Netherlands
384,Veldoostein,Netherlands
385,Venlo,Netherlands
386,Vuld,Netherlands
387,Vulk,Netherlands
388,Wdenholt,Netherlands
389,Wolde,Netherlands
390,Woud,Netherlands
391,Woude,Netherlands
392,Wsdenberg,Netherlands
393,Wtede,Netherlands
394,Xtee,Netherlands
395,Zaar,Netherlands
396,Zand,Netherlands
397,Zandvoorn,Netherlands
398,Zeerdam-Zuid-Sc,Netherlands
