,Name,Origin
0, Alganui,New Zealand
1, Alymouth,New Zealand
2, Apier,New Zealand
3, Bridge,New Zealand
4, Gallah,New Zealand
5, Hatown,New Zealand
6, Hetohuchdre,New Zealand
7, Hkton,New Zealand
8, Hlton,New Zealand
9, Hstown,New Zealand
10, Htymcuron,New Zealand
11, Hutt,New Zealand
12, Hwtoruawahia,New Zealand
13, Ill,New Zealand
14, Kland,New Zealand
15, Klandallah,New Zealand
16, Llyho Erotorua,New Zealand
17, Rangere,New Zealand
18, Shore,New Zealand
19, Svser Hutt,New Zealand
20, Uka,New Zealand
21, Walia,New Zealand
22, Waliaggiora,New Zealand
23, Wellington,New Zealand
24,Aapakuranga,New Zealand
25,Achkono,New Zealand
26,Adallah,New Zealand
27,Agaek,New Zealand
28,Agarei,New Zealand
29,Aimlrtn,New Zealand
30,Aiparau,New Zealand
31,Akata,New Zealand
32,Akp,New Zealand
33,Ala,New Zealand
34,Albridge,New Zealand
35,Almerston,New Zealand
36,Alwer Hutt,New Zealand
37,Am Ruawahia,New Zealand
38,Ambridge,New Zealand
39,Amp,New Zealand
40,Amsr,New Zealand
41,Amstown,New Zealand
42,Amwlllhhnedin,New Zealand
43,Anganui,New Zealand
44,Angarei,New Zealand
45,Angere,New Zealand
46,Ant,New Zealand
47,Apakura,New Zealand
48,Apakuranga,New Zealand
49,Apakuranganui,New Zealand
50,Apakurangere,New Zealand
51,Apakurangiora,New Zealand
52,Aparapakuranger,New Zealand
53,Aparaumu,New Zealand
54,Apbr Eastington,New Zealand
55,Aper Hutt,New Zealand
56,Apier,New Zealand
57,Apmerstown,New Zealand
58,Apoi,New Zealand
59,Apper Hutt,New Zealand
60,Appor,New Zealand
61,Appor Hutt,New Zealand
62,Araumu,New Zealand
63,Arings,New Zealand
64,Ary Camp,New Zealand
65,Asaaimprakanini,New Zealand
66,Asginror,New Zealand
67,Asginrotoruawah,New Zealand
68,Asn,New Zealand
69,Aspa,New Zealand
70,Ast,New Zealand
71,Astington,New Zealand
72,Aumu,New Zealand
73,Aupo,New Zealand
74,Aw Plymouth,New Zealand
75,Awahia,New Zealand
76,Awbridge,New Zealand
77,Awer Hutt,New Zealand
78,Awerau,New Zealand
79,Aweraumu,New Zealand
80,Awhhristchurch,New Zealand
81,Awi,New Zealand
82,Beenston,New Zealand
83,Beenstown,New Zealand
84,Bimdrs,New Zealand
85,Bridge,New Zealand
86,Cambridge,New Zealand
87,Camgston,New Zealand
88,Camp,New Zealand
89,Capgi,New Zealand
90,Cargill,New Zealand
91,Charaparapakura,New Zealand
92,Charaparaumu,New Zealand
93,Charbridge,New Zealand
94,Chargill,New Zealand
95,Chlah,New Zealand
96,Chorakanini,New Zealand
97,Chr Eastington,New Zealand
98,Cmomthsterton,New Zealand
99,Cormewshlings,New Zealand
100,Curgill,New Zealand
101,Dael,New Zealand
102,Daelao,New Zealand
103,Daelioaagill,New Zealand
104,Dakl,New Zealand
105,Dallah,New Zealand
106,Dan,New Zealand
107,Dane,New Zealand
108,Dga,New Zealand
109,Dge,New Zealand
110,Dkerikeri,New Zealand
111,Dwe,New Zealand
112,Eamtrtton,New Zealand
113,East,New Zealand
114,Eastings,New Zealand
115,Elaon,New Zealand
116,Ell,New Zealand
117,Eru,New Zealand
118,Ewd,New Zealand
119,Eweraumu,New Zealand
120,G Peymouth,New Zealand
121,Gakeri,New Zealand
122,Gakerikeri,New Zealand
123,Gakuranga,New Zealand
124,Gakurangere,New Zealand
125,Galeah,New Zealand
126,Gallah,New Zealand
127,Galua,New Zealand
128,Ganui,New Zealand
129,Gaper Hutt,New Zealand
130,Garei,New Zealand
131,Garu,New Zealand
132,Garua,New Zealand
133,Garuawahia,New Zealand
134,Gasein,New Zealand
135,Gawer Hutt,New Zealand
136,Gawera,New Zealand
137,Gawerau,New Zealand
138,Gere,New Zealand
139,Gery Camp,New Zealand
140,Gier,New Zealand
141,Gleyhoae,New Zealand
142,Grel,New Zealand
143,Gton,New Zealand
144,Gwell,New Zealand
145,Haganui,New Zealand
146,Hames,New Zealand
147,Hargill,New Zealand
148,Hdwe,New Zealand
149,Hpston,New Zealand
150,Hsminton,New Zealand
151,Htstton,New Zealand
152,Hwmilton,New Zealand
153,Hwwera,New Zealand
154,Iavercargill,New Zealand
155,Ikarau,New Zealand
156,Ill,New Zealand
157,Imaru,New Zealand
158,Imerston,New Zealand
159,Imerstown,New Zealand
160,Imlrl,New Zealand
161,Imlrt,New Zealand
162,Imlrth,New Zealand
163,Imlrth Shore,New Zealand
164,Imlrtn,New Zealand
165,Impra,New Zealand
166,Imtrtmnus,New Zealand
167,Ington,New Zealand
168,Iparaparau,New Zealand
169,Iveeca,New Zealand
170,Ivvech,New Zealand
171,K Hotton,New Zealand
172,K#Rilmtrtton,New Zealand
173,Kaki,New Zealand
174,Kanini,New Zealand
175,Karaparapakura,New Zealand
176,Kata,New Zealand
177,Katamaru,New Zealand
178,Katane,New Zealand
179,Kbridge,New Zealand
180,Keantings,New Zealand
181,Keri,New Zealand
182,Kerikeri,New Zealand
183,Kerikerikeriker,New Zealand
184,Kganui,New Zealand
185,Kilat,New Zealand
186,Kkanini,New Zealand
187,Kkri,New Zealand
188,Kland,New Zealand
189,Klandallah,New Zealand
190,Kmilton,New Zealand
191,Kmritorua,New Zealand
192,Koroa,New Zealand
193,Kramwston,New Zealand
194,Kranga,New Zealand
195,Krangiora,New Zealand
196,Kraw,New Zealand
197,Kura,New Zealand
198,Kuranga,New Zealand
199,Kurangiora,New Zealand
200,Kwera,New Zealand
201,Kwerau,New Zealand
202,Laerikerikerike,New Zealand
203,Lah,New Zealand
204,Lai,New Zealand
205,Lam,New Zealand
206,Land,New Zealand
207,Landallah,New Zealand
208,Lbridge,New Zealand
209,Ldahlah,New Zealand
210,Lganui,New Zealand
211,Lgere,New Zealand
212,Lia,New Zealand
213,Liaau,New Zealand
214,Lkonomi,New Zealand
215,Llah,New Zealand
216,Lmangaru,New Zealand
217,Lmangiora,New Zealand
218,Lmerston,New Zealand
219,Lmerston Milita,New Zealand
220,Lmerstown,New Zealand
221,Lmington,New Zealand
222,Lpon,New Zealand
223,Lsangaru,New Zealand
224,Lsen,New Zealand
225,Lwahia,New Zealand
226,Lweel,New Zealand
227,Lwer Hutt,New Zealand
228,Lweraumu,New Zealand
229,M Htton,New Zealand
230,Manga,New Zealand
231,Mastings,New Zealand
232,Mata,New Zealand
233,Mbridge,New Zealand
234,Mgton,New Zealand
235,Mhtutk,New Zealand
236,Milton,New Zealand
237,Mkton,New Zealand
238,Mkuta,New Zealand
239,Mlllhhnedin,New Zealand
240,Mnlton,New Zealand
241,Mrston,New Zealand
242,Mston,New Zealand
243,Mstown,New Zealand
244,Mtnstown,New Zealand
245,Mtton,New Zealand
246,Mttttmnestown,New Zealand
247,Mut,New Zealand
248,Muta,New Zealand
249,Muu,New Zealand
250,Mwell,New Zealand
251,Mwlllhhhengere,New Zealand
252,Mwlllhhne,New Zealand
253,Mwlllhhngarei,New Zealand
254,Mwlllhnheim,New Zealand
255,N Por,New Zealand
256,Naeim,New Zealand
257,Nbioaraumu,New Zealand
258,Ndallah,New Zealand
259,Ndge,New Zealand
260,Ndsllington,New Zealand
261,Ng Rea,New Zealand
262,Nga,New Zealand
263,Nganu,New Zealand
264,Nganui,New Zealand
265,Ngarei,New Zealand
266,Ngarua,New Zealand
267,Ngere,New Zealand
268,Nggell,New Zealand
269,Ngiora,New Zealand
270,Ngsin,New Zealand
271,Nkarau,New Zealand
272,Nlat,New Zealand
273,Nllings,New Zealand
274,Nparau,New Zealand
275,Npyokurangaru,New Zealand
276,Nratamatane,New Zealand
277,Nsnorth,New Zealand
278,Nswinrs,New Zealand
279,Nuku,New Zealand
280,Nvercargill,New Zealand
281,Nwer Hutt,New Zealand
282,Nwera,New Zealand
283,Nweraumu,New Zealand
284,Orirua,New Zealand
285,Orth,New Zealand
286,Pakura,New Zealand
287,Pakurang,New Zealand
288,Pakuranga,New Zealand
289,Pakurangakurang,New Zealand
290,Pakuranganui,New Zealand
291,Pakurangarei,New Zealand
292,Pakurangaru,New Zealand
293,Pakurangere,New Zealand
294,Pakurangiora,New Zealand
295,Parapakura,New Zealand
296,Parapakurangere,New Zealand
297,Paraparapakura,New Zealand
298,Paraparapakuran,New Zealand
299,Paraparaparau,New Zealand
300,Paraparaparaumu,New Zealand
301,Paraparaumu,New Zealand
302,Paratamata,New Zealand
303,Parau,New Zealand
304,Paraumu,New Zealand
305,Pbridge,New Zealand
306,Pcramg,New Zealand
307,Per Hutt,New Zealand
308,Phakanini,New Zealand
309,Pier,New Zealand
310,Pkeri,New Zealand
311,Pkkram,New Zealand
312,Pkr Ouh,New Zealand
313,Pllmhrsson,New Zealand
314,Pmerston,New Zealand
315,Pmerstown,New Zealand
316,Pnkoiora,New Zealand
317,Pnkoroa,New Zealand
318,Pnr Luh,New Zealand
319,Pnr Mult,New Zealand
320,Pnr Mulu,New Zealand
321,Pnr Tos,New Zealand
322,Poi,New Zealand
323,Pok,New Zealand
324,Por,New Zealand
325,Ppor,New Zealand
326,Ppor Haye,New Zealand
327,Pra,New Zealand
328,Prau,New Zealand
329,Pskkranganui,New Zealand
330,Ptoknriora,New Zealand
331,Pton,New Zealand
332,Pwer Hutt,New Zealand
333,Pwera,New Zealand
334,Pwerau,New Zealand
335,Pweraumu,New Zealand
336,Qeee,New Zealand
337,Qgeee,New Zealand
338,Qgeeerston,New Zealand
339,R Hutt,New Zealand
340,Rai,New Zealand
341,Raiapoi,New Zealand
342,Rakanini,New Zealand
343,Ramaruawahia,New Zealand
344,Ramgston,New Zealand
345,Rapakura,New Zealand
346,Raparapakura,New Zealand
347,Rasginroi,New Zealand
348,Rasginron,New Zealand
349,Rasoch,New Zealand
350,Rata,New Zealand
351,Ratamatamata,New Zealand
352,Rau,New Zealand
353,Raumu,New Zealand
354,Rawahia,New Zealand
355,Rawgallah,New Zealand
356,Rawshin,New Zealand
357,Rcargill,New Zealand
358,Rda,New Zealand
359,Rew,New Zealand
360,Rgill,New Zealand
361,Rgwellings,New Zealand
362,Rhmwell,New Zealand
363,Rhsweraumu,New Zealand
364,Rill,New Zealand
365,Rings,New Zealand
366,Rnum,New Zealand
367,Rnwwellington M,New Zealand
368,Rpu,New Zealand
369,Rssoriruawahia,New Zealand
370,Rston,New Zealand
371,Rstown,New Zealand
372,Rswbridge,New Zealand
373,Rswer Hutt,New Zealand
374,Rton,New Zealand
375,Rw Llyhoae,New Zealand
376,Rwillvn,New Zealand
377,Rwrllhhhengere,New Zealand
378,Ry Cambridge,New Zealand
379,Rymouth,New Zealand
380,San,New Zealand
381,Sda,New Zealand
382,Sdkerikeri,New Zealand
383,Sdton,New Zealand
384,Sgallah,New Zealand
385,Sginrs,New Zealand
386,Sginrsiongnorth,New Zealand
387,Sginus,New Zealand
388,Sgmel,New Zealand
389,Sgmgere,New Zealand
390,Sgpiora,New Zealand
391,Sgton,New Zealand
392,Sgukekohe Easti,New Zealand
393,Sikiraaapier,New Zealand
394,Skington,New Zealand
395,Skweraumu,New Zealand
396,Slandallah,New Zealand
397,Smton,New Zealand
398,Snpoi,New Zealand
399,Spbridge,New Zealand
400,Spcoriruawahia,New Zealand
401,Sper Hutt,New Zealand
402,Spi,New Zealand
403,Spinrs,New Zealand
404,Spki,New Zealand
405,Spor,New Zealand
406,Sptoknriilron,New Zealand
407,Sqere,New Zealand
408,Sror,New Zealand
409,Srpi,New Zealand
410,Srton,New Zealand
411,Sseri,New Zealand
412,Ssin,New Zealand
413,Sskoroa,New Zealand
414,Stchurch,New Zealand
415,Stekton,New Zealand
416,Sterton,New Zealand
417,Stings,New Zealand
418,Stington,New Zealand
419,Stington Milita,New Zealand
420,Stmruawahia,New Zealand
421,Stpimrrsmwellin,New Zealand
422,Straumu,New Zealand
423,Stton,New Zealand
424,Sweraumu,New Zealand
425,Swmnlton Milita,New Zealand
426,T Hycmomtestown,New Zealand
427,T Well,New Zealand
428,Ta Eil,New Zealand
429,Tamaru,New Zealand
430,Tamata,New Zealand
431,Tane,New Zealand
432,Tary Cambridge,New Zealand
433,Tasyings,New Zealand
434,Tasyington,New Zealand
435,Tauym,New Zealand
436,Tawera,New Zealand
437,Taweraumu,New Zealand
438,Tchurch,New Zealand
439,Tkemottotnee,New Zealand
440,Ton,New Zealand
441,Tot,New Zealand
442,Tton,New Zealand
443,Uka,New Zealand
444,Ukakanini,New Zealand
445,Ukkkanini,New Zealand
446,Uku,New Zealand
447,Uupe,New Zealand
448,Uwper Hutt,New Zealand
449,Varcargill,New Zealand
450,Vchros,New Zealand
451,Vkchrrston,New Zealand
452,Vkeri,New Zealand
453,W Lllhhngere,New Zealand
454,W Lllhhnggill,New Zealand
455,W Lllhnhdie,New Zealand
456,W Lllhnhdier,New Zealand
457,W Llyhoae,New Zealand
458,W Llyhoana,New Zealand
459,W Plymouth,New Zealand
460,Wahia,New Zealand
461,Waki,New Zealand
462,Waliaaga,New Zealand
463,Waliaraparaumu,New Zealand
464,Waliargill,New Zealand
465,Waliaru,New Zealand
466,Waliauranmes,New Zealand
467,Wallah,New Zealand
468,Wariaumu,New Zealand
469,Warirua,New Zealand
470,Wariruawahia,New Zealand
471,Wariuku,New Zealand
472,Wariuuu,New Zealand
473,Wbridge,New Zealand
474,Wdlllhnhdie,New Zealand
475,Wealtane,New Zealand
476,Wealton,New Zealand
477,Well,New Zealand
478,Wer Hutt,New Zealand
479,Wera,New Zealand
480,Werau,New Zealand
481,Weraumu,New Zealand
482,Whalgerekohe Ea,New Zealand
483,Wihrem,New Zealand
484,Wilrth Shore,New Zealand
485,Wkeri,New Zealand
486,Wkerikerikeri,New Zealand
487,Wkerikerikerike,New Zealand
488,Wkland,New Zealand
489,Wlllhhhengaru,New Zealand
490,Wlllhhndgi,New Zealand
491,Wlllhhnegi,New Zealand
492,Wlllhhnngere,New Zealand
493,Wmerstown,New Zealand
494,Wmerton,New Zealand
495,Wmllington,New Zealand
496,Wmraumu,New Zealand
497,Wndlllhhnini,New Zealand
498,Wnllings,New Zealand
499,Wnllthnedin,New Zealand
500,Worakanini,New Zealand
501,Worirua,New Zealand
502,Wpllmhrssower H,New Zealand
503,Wriuuu,New Zealand
504,Wshrrsmwell,New Zealand
505,Wsllings,New Zealand
506,Wull,New Zealand
507,Wvercargill,New Zealand
508,Wwell,New Zealand
509,Wwellington,New Zealand
510,Wwera,New Zealand
511,Wweraumu,New Zealand
512,Wwlllhhndge,New Zealand
513,Y Cambridge,New Zealand
514,Ymouth,New Zealand
