,Name,Origin
0, Blanco,Nicaragua
1, Gornzl,Nicaragua
2, Lorenzo,Nicaragua
3, Luefields,Nicaragua
4, Marcos,Nicaragua
5, Sur,Nicaragua
6, Uerto Morazan,Nicaragua
7,Ali,Nicaragua
8,Aloyapa,Nicaragua
9,Alpa,Nicaragua
10,Aluaftela Sauce,Nicaragua
11,Anagua,Nicaragua
12,Anme,Nicaragua
13,Anoyepa,Nicaragua
14,Anta Teres,Nicaragua
15,Apa,Nicaragua
16,Asmo,Nicaragua
17,Bezas,Nicaragua
18,Binanza,Nicaragua
19,Bluefields,Nicaragua
20,Bnuentro,Nicaragua
21,Bnza,Nicaragua
22,Bueetepe,Nicaragua
23,Bueeto Morazan,Nicaragua
24,Buentro,Nicaragua
25,Cluaf Elasco,Nicaragua
26,Cuanta Teresa,Nicaragua
27,Cuentro,Nicaragua
28,Cueva Guinea,Nicaragua
29,Diloael Sandino,Nicaragua
30,Dino,Nicaragua
31,Dlli,Nicaragua
32,Dllo,Nicaragua
33,El Cabezas,Nicaragua
34,El Carmen,Nicaragua
35,El Realejo,Nicaragua
36,El Sandino,Nicaragua
37,El Santo Moraza,Nicaragua
38,El Sauce,Nicaragua
39,El Sur,Nicaragua
40,El Viejo,Nicaragua
41,Fiiloael Del De,Nicaragua
42,Goon,Nicaragua
43,Guinea,Nicaragua
44,Hinandasmo,Nicaragua
45,Hinanza,Nicaragua
46,Hinazan,Nicaragua
47,Ica,Nicaragua
48,Iclanco,Nicaragua
49,Ico,Nicaragua
50,Icuan Juan Lore,Nicaragua
51,Icuanta Teresa,Nicaragua
52,Icuantepe,Nicaragua
53,Icuanto Domingo,Nicaragua
54,Icuanto Morazan,Nicaragua
55,Iiuan Lorenzo,Nicaragua
56,Imlo,Nicaragua
57,Inandasmo,Nicaragua
58,Ingo,Nicaragua
59,Inln,Nicaragua
60,Inno,Nicaragua
61,Ino,Nicaragua
62,Inote,Nicaragua
63,Inotega,Nicaragua
64,Inotepe,Nicaragua
65,Inpan,Nicaragua
66,Inuas,Nicaragua
67,Inzo,Nicaragua
68,Iolbreazln,Nicaragua
69,Ipat,Nicaragua
70,Isaaejo,Nicaragua
71,Isaazan,Nicaragua
72,Isatepe,Nicaragua
73,Islarcos,Nicaragua
74,Isuarte,Nicaragua
75,Iua,Nicaragua
76,Iuaatapa,Nicaragua
77,Iuaftelen,Nicaragua
78,Iuan Rafael San,Nicaragua
79,Iuca,Nicaragua
80,Iueatepe,Nicaragua
81,Iui,Nicaragua
82,Iuiaea Del Del ,Nicaragua
83,Iuiaea La El Vi,Nicaragua
84,Iuiaea Paiwas,Nicaragua
85,Iuifealejo,Nicaragua
86,Joo,Nicaragua
87,L Jana Del Nor,Nicaragua
88,L Lagoon,Nicaragua
89,L Pan,Nicaragua
90,L Realejo,Nicaragua
91,L San Marcos,Nicaragua
92,L Sur,Nicaragua
93,L Viejo,Nicaragua
94,Lco,Nicaragua
95,Ldo Plira,Nicaragua
96,Le Rsalta Teres,Nicaragua
97,Lica,Nicaragua
98,Lin,Nicaragua
99,Linandino,Nicaragua
100,Linanza,Nicaragua
101,Lino,Nicaragua
102,Lio,Nicaragua
103,Lioabeje,Nicaragua
104,Lioablanco,Nicaragua
105,Lioaboaco,Nicaragua
106,Lis,Nicaragua
107,Liua,Nicaragua
108,Liuafeels,Nicaragua
109,Liuanta Teres,Nicaragua
110,Liuantepe,Nicaragua
111,Liuanto Cabezas,Nicaragua
112,Ll Lagoon,Nicaragua
113,Ll Santo Moraza,Nicaragua
114,Ll Sur,Nicaragua
115,Llo,Nicaragua
116,Llrreynaga,Nicaragua
117,Lluefields,Nicaragua
118,Ln Lorenzo,Nicaragua
119,Lno,Nicaragua
120,Loael De Paiwas,Nicaragua
121,Lomen,Nicaragua
122,Looe,Nicaragua
123,Lopan,Nicaragua
124,Lorenzo,Nicaragua
125,Lores,Nicaragua
126,Los,Nicaragua
127,Lpa,Nicaragua
128,Lsa,Nicaragua
129,Luaf El Norte,Nicaragua
130,Luaf Elas,Nicaragua
131,Luaf Elrcos,Nicaragua
132,Luaf Elrn,Nicaragua
133,Luafcelas,Nicaragua
134,Luafdel Norte,Nicaragua
135,Luafeelndinotep,Nicaragua
136,Luafeels,Nicaragua
137,Luafields,Nicaragua
138,Luaftelen,Nicaragua
139,Luc,Nicaragua
140,Luce,Nicaragua
141,Lucf,Nicaragua
142,Luefieldn,Nicaragua
143,Luefields,Nicaragua
144,Luifealejo,Nicaragua
145,Luifelln,Nicaragua
146,Luifelln Uerto ,Nicaragua
147,Luifellpa,Nicaragua
148,Luifells,Nicaragua
149,Luifiallpa,Nicaragua
150,Luofell Sur,Nicaragua
151,Lusf,Nicaragua
152,Lvillo,Nicaragua
153,Managa,Nicaragua
154,Mingo,Nicaragua
155,Misatepe,Nicaragua
156,Mngo,Nicaragua
157,Momingo,Nicaragua
158,Mota,Nicaragua
159,Motilla El Cabe,Nicaragua
160,Muca,Nicaragua
161,N Lorenzo,Nicaragua
162,N Loresa,Nicaragua
163,Na Del Del Del ,Nicaragua
164,Nbezas,Nicaragua
165,Nco,Nicaragua
166,Ndinote,Nicaragua
167,Ngo,Nicaragua
168,Nic,Nicaragua
169,Nindinotepe,Nicaragua
170,Nindiri,Nicaragua
171,Ninza,Nicaragua
172,Nio,Nicaragua
173,Nl De Paz Centr,Nicaragua
174,Nl Del Del De P,Nicaragua
175,Nlga,Nicaragua
176,Nlndega,Nicaragua
177,Nlo,Nicaragua
178,Nlorenzo,Nicaragua
179,Nluafields,Nicaragua
180,Nlurfesl,Nicaragua
181,Nmingo,Nicaragua
182,Nno,Nicaragua
183,Nnontn Marcos,Nicaragua
184,Nomen,Nicaragua
185,Nonen,Nicaragua
186,Nontepe,Nicaragua
187,Nontn Carmen,Nicaragua
188,Note,Nicaragua
189,Notega,Nicaragua
190,Notepe,Nicaragua
191,Npa,Nicaragua
192,Npan,Nicaragua
193,Npe,Nicaragua
194,Nqinlo,Nicaragua
195,Nsud,Nicaragua
196,Ntepe,Nicaragua
197,Nto Cabezas,Nicaragua
198,Nto Carmen,Nicaragua
199,Nto Morazan,Nicaragua
200,Nuegt,Nicaragua
201,Nviolbranza,Nicaragua
202,Nviolbrenzo,Nicaragua
203,Nza,Nicaragua
204,Oano Elrden Sur,Nicaragua
205,Ocon,Nicaragua
206,Omeg,Nicaragua
207,Omingo,Nicaragua
208,Onores,Nicaragua
209,Opan,Nicaragua
210,Oso,Nicaragua
211,Otega,Nicaragua
212,Otepe,Nicaragua
213,Otillo,Nicaragua
214,Pan,Nicaragua
215,Paz Centro,Nicaragua
216,Pinanza,Nicaragua
217,Pitapa,Nicaragua
218,Pna,Nicaragua
219,Psaya,Nicaragua
220,Pua,Nicaragua
221,Puerto Cabezas,Nicaragua
222,Puerto Carmen,Nicaragua
223,Qiilbanaguas,Nicaragua
224,Qiiloaega,Nicaragua
225,Qnildapa,Nicaragua
226,Qnilza,Nicaragua
227,Qtilio,Nicaragua
228,Rio Blanco,Nicaragua
229,S Praderas,Nicaragua
230,Sas,Nicaragua
231,Satepe,Nicaragua
232,Saya,Nicaragua
233,Scarmen,Nicaragua
234,Sitepe,Nicaragua
235,Slores,Nicaragua
236,Sma,Nicaragua
237,Smi,Nicaragua
238,Smo,Nicaragua
239,Snn Del Norte,Nicaragua
240,Snn Lorenzo,Nicaragua
241,Snndega,Nicaragua
242,Snntepe,Nicaragua
243,Sotega,Nicaragua
244,Span,Nicaragua
245,Sto,Nicaragua
246,Suan Rafael Sur,Nicaragua
247,Suarte,Nicaragua
248,Suc,Nicaragua
249,Sue,Nicaragua
250,Sya,Nicaragua
251,Sza,Nicaragua
252,Tco Alapa,Nicaragua
253,Tcorazan,Nicaragua
254,Tcos,Nicaragua
255,Tipitapa,Nicaragua
256,Tlpi,Nicaragua
257,Tlsma,Nicaragua
258,To Cabezas,Nicaragua
259,To Morazan,Nicaragua
260,Tpe,Nicaragua
261,Tpica,Nicaragua
262,Tsco,Nicaragua
263,Tsmi,Nicaragua
264,Tspan,Nicaragua
265,Tspinanza,Nicaragua
266,Tssa,Nicaragua
267,Tuce,Nicaragua
268,Tue,Nicaragua
269,Tuepa,Nicaragua
270,Tues,Nicaragua
271,Typa,Nicaragua
272,Uaftelen,Nicaragua
273,Uan Lorenzo,Nicaragua
274,Uas,Nicaragua
275,Uce,Nicaragua
276,Uee,Nicaragua
277,Uefields,Nicaragua
278,Uega,Nicaragua
279,Uegt,Nicaragua
280,Ueltco,Nicaragua
281,Uen Santepe,Nicaragua
282,Uentro,Nicaragua
283,Ues,Nicaragua
284,Ueva Guinea,Nicaragua
285,Uica,Nicaragua
286,Uieaderas,Nicaragua
287,Uifealejo,Nicaragua
288,Uinea,Nicaragua
289,Upe,Nicaragua
290,Uuefields,Nicaragua
291,Uza,Nicaragua
292,Villo,Nicaragua
293,Vlll  Alapa,Nicaragua
294,Vlll Carmen,Nicaragua
295,Vlll San Rafael,Nicaragua
296,Vlll Sur,Nicaragua
297,Waspan,Nicaragua
298,Wcos,Nicaragua
299,Wnspan,Nicaragua
300,Ynagarote,Nicaragua
301,Yuaga,Nicaragua
302,Yuarte,Nicaragua
303,Yue,Nicaragua
304,Yuee,Nicaragua
305,Yueg,Nicaragua
306,Zan,Nicaragua
307,Zas,Nicaragua
