,Name,Origin
0, Awau,Nigeria
1, Bana,Nigeria
2, Hausa,Nigeria
3, Irun,Nigeria
4, Lppo,Nigeria
5, Mesi,Nigeria
6, Nupon,Nigeria
7, Sst Ipo,Nigeria
8, Tupon,Nigeria
9, Upon,Nigeria
10, Wo,Nigeria
11, Wwara,Nigeria
12,-Akurdi,Nigeria
13,-Aran,Nigeria
14,-Doaogaaau,Nigeria
15,-Doron,Nigeria
16,-Eruwa,Nigeria
17,-Ikajsringa,Nigeria
18,-Odo,Nigeria
19,-Ringa,Nigeria
20,-Rorin,Nigeria
21,-Tkundo,Nigeria
22,-Tua,Nigeria
23,-Uku,Nigeria
24,Abar,Nigeria
25,Ado-Odo,Nigeria
26,Afiagi,Nigeria
27,Aiku,Nigeria
28,Aina,Nigeria
29,Akure,Nigeria
30,Akwanga,Nigeria
31,Aliadeggi,Nigeria
32,Alinga,Nigeria
33,Alingo,Nigeria
34,Aron,Nigeria
35,Ati,Nigeria
36,Awa,Nigeria
37,Bba,Nigeria
38,Bdagry,Nigeria
39,Bmuguru,Nigeria
40,Bndima,Nigeria
41,Bnga,Nigeria
42,Bonga,Nigeria
43,Bongan,Nigeria
44,Bongana,Nigeria
45,Borgoram,Nigeria
46,Boromi,Nigeria
47,Bowga,Nigeria
48,Bowgda,Nigeria
49,Bro,Nigeria
50,Btu,Nigeria
51,Cho,Nigeria
52,Cinya,Nigeria
53,Colamu,Nigeria
54,Cull,Nigeria
55,Cwllgldelgidam,Nigeria
56,Cya,Nigeria
57,Dalabana,Nigeria
58,Dalabar,Nigeria
59,Dba,Nigeria
60,Dbar,Nigeria
61,Dbkruri,Nigeria
62,Dbndima,Nigeria
63,Dboromi,Nigeria
64,Dfgga,Nigeria
65,Dglaze,Nigeria
66,Dindima,Nigeria
67,Djba,Nigeria
68,Dkssi Acshi,Nigeria
69,Dllala,Nigeria
70,Dnndo,Nigeria
71,Do-Odo,Nigeria
72,Doringa,Nigeria
73,Drsi,Nigeria
74,Dsina,Nigeria
75,Dssina,Nigeria
76,Dtba-Aran,Nigeria
77,Dyas,Nigeria
78,Dynna,Nigeria
79,E E Mesi,Nigeria
80,E Ipo,Nigeria
81,Eagi,Nigeria
82,Eba,Nigeria
83,Efin City,Nigeria
84,Efin Hausa,Nigeria
85,Egeie,Nigeria
86,Egina,Nigeria
87,Eie E,Nigeria
88,Eirwn,Nigeria
89,Eke,Nigeria
90,Ekina,Nigeria
91,Engi,Nigeria
92,Erita-Eruwa,Nigeria
93,Eriw,Nigeria
94,Erww,Nigeria
95,Ewerri,Nigeria
96,F  Saadu,Nigeria
97,F A Mmuru,Nigeria
98,F I Upon,Nigeria
99,F Rati,Nigeria
100,Fana,Nigeria
101,Fdana,Nigeria
102,Ffin City,Nigeria
103,Fiagi,Nigeria
104,Fin City,Nigeria
105,Fin Hausa,Nigeria
106,Fina,Nigeria
107,Finna,Nigeria
108,Finta,Nigeria
109,Fintua,Nigeria
110,Fkina,Nigeria
111,Fkntiagi,Nigeria
112,Fnna,Nigeria
113,Fuga,Nigeria
114,G-Rin,Nigeria
115,Gaie,Nigeria
116,Gawe,Nigeria
117,Gbahaa,Nigeria
118,Gboho,Nigeria
119,Gen,Nigeria
120,Gfiagi,Nigeria
121,Gfid M,Nigeria
122,Gfidima,Nigeria
123,Giade,Nigeria
124,Giadeggi,Nigeria
125,Gina,Nigeria
126,Gjadigamu,Nigeria
127,Gjse,Nigeria
128,Gki,Nigeria
129,Glingo,Nigeria
130,Gmuuae,Nigeria
131,Gnueu,Nigeria
132,Goyan,Nigeria
133,Gwadabar,Nigeria
134,Gwadala,Nigeria
135,Gwashi,Nigeria
136,Gwashi-Uku,Nigeria
137,Gwashin,Nigeria
138,H-Rin,Nigeria
139,Hafsa Imulu,Nigeria
140,Hasse Ipo,Nigeria
141,Hbashi,Nigeria
142,Hfin City,Nigeria
143,Hhass,Nigeria
144,Hkire,Nigeria
145,Hkurdi,Nigeria
146,Hkure,Nigeria
147,Hlfiagi,Nigeria
148,Hlinga,Nigeria
149,Hrin,Nigeria
150,Hsina,Nigeria
151,Htsina,Nigeria
152,Hu-Urumalupon,Nigeria
153,Hyag,Nigeria
154,I Lepa,Nigeria
155,I-Kkina,Nigeria
156,Iaaoa,Nigeria
157,Iakire,Nigeria
158,Iborgoram,Nigeria
159,Iboromi,Nigeria
160,Idldalabawa,Nigeria
161,Ifi,Nigeria
162,Ifirgoram,Nigeria
163,Igamu,Nigeria
164,Iideggi,Nigeria
165,Iingan,Nigeria
166,Iirin,Nigeria
167,Ija,Nigeria
168,Ijass,Nigeria
169,Ijba,Nigeria
170,Ike,Nigeria
171,Ikfeina,Nigeria
172,Ikire,Nigeria
173,Iku,Nigeria
174,Illele,Nigeria
175,Iloriki,Nigeria
176,Iloringo,Nigeria
177,Imulu,Nigeria
178,In Hausa,Nigeria
179,Ina,Nigeria
180,Indeggi,Nigeria
181,Indima,Nigeria
182,Inga,Nigeria
183,Ingana,Nigeria
184,Ingo,Nigeria
185,Inka,Nigeria
186,Inki,Nigeria
187,Inkshin,Nigeria
188,Inna,Nigeria
189,Iorekina,Nigeria
190,Irin,Nigeria
191,Irnn,Nigeria
192,Isieke,Nigeria
193,Iti,Nigeria
194,Iua,Nigeria
195,Iwo,Nigeria
196,Iya,Nigeria
197,Izere,Nigeria
198,J Sse Ipo,Nigeria
199,Jass,Nigeria
200,Jasse Ipo,Nigeria
201,Jba,Nigeria
202,Jbala,Nigeria
203,Jciiya,Nigeria
204,Jfiagi,Nigeria
205,Jfii Mupun,Nigeria
206,Jfiina,Nigeria
207,Jirin,Nigeria
208,Jisi,Nigeria
209,Jjasse Ipo,Nigeria
210,Jki,Nigeria
211,Jlseiia,Nigeria
212,Jnashi,Nigeria
213,Jnka,Nigeria
214,Jnla,Nigeria
215,Jose Ipo,Nigeria
216,Jri,Nigeria
217,Jsse Ipo,Nigeria
218,Jssi Achi,Nigeria
219,Juri,Nigeria
220,Jya,Nigeria
221,Kbnna,Nigeria
222,Ke Mesi,Nigeria
223,Kefe,Nigeria
224,Keie,Nigeria
225,Kene,Nigeria
226,Kfiagi,Nigeria
227,Kfin City,Nigeria
228,Kfin Hausa,Nigeria
229,Kfinna,Nigeria
230,Kina,Nigeria
231,Kire,Nigeria
232,Kirun,Nigeria
233,Kjisi,Nigeria
234,Kjre,Nigeria
235,Klira,Nigeria
236,Kmsi,Nigeria
237,Kmunede,Nigeria
238,Kninu,Nigeria
239,Koriki,Nigeria
240,Krei,Nigeria
241,Ksiia,Nigeria
242,Ksiiagi,Nigeria
243,Ksina,Nigeria
244,Ktiina,Nigeria
245,Ktin,Nigeria
246,Ktingo,Nigeria
247,Ktsina,Nigeria
248,Kuj,Nigeria
249,Kujda,Nigeria
250,Kuje,Nigeria
251,Kwanga,Nigeria
252,Kwin,Nigeria
253,Kya,Nigeria
254,L-Eruwa,Nigeria
255,Lbo,Nigeria
256,Lboroki Upon,Nigeria
257,Lboromi,Nigeria
258,Lere,Nigeria
259,Lerew,Nigeria
260,Lfiagi,Nigeria
261,Liade,Nigeria
262,Lillela,Nigeria
263,Liloringo,Nigeria
264,Linga,Nigeria
265,Lingo,Nigeria
266,Lirun,Nigeria
267,Ljasse Ipo,Nigeria
268,Lkirun,Nigeria
269,Llfiagi,Nigeria
270,Lloba,Nigeria
271,Lloriki,Nigeria
272,Lmllili,Nigeria
273,Loriki,Nigeria
274,Lorin,Nigeria
275,Loringa,Nigeria
276,Lpor,Nigeria
277,Lrfi,Nigeria
278,Lsieke,Nigeria
279,Lula,Nigeria
280,Mbana,Nigeria
281,Mfin Hausa,Nigeria
282,Mise,Nigeria
283,Modi,Nigeria
284,Mshi,Nigeria
285,Mshi-Uku,Nigeria
286,Mshin,Nigeria
287,Mufu,Nigeria
288,Muguri,Nigeria
289,Muguru,Nigeria
290,Muleja,Nigeria
291,Mulh,Nigeria
292,Mulhi,Nigeria
293,Mulu,Nigeria
294,N City,Nigeria
295,Nadoba,Nigeria
296,Nba,Nigeria
297,Ndam,Nigeria
298,Ndo,Nigeria
299,Nfa,Nigeria
300,Ngo,Nigeria
301,Nguri,Nigeria
302,Nin City,Nigeria
303,Nja,Nigeria
304,Nke,Nigeria
305,Nku,Nigeria
306,Nldo,Nigeria
307,Nna,Nigeria
308,Nndo,Nigeria
309,Nspo,Nigeria
310,Nupon,Nigeria
311,Nya,Nigeria
312,Nza,Nigeria
313,Nzu,Nigeria
314,Ode,Nigeria
315,Ogwashin,Nigeria
316,Ojasse Ipo,Nigeria
317,Olenagoa,Nigeria
318,Onba,Nigeria
319,Ondo,Nigeria
320,Ondugan,Nigeria
321,Or M,Nigeria
322,Ordo,Nigeria
323,Oriki,Nigeria
324,Orin,Nigeria
325,Oringan,Nigeria
326,Oringo,Nigeria
327,Orita-Eruwa,Nigeria
328,Orkorun,Nigeria
329,Oronia Emu,Nigeria
330,Osi Amu,Nigeria
331,Osikamshin,Nigeria
332,Otuti,Nigeria
333,Owerri,Nigeria
334,Owode Saadu,Nigeria
335,Pbnki,Nigeria
336,Pinki,Nigeria
337,Pnngo,Nigeria
338,Pon,Nigeria
339,Psti-Iku,Nigeria
340,Ptsina,Nigeria
341,Ptti,Nigeria
342,Punde,Nigeria
343,Rano,Nigeria
344,Rci,Nigeria
345,Rfi,Nigeria
346,Rii,Nigeria
347,Rin,Nigeria
348,Ringa,Nigeria
349,Ringo,Nigeria
350,Rinna,Nigeria
351,Rki,Nigeria
352,Rli,Nigeria
353,Rnno,Nigeria
354,Ronia Amufu,Nigeria
355,Ronin Hausa,Nigeria
356,Ronn,Nigeria
357,Ronna,Nigeria
358,Roriki,Nigeria
359,Rorin,Nigeria
360,Rri,Nigeria
361,Rti,Nigeria
362,S-Iku,Nigeria
363,Saldala,Nigeria
364,Sbalabawa,Nigeria
365,Scina,Nigeria
366,Sgade,Nigeria
367,Sgede-Ekiti,Nigeria
368,Sina,Nigeria
369,Sjya,Nigeria
370,Slya,Nigeria
371,Snki,Nigeria
372,Snkihd,Nigeria
373,Ssi Amu,Nigeria
374,Ssi Kese,Nigeria
375,Stin,Nigeria
376,Sya,Nigeria
377,T-Enao,Nigeria
378,T-Ina,Nigeria
379,Tfin City,Nigeria
380,Tfin Hausa,Nigeria
381,Tfinna,Nigeria
382,Tgaie,Nigeria
383,Tgina,Nigeria
384,Tgunze,Nigeria
385,Thinua,Nigeria
386,Ti-Iku,Nigeria
387,Tia,Nigeria
388,Tiji,Nigeria
389,Tiki,Nigeria
390,Tingo,Nigeria
391,Tinna,Nigeria
392,Tisi,Nigeria
393,Tkina,Nigeria
394,Tkundeggi,Nigeria
395,Tkunede,Nigeria
396,Tkunede-Ekiti,Nigeria
397,Tnka,Nigeria
398,Tsina,Nigeria
399,Tugene,Nigeria
400,Tuja,Nigeria
401,Tya,Nigeria
402,U-Kai,Nigeria
403,Uama,Nigeria
404,Uba,Nigeria
405,Uci,Nigeria
406,Ugbn,Nigeria
407,Ugere,Nigeria
408,Uguru,Nigeria
409,Uja,Nigeria
410,Ujba,Nigeria
411,Ujl,Nigeria
412,Uki,Nigeria
413,Uku,Nigeria
414,Ull,Nigeria
415,Umalupon,Nigeria
416,Unk,Nigeria
417,Upon,Nigeria
418,Use,Nigeria
419,Utu-Eruwa,Nigeria
420,Uu-Aru,Nigeria
421,Uuga,Nigeria
422,Uugana,Nigeria
423,Wadalabana,Nigeria
424,Wafarazo,Nigeria
425,Wara,Nigeria
426,Warazo,Nigeria
427,Wawa,Nigeria
428,Wgbah,Nigeria
429,Wgbahaa,Nigeria
430,Wgo,Nigeria
431,Wgu,Nigeria
432,Wjrsi,Nigeria
433,Wngo,Nigeria
434,Wnwa,Nigeria
435,Wode,Nigeria
436,Wtgan,Nigeria
437,Wwara,Nigeria
438,Wwarati,Nigeria
439,Wwaratigi,Nigeria
440,Wwwgga,Nigeria
441,Wwwrgoram,Nigeria
442,Wwwrgzo,Nigeria
443,Wynga,Nigeria
444,Yala,Nigeria
445,Yalabawa,Nigeria
446,Yalingo,Nigeria
447,Yina,Nigeria
448,Ynna,Nigeria
449,Ytiina,Nigeria
450,Zulu,Nigeria
451,Zuru,Nigeria
