,Name,Origin
0, Il-Tongnam,North Korea
1, Il-Tongsong,North Korea
2,'Eju,North Korea
3,-Up,North Korea
4,Ariwon,North Korea
5,Ariwon-Up,North Korea
6,Byon,North Korea
7,Byon-Up,North Korea
8,Byong,North Korea
9,Byongch'On,North Korea
10,Byonggang-Up,North Korea
11,Byonggwangjagu,North Korea
12,Byongyang,North Korea
13,Ch'On-Up,North Korea
14,Eemul-Lodongwon,North Korea
15,Eja,North Korea
16,Ejamusan-Up,North Korea
17,Eje,North Korea
18,Eji,North Korea
19,Ejm,North Korea
20,Eju,North Korea
21,Emal-Dongsongja,North Korea
22,Emal-Up,North Korea
23,Emll-Li,North Korea
24,Emml-Up,North Korea
25,Emul-Li,North Korea
26,Emul-Lodong,North Korea
27,Emul-Lodongch'O,North Korea
28,Emul-Lodonggwan,North Korea
29,Emul-Lodongjagu,North Korea
30,Emul-Lodongjiba,North Korea
31,Emul-Lodongnam,North Korea
32,Emul-Lodongyang,North Korea
33,Enam,North Korea
34,Enmuk-Ni,North Korea
35,Enmukani-Ui,North Korea
36,Erioousang-Up,North Korea
37,Eryon,North Korea
38,Eryon-Up,North Korea
39,Eryong,North Korea
40,Eryonggang-Up,North Korea
41,Eryonggwangjin,North Korea
42,Eryongjin,North Korea
43,Esong,North Korea
44,Esongbyon-Up,North Korea
45,Esongjin,North Korea
46,Esongsan-Dongya,North Korea
47,Esongwon-Up,North Korea
48,Eul,North Korea
49,Eulolggwang-Ni,North Korea
50,Euoingam-Ni,North Korea
51,Ewon,North Korea
52,Gjagu,North Korea
53,Gjin,North Korea
54,Gju-Up,North Korea
55,Gnam,North Korea
56,Gsangjibaegam-N,North Korea
57,Gwang,North Korea
58,Gwang-Up,North Korea
59,Gwangjin,North Korea
60,Gwon,North Korea
61,Gwon-Up,North Korea
62,Jang-Ni,North Korea
63,Jang-Nodong,North Korea
64,Jang-Up,North Korea
65,Jin,North Korea
66,Jnbukchil-Lodon,North Korea
67,Jnguiau,North Korea
68,Jnguktae-Dongni,North Korea
69,Jnguktae-Dongya,North Korea
70,Ju-Up,North Korea
71,Junu,North Korea
72,Man,North Korea
73,Man-Up,North Korea
74,Mhong,North Korea
75,Mhung,North Korea
76,Mhungam,North Korea
77,Mhungam-Nodongg,North Korea
78,Mhungjagu,North Korea
79,Mhungjin,North Korea
80,Mhungnam,North Korea
81,Msan,North Korea
82,Msan-Up,North Korea
83,Msang-Up,North Korea
84,Muk,North Korea
85,Mukaaeju,North Korea
86,Mukani,North Korea
87,Mukani-Ji,North Korea
88,N Il-Tong,North Korea
89,N Il-Tongbyongj,North Korea
90,N Il-Tongjagu,North Korea
91,N Il-Tongsang-N,North Korea
92,N-Up,North Korea
93,Nam,North Korea
94,Nan-Dongbyon,North Korea
95,Nanju,North Korea
96,Nau-Ri,North Korea
97,Nbyon,North Korea
98,Nbyon-Up,North Korea
99,Nbyong,North Korea
100,Nbyongbyon-Up,North Korea
101,Nbyongbyong,North Korea
102,Nbyongbyongch'O,North Korea
103,Nbyongch'On,North Korea
104,Nbyonggwang-Nod,North Korea
105,Nbyongjibaegam-,North Korea
106,Nbyongsongjibae,North Korea
107,Nbyongwon,North Korea
108,Nch'On,North Korea
109,Nch'On-Up,North Korea
110,Nch'Ong,North Korea
111,Nch'Ongch'On,North Korea
112,Nch'Ongjagu,North Korea
113,Nch'Ongju-Up,North Korea
114,Nch'Ongsang,North Korea
115,Neam,North Korea
116,Neji,North Korea
117,Neju,North Korea
118,Nemul-Li,North Korea
119,Nemul-Lodonggwa,North Korea
120,Nemul-Lodongyan,North Korea
121,Nenolgsongch'On,North Korea
122,Nesong,North Korea
123,Nesongbyongwon,North Korea
124,Nesonggang-Up,North Korea
125,Nesonggwang-Up,North Korea
126,Nesongjibaegam-,North Korea
127,Neujang-Ni,North Korea
128,Neujang-Up,North Korea
129,Neuoongbyong,North Korea
130,Neupon,North Korea
131,Ng-Ni,North Korea
132,Ng-Nodongjin,North Korea
133,Ng-Up,North Korea
134,Ngam,North Korea
135,Ngam-Ni,North Korea
136,Ngam-Nodong,North Korea
137,Ngam-Nodongbyon,North Korea
138,Ngam-Nodongyang,North Korea
139,Ngbyon-Up,North Korea
140,Ngbyongju-Up,North Korea
141,Ngbyongyang-Up,North Korea
142,Ngch'Onggwang,North Korea
143,Ngeam,North Korea
144,Nggang-Up,North Korea
145,Nggwang,North Korea
146,Nggwang-Nodong,North Korea
147,Nggwangjagu,North Korea
148,Ngimsan-Dongnim,North Korea
149,Ngjagu,North Korea
150,Ngjibaegam,North Korea
151,Ngjibaegam-Ni,North Korea
152,Ngjin,North Korea
153,Ngju-Up,North Korea
154,Ngman-Up,North Korea
155,Ngmin-Up,North Korea
156,Ngnam,North Korea
157,Ngnim-Ni,North Korea
158,Ngnim-Nodong,North Korea
159,Ngnim-Nodongbyo,North Korea
160,Ngsan,North Korea
161,Ngsan Il-Tong,North Korea
162,Ngsong,North Korea
163,Ngsongbyongbyon,North Korea
164,Ngsonggwang-Nod,North Korea
165,Ngsongjagu,North Korea
166,Ngsongjibaegam-,North Korea
167,Ngsongjin,North Korea
168,Ngsongnam,North Korea
169,Ngsongnim-Nodon,North Korea
170,Ngsongsongsongj,North Korea
171,Ngsongwon,North Korea
172,Ngsongwon-Up,North Korea
173,Nguwang-Up,North Korea
174,Ngwon,North Korea
175,Ngwon-Up,North Korea
176,Ngyang-Ni,North Korea
177,Ngyang-Up,North Korea
178,Ngyangjibaegam-,North Korea
179,Ngyangju-Up,North Korea
180,Nih-Nodongyang-,North Korea
181,Nij-,North Korea
182,Nil-Li,North Korea
183,Nil-Lodong,North Korea
184,Nil-Lodongjagu,North Korea
185,Nja,North Korea
186,Nju,North Korea
187,Nm-Ni,North Korea
188,Nmdong,North Korea
189,Nmh'Nn-Up,North Korea
190,Nmhang,North Korea
191,Nmhungjagu,North Korea
192,Nmsong,North Korea
193,Nmuk,North Korea
194,Nmukaaiju,North Korea
195,Nmukani--I,North Korea
196,Nnam,North Korea
197,Nnch'On-Up,North Korea
198,Nnch'Ongjibaega,North Korea
199,Nng-Up,North Korea
200,Nngjin,North Korea
201,Nniam-Ni,North Korea
202,Nnil-Li,North Korea
203,Nnm-Nodong,North Korea
204,Nnmak,North Korea
205,Nnmhungam,North Korea
206,Nnsong,North Korea
207,Nnyang-Up,North Korea
208,Nonan,North Korea
209,Nonanju,North Korea
210,Noni,North Korea
211,Nrwon,North Korea
212,Nryong,North Korea
213,Nryongwon,North Korea
214,Nsan,North Korea
215,Nsan Il-Tonggan,North Korea
216,Nsan Il-Tongwon,North Korea
217,Nsan-Dongsang-U,North Korea
218,Nsan-Dongwon-Up,North Korea
219,Nsan-Up,North Korea
220,Nsang-Ni,North Korea
221,Nsang-Up,North Korea
222,Nsangjagu,North Korea
223,Nsong,North Korea
224,Nsongyang-Ni,North Korea
225,Nujang-Ni,North Korea
226,Nujang-Up,North Korea
227,Nujangjin,North Korea
228,Nwon,North Korea
229,Nyon-Up,North Korea
230,Rilolin-Nodongy,North Korea
231,Rilolin-Up,North Korea
232,Rilolo,North Korea
233,Rilolononanju,North Korea
234,Rilolonu,North Korea
235,Rilolsgwang-Ni,North Korea
236,Riwon,North Korea
237,Rmwon,North Korea
238,Rnong,North Korea
239,Rsong,North Korea
240,Rwon,North Korea
241,Ryon,North Korea
242,Ryon-Up,North Korea
243,Ryong,North Korea
244,Ryongjagu,North Korea
245,Ryongsan-Up,North Korea
246,Ryongyang-Up,North Korea
247,San,North Korea
248,San-Up,North Korea
249,Song,North Korea
250,Songbyong,North Korea
251,Songgang-Ni,North Korea
252,Songjagu,North Korea
253,Songjin,North Korea
254,Songsong,North Korea
255,Ugjabupg,North Korea
256,Ujang,North Korea
257,Ujang-Ni,North Korea
258,Ujang-Up,North Korea
259,Ujchuogangjagu,North Korea
260,Ujjnu,North Korea
261,Ujnan-Dong,North Korea
262,Unan,North Korea
263,Unan-Dong,North Korea
264,Unan-Up,North Korea
265,Unbnon,North Korea
266,Ung,North Korea
267,Ungam-Nodongsan,North Korea
268,Ungjagu,North Korea
269,Ungjin,North Korea
270,Ungnim-Ni,North Korea
271,Unjang-Up,North Korea
272,Unjn,North Korea
273,Upju,North Korea
274,Usan-Up,North Korea
275,Usang-Nodong,North Korea
276,Usang-Up,North Korea
277,Wang-Up,North Korea
278,Won,North Korea
279,Won-Ni,North Korea
280,Won-Up,North Korea
281,Yenam,North Korea
282,Yenglam,North Korea
283,Yon,North Korea
284,Yong,North Korea
285,Yongbyongnim-No,North Korea
286,Yongch'On,North Korea
