,Name,Origin
0, Arna,Norway
1, Rna,Norway
2,Arsik,Norway
3,Arui,Norway
4,Arvik,Norway
5,Bygda,Norway
6,Dal,Norway
7,Fut,Norway
8,Halsen,Norway
9,Halshalshalsen,Norway
10,Hansand,Norway
11,Ialshalsen,Norway
12,Iansverum,Norway
13,Ijindal,Norway
14,Ijvinger,Norway
15,Iki,Norway
16,Ikien,Norway
17,Ikih,Norway
18,Ikvim,Norway
19,Ikvingen,Norway
20,Ikvinger,Norway
21,Ikvingersak,Norway
22,Ikvingersund,Norway
23,Ilvinger,Norway
24,Ilvir,Norway
25,Imvinger,Norway
26,Imvingersak,Norway
27,Imvir,Norway
28,Ingen,Norway
29,Ingersak,Norway
30,Inien,Norway
31,Inisbirgen,Norway
32,Insen,Norway
33,Insin,Norway
34,Insind,Norway
35,Insindnes,Norway
36,Insjoen,Norway
37,Insverk,Norway
38,Insverum,Norway
39,Insverumund,Norway
40,Invik,Norway
41,Ipvir,Norway
42,Irtinnev,Norway
43,Irvik,Norway
44,Isvinger,Norway
45,Iuikeh,Norway
46,Jind,Norway
47,Jindal,Norway
48,Jindalshalshals,Norway
49,Jindelsunddal,Norway
50,Jindiansand,Norway
51,Jipniansverumun,Norway
52,Joen,Norway
53,Joinei,Norway
54,Jondal,Norway
55,Jondfest,Norway
56,Jondges,Norway
57,Jondsand,Norway
58,Jondse ,Norway
59,Jopdra Men,Norway
60,Jopervik,Norway
61,Jordal,Norway
62,Jsin,Norway
63,Jvingen,Norway
64,Jvinger,Norway
65,K Ern,Norway
66,Khamn,Norway
67,Kien,Norway
68,Kih,Norway
69,Kihalsen,Norway
70,Kihalshalsen,Norway
71,Kihntjer,Norway
72,Kihntsbergen,Norway
73,Kim,Norway
74,Kin,Norway
75,Kis,Norway
76,Kiune,Norway
77,Kiy,Norway
78,Krehamn,Norway
79,Kund,Norway
80,Land,Norway
81,Landnes,Norway
82,Lhalshalsen,Norway
83,Lke,Norway
84,Lrvak,Norway
85,Lsen,Norway
86,Lshalsen,Norway
87,Lshalshalsen,Norway
88,Lund,Norway
89,Lunddal,Norway
90,Lverumund,Norway
91,Lvhalsen,Norway
92,Lvir,Norway
93,Mansverk,Norway
94,Mar,Norway
95,Munddal,Norway
96,Murddal,Norway
97,Myne,Norway
98,Ndal,Norway
99,Ndalshalshalsen,Norway
100,Ndnes,Norway
101,Ngen,Norway
102,Nsverk,Norway
103,Nuberg,Norway
104,Orten,Norway
105,Ppbargsn,Norway
106,Pplal,Norway
107,Pppalaen,Norway
108,Pppalahdla,Norway
109,Ppparvik,Norway
110,Pppvark,Norway
111,Pppvarusund,Norway
112,Pprvik,Norway
113,Rfest,Norway
114,Ri Tnnger,Norway
115,Rialsen,Norway
116,Rialshalsen,Norway
117,Rialshalshalsha,Norway
118,Riansand,Norway
119,Riansverum,Norway
120,Riatshalshalsha,Norway
121,Riatsin,Norway
122,Riatsvingen,Norway
123,Riatsvinger,Norway
124,Riatsvingersak,Norway
125,Ristiansand,Norway
126,Ristiansandal,Norway
127,Rkien,Norway
128,Rsak,Norway
129,Rsberg,Norway
130,Rsbergen,Norway
131,Rsbkrdhalshalse,Norway
132,Rsbyrdal,Norway
133,Rsik,Norway
134,Rsund,Norway
135,Rsundda,Norway
136,Rsunddal,Norway
137,Rtanger,Norway
138,Ruaun,Norway
139,Rui,Norway
140,Ruiun,Norway
141,Rum,Norway
142,Rumund,Norway
143,Run,Norway
144,Runu,Norway
145,Rusundda,Norway
146,Rusunddal,Norway
147,Rvik,Norway
148,Rysen,Norway
149,Skim,Norway
150,Sund,Norway
151,Sundda,Norway
152,Sunddal,Norway
153,Sunddalsen,Norway
154,Tjiriitiinien,Norway
155,Udddal,Norway
156,Uik,Norway
157,Uike,Norway
158,Uindal,Norway
159,Ukue,Norway
160,Umen,Norway
161,Umke,Norway
162,Umkefest,Norway
163,Umund,Norway
164,Umundda,Norway
165,Umunddal,Norway
166,Umunddalsen,Norway
167,Umunddl,Norway
168,Und,Norway
169,Undda,Norway
170,Unddal,Norway
171,Unddalsen,Norway
172,Ung,Norway
173,Unger,Norway
174,Upddal,Norway
175,Ure,Norway
176,Ureearun,Norway
177,Ureedam,Norway
178,Urkeh,Norway
179,Uru,Norway
180,Urud,Norway
181,Urue,Norway
182,Urum,Norway
183,Urun,Norway
184,Urunu,Norway
185,Uske,Norway
186,Uumen,Norway
187,Vik,Norway
188,Vingen,Norway
189,Yan,Norway
190,Yne,Norway
191,Ysand,Norway
192,Ysandal,Norway
193,Ysandnes,Norway
194,Ysen,Norway
195,Yund,Norway
196,Yunddal,Norway
197,Yverk,Norway
