,Name,Origin
0, Bhtoro Naro,Pakistan
1, Ghazirabad,Pakistan
2, Hin Bas,Pakistan
3, Ismailsi,Pakistan
4, Janpur,Pakistan
5, Knadkhurdar,Pakistan
6, Mala,Pakistan
7, Malabad,Pakistan
8, Mandhi,Pakistan
9, Mandi,Pakistan
10, Musa,Pakistan
11, Ohe Badar,Pakistan
12, Pir,Pakistan
13, Radhan Garh,Pakistan
14, Sidhu,Pakistan
15, Tiwala Musa,Pakistan
16,-Aneng,Pakistan
17,-Anenl,Pakistan
18,-Anenly Kishahd,Pakistan
19,-Eenven Left,Pakistan
20,-Hwera Ismailsi,Pakistan
21,-Ke Mandiari,Pakistan
22,-Leew Bago,Pakistan
23,-Mehrabad,Pakistan
24,-Ote Aushabqada,Pakistan
25,-Ote Cantonment,Pakistan
26,-Ote Eauasar,Pakistan
27,-Ote Left,Pakistan
28,-Ote Malan,Pakistan
29,-Ote Oti Garelo,Pakistan
30,-Rehta Ghazirab,Pakistan
31,-Rehta Musa,Pakistan
32,-Rehuadar,Pakistan
33,-Rpewal,Pakistan
34,-Seha Tiwan,Pakistan
35,-Toki,Pakistan
36,-Yaero,Pakistan
37,Abad,Pakistan
38,Abbottabad,Pakistan
39,Abqadar,Pakistan
40,Abshawanabad,Pakistan
41,Adir,Pakistan
42,Adiura,Pakistan
43,Adiurabad,Pakistan
44,Adiurabpur,Pakistan
45,Adiurangla Musa,Pakistan
46,Adus,Pakistan
47,Agya Kalabad,Pakistan
48,Ahhdndur,Pakistan
49,Ahkrr,Pakistan
50,Aislamabad,Pakistan
51,Aja Jyne -Eleve,Pakistan
52,Ajinpur,Pakistan
53,Alabad,Pakistan
54,Alakwal,Pakistan
55,Allaiwanabad,Pakistan
56,Am Sahib,Pakistan
57,Amirpur,Pakistan
58,Apsh,Pakistan
59,Apussam,Pakistan
60,Aqznalik Bago,Pakistan
61,Aripur,Pakistan
62,Ashnoian,Pakistan
63,Ashnoian Mali,Pakistan
64,Ashnoian Mando ,Pakistan
65,Asirabad,Pakistan
66,Atodero,Pakistan
67,Auro,Pakistan
68,Aushahra Virkan,Pakistan
69,Aushawani,Pakistan
70,B-Ote ,Pakistan
71,Bad,Pakistan
72,Bandhi,Pakistan
73,Bandi,Pakistan
74,Bandiari,Pakistan
75,Bandin,Pakistan
76,Bando Badah,Pakistan
77,Bando Bago,Pakistan
78,Bcha,Pakistan
79,Bhawanabad,Pakistan
80,Bintin,Pakistan
81,Binty Nine -Ele,Pakistan
82,Binty Nine Hund,Pakistan
83,Bjanpur,Pakistan
84,Bman Bago,Pakistan
85,Bnine -Eleven L,Pakistan
86,Bnstomelt,Pakistan
87,Bont Nalan,Pakistan
88,Bpur,Pakistan
89,Bqadah,Pakistan
90,Bqadar,Pakistan
91,Brntonmenty Nin,Pakistan
92,Btoto Aadir,Pakistan
93,Btoto Malik Bar,Pakistan
94,Btotoi,Pakistan
95,Bustam,Pakistan
96,Byashmor,Pakistan
97,C Ian Mando Bag,Pakistan
98,Caatko,Pakistan
99,Cadhu,Pakistan
100,Cahtoro,Pakistan
101,Cai,Pakistan
102,Cakkhro Naror,Pakistan
103,Cantonment,Pakistan
104,Cantonmenty Nin,Pakistan
105,Ccakkargarh,Pakistan
106,Chi,Pakistan
107,Chian,Pakistan
108,Chian Garelo,Pakistan
109,Chian Walakwal,Pakistan
110,Chiana,Pakistan
111,Chianwal,Pakistan
112,Chianwali,Pakistan
113,Ckhtpur Bhtoro,Pakistan
114,Cli,Pakistan
115,Cottabad,Pakistan
116,Cratodero,Pakistan
117,Cto,Pakistan
118,Cusa,Pakistan
119,Cwar,Pakistan
120,Cyalik Barkhurd,Pakistan
121,Cyalir Cantonme,Pakistan
122,Dad U,Pakistan
123,Dan,Pakistan
124,Dar,Pakistan
125,Darya Kalakwalp,Pakistan
126,Dera Ismail Kha,Pakistan
127,Dillan,Pakistan
128,Dlan,Pakistan
129,Dlpur,Pakistan
130,Dmor,Pakistan
131,Dro,Pakistan
132,Dska Kala,Pakistan
133,Dullewal,Pakistan
134,Echa,Pakistan
135,Ehan,Pakistan
136,Enty Nine Left,Pakistan
137,Evt Kauro,Pakistan
138,Ewal,Pakistan
139,Ewalian Garelo,Pakistan
140,Ewall,Pakistan
141,Fbisar,Pakistan
142,Fzirabad,Pakistan
143,G-Ezalir Pir,Pakistan
144,Ga Hit Shahpur,Pakistan
145,Galhabqadah,Pakistan
146,Garh,Pakistan
147,Gcattoki,Pakistan
148,Ghazilpurang,Pakistan
149,Gket,Pakistan
150,Gla Hill,Pakistan
151,Gla Musa,Pakistan
152,Gmaulatpur,Pakistan
153,Got Addu,Pakistan
154,Got Malik Badar,Pakistan
155,Got Radhan,Pakistan
156,Got Shahrab,Pakistan
157,Goth Phulji,Pakistan
158,Gpur,Pakistan
159,Gqhzwar,Pakistan
160,Grez Laupur,Pakistan
161,Gshewala Musa,Pakistan
162,Gwana,Pakistan
163,Gwaza Khan Marr,Pakistan
164,Gwazirabad,Pakistan
165,Gwrhz Khadro,Pakistan
166,Gya Khan,Pakistan
167,Gya Kishawana,Pakistan
168,Gzazi Khan,Pakistan
169,Gzhirty-One Hun,Pakistan
170,Gzuzalik Badah,Pakistan
171,Hadro,Pakistan
172,Harai Sidhu,Pakistan
173,Hbad,Pakistan
174,Hbqadar,Pakistan
175,Hbrnai,Pakistan
176,Hbrnki,Pakistan
177,Hbrno,Pakistan
178,Hbrnwinan Marri,Pakistan
179,Hbroki,Pakistan
180,Hca Toto Naror,Pakistan
181,Hewal,Pakistan
182,Hin Paura,Pakistan
183,Hirl,Pakistan
184,Hirlb,Pakistan
185,Hirlbandiari,Pakistan
186,Hirlu,Pakistan
187,Hisrabpur,Pakistan
188,Hlkachian Mando,Pakistan
189,Hlpur,Pakistan
190,Hlsa,Pakistan
191,Hmarai Sidhu,Pakistan
192,Hra Ismailsi,Pakistan
193,Hupurang,Pakistan
194,Hurdar,Pakistan
195,I-Wyla Hill,Pakistan
196,Ian Barkhupur,Pakistan
197,Ian Garh,Pakistan
198,Ibab,Pakistan
199,Ibal,Pakistan
200,Ihhundred Twent,Pakistan
201,Ilu,Pakistan
202,Imayla Hill,Pakistan
203,Imnai,Pakistan
204,Inabad,Pakistan
205,Inangla Musa,Pakistan
206,Inauro,Pakistan
207,Iqala,Pakistan
208,Irabad,Pakistan
209,Isala,Pakistan
210,Isalakwala,Pakistan
211,Isalakwala Hill,Pakistan
212,Isar,Pakistan
213,Islamabad,Pakistan
214,Islamkot,Pakistan
215,Iwalakwalakwali,Pakistan
216,J-Enenh,Pakistan
217,Ja Jet Phulji,Pakistan
218,Janpur,Pakistan
219,Janpura,Pakistan
220,Jb Nde -Eleven ,Pakistan
221,Jcantonment,Pakistan
222,Jenpur,Pakistan
223,Jewal,Pakistan
224,Jinpur,Pakistan
225,Jipjl Mhekuu,Pakistan
226,Jj-Pela,Pakistan
227,Jpn Rala,Pakistan
228,Jrang,Pakistan
229,Jre Naror,Pakistan
230,Jtpur Bhtoro Na,Pakistan
231,Jun,Pakistan
232,Jwajangla Hill,Pakistan
233,Jwani,Pakistan
234,Jy-En-Y Bishawa,Pakistan
235,Keh,Pakistan
236,Kekhurdar,Pakistan
237,Kera Ismail Kha,Pakistan
238,Khan,Pakistan
239,Khurdar,Pakistan
240,Khusha Tiwani,Pakistan
241,Khushahr Sultan,Pakistan
242,Kir,Pakistan
243,Kmaol Mali,Pakistan
244,Kmottabad,Pakistan
245,Kmusa,Pakistan
246,Knd Ahirty-One ,Pakistan
247,Kntonment,Pakistan
248,Kot,Pakistan
249,Kpur,Pakistan
250,Kqadah,Pakistan
251,Kror,Pakistan
252,Ksahib,Pakistan
253,Kshukheke Marri,Pakistan
254,Ktadah,Pakistan
255,Kus,Pakistan
256,Kwala,Pakistan
257,Kzalpindi,Pakistan
258,L-Aceu,Pakistan
259,Lachi,Pakistan
260,Lakwal,Pakistan
261,Lanynpurabad,Pakistan
262,Lbandi,Pakistan
263,Lchi,Pakistan
264,Lchian Walan,Pakistan
265,Leaibandhi,Pakistan
266,Lela,Pakistan
267,Lewal,Pakistan
268,Lewala,Pakistan
269,Lhe Bashmor,Pakistan
270,Lillawar,Pakistan
271,Lja,Pakistan
272,Lji,Pakistan
273,Ll Bhtoro Naura,Pakistan
274,Llelewal,Pakistan
275,Llian,Pakistan
276,Llian Bago,Pakistan
277,Llian Garelo,Pakistan
278,Llian Mandin,Pakistan
279,Llianwal,Pakistan
280,Llji,Pakistan
281,Lllai,Pakistan
282,Llli,Pakistan
283,Lltan,Pakistan
284,Lmchi,Pakistan
285,Lmkuk,Pakistan
286,Lnachi,Pakistan
287,Lnchianwala Mus,Pakistan
288,Lnli,Pakistan
289,Lri,Pakistan
290,Lror,Pakistan
291,Lsachi,Pakistan
292,Lschi,Pakistan
293,Ltabad,Pakistan
294,Ltal,Pakistan
295,Ltan,Pakistan
296,Lucha,Pakistan
297,Luk Badah,Pakistan
298,Lukna,Pakistan
299,Lukwalpura,Pakistan
300,Lwewal,Pakistan
301,Lzlir Pir,Pakistan
302,M Barkhupur,Pakistan
303,Mabad,Pakistan
304,Malakwali,Pakistan
305,Malir Pir,Pakistan
306,Man Bago,Pakistan
307,Man Garelo,Pakistan
308,Man Mali,Pakistan
309,Man Wala Hill,Pakistan
310,Man Walan,Pakistan
311,Mbandhi,Pakistan
312,Mjirpur,Pakistan
313,Mkargarh,Pakistan
314,Mkauro,Pakistan
315,Mkel,Pakistan
316,Mkhapur,Pakistan
317,Mmala,Pakistan
318,Mnaro,Pakistan
319,Mnirelo,Pakistan
320,Msala Hill,Pakistan
321,Mtan,Pakistan
322,Multan,Pakistan
323,Mwila,Pakistan
324,Myalian Marri,Pakistan
325,N Nine Left,Pakistan
326,N-Y Bishab,Pakistan
327,Nadpur,Pakistan
328,Nasirabad,Pakistan
329,Nbsitabad,Pakistan
330,Nbtinan Mando B,Pakistan
331,Nebhurabad,Pakistan
332,Nellcchiana,Pakistan
333,Nhi,Pakistan
334,Nisiahidtu,Pakistan
335,Nisuamabad,Pakistan
336,Nkwur,Pakistan
337,Nluktar,Pakistan
338,Nmaulatpur,Pakistan
339,Npsi,Pakistan
340,Nsi,Pakistan
341,Nsuro,Pakistan
342,Ntonmenty Nine ,Pakistan
343,Ntoro,Pakistan
344,Nty Nine -Eleve,Pakistan
345,Nusea,Pakistan
346,Nuseaa Musa,Pakistan
347,Nuseahatadah,Pakistan
348,Nuseamabad,Pakistan
349,Nushawalpindi,Pakistan
350,Nwana,Pakistan
351,Nzi,Pakistan
352,Nzirab,Pakistan
353,Oan Barkhurdar,Pakistan
354,Oan Garelo,Pakistan
355,Oar Khadro,Pakistan
356,Obal,Pakistan
357,Okh,Pakistan
358,Okt,Pakistan
359,Om Sahir Pir,Pakistan
360,On  Ahirty-One ,Pakistan
361,On  Akdhu,Pakistan
362,On  Akhan,Pakistan
363,On  Akihurdar,Pakistan
364,On  Arai Naro,Pakistan
365,Opuran Marri,Pakistan
366,Ot Radhan,Pakistan
367,Ot Sultan,Pakistan
368,Oto Marabad,Pakistan
369,Oto Marri,Pakistan
370,Oto Naro,Pakistan
371,Oto Naror,Pakistan
372,Oto Naukot,Pakistan
373,Oto Walakwalik ,Pakistan
374,Otob,Pakistan
375,Otoimayla Musa,Pakistan
376,Otoki,Pakistan
377,Otomoke,Pakistan
378,Otonmenty Nine ,Pakistan
379,Otoro Narowal,Pakistan
380,Ottabad,Pakistan
381,Otzirabad,Pakistan
382,Owal,Pakistan
383,Owalian,Pakistan
384,Petlv,Pakistan
385,Pjtlpur,Pakistan
386,Ppsttoki,Pakistan
387,Psshowal,Pakistan
388,Ptsrar,Pakistan
389,Ptstomoke,Pakistan
390,Ptttoki,Pakistan
391,Pur,Pakistan
392,Pur Bhtoro,Pakistan
393,Purang,Pakistan
394,Pustam,Pakistan
395,Qabad,Pakistan
396,Qabaodred Twent,Pakistan
397,Qalakwal,Pakistan
398,Qana,Pakistan
399,Qanabad,Pakistan
400,Qanapir Cantonm,Pakistan
401,Qarachian Malab,Pakistan
402,Qarah,Pakistan
403,Qarai Sidhu,Pakistan
404,Qasana,Pakistan
405,Qcha,Pakistan
406,Qona Ghazi Khan,Pakistan
407,Qrab,Pakistan
408,Qrangla Hill,Pakistan
409,R-Je Hundred Tw,Pakistan
410,Raja Jang,Pakistan
411,Rau,Pakistan
412,Rctoto Mal Shah,Pakistan
413,Regowal,Pakistan
414,Relo,Pakistan
415,Rgarh,Pakistan
416,Rgttoki,Pakistan
417,Rhwana,Pakistan
418,Rhwani,Pakistan
419,Rjaupur,Pakistan
420,Rjawpur,Pakistan
421,Rkan,Pakistan
422,Rlarai Sidhu,Pakistan
423,Rlji,Pakistan
424,Rmwal,Pakistan
425,Rnhurdar,Pakistan
426,Rnjwanabad,Pakistan
427,Rowal,Pakistan
428,Rowalakwal,Pakistan
429,Rowalik Barkhup,Pakistan
430,Rpjtlpur,Pakistan
431,Rpwtla,Pakistan
432,Rshahr Sultan,Pakistan
433,Rtoto Naukot,Pakistan
434,Rur,Pakistan
435,Rus,Pakistan
436,Ruzwar,Pakistan
437,Rwat,Pakistan
438,Rya Kishahpur,Pakistan
439,Rzjarpur,Pakistan
440,Sahib,Pakistan
441,Sam,Pakistan
442,Sar,Pakistan
443,Sarabad,Pakistan
444,Sbmonten,Pakistan
445,Sdah,Pakistan
446,Shab,Pakistan
447,Shabqadah,Pakistan
448,Shabqadar,Pakistan
449,Shah,Pakistan
450,Shahdadpur,Pakistan
451,Shan,Pakistan
452,Shan Badah,Pakistan
453,Shan Wala,Pakistan
454,Shawal,Pakistan
455,Shawala Hill,Pakistan
456,Shawalakwal,Pakistan
457,Shawalakwalik B,Pakistan
458,Shawana,Pakistan
459,Shawar,Pakistan
460,Sheb,Pakistan
461,Sheh,Pakistan
462,Simayla Hill,Pakistan
463,Sinabad,Pakistan
464,Sirabad,Pakistan
465,Sirhurdar,Pakistan
466,Sishabqadar,Pakistan
467,Sja,Pakistan
468,Sja Jang,Pakistan
469,Ska Kala,Pakistan
470,Skh Rachi,Pakistan
471,Skhhpur,Pakistan
472,Slamkot,Pakistan
473,Sllhan,Pakistan
474,Slukwalik Barkh,Pakistan
475,Smaha Kala Musa,Pakistan
476,Smoi,Pakistan
477,Smoinan Wala,Pakistan
478,Snabisala,Pakistan
479,Spkhurdar,Pakistan
480,Spralpur,Pakistan
481,Spur,Pakistan
482,Srabad,Pakistan
483,Srar,Pakistan
484,Sror,Pakistan
485,Sukheke Mandiar,Pakistan
486,Sukhekhurdar,Pakistan
487,Sukkur,Pakistan
488,Surang,Pakistan
489,Suro,Pakistan
490,Swar,Pakistan
491,T Bhtoro Narowa,Pakistan
492,T Sultan,Pakistan
493,Tabad,Pakistan
494,Tan,Pakistan
495,Tandhi,Pakistan
496,Tandin,Pakistan
497,Tbandi,Pakistan
498,Tbando Barkhurd,Pakistan
499,Tgarh,Pakistan
500,Tho,Pakistan
501,Tisnala,Pakistan
502,Tiurabad,Pakistan
503,Tja,Pakistan
504,Tjanpur Bhtoro ,Pakistan
505,Tkndhi,Pakistan
506,Tnan Mandhi,Pakistan
507,Tnuner-,Pakistan
508,Toki,Pakistan
509,Toro,Pakistan
510,Toto Aadus,Pakistan
511,Toto Aidpur,Pakistan
512,Toto Ealabad,Pakistan
513,Toto Mandhi,Pakistan
514,Toto Marri,Pakistan
515,Toto Naukot,Pakistan
516,Totob,Pakistan
517,Totoi,Pakistan
518,Totoimayl,Pakistan
519,Totoki,Pakistan
520,Totommail Khan,Pakistan
521,Totomsirhb,Pakistan
522,Totorm Badah,Pakistan
523,Totormail Khan,Pakistan
524,Totosrabad,Pakistan
525,Totri,Pakistan
526,Tpur,Pakistan
527,Treno,Pakistan
528,Tsuro,Pakistan
529,Twana,Pakistan
530,Twanabad,Pakistan
531,U Musa,Pakistan
532,Ubauro,Pakistan
533,Uharabad,Pakistan
534,Uharachian Marr,Pakistan
535,Uhere Sultan,Pakistan
536,Uhsana,Pakistan
537,Ukheke Mando Ba,Pakistan
538,Ultan,Pakistan
539,Uman Garh,Pakistan
540,Umsar,Pakistan
541,Unsa,Pakistan
542,Untan,Pakistan
543,Ura,Pakistan
544,Urou,Pakistan
545,Ushabqadah,Pakistan
546,Ushabqadar,Pakistan
547,Ushah,Pakistan
548,Ushahr Sultan,Pakistan
549,Ushahra Ismails,Pakistan
550,Ushahrabad,Pakistan
551,Ushan,Pakistan
552,Ushan Walakwal,Pakistan
553,Ushawalik Barkh,Pakistan
554,Ushawana,Pakistan
555,Ushawanabad,Pakistan
556,Ushawani,Pakistan
557,Ushawar,Pakistan
558,Ushuotri,Pakistan
559,Uzlarabad,Pakistan
560,Uzlarabpur,Pakistan
561,Vaikalpur,Pakistan
562,Vbkkur,Pakistan
563,Vekkur,Pakistan
564,Ven Left,Pakistan
565,Vikkur,Pakistan
566,Vqkkur,Pakistan
567,Vskk Rowal,Pakistan
568,Vskk Rowalpuran,Pakistan
569,Vskkhro Narowal,Pakistan
570,Vtka,Pakistan
571,Vtkk Ral,Pakistan
572,Vtkkir,Pakistan
573,Vtkkur,Pakistan
574,Vtoki,Pakistan
575,Vun Rachi,Pakistan
576,Wal,Pakistan
577,Walian,Pakistan
578,Walir Cantonmen,Pakistan
579,Walpindiari,Pakistan
580,Walpindin,Pakistan
581,Walpur,Pakistan
582,Walpur Bhtoro N,Pakistan
583,Wana,Pakistan
584,Warachi,Pakistan
585,Welt,Pakistan
586,Whza Kala,Pakistan
587,Wlir Cantonment,Pakistan
588,Wmnli,Pakistan
589,Wmral,Pakistan
590,Wozirabad,Pakistan
591,Wrabad,Pakistan
592,Wror,Pakistan
593,Wslabad,Pakistan
594,Wtabad,Pakistan
595,Wtalakwal,Pakistan
596,Wtla,Pakistan
597,Wurabad,Pakistan
598,Wurang,Pakistan
599,Wushabqadah,Pakistan
600,Wzchi,Pakistan
601,Wziana,Pakistan
602,Wzianwala,Pakistan
603,Wzianwalakwalia,Pakistan
604,Wzianwalian Gar,Pakistan
605,Wziari,Pakistan
606,Wzilpur,Pakistan
607,Yarabad,Pakistan
608,Yarah,Pakistan
609,Yarai Naro,Pakistan
610,Yarai Sidhu,Pakistan
611,Yarpur,Pakistan
612,Yaurang,Pakistan
613,Ydir,Pakistan
614,Ydpur,Pakistan
615,Ydpur Bhtoro Na,Pakistan
616,Ydur,Pakistan
617,Yshro Naurabad,Pakistan
618,Yur Bhtoro Naro,Pakistan
619,Zahirty-One Hun,Pakistan
620,Zbarkhupur,Pakistan
621,Zbirab,Pakistan
622,Zcantonment,Pakistan
623,Zcantonmenty Ni,Pakistan
624,Zchi,Pakistan
625,Zdar,Pakistan
626,Zdhi,Pakistan
627,Zhirlb,Pakistan
628,Ziaparpur,Pakistan
629,Zilpur,Pakistan
630,Zinan Bashnoian,Pakistan
631,Zipur,Pakistan
632,Zirab,Pakistan
633,Zirabad,Pakistan
634,Zlir Pir,Pakistan
635,Znaro,Pakistan
636,Zoli,Pakistan
637,Zolpur Bhtoro,Pakistan
638,Zoti Mali,Pakistan
639,Zrah,Pakistan
640,Zrai,Pakistan
641,Zrai Naukot,Pakistan
642,Zro Naror,Pakistan
643,Zuhtadar,Pakistan
644,Zurang,Pakistan
645,Zwal,Pakistan
646,Zwpur Bhtoro Na,Pakistan
