,Name,Origin
0, 'Aher,Palestine
1, Abu Dahiyah,Palestine
2, Abu Dis,Palestine
3, Aquaya Samin,Palestine
4, Arye,Palestine
5, Atha Al Hariya,Palestine
6, Az Zahr,Palestine
7, Ba`I,Palestine
8, Barid,Palestine
9, Barir,Palestine
10, Binya,Palestine
11, Binyamin,Palestine
12, Binyamit,Palestine
13, Bir Zayd,Palestine
14, Bir Zayd Ash S,Palestine
15, Bir Zaydiyah,Palestine
16, Birah,Palestine
17, Birqin,Palestine
18, Birqiyah,Palestine
19, Bnntata,Palestine
20, Bqis,Palestine
21, Btrirhalun,Palestine
22, Da`I,Palestine
23, Da`If,Palestine
24, Da`In,Palestine
25, Dahil,Palestine
26, Dahiriyah,Palestine
27, Dahiyah,Palestine
28, Dawhah,Palestine
29, Dtwaras,Palestine
30, Dummim,Palestine
31, Duna,Palestine
32, Dwwa,Palestine
33, Dwwarah,Palestine
34, Fajjar,Palestine
35, Fibjit,Palestine
36, Fid,Palestine
37, Ftwra,Palestine
38, Fwwa,Palestine
39, Gbus,Palestine
40, Gbusan,Palestine
41, Ghusun,Palestine
42, Harid,Palestine
43, Harithiyah,Palestine
44, Harithiyat Az ,Palestine
45, Hbrwan,Palestine
46, Hokhav Ya'Ale ,Palestine
47, Hzrwan,Palestine
48, Kahiriyah,Palestine
49, Kharah,Palestine
50, Kharqin,Palestine
51, Kharqiyah,Palestine
52, Kharqumya,Palestine
53, Lah,Palestine
54, Llah,Palestine
55, Maytha Al Fajj,Palestine
56, Mbus,Palestine
57, Misbah,Palestine
58, Nr`Bad,Palestine
59, Nwwarah,Palestine
60, Qiyat Al Fajja,Palestine
61, Slar,Palestine
62, Tah,Palestine
63, Tala,Palestine
64, Tamallah,Palestine
65, Taya `Ayz Rah,Palestine
66, Tha Al Ghusun,Palestine
67, Tmiyah,Palestine
68, Ula,Palestine
69, Umma`In,Palestine
70, Ummar,Palestine
71, W Wa Dahiyah,Palestine
72, Wa Da`In,Palestine
73, Wa Dahil,Palestine
74, Wa Dahiriyah,Palestine
75, Wa Dahiriyat Z,Palestine
76, Wa Dawhah,Palestine
77, Wl A`Ir,Palestine
78, Wq Al Misbah,Palestine
79, Ywm`A,Palestine
80, Z Zayd Ash Shu,Palestine
81, Z`Eir,Palestine
82, Zahil,Palestine
83, Zahr,Palestine
84, Zuydk,Palestine
85, `Awwa,Palestine
86, `Awwarta,Palestine
87, `Ayzarid,Palestine
88, `Ayzarithiyah,Palestine
89, `Ayzariyah,Palestine
90, `Bwan,Palestine
91, `Gyafi ,Palestine
92, `Hwad,Palestine
93, `Iyzariyah,Palestine
94, `Qwan,Palestine
95, `Shashuyukh,Palestine
96, `Swastah,Palestine
97, `Tjra,Palestine
98, `Ubayd,Palestine
99, `Ubayd Ash Sha,Palestine
100, `Ubaydiyah,Palestine
101, `Wwa,Palestine
102, `Zma,Palestine
103,'Ale Adummim,Palestine
104,'Aqov,Palestine
105,'Qajif,Palestine
106,'Qrebaoi,Palestine
107,A`In,Palestine
108,Ahiriyah,Palestine
109,Albal`A,Palestine
110,Almiybaa,Palestine
111,Anah,Palestine
112,Ani Zayd Ash Sh,Palestine
113,Ata,Palestine
114,Aytha Al Bir Za,Palestine
115,Ba`,Palestine
116,Bah,Palestine
117,Batha Al Ghusun,Palestine
118,Batha Al Misbah,Palestine
119,Bathalun,Palestine
120,Biddu,Palestine
121,Btyt Kahiyah,Palestine
122,Bu Da`I,Palestine
123,Bur,Palestine
124,Burdaba`,Palestine
125,Burdayr Samit,Palestine
126,Bus,Palestine
127,Butd,Palestine
128,Buth,Palestine
129,D Da`I,Palestine
130,D Dahiriyah,Palestine
131,D Dahiyah,Palestine
132,D Dawhah,Palestine
133,Dra,Palestine
134,Draa,Palestine
135,Drabah,Palestine
136,Drqani Zayd Ash,Palestine
137,Er Dibwan,Palestine
138,Falqilyah,Palestine
139,Faqqiyat Al Faj,Palestine
140,Ffin,Palestine
141,Fir,Palestine
142,Fit,Palestine
143,Fl Barithiyah,Palestine
144,Fr Ra`If,Palestine
145,Fr Ra`Ir,Palestine
146,Fr Ram Wa Da`I,Palestine
147,Fr Ramallah,Palestine
148,Ft Al Ghusun,Palestine
149,Furif,Palestine
150,Furik,Palestine
151,Gv Al Barid,Palestine
152,Gv Aq Al Ghusun,Palestine
153,Gvaa Al Ghusun,Palestine
154,Ha`I,Palestine
155,Ha`Ir,Palestine
156,Halin,Palestine
157,Hannabta,Palestine
158,Hatah,Palestine
159,Haya,Palestine
160,Hbrid,Palestine
161,Hlar,Palestine
162,Hur,Palestine
163,Irqin,Palestine
164,Jani Zayd,Palestine
165,Jbatha Al Ghusu,Palestine
166,Jib,Palestine
167,Kafr Ra`If,Palestine
168,Kafr Ra`Ir,Palestine
169,Kafr Ramallar,Palestine
170,Khvv Ya'Aqov,Palestine
171,Kkkrmsa`Em,Palestine
172,Knad,Palestine
173,Kqfrata,Palestine
174,L Barid,Palestine
175,L Barithiyah,Palestine
176,L Barithiyat Ze,Palestine
177,L Bariyah,Palestine
178,L Binyamin,Palestine
179,L Bir Zahr,Palestine
180,L Bir Zaydiyah,Palestine
181,L Birah,Palestine
182,L Fajjar,Palestine
183,L Ghusun,Palestine
184,L Harid,Palestine
185,L Harithiyah,Palestine
186,L Hariyah,Palestine
187,L Misbah,Palestine
188,L`A,Palestine
189,La Birqiyah,Palestine
190,La`,Palestine
191,La` Ar Zaytunya,Palestine
192,Lah,Palestine
193,Latah,Palestine
194,Ldic,Palestine
195,Ldiciyya`In,Palestine
196,Ldiciyyt Liqya,Palestine
197,Le Adummim,Palestine
198,Lem,Palestine
199,Lfit,Palestine
200,Lghas,Palestine
201,Lhahhalin,Palestine
202,Lhul,Palestine
203,Lkhav Yamun,Palestine
204,Ll Halun,Palestine
205,Lmiyah,Palestine
206,Lmiyat Al Hariy,Palestine
207,Lmma`In,Palestine
208,Lmmr`A,Palestine
209,Lqilyah,Palestine
210,Lr Abu Dawhah,Palestine
211,Lr Abu Dibwan,Palestine
212,Lrah,Palestine
213,Lun,Palestine
214,Lyah,Palestine
215,Lytha Al Misbah,Palestine
216,Lz Aafi ,Palestine
217,Lz Aala,Palestine
218,M `Ayzarithiyah,Palestine
219,M`Bad,Palestine
220,Md'Areh,Palestine
221,Mkarid,Palestine
222,Mna`If,Palestine
223,Mr'Ale Adummim,Palestine
224,Mun,Palestine
225,Mur,Palestine
226,N Diyah,Palestine
227,N`Arrebao,Palestine
228,N`Atah,Palestine
229,N`Tarut,Palestine
230,Naba,Palestine
231,Nah,Palestine
232,Nata,Palestine
233,Natah,Palestine
234,Natanah,Palestine
235,Nbamit,Palestine
236,Nbathalun,Palestine
237,Nbatiyah,Palestine
238,Ni Zaytunyamin,Palestine
239,Nin,Palestine
240,Nir,Palestine
241,Nit,Palestine
242,Nn Yamu`,Palestine
243,Nnaba,Palestine
244,Nnabah,Palestine
245,Nnabalan,Palestine
246,Nnabatha Al Bar,Palestine
247,Nnabatiyah,Palestine
248,Nnabta,Palestine
249,Nnata,Palestine
250,Nnatah,Palestine
251,Nnatanah,Palestine
252,Nnbta,Palestine
253,Nnea,Palestine
254,Nnebaai Zayt Sa,Palestine
255,Nnebon,Palestine
256,Nnet Arye,Palestine
257,Nnethlehem,Palestine
258,Nnibatiyah,Palestine
259,Nnit,Palestine
260,Nnta,Palestine
261,Nntabala,Palestine
262,Nntah,Palestine
263,Nntata,Palestine
264,Nntba Ilat Zeev,Palestine
265,Nntta,Palestine
266,Nnytamallah,Palestine
267,Nqiyah,Palestine
268,Nsalfit,Palestine
269,Nta,Palestine
270,Nta`A,Palestine
271,Ntamu`,Palestine
272,Ntatah,Palestine
273,Ntatanah,Palestine
274,Ntha Al Ghusun,Palestine
275,Ntutyarne Shome,Palestine
276,Nya,Palestine
277,Nye,Palestine
278,Nyt Liqya,Palestine
279,Nytma,Palestine
280,Nytmummar,Palestine
281,Qdlah,Palestine
282,Qhbah,Palestine
283,Qiyah,Palestine
284,Qiyat Al Harid,Palestine
285,Qiyat Al Misbah,Palestine
286,Qiyat Az Zahiya,Palestine
287,Qiyat Zeev,Palestine
288,Qrabala,Palestine
289,Quyykh,Palestine
290,R Ra`I,Palestine
291,R Ra`If,Palestine
292,R Ra`Im,Palestine
293,R Ra`In,Palestine
294,R Ra`Ir,Palestine
295,R Ram Wa D Awat,Palestine
296,R Ram Wa Da`I,Palestine
297,R Ram Wa Da`In,Palestine
298,R Ram Wa Da`Ir,Palestine
299,R Ram Wa Dahiya,Palestine
300,R Ram Wa Dawhah,Palestine
301,R Ramallah,Palestine
302,R Ramallar,Palestine
303,Rah,Palestine
304,Rala,Palestine
305,Ranin,Palestine
306,Ras,Palestine
307,Rbatha Al Fajja,Palestine
308,Rbatha Al Na`In,Palestine
309,Rbatiyah,Palestine
310,Riyah,Palestine
311,Rler,Palestine
312,Rqin,Palestine
313,Rqiyah,Palestine
314,Rqiyat Az Zayt ,Palestine
315,Rqiyat Zeev,Palestine
316,Rqumya,Palestine
317,Rrabatha Al Faj,Palestine
318,Rre Adir,Palestine
319,Rrebaoi,Palestine
320,Rta,Palestine
321,Rur,Palestine
322,Rut,Palestine
323,S Sahur,Palestine
324,St Jala,Palestine
325,Surik,Palestine
326,T Al Bariyah,Palestine
327,T Al Fawqa,Palestine
328,T Al Harid,Palestine
329,T Arye,Palestine
330,T Jericho,Palestine
331,T Jlhrle Adummi,Palestine
332,T Misbah,Palestine
333,T Na`I,Palestine
334,T Qibad,Palestine
335,T Qin,Palestine
336,T Samit,Palestine
337,T Ye Khadir,Palestine
338,T Zeev,Palestine
339,T`Il,Palestine
340,Tah,Palestine
341,Talat Al Harith,Palestine
342,Tanah,Palestine
343,Taya,Palestine
344,Tayah,Palestine
345,Tayr Abu Dahil,Palestine
346,Tba Diyah,Palestine
347,Tba Ilata,Palestine
348,Tha,Palestine
349,Tha Al Barid,Palestine
350,Tha Al Binya,Palestine
351,Tha Al Bir Zayd,Palestine
352,Tha Al Birqin,Palestine
353,Tha Al Birqiyah,Palestine
354,Tha Al Fajjar,Palestine
355,Tha Al Fawqa,Palestine
356,Tha Al Ghusun,Palestine
357,Tha Al Harid,Palestine
358,Tha Al Harithiy,Palestine
359,Tha Al Hariyah,Palestine
360,Tha Al Misbah,Palestine
361,Thalin,Palestine
362,Tir,Palestine
363,Tiyah,Palestine
364,Tlala,Palestine
365,Tnalan,Palestine
366,Tnnata,Palestine
367,Tqilyah,Palestine
368,Tqiyat Zeev,Palestine
369,Tra,Palestine
370,Truyakhuv,Palestine
371,Tt Jerusalem,Palestine
372,Tta,Palestine
373,Ttil,Palestine
374,Ttir,Palestine
375,Ttyla Al Barith,Palestine
376,Tya,Palestine
377,Tyd Ash Sharqin,Palestine
378,Tyrala,Palestine
379,Tyrua,Palestine
380,Tzyehamin,Palestine
381,U`Yaz Zahr,Palestine
382,Urif,Palestine
383,Urik,Palestine
384,Urk,Palestine
385,Urn,Palestine
386,Urnata,Palestine
387,Urnfe,Palestine
388,Utmil,Palestine
389,Wa`D,Palestine
390,Wad,Palestine
391,Wan,Palestine
392,Warah,Palestine
393,Waras,Palestine
394,Warta,Palestine
395,Wata,Palestine
396,Wna,Palestine
397,Wwarta,Palestine
398,Y Tawattil,Palestine
399,Ya`Bad,Palestine
400,Yb `Wwarta,Palestine
401,Yd Ash Shomeron,Palestine
402,Yd Ash Shuyukh,Palestine
403,Ydiyah,Palestine
404,Yr Sahur,Palestine
405,Yt Fajjar,Palestine
406,Yt Furif,Palestine
407,Yt Furik,Palestine
408,Yt Jalatah,Palestine
409,Yt Kahil,Palestine
410,Yt Liqya,Palestine
411,Yt Samit,Palestine
412,Yt Samu`,Palestine
413,Yt Ula,Palestine
414,Yt Umma`I,Palestine
415,Yt Umma`Im,Palestine
416,Yt Umma`Ir,Palestine
417,Yt Ummar,Palestine
418,Yt `Awwarah,Palestine
419,Yta Al Binya,Palestine
420,Yta Al Birqin,Palestine
421,Yta Al Harid,Palestine
422,Ytha Al Fajjar,Palestine
423,Ytmil,Palestine
424,Ytuniyah,Palestine
425,Yz Rah,Palestine
426,Yz Rayah,Palestine
427,Yz Uamallah,Palestine
428,Z Zahr,Palestine
429,Z Zayd Ash Shar,Palestine
430,Z Zayd Ash Shuy,Palestine
431,Z Zayt Furif,Palestine
432,Z Zayt Lid,Palestine
433,Z Zayt Liqya,Palestine
434,Z Zayt Umma`Ir,Palestine
435,Z Zayt `Awarta,Palestine
436,Z Zayt `Ayzariy,Palestine
437,Z Zaytha Al Bar,Palestine
438,Z `Wwa,Palestine
439,Zm`Yba Ilat Az ,Palestine
440,`Aataras,Palestine
441,`Anah,Palestine
442,`Aqr Bah,Palestine
443,`Arrabalat Zeev,Palestine
444,`Bqrabatha Al G,Palestine
445,`Farjal,Palestine
446,`Fjrne Sharqumy,Palestine
447,`Fytha Al Fajja,Palestine
448,`Iq,Palestine
449,`Ir,Palestine
450,`Mzzanit,Palestine
451,`Ngraaa,Palestine
452,`Rnbathalin,Palestine
453,`Rnr Na`In,Palestine
454,`Rqrnbatiyah,Palestine
455,`Rubayd Ash Shu,Palestine
456,`Tarah,Palestine
457,`Tarut,Palestine
458,`Tdraanah,Palestine
459,`Tqilyah,Palestine
460,`Trrebaoif,Palestine
461,`Twwarta,Palestine
462,`Tzzani Zayd,Palestine
463,`Tzzanit,Palestine
464,`Ytd Ash Shuyuk,Palestine
465,``Raqiyah,Palestine
466,``Tarut,Palestine
