,Name,Origin
0, Abanito,Panama
1, De Veracruz,Panama
2, Del Llano,Panama
3, Del Toro,Panama
4, Eranza,Panama
5, Nas,Panama
6, Tablas,Panama
7, Tes,Panama
8,A Arradulce,Panama
9,A Herraijan,Panama
10,A Miguelito,Panama
11,A Mitra,Panama
12,A Uefivr,Panama
13,A Uepi,Panama
14,A Vrcra,Panama
15,Abanitas,Panama
16,Abanito,Panama
17,Abima,Panama
18,Abumar,Panama
19,Acepcion Choco,Panama
20,Acora,Panama
21,Adulce,Panama
22,An Bautista,Panama
23,An Diaz,Panama
24,An Juan Diaz,Panama
25,An Miguelito,Panama
26,An Mitra,Panama
27,An Vicente,Panama
28,Antiago Del Lla,Panama
29,Anto Pilon,Panama
30,Anton,Panama
31,Antos,Panama
32,Arti Aora,Panama
33,At Bautista,Panama
34,At Deaito,Panama
35,At Veraguadalup,Panama
36,At Von,Panama
37,Ata,Panama
38,Ativa,Panama
39,Ato,Panama
40,Ato Del Llano,Panama
41,Ato Pilon,Panama
42,Atovde,Panama
43,Atu,Panama
44,Atua,Panama
45,Atuva Esperagua,Panama
46,Atuva Esperanza,Panama
47,Atuvabesperacru,Panama
48,Atuve Iena,Panama
49,Badilgolda,Panama
50,Badilla Union C,Panama
51,Banitas,Panama
52,Banito,Panama
53,Bas,Panama
54,Baside,Panama
55,Ca Pesa,Panama
56,Cac Usr,Panama
57,Can,Panama
58,Cas Del Llano,Panama
59,Cente,Panama
60,Daguadulce,Panama
61,Dalupe,Panama
62,Del Llano,Panama
63,Del Llano Belen,Panama
64,Del Llano Bonit,Panama
65,Del Toro,Panama
66,E Ae Lefevre,Panama
67,Ebas,Panama
68,Eda Uabidi,Panama
69,Eda Uabima,Panama
70,Eda Uefivr,Panama
71,Eda Ueflvrp,Panama
72,Eda Uepi,Panama
73,Eda Uomas,Panama
74,Eda Urr,Panama
75,Eda Vcrr,Panama
76,Eda Veracruz,Panama
77,Eda Veranza,Panama
78,Eda Vrrilla Uni,Panama
79,Eda Vrrlll ,Panama
80,Edacupbiiuan Ba,Panama
81,Edacupcion Chor,Panama
82,Edacupcora,Panama
83,Edacurb,Panama
84,Edacuubisa,Panama
85,Edacuubisiano B,Panama
86,Edaeua Iano Bon,Panama
87,Edaguadulce,Panama
88,Elano,Panama
89,Ena,Panama
90,Enanr,Panama
91,Enonome,Panama
92,Ente,Panama
93,Est,Panama
94,Eta ,Panama
95,Eta Cabidi,Panama
96,Etag,Panama
97,Etas,Panama
98,Etav,Panama
99,Etiva,Panama
100,Eto,Panama
101,Eto De Veraguas,Panama
102,Eto Pilon,Panama
103,Etos,Panama
104,Etov,Panama
105,Lano,Panama
106,Lano Belen,Panama
107,Lano Bonitas,Panama
108,Lano Bonito,Panama
109,Lns Bautista,Panama
110,N Chorrilla Uni,Panama
111,Nato,Panama
112,Nde,Panama
113,Nonome,Panama
114,Nsta,Panama
115,Nta,Panama
116,Ntas,Panama
117,Nte,Panama
118,Ntiago De Verac,Panama
119,Ntiago Del Llan,Panama
120,Nto De Veraguad,Panama
121,Nto Del Toro,Panama
122,Nto Pilon,Panama
123,Nton,Panama
124,Ntos,Panama
125,Radulce,Panama
126,Radura,Panama
127,Ranza,Panama
128,Rela,Panama
129,Relago Del Toro,Panama
130,Relano Belen,Panama
131,Relato,Panama
132,Rena,Panama
133,Sta,Panama
134,Ste,Panama
135,Ta ,Panama
136,Ta Pesa,Panama
137,Tas,Panama
138,Te ,Panama
139,Te Del Llano Bo,Panama
140,Te Del Toro,Panama
141,Te Lefevre,Panama
142,Te Pesa,Panama
143,Ted,Panama
144,Teg,Panama
145,Ten,Panama
146,Tes,Panama
147,Test,Panama
148,Testa,Panama
149,Titas,Panama
150,To De Veraguada,Panama
151,To Del Llano Be,Panama
152,To Del Llano Bo,Panama
153,To Del Toro,Panama
154,To Pilon,Panama
155,Tos,Panama
156,Uenir,Panama
