,Name,Origin
0, Elisa,Paraguay
1, Este,Paraguay
2, Juan Bautista,Paraguay
3, Olimpo,Paraguay
4,Aguaty,Paraguay
5,Ailadel Guaramb,Paraguay
6,Alarrica,Paraguay
7,Ambare,Paraguay
8,Ampio,Paraguay
9,Anawa,Paraguay
10,Araazapa,Paraguay
11,Arapeguaronel G,Paraguay
12,Ballero,Paraguay
13,Ballero De Curu,Paraguay
14,Ballero De Ycua,Paraguay
15,Ballero Del Gua,Paraguay
16,Ballero Juan Ca,Paraguay
17,Ballero Pereira,Paraguay
18,Ballorqueta,Paraguay
19,Ballorquin,Paraguay
20,Bare,Paraguay
21,Bclguaronel Ovi,Paraguay
22,Bglarrica,Paraguay
23,Bhlgaa,Paraguay
24,Biladel Guaragu,Paraguay
25,Bladelfia,Paraguay
26,Blaguarai,Paraguay
27,Blaguario,Paraguay
28,Blaleoron,Paraguay
29,Bligado,Paraguay
30,Bllg Do Stroess,Paraguay
31,Bllg Eos Arroyo,Paraguay
32,Bllg Ezo,Paraguay
33,Bllg Pomuceno,Paraguay
34,Bllg Rossaeral ,Paraguay
35,Bllgra,Paraguay
36,Bllgrai,Paraguay
37,Bllgrapeguazu,Paraguay
38,Bllgrar,Paraguay
39,Bllgrare,Paraguay
40,Bllgrarguaty,Paraguay
41,Bllgrario,Paraguay
42,Bllgraty,Paraguay
43,Bllgrazapa,Paraguay
44,Bllgrazo,Paraguay
45,Bllgrazu,Paraguay
46,Bllgrazza,Paraguay
47,Blllrrecion,Paraguay
48,Blolqs,Paraguay
49,Bnlcarnandiyu,Paraguay
50,Bollmrroyos,Paraguay
51,Bpiuaa Pidente ,Paraguay
52,Bulgyacupe,Paraguay
53,Bulgyazapa,Paraguay
54,Cbagea,Paraguay
55,Cbare,Paraguay
56,Cero,Paraguay
57,Clarrica,Paraguay
58,Clazapa,Paraguay
59,Cmacion,Paraguay
60,Cparapeguaty,Paraguay
61,Cpazu,Paraguay
62,Craguazu,Paraguay
63,Cuauonsario,Paraguay
64,Curugua,Paraguay
65,Del Esperanza,Paraguay
66,Del Guarai,Paraguay
67,Del Guari,Paraguay
68,Delfia,Paraguay
69,Demly,Paraguay
70,Demterfron,Paraguay
71,Ebaslira,Paraguay
72,Eblaguarambare,Paraguay
73,Eblaguaty,Paraguay
74,Ebllg Eos Arroy,Paraguay
75,Eblnguarapeguar,Paraguay
76,Ede Curuguaron,Paraguay
77,Eenau,Paraguay
78,Ehesanij,Paraguay
79,Elaleos Arroyos,Paraguay
80,Elas,Paraguay
81,Elcero,Paraguay
82,Elcero De La Mo,Paraguay
83,Elcero De Los A,Paraguay
84,Elcero Pedro Pe,Paraguay
85,Eles Do Delfia,Paraguay
86,Elisa,Paraguay
87,Ella Mora,Paraguay
88,Elos Arroyos,Paraguay
89,Emboscada,Paraguay
90,Emby,Paraguay
91,Emonaa,Paraguay
92,Empeoron,Paraguay
93,Eolambare,Paraguay
94,Eolimpio,Paraguay
95,Epemando Stroes,Paraguay
96,Epeoa Alfredo,Paraguay
97,Epeuaty,Paraguay
98,Ereira,Paraguay
99,Eresidro Pedro ,Paraguay
100,Erzo,Paraguay
101,Este,Paraguay
102,Fba,Paraguay
103,Fedel Oviedo,Paraguay
104,Fedente Franza,Paraguay
105,Femando Stroess,Paraguay
106,Fia,Paraguay
107,Fid,Paraguay
108,Flero,Paraguay
109,Flero De Curugu,Paraguay
110,Flero De La Eli,Paraguay
111,Flero Juan Juan,Paraguay
112,Fmadel Oviedo,Paraguay
113,Fmado,Paraguay
114,Fmbdelfia,Paraguay
115,Fmbreguaty,Paraguay
116,Fmedo,Paraguay
117,Fpe,Paraguay
118,Fvella Esperanz,Paraguay
119,Gaa,Paraguay
120,Gaaau,Paraguay
121,Gaazapa,Paraguay
122,Ganawa,Paraguay
123,Gapo,Paraguay
124,Gbare,Paraguay
125,Geaira,Paraguay
126,Geanza,Paraguay
127,Gearaguazu,Paraguay
128,Generanza,Paraguay
129,Ggaa,Paraguay
130,Gmardio Guarone,Paraguay
131,Gpa,Paraguay
132,Gparaguazu,Paraguay
133,Gparambare,Paraguay
134,Gparapegua,Paraguay
135,Gtaira,Paraguay
136,Gua,Paraguay
137,Guarambare,Paraguay
138,Guarapegua,Paraguay
139,Guaron,Paraguay
140,Guaronel Este,Paraguay
141,Guaty,Paraguay
142,Guazu,Paraguay
143,Hanawa,Paraguay
144,Hema De Curugua,Paraguay
145,Hemal Alfredo,Paraguay
146,Hemal Alfredo S,Paraguay
147,Hemandiyu,Paraguay
148,Hemando De Curu,Paraguay
149,Hemando De La V,Paraguay
150,Hemando De Los ,Paraguay
151,Hemando De Ycua,Paraguay
152,Hemando Stroess,Paraguay
153,Henau,Paraguay
154,Hhheaalaorio,Paraguay
155,Hinay,Paraguay
156,Iladel Esperanc,Paraguay
157,Iladel Guarapeg,Paraguay
158,Imado,Paraguay
159,Ita,Paraguay
160,Iua,Paraguay
161,Iuaa Bpo,Paraguay
162,Iuaa Mora,Paraguay
163,Iupa,Paraguay
164,Ivailadel Este,Paraguay
165,Jbanco,Paraguay
166,Jmaronel Espera,Paraguay
167,Jmbreguazu,Paraguay
168,Jmbrrgcarambare,Paraguay
169,Jmpeoa Mora,Paraguay
170,Jmpo,Paraguay
171,Laavulla Mora,Paraguay
172,Lagua,Paraguay
173,Lambare,Paraguay
174,Laneleon Maller,Paraguay
175,Larrica,Paraguay
176,Lbligado,Paraguay
177,Lblsgario,Paraguay
178,Lel Supi,Paraguay
179,Lemneral Alfred,Paraguay
180,Leresidro Juan ,Paraguay
181,Lero,Paraguay
182,Lerqcinadi,Paraguay
183,Lerqcion,Paraguay
184,Lesuerto Romero,Paraguay
185,Lfia,Paraguay
186,Lgrai,Paraguay
187,Lheral Alfredo,Paraguay
188,Lima,Paraguay
189,Lion,Paraguay
190,Llero,Paraguay
191,Lllrrecion,Paraguay
192,Llorqueta,Paraguay
193,Lmbare,Paraguay
194,Lmbbregua,Paraguay
195,Lmmboscada,Paraguay
196,Lmora,Paraguay
197,Lmpeoa Mora,Paraguay
198,Lmrel Oviedo,Paraguay
199,Lmrelzo,Paraguay
200,Lna De La Vista,Paraguay
201,Lnario,Paraguay
202,Lorquin,Paraguay
203,Lpeguazu,Paraguay
204,Lpemal Alfredo,Paraguay
205,Lrero,Paraguay
206,Lrero De Curugu,Paraguay
207,Lvrelfia,Paraguay
208,Lvrelion,Paraguay
209,Lvrqleno,Paraguay
210,Mbare,Paraguay
211,Mbareira,Paraguay
212,Mbaremby,Paraguay
213,Mella Mora,Paraguay
214,Mero,Paraguay
215,Mhedan Jose Del,Paraguay
216,Mlllrrecion,Paraguay
217,Mmboscada,Paraguay
218,Molas,Paraguay
219,Mollmrreconol A,Paraguay
220,Mora,Paraguay
221,Mpalrerio,Paraguay
222,Mpeora,Paraguay
223,Mral Alfredo,Paraguay
224,Naa,Paraguay
225,Nandiyu,Paraguay
226,Napita,Paraguay
227,Nari,Paraguay
228,Nawa,Paraguay
229,Nba,Paraguay
230,Nba Alfredo,Paraguay
231,Nea Elisa,Paraguay
232,Nemby,Paraguay
233,Nma,Paraguay
234,Npe,Paraguay
235,Oalila,Paraguay
236,Odelfia,Paraguay
237,Olen Ganawa,Paraguay
238,Olimpio,Paraguay
239,Olimpo,Paraguay
240,Ollira,Paraguay
241,Ollmredo,Paraguay
242,Ollmreoron,Paraguay
243,Ollmro De Ycuam,Paraguay
244,Ollmro Juan Jos,Paraguay
245,Ollmro Juan Leo,Paraguay
246,Ollmrroyos,Paraguay
247,Omby,Paraguay
248,Paraguaronel Gu,Paraguay
249,Parambare,Paraguay
250,Pedro De Los Ar,Paraguay
251,Pedro De Ycuama,Paraguay
252,Pedro Juan Baut,Paraguay
253,Pedro Juan Caba,Paraguay
254,Pedro Juan Isid,Paraguay
255,Pedro Juan Nepo,Paraguay
256,Pegua,Paraguay
257,Peguarambare,Paraguay
258,Peguari,Paraguay
259,Peguario,Paraguay
260,Peguaron,Paraguay
261,Peguaronel Este,Paraguay
262,Peguazu,Paraguay
263,Pemal Alfredo,Paraguay
264,Pemal Alfredo D,Paraguay
265,Pemalde La Este,Paraguay
266,Pemandiyu,Paraguay
267,Pemuerto De Ycu,Paraguay
268,Pemuoe Surcgono,Paraguay
269,Pemuy,Paraguay
270,Pemuyo,Paraguay
271,Pepatriacion,Paraguay
272,Pitan Bado,Paraguay
273,Pmboscada,Paraguay
274,Pperanza,Paraguay
275,Rambare,Paraguay
276,Raresidro Juan ,Paraguay
277,Rcmbare,Paraguay
278,Regua,Paraguay
279,Reguarambare,Paraguay
280,Reira,Paraguay
281,Remby,Paraguay
282,Repitan Isidro ,Paraguay
283,Rguari,Paraguay
284,Rhenau,Paraguay
285,Rhinari,Paraguay
286,Rio,Paraguay
287,Rmberlaguaron,Paraguay
288,Rmbero,Paraguay
289,Rnandiyu,Paraguay
290,Rpio,Paraguay
291,Rrica,Paraguay
292,Ruacion,Paraguay
293,Sario,Paraguay
294,Sbare,Paraguay
295,Sin De Ycuamand,Paraguay
296,Smpeoa Mora,Paraguay
297,Smpeoan Jose De,Paraguay
298,Spita,Paraguay
299,Suacion,Paraguay
300,Ta Ritan Juan L,Paraguay
301,Teoflero,Paraguay
302,Uemte Olimpio,Paraguay
303,Uerto Romero De,Paraguay
304,Ueva Esperal Al,Paraguay
305,Uhenau,Paraguay
306,Vll Esperal Alf,Paraguay
307,Vll Este,Paraguay
308,Vll Ros,Paraguay
309,Vllrrepitan Jua,Paraguay
310,Vllrrepomuceno,Paraguay
311,Vmlyo,Paraguay
312,Yagua,Paraguay
313,Yaguaty,Paraguay
314,Yaguazu,Paraguay
315,Ycaaau,Paraguay
316,Ycaanawa,Paraguay
317,Ycaanu,Paraguay
318,Ycaanua,Paraguay
319,Ycaanul,Paraguay
320,Ycaanza,Paraguay
321,Ycacnando Stroe,Paraguay
322,Ycguaron,Paraguay
323,Yeguaty,Paraguay
324,Ygua,Paraguay
325,Yguaty,Paraguay
326,Ymuarai,Paraguay
327,Ypacarnando De ,Paraguay
328,Yugua,Paraguay
329,Yvaclarrica,Paraguay
330,Zapa,Paraguay
331,Zon,Paraguay
