,Name,Origin
0, Ana Maldonada),Peru
1, Ana Maria,Peru
2, Ana Marial,Peru
3, Anta,Peru
4, Anto Humano Ni,Peru
5, Jerolas De Pue,Peru
6, Jeronio De Sul,Peru
7, Jras,Peru
8, Luis,Peru
9, Murco,Peru
10, Pradera,Peru
11, Ramon,Peru
12, Rinconada,Peru
13, Rincorata,Peru
14, Rurimaguas,Peru
15, Surco,Peru
16, Vice,Peru
17, Vucencion,Peru
18,)Cho,Peru
19,)Mana,Peru
20,)Ta,Peru
21,A Canete,Peru
22,Acucho,Peru
23,Agsha- San Luis,Peru
24,Aiunan,Peru
25,Amana,Peru
26,Amba,Peru
27,Amurimaguasahua,Peru
28,Anpo Oishco,Peru
29,Anta,Peru
30,Anta Maria,Peru
31,Anta Marial,Peru
32,Anto Humano Nic,Peru
33,Anto Marial,Peru
34,Antonion,Peru
35,Apan Luis,Peru
36,Aral,Peru
37,Araz,Peru
38,Aria,Peru
39,Arial,Peru
40,Aru,Peru
41,Asahuarco,Peru
42,Asurco,Peru
43,Ata,Peru
44,Ataca,Peru
45,Atacaos,Peru
46,Atapo,Peru
47,Ataposoa,Peru
48,Atun,Peru
49,Auasahuarco,Peru
50,Ayan,Peru
51,Baca,Peru
52,Bacaos,Peru
53,Balera,Peru
54,Bamba,Peru
55,Bambayeque,Peru
56,Bambayequegueta,Peru
57,Blluvncion,Peru
58,Btanjallpa,Peru
59,Cayo,Peru
60,Cculla,Peru
61,Cfllao,Peru
62,Che,Peru
63,Chi,Peru
64,Chiss,Peru
65,Cho,Peru
66,Chumilla,Peru
67,Cion,Peru
68,Ciudad San Andr,Peru
69,Cjallpa,Peru
70,Cjista,Peru
71,Clelde,Peru
72,Cpisco,Peru
73,Ctilgo,Peru
74,Ctul,Peru
75,Cucho,Peru
76,Cuelta,Peru
77,Cuicuancabamba,Peru
78,Cuicuancayo,Peru
79,Culla,Peru
80,De Canete,Peru
81,De Pasco De Tun,Peru
82,De Pieronimo De,Peru
83,De Pieronion,Peru
84,De Puerto,Peru
85,Degas,Peru
86,Doqazja,Peru
87,E Viru,Peru
88,Egua,Peru
89,Eguasi,Peru
90,Egueta,Peru
91,Egui,Peru
92,Elta,Peru
93,Eluani,Peru
94,Enta Mario,Peru
95,Entamientenas,Peru
96,Ente De Canete,Peru
97,Ente Del Estrec,Peru
98,Ente Viru,Peru
99,Entel,Peru
100,Entelite,Peru
101,Entenas,Peru
102,Ento Marial,Peru
103,Eque,Peru
104,Eruasahuaragsha,Peru
105,Eruo,Peru
106,Esrro De Sullan,Peru
107,Eviri,Peru
108,Eya,Peru
109,F Ani,Peru
110,Fbacaos,Peru
111,Fcume,Peru
112,Fentenas,Peru
113,Fian,Peru
114,Fpan Jeronimo D,Peru
115,Fpas,Peru
116,Franca,Peru
117,Francayo,Peru
118,Francion,Peru
119,Francisco,Peru
120,Franconada Ana ,Peru
121,Frinlo De Pasco,Peru
122,Fruncola,Peru
123,Fsenta,Peru
124,Fyaviri,Peru
125,Gba,Peru
126,Go Maldonado,Peru
127,Gua,Peru
128,Guas,Peru
129,Guasi,Peru
130,Gub,Peru
131,Gueta,Peru
132,Gui,Peru
133,Gupocochumi,Peru
134,Hel,Peru
135,Hentenario,Peru
136,Hfana,Peru
137,Himbote,Peru
138,Hio,Peru
139,His,Peru
140,Hjose Canete,Peru
141,Hlas Nazarene,Peru
142,Hmana,Peru
143,Hnaria (La Rinc,Peru
144,Hos Aquijes,Peru
145,Hos Maldonada),Peru
146,Hsa Ana Maldona,Peru
147,Hta,Peru
148,Htanjallao,Peru
149,Htanjallpa,Peru
150,Huaral,Peru
151,Huerto,Peru
152,Huestenas,Peru
153,Humilla,Peru
154,Hvicente De Pie,Peru
155,Icha,Peru
156,Ichi,Peru
157,Icho,Peru
158,Illa,Peru
159,Illao,Peru
160,Imbote,Peru
161,Ipo,Peru
162,Isa,Peru
163,Isco,Peru
164,Isco De Tunando,Peru
165,Ise,Peru
166,Isgo De Canete,Peru
167,Isgo De Carlos ,Peru
168,Ishco,Peru
169,Iso,Peru
170,Itu,Peru
171,Iu(Maru,Peru
172,Iucana,Peru
173,Iucanas,Peru
174,Iudad San Anta,Peru
175,Iudad San Ferna,Peru
176,Iudad San Ramon,Peru
177,Iudad Satelite,Peru
178,Iue,Peru
179,Iueata,Peru
180,Iueatapo,Peru
181,Iuente Vicento ,Peru
182,Iuentelite,Peru
183,Iujan,Peru
184,Iulaca,Peru
185,Iumamba,Peru
186,Iumano Nicolas ,Peru
187,Iumano Nicollav,Peru
188,Iumano Norte,Peru
189,Jabamba,Peru
190,Jabambayequegue,Peru
191,Jalla,Peru
192,Jallana,Peru
193,Jallanas,Peru
194,Jallao,Peru
195,Jallave,Peru
196,Jallaviri,Peru
197,Jallavista,Peru
198,Jallpa,Peru
199,Jan,Peru
200,Jba,Peru
201,Jcola,Peru
202,Je Oasi,Peru
203,Jenore,Peru
204,Jenoritos,Peru
205,Jenorote,Peru
206,Jenos Maria,Peru
207,Jerolas De Pier,Peru
208,Jerolas Nazca,Peru
209,Jeronimo De Bor,Peru
210,Jeronio De Puer,Peru
211,Jeronion,Peru
212,Jislcomayo,Peru
213,Jose Carlos Mal,Peru
214,Jsco De Borja,Peru
215,Jsenta Marial,Peru
216,Jsente Vicencio,Peru
217,Jseya-,Peru
218,Jsoclcamana,Peru
219,Lapel,Peru
220,Lcisco De Borja,Peru
221,Lcs Maldonada A,Peru
222,Lcs Marial,Peru
223,Lcs Mario,Peru
224,Lcse,Peru
225,Lelbaca,Peru
226,Lendin,Peru
227,Les - Jose Carl,Peru
228,Lis),Peru
229,Liss,Peru
230,Lla,Peru
231,Llana,Peru
232,Llanas,Peru
233,Llao,Peru
234,Llave,Peru
235,Llaviri,Peru
236,Llavista,Peru
237,Llpa,Peru
238,Lmana,Peru
239,Lmano Nicolas D,Peru
240,Lmis Aquijes,Peru
241,Lmisl,Peru
242,Lmisncolla,Peru
243,Lmisnconada),Peru
244,Lo De Canete,Peru
245,Lpo,Peru
246,Lpssco De Tunan,Peru
247,Ls Pasco De Tun,Peru
248,Ls Ramon,Peru
249,Lss - Jose Carl,Peru
250,Lss Del Estrech,Peru
251,Ltabja,Peru
252,Luancayo,Peru
253,Lumana,Peru
254,Lumbes,Peru
255,Lursanta,Peru
256,Lus Cana,Peru
257,Lyau,Peru
258,Mancabamba,Peru
259,Mancayo,Peru
260,Mancion,Peru
261,Mancisco,Peru
262,Mba,Peru
263,Mbayeque,Peru
264,Mbayequeguasahu,Peru
265,Mbayequegueta,Peru
266,Mbayequegui,Peru
267,Mbes,Peru
268,Mbote,Peru
269,Meria (La Unio ,Peru
270,Merto Humana,Peru
271,Mijes,Peru
272,Mion,Peru
273,Misn,Peru
274,Miuya,Peru
275,Mpa,Peru
276,Mpas,Peru
277,Mpis,Peru
278,Mpo,Peru
279,Mpris,Peru
280,Muelta,Peru
281,Nandres - Jose ,Peru
282,Nbamba,Peru
283,Nbaragsha- Sant,Peru
284,Ncion,Peru
285,Ncollao,Peru
286,Nconada,Peru
287,Nconada Ana Mar,Peru
288,Nconada Andres ,Peru
289,Nia,Peru
290,Nicolla,Peru
291,Nieza,Peru
292,Nimentelite,Peru
293,Nio,Peru
294,Nis Cana,Peru
295,Niuva  Andres -,Peru
296,Nlis,Peru
297,Nmayo,Peru
298,Nnazca,Peru
299,Nopon,Peru
300,Npo Oas,Peru
301,Nqishco,Peru
302,Nrintonion,Peru
303,Nta,Peru
304,Nta Maria,Peru
305,Ntamienta,Peru
306,Ntamiente Vicea,Peru
307,Ntamientenaria,Peru
308,Ntamientenas,Peru
309,Nvevg  Sullao,Peru
310,Nvista,Peru
311,O De Puerto Hum,Peru
312,O Nicolla,Peru
313,Ocache,Peru
314,Ochumi,Peru
315,Oiota,Peru
316,Ori,Peru
317,Oritos,Peru
318,Os Mariatel,Peru
319,Os Marino Nicol,Peru
320,Osia,Peru
321,Pampa,Peru
322,Pampas,Peru
323,Pan,Peru
324,Pan Fernando,Peru
325,Pantingo,Peru
326,Pas,Peru
327,Pay,Peru
328,Pcichn,Peru
329,Pcion,Peru
330,Pcsos,Peru
331,Pe Puerto,Peru
332,Perial,Peru
333,Periategui,Peru
334,Peti,Peru
335,Pis,Peru
336,Pisco De Borja,Peru
337,Pocochumi,Peru
338,Poso De Carlos ,Peru
339,Posoa,Peru
340,Pricolas De Pie,Peru
341,Puerto,Peru
342,Pvera,Peru
343,Pzarene,Peru
344,Qoishco,Peru
345,Quajan,Peru
346,Qucion,Peru
347,Qucjallpa,Peru
348,Qucjel,Peru
349,Quegua,Peru
350,Qugho Ssrpo,Peru
351,Quhja,Peru
352,Quhjas,Peru
353,Quijes,Peru
354,Quj,Peru
355,Qurja,Peru
356,Quujel,Peru
357,Rancabaca,Peru
358,Rancora,Peru
359,Rano Nicollana,Peru
360,Ria,Peru
361,Rial,Peru
362,Riategui,Peru
363,Riatel,Peru
364,Ricolas Nazaren,Peru
365,Ril,Peru
366,Rimagua,Peru
367,Rimaguasi,Peru
368,Rio,Peru
369,Riocochumi,Peru
370,Riocochumilla,Peru
371,Riocochumillave,Peru
372,Ris,Peru
373,Rmi,Peru
374,Ronio Del Estre,Peru
375,Rpo,Peru
376,Rubian,Peru
377,Ruerto,Peru
378,Ruitu,Peru
379,Rumi,Peru
380,Rumilla,Peru
381,S De Canete,Peru
382,S De Pasco,Peru
383,S De Pieronimo ,Peru
384,S De Sulla,Peru
385,San Ramon,Peru
386,Sbcayo,Peru
387,Scencion,Peru
388,Sco,Peru
389,Sco De Borja,Peru
390,Sco De Tunan,Peru
391,Sco De Tunando,Peru
392,Scpo,Peru
393,Scupe Pierola,Peru
394,Senta,Peru
395,Sepon,Peru
396,Seque,Peru
397,Shco,Peru
398,She,Peru
399,Shene,Peru
400,Shu,Peru
401,Shumi,Peru
402,Sle,Peru
403,Sncochumilla,Peru
404,Sncoos,Peru
405,Sope,Peru
406,Sopon,Peru
407,Sppo,Peru
408,Spruded O De Su,Peru
409,Stcume,Peru
410,Subtanjallpa,Peru
411,Supe Pasco,Peru
412,Supe Puerto,Peru
413,Tacaos,Peru
414,Tcicha,Peru
415,Te Del Estrecho,Peru
416,Tegua,Peru
417,Teguasahuas Del,Peru
418,Tegueta,Peru
419,Tegui,Peru
420,Tel,Peru
421,Telite,Peru
422,Tepan Jeronion,Peru
423,Thi,Peru
424,To Humana,Peru
425,To Humano Nicol,Peru
426,Trngnyahuas,Peru
427,Tuc,Peru
428,Tucallpa,Peru
429,Tucolas De Cane,Peru
430,Tuicungaro,Peru
431,U Dn Tunando,Peru
432,Ualapampas,Peru
433,Uamano Norte,Peru
434,Uancabacaos,Peru
435,Uanta,Peru
436,Uantonion,Peru
437,Ubamba,Peru
438,Ucana,Peru
439,Ucho,Peru
440,Ucume,Peru
441,Uenta,Peru
442,Uenta Maria,Peru
443,Uentamientera,Peru
444,Uente De Surco,Peru
445,Uente Vice,Peru
446,Ueta,Peru
447,Ufcana,Peru
448,Ufentelite,Peru
449,Uicuani,Peru
450,Uiumana,Peru
451,Uiumanas,Peru
452,Ujro,Peru
453,Ullana,Peru
454,Ullao,Peru
455,Ulumbes,Peru
456,Umbes,Peru
457,Umcelcimagua,Peru
458,Ume,Peru
459,Umi,Peru
460,Umillao,Peru
461,Umu,Peru
462,Upac Amaru,Peru
463,Upac Amarumi,Peru
464,Upccolla,Peru
465,Upe Pieronimo D,Peru
466,Upucana,Peru
467,Uquijes,Peru
468,Utucana,Peru
469,Uvclicencion,Peru
470,Varia,Peru
471,Vcris,Peru
472,Ve Tera,Peru
473,Verenas,Peru
474,Veria (La Breit,Peru
475,Vhrulice,Peru
476,Vice,Peru
477,Vicencion,Peru
478,Vicente De Puer,Peru
479,Vicentel,Peru
480,Viri,Peru
481,Viru,Peru
482,Vista,Peru
483,Vo  Sullanas,Peru
484,Vos Maldonada),Peru
485,Vpsso Del Estre,Peru
486,Vurimaguasahuas,Peru
487,Xapampas,Peru
488,Yan,Peru
489,Yaqucolla,Peru
490,Yaviri,Peru
491,Zanga,Peru
492,Zangaro,Peru
493,Zarenaria,Peru
494,Zarenario,Peru
495,Zarenas,Peru
496,Zarene,Peru
497,Zce,Peru
498,Zregha,Peru
499,Zrrupo Oishco,Peru
