,Name,Origin
0, Ana,Philippines
1, Catan,Philippines
2, Ines,Philippines
3, Luis,Philippines
4, Luisan,Philippines
5, Lupa,Philippines
6, Mati City,Philippines
7, Maveria,Philippines
8, Ni Ni Simona,Philippines
9, Nido,Philippines
10, Radahay,Philippines
11, Suriguigui,Philippines
12, Uilarando,Philippines
13, V-Vucuagan,Philippines
14, Visay,Philippines
15, Wresa,Philippines
16,", Uai",Philippines
17,",Araisolo",Philippines
18,",Gasangan",Philippines
19,",Gaspi",Philippines
20,",Mba",Philippines
21,-Licarlanoan,Philippines
22,-Ranjayjngawan,Philippines
23,7An,Philippines
24,Abanan,Philippines
25,Abang,Philippines
26,Abangalleherman,Philippines
27,Abas,Philippines
28,Abatu Bataini,Philippines
29,Aglayan,Philippines
30,Aglisangan,Philippines
31,Agndan,Philippines
32,Ago,Philippines
33,Agok,Philippines
34,Agolod,Philippines
35,Agon,Philippines
36,Agong,Philippines
37,Aguez,Philippines
38,Aguiguilon,Philippines
39,Aini,Philippines
40,Ainong,Philippines
41,Akati,Philippines
42,Alacia,Philippines
43,Alalauag,Philippines
44,Alamalabagalang,Philippines
45,Alamba,Philippines
46,Alambayocpoc Su,Philippines
47,Alanes City,Philippines
48,Alapitao,Philippines
49,Alasacanayan,Philippines
50,Alaye,Philippines
51,Alibalauangulon,Philippines
52,Aliboro,Philippines
53,Alig,Philippines
54,Aling,Philippines
55,Aliw Centevedra,Philippines
56,Aloc,Philippines
57,Alog,Philippines
58,Amba-An,Philippines
59,Ambanagdonganis,Philippines
60,Ambugaspi,Philippines
61,Ando,Philippines
62,Ang,Philippines
63,Anga,Philippines
64,Angan,Philippines
65,Angay,Philippines
66,Angelesterosari,Philippines
67,Angil,Philippines
68,Angong,Philippines
69,Angulo,Philippines
70,Anja,Philippines
71,Anta Cruz,Philippines
72,Anta Ines,Philippines
73,Antiago,Philippines
74,Aobaton,Philippines
75,Apilombongon,Philippines
76,Apilon,Philippines
77,Apitandi,Philippines
78,Apu Pablo,Philippines
79,Arang,Philippines
80,Arra,Philippines
81,Artarem,Philippines
82,Asililla,Philippines
83,Atividad,Philippines
84,Atrava,Philippines
85,Aubaytayauayan ,Philippines
86,Aungub,Philippines
87,Avite City,Philippines
88,Ayugait,Philippines
89,Bac,Philippines
90,Bacuag,Philippines
91,Bacuaga,Philippines
92,Bacuan,Philippines
93,Bacuang,Philippines
94,Bacuangan,Philippines
95,Bacuncalay Na N,Philippines
96,Bacung,Philippines
97,Bacungao,Philippines
98,Bacunguiguinala,Philippines
99,Bacuro,Philippines
100,Bacurora,Philippines
101,Bacuyan,Philippines
102,Badbarancaluksa,Philippines
103,Badbarang,Philippines
104,Bagallong,Philippines
105,Bagan Batalilar,Philippines
106,Bagaway Na Mame,Philippines
107,Bagono,Philippines
108,Balabanos,Philippines
109,Balaneta,Philippines
110,Balangaon,Philippines
111,Baldane,Philippines
112,Baldon,Philippines
113,Balig,Philippines
114,Balin,Philippines
115,Balinta Batandi,Philippines
116,Ban,Philippines
117,Bang,Philippines
118,Bangan,Philippines
119,Bangan Fernateo,Philippines
120,Bangka,Philippines
121,Banuel,Philippines
122,Banuela,Philippines
123,Bas,Philippines
124,Basig,Philippines
125,Bastagan Puntur,Philippines
126,Bat,Philippines
127,Batobaloc,Philippines
128,Bblacsiao,Philippines
129,Bflanonglongon,Philippines
130,Binamag,Philippines
131,Bing,Philippines
132,Bnay,Philippines
133,Bnos,Philippines
134,Bon,Philippines
135,Btravao,Philippines
136,Buc Ponte,Philippines
137,Bulaor,Philippines
138,Buntan Primero,Philippines
139,Bustorga,Philippines
140,C Nuevo,Philippines
141,Cabas,Philippines
142,Cban,Philippines
143,Cbangan,Philippines
144,Cela,Philippines
145,Cflora,Philippines
146,Cia,Philippines
147,City,Philippines
148,Clan,Philippines
149,Clangka,Philippines
150,Claveria,Philippines
151,Cmav,Philippines
152,Ctnan,Philippines
153,Cut-Cut Primero,Philippines
154,Cviz,Philippines
155,Dahay,Philippines
156,Danaloc,Philippines
157,Del Manugallenc,Philippines
158,Del Monkayombok,Philippines
159,Dla,Philippines
160,Dlalang,Philippines
161,Dlaver,Philippines
162,Dra,Philippines
163,Dridejo,Philippines
164,Dridejos,Philippines
165,Drigabo-Pantara,Philippines
166,Drigao,Philippines
167,Drigaranja,Philippines
168,Driguis,Philippines
169,Dsas,Philippines
170,Duag,Philippines
171,Duagan Isidro,Philippines
172,Eahan,Philippines
173,Eante,Philippines
174,Eantevedra,Philippines
175,Ela,Philippines
176,Ella,Philippines
177,Ermatin-Ay,Philippines
178,Erxa,Philippines
179,Erxas City,Philippines
180,Ethermansipati ,Philippines
181,Exmoangay,Philippines
182,Fanta Batobalip,Philippines
183,Fantao,Philippines
184,Fanto Nati,Philippines
185,Fanto Rosarigay,Philippines
186,Fantol,Philippines
187,Fbro,Philippines
188,Fnitiagongle,Philippines
189,G City,Philippines
190,G Liborongonoy,Philippines
191,Galapit,Philippines
192,Galayabaldon,Philippines
193,Gan,Philippines
194,Ganisilaranaway,Philippines
195,Ganit,Philippines
196,Gawayan Frangao,Philippines
197,Gbadbarao,Philippines
198,Gbalag,Philippines
199,Gbalaneta,Philippines
200,Gbayocpoc Suran,Philippines
201,Gbilaneral Mano,Philippines
202,Gbilara,Philippines
203,Gbini,Philippines
204,Gdongon,Philippines
205,Gdusgallah,Philippines
206,Gin,Philippines
207,Gjay,Philippines
208,Glasan,Philippines
209,Glasang Kawan,Philippines
210,Glasanta,Philippines
211,Glase,Philippines
212,Glasin,Philippines
213,Glayan Felipe,Philippines
214,Glayan Punao,Philippines
215,Glaye,Philippines
216,Glisayan Jose,Philippines
217,Glu,Philippines
218,Glubcub Dos Her,Philippines
219,Gnalibanga,Philippines
220,Gnian Fran,Philippines
221,Gnongan,Philippines
222,Gok,Philippines
223,Golo,Philippines
224,Gon,Philippines
225,Gong,Philippines
226,Gongahay,Philippines
227,Gongousonga,Philippines
228,Gono,Philippines
229,Gonoy,Philippines
230,Gonte,Philippines
231,Gontevista,Philippines
232,Gpet,Philippines
233,Gran,Philippines
234,Gsaysay,Philippines
235,Gtas,Philippines
236,Guete,Philippines
237,Guezon,Philippines
238,Guinta Ines,Philippines
239,Guis,Philippines
240,Halaguinas,Philippines
241,Han,Philippines
242,Hay,Philippines
243,Hbarangan,Philippines
244,Hlan,Philippines
245,Hlano,Philippines
246,Hlanopoloan,Philippines
247,Hndez-Nunez,Philippines
248,Ibaban,Philippines
249,Ibabanao,Philippines
250,Ibabangan,Philippines
251,Igaon,Philippines
252,Igaspi,Philippines
253,Igo,Philippines
254,Ilag,Philippines
255,Ilao,Philippines
256,Ilarao,Philippines
257,Ilian,Philippines
258,Ilian Felipe,Philippines
259,Ilian Fran,Philippines
260,Ililara,Philippines
261,Ilio,Philippines
262,Ilio Aguila,Philippines
263,Ilio Aguinas,Philippines
264,Ilio Lopez,Philippines
265,Inalumpalacsiaw,Philippines
266,Ing,Philippines
267,Ingahan,Philippines
268,Ingan,Philippines
269,Ingaya,Philippines
270,Inglonando,Philippines
271,Ini,Philippines
272,Inien East,Philippines
273,Io Aguinta Igna,Philippines
274,Iso,Philippines
275,Isol,Philippines
276,Itay,Philippines
277,Jalapit,Philippines
278,Jayjay,Philippines
279,Jayjayjayjay,Philippines
280,Jbalibutbut,Philippines
281,Jgoaloc,Philippines
282,Jlacer,Philippines
283,Jrlangka,Philippines
284,Kaliw Cordova,Philippines
285,Kalog,Philippines
286,Kat,Philippines
287,Kati,Philippines
288,Kgtas,Philippines
289,Klusongongong S,Philippines
290,Kntao,Philippines
291,Knto Rosario,Philippines
292,Krasantao,Philippines
293,Kruangil,Philippines
294,L City,Philippines
295,L Monte,Philippines
296,L Nido,Philippines
297,Laan,Philippines
298,Laba,Philippines
299,Labac,Philippines
300,Labadbaraisol,Philippines
301,Labagan,Philippines
302,Labanayan,Philippines
303,Labangaon,Philippines
304,Labano,Philippines
305,Labanoc,Philippines
306,Labantan,Philippines
307,Labas,Philippines
308,Lag,Philippines
309,Lagan,Philippines
310,Lagok,Philippines
311,Laibagonoy,Philippines
312,Laibirac,Philippines
313,Lajal,Philippines
314,Lajalang,Philippines
315,Lala,Philippines
316,Lalay,Philippines
317,Lamag,Philippines
318,Lamal,Philippines
319,Lamba,Philippines
320,Lambugaspi,Philippines
321,Lamingan,Philippines
322,Laminglasan,Philippines
323,Laminon,Philippines
324,Lamitan,Philippines
325,Lan,Philippines
326,Landay,Philippines
327,Laneral,Philippines
328,Laneral Mankayo,Philippines
329,Laneta,Philippines
330,Lang,Philippines
331,Langan,Philippines
332,Langil,Philippines
333,Languintayang,Philippines
334,Lanoan,Philippines
335,Lanoc-Manugoy,Philippines
336,Lao,Philippines
337,Lapu Padadad,Philippines
338,Lasac,Philippines
339,Latangulong,Philippines
340,Latral,Philippines
341,Latravao,Philippines
342,Lauag,Philippines
343,Lauang,Philippines
344,Laveria,Philippines
345,Lay,Philippines
346,Lay 7,Philippines
347,Layabadbarao,Philippines
348,Layan,Philippines
349,Layan Jose,Philippines
350,Laye,Philippines
351,Lbagan,Philippines
352,Ldongle,Philippines
353,Lfonso,Philippines
354,Lfonsol,Philippines
355,Lfonsoy,Philippines
356,Lgan,Philippines
357,Lgao,Philippines
358,Lgo,Philippines
359,Lgorong,Philippines
360,Li-Tanga,Philippines
361,Libaldon,Philippines
362,Libong,Philippines
363,Lican,Philippines
364,Lig,Philippines
365,Ligabo-Pansig C,Philippines
366,Ligao,Philippines
367,Lila,Philippines
368,Lilao,Philippines
369,Lilla,Philippines
370,Lillejalan,Philippines
371,Lillejalay Na M,Philippines
372,Lin,Philippines
373,Linaan,Philippines
374,Ling,Philippines
375,Lingan,Philippines
376,Linta,Philippines
377,Linto,Philippines
378,Lisaot,Philippines
379,Lisniunao,Philippines
380,Lit,Philippines
381,Litao,Philippines
382,Lla,Philippines
383,Llaneran,Philippines
384,Llanes City,Philippines
385,Llon,Philippines
386,Lmmankayan,Philippines
387,Lna Norte,Philippines
388,Lngan,Philippines
389,Long,Philippines
390,Longa,Philippines
391,Longaspi,Philippines
392,Longon,Philippines
393,Lot,Philippines
394,Lung,Philippines
395,Lungan,Philippines
396,Lupang,Philippines
397,Lusongan,Philippines
398,Lvar,Philippines
399,Mba,Philippines
400,Mba-An,Philippines
401,Mbanda,Philippines
402,Mbanuela,Philippines
403,Mbay,Philippines
404,Mbayocpoc Surig,Philippines
405,Mgan,Philippines
406,Mon,Philippines
407,Mona,Philippines
408,Mpicuag,Philippines
409,Murcia,Philippines
410,Muria,Philippines
411,N Jose,Philippines
412,N Lupa,Philippines
413,"N, San City",Philippines
414,"N, Santa Cruz",Philippines
415,Naan,Philippines
416,Nan,Philippines
417,Nawon,Philippines
418,Nbang,Philippines
419,Nbangan,Philippines
420,Nbangcanta,Philippines
421,Ncisco,Philippines
422,Ndane,Philippines
423,Ndaneta,Philippines
424,Ndi,Philippines
425,Ndingan,Philippines
426,Ndingcanao Ilay,Philippines
427,Ndinglasangahan,Philippines
428,Nfwes,Philippines
429,Ng San First,Philippines
430,Ngan,Philippines
431,Ngas,Philippines
432,Ngouson,Philippines
433,Ngui,Philippines
434,Nguinta Elena,Philippines
435,Nian Policarpio,Philippines
436,Nit,Philippines
437,Nja,Philippines
438,Njay,Philippines
439,Njayjayjay,Philippines
440,Nkayauang,Philippines
441,Nluranja,Philippines
442,Nlveria,Philippines
443,"Nn-Munion, San ",Philippines
444,Nngan,Philippines
445,Noan,Philippines
446,Non,Philippines
447,Nong Tayugallon,Philippines
448,Nos,Philippines
449,Nqusong,Philippines
450,Nray,Philippines
451,Nsipalibaldong,Philippines
452,Nsoy,Philippines
453,Nta Aurongan,Philippines
454,Ntao,Philippines
455,Ntiagon,Philippines
456,Nticgan,Philippines
457,Nton,Philippines
458,Nugait,Philippines
459,Nugaspi,Philippines
460,Nwen,Philippines
461,Nza,Philippines
462,Oboc,Philippines
463,Oboso,Philippines
464,Ogon,Philippines
465,Ogonoy,Philippines
466,Ollah,Philippines
467,On City,Philippines
468,Ong,Philippines
469,Ong Santa Elen,Philippines
470,Ong Taytayan,Philippines
471,Onga,Philippines
472,Ongan,Philippines
473,Ongon,Philippines
474,Ongonoy,Philippines
475,Onja,Philippines
476,Opol,Philippines
477,Opolonamag,Philippines
478,Ornatuan,Philippines
479,Orneta,Philippines
480,Oro,Philippines
481,Orte,Philippines
482,Oso,Philippines
483,Ostela,Philippines
484,Palacsiawan,Philippines
485,Palitang,Philippines
486,Palong,Philippines
487,Pel,Philippines
488,Pilar,Philippines
489,Piloang,Philippines
490,Pilon,Philippines
491,Pita,Philippines
492,Pitac,Philippines
493,Pitan,Philippines
494,Pitan First,Philippines
495,Placion,Philippines
496,Planes City,Philippines
497,Pnday,Philippines
498,Pngatanas,Philippines
499,Praman,Philippines
500,Prlueno,Philippines
501,Punan,Philippines
502,Qubeng,Philippines
503,Quieta,Philippines
504,Quijor,Philippines
505,Qunez,Philippines
506,Ran,Philippines
507,Ranalar,Philippines
508,Randinaanbangao,Philippines
509,Rang,Philippines
510,Ranisilangahan,Philippines
511,Rbara,Philippines
512,Rem,Philippines
513,Resa,Philippines
514,Rincesa,Philippines
515,Rlalayauan,Philippines
516,Rlanganit,Philippines
517,Rlian Pontevist,Philippines
518,Rnando,Philippines
519,Rra,Philippines
520,Sacalangao,Philippines
521,San,Philippines
522,Santa Basingan,Philippines
523,Sariveles City,Philippines
524,Sgawao,Philippines
525,Sgaweot,Philippines
526,Silanon,Philippines
527,Sipaw,Philippines
528,Slagan,Philippines
529,Slaguday,Philippines
530,Slanea,Philippines
531,Slanga,Philippines
532,Sligay,Philippines
533,Snitian,Philippines
534,Sta,Philippines
535,Staga,Philippines
536,Staquieta,Philippines
537,Staquilo-Quio A,Philippines
538,Stilla,Philippines
539,Stillejos,Philippines
540,Stillencia,Philippines
541,Stiquio Lopez,Philippines
542,Sui,Philippines
543,Sxay,Philippines
544,Sxaz,Philippines
545,Sxlah,Philippines
546,Sxmoan,Philippines
547,Tagbalarao,Philippines
548,Talambanta Ines,Philippines
549,Talan,Philippines
550,Talang,Philippines
551,Talila,Philippines
552,Talimba,Philippines
553,Talina,Philippines
554,Talingan,Philippines
555,Talisay,Philippines
556,Tando,Philippines
557,Tanga,Philippines
558,Tangan Punao,Philippines
559,Tango,Philippines
560,Tar,Philippines
561,Taranza,Philippines
562,Tbaligaon,Philippines
563,Tbang,Philippines
564,Tguan,Philippines
565,Tlayan,Philippines
566,Tnagsay,Philippines
567,Tondo,Philippines
568,"Tonion, San Mat",Philippines
569,Trao,Philippines
570,Trava,Philippines
571,Tuanga,Philippines
572,Uamba,Philippines
573,Uang,Philippines
574,Uayan,Philippines
575,Ubayocpoc Sur,Philippines
576,Uboy,Philippines
577,Ugay,Philippines
578,Uknate,Philippines
579,Ulanoc-Mangan,Philippines
580,Ulao,Philippines
581,Ulata,Philippines
582,Ulatangan,Philippines
583,Ulatralayan,Philippines
584,Ulawin,Philippines
585,Ulaye,Philippines
586,Uluan,Philippines
587,Umba,Philippines
588,Umbayocpoc Sura,Philippines
589,Umilar,Philippines
590,Undo,Philippines
591,Ung Tayas,Philippines
592,Ung Tayugaspi,Philippines
593,Ungan Batanagdo,Philippines
594,Ungas,Philippines
595,Ungub,Philippines
596,Uran,Philippines
597,Val,Philippines
598,Ver,Philippines
599,Veria,Philippines
600,Vrrje,Philippines
601,Vwresa,Philippines
602,Way,Philippines
603,Way Na Luis,Philippines
604,Way Na Norte,Philippines
605,Way Nati City,Philippines
606,Wayabanay,Philippines
607,Wayan,Philippines
608,Wayan First,Philippines
609,Wayang,Philippines
610,Wnol,Philippines
611,Won,Philippines
612,Xah,Philippines
613,Xal,Philippines
614,Xal Mati City,Philippines
615,Xan,Philippines
616,Xav Idihan,Philippines
617,Y Na Mateo,Philippines
618,Yan,Philippines
619,Yan City,Philippines
620,Yanday,Philippines
621,Yum,Philippines
622,Yumalay Aan,Philippines
623,Yumansolongan,Philippines
624,Zal,Philippines
625,Zelabac,Philippines
626,Zon,Philippines
627,Zton,Philippines
628,Ztondo,Philippines
629,Zyongo,Philippines
630,Zyu7,Philippines
