,Name,Origin
0, Nad Notecin,Poland
1, Uromice,Poland
2, Zemkow Trybuna,Poland
3,-Derlow,Poland
4,-Kamienica-Raty,Poland
5,-Kamienna,Poland
6,-Kamiensk,Poland
7,-Kamienskich Za,Poland
8,-Kamierniki,Poland
9,-Kamierz,Poland
10,-Kamieszow,Poland
11,-Kzmonautowice ,Poland
12,A-Kamieszew,Poland
13,Abystancow,Poland
14,Abystronka,Poland
15,Abystrzebrzew,Poland
16,Abysz,Poland
17,Abyszkowo,Poland
18,Adeslakow,Poland
19,Adumianowe,Poland
20,Adz,Poland
21,Adzyn,Poland
22,Adzyrzemyslo,Poland
23,Aka Gorne,Poland
24,Akowiec,Poland
25,Alki-Jasske Pol,Poland
26,Anka,Poland
27,Asilkopolsk,Poland
28,Aska,Poland
29,Aszowieckie,Poland
30,Aszyce,Poland
31,Atarnkow,Poland
32,Atorunwalkierzg,Poland
33,Awa,Poland
34,Barcin-Jezinouj,Poland
35,Barczewo,Poland
36,Bark Wiec,Poland
37,Bark Wieplicy K,Poland
38,Barka,Poland
39,Barklo Nad Note,Poland
40,Bartoszynek,Poland
41,Bartow,Poland
42,Barzyn,Poland
43,Bbartow,Poland
44,Beda,Poland
45,Bemsie Slaskie,Poland
46,Bfzowice,Poland
47,Bielin,Poland
48,Biska,Poland
49,Blag,Poland
50,Bniec Wielkopol,Poland
51,Borkow,Poland
52,Bornica,Poland
53,Borzno,Poland
54,Bra-Kamien Podl,Poland
55,Bry-Dniec,Poland
56,Brzedziorne,Poland
57,Brzeladysliborn,Poland
58,Brzelno,Poland
59,Brzno,Poland
60,Bzana Gora,Poland
61,C Malborniewice,Poland
62,Ca-Ratynia Ruda,Poland
63,Chod-Centrum Po,Poland
64,Chola,Poland
65,Chow,Poland
66,Chowno,Poland
67,Cien Podlaskie,Poland
68,Cka,Poland
69,Cki,Poland
70,Cnin,Poland
71,Cze,Poland
72,Czew,Poland
73,Czow,Poland
74,D-Kemiatow,Poland
75,Dban,Poland
76,Dbarka,Poland
77,Dbastrow,Poland
78,Dbaszowek,Poland
79,Dbaszowice,Poland
80,Dbilanowice,Poland
81,Dbilecia,Poland
82,Dbirzelaw,Poland
83,Dbirzesnia,Poland
84,Ddbrow,Poland
85,Ddbrzeziornik N,Poland
86,Deba,Poland
87,Debianice,Poland
88,Debianka,Poland
89,Debianow,Poland
90,Debiaz,Poland
91,Debica,Poland
92,Debica-Raty,Poland
93,Debica-Raty Wro,Poland
94,Debica-Ratynek,Poland
95,Debice,Poland
96,Debice Zdroj,Poland
97,Deblin,Poland
98,Deblina,Poland
99,Deblina-Zdroj,Poland
100,Deblinawa,Poland
101,Deblinia Gorzeg,Poland
102,Deblinia Gostyn,Poland
103,Deblino,Poland
104,Debrze,Poland
105,Debrzebiatynia ,Poland
106,Debrzechow,Poland
107,Debrzecznia,Poland
108,Debrzedz,Poland
109,Debrzedzyrzeg,Poland
110,Debrzeg,Poland
111,Debrzeg Dolno,Poland
112,Debrzel,Poland
113,Debrzelinia Gor,Poland
114,Debrzelno,Poland
115,Debrzew,Poland
116,Debrzezno,Poland
117,Debrznia,Poland
118,Debrzno,Poland
119,Dianice,Poland
120,Dianie-Kielkopo,Poland
121,Dianka,Poland
122,Dianow,Poland
123,Dianowski,Poland
124,Diernica-Ratyni,Poland
125,Dierz,Poland
126,Dkawiecka,Poland
127,Dkie,Poland
128,Dnie-Kielonak,Poland
129,Dobczyce,Poland
130,Dobczycko,Poland
131,Dobczykowno,Poland
132,Dobczykowogardo,Poland
133,Dobczyn,Poland
134,Dobczyrk,Poland
135,Dobczyrzec Podl,Poland
136,Dobczytna,Poland
137,Dobre Maciej,Poland
138,Dobre Maleniec,Poland
139,Dobre Mazow,Poland
140,Dobre Mazowierz,Poland
141,Dobre Miasto Lu,Poland
142,Dobre Miastock,Poland
143,Dobre Miedlin,Poland
144,Dobre-Kielkopol,Poland
145,Dobrze,Poland
146,Dobrzebnica,Poland
147,Dobrzec Swiecki,Poland
148,Dobrzecin-Jezow,Poland
149,Dobrzecina,Poland
150,Dobrzecinek,Poland
151,Dobrzeg,Poland
152,Dobrzegi,Poland
153,Dobrzegorzezno,Poland
154,Dobrzelawskich ,Poland
155,Dobrzemeszewo,Poland
156,Dobrzempin,Poland
157,Dobrzesto,Poland
158,Dobrzeszew,Poland
159,Dobrzeszow Kuja,Poland
160,Dobrzezinoujsci,Poland
161,Dobrzno,Poland
162,Dok,Poland
163,Dpiec,Poland
164,Dpil,Poland
165,Dpilcinek,Poland
166,Dpilcz,Poland
167,Drawska,Poland
168,Drawska Gornik,Poland
169,Drawski,Poland
170,Drawskich Wscho,Poland
171,Drawskidzice,Poland
172,Drawskie,Poland
173,Dsaczowice,Poland
174,Dubaczonowica,Poland
175,Duban,Poland
176,Dubczyna,Poland
177,Duchow,Poland
178,Duchwalkiegom,Poland
179,Ductbornika,Poland
180,Ductowice,Poland
181,Duhtrrow Kujaws,Poland
182,Duitow,Poland
183,Duitowy Traugut,Poland
184,Dultow,Poland
185,Dultusk,Poland
186,Dumia,Poland
187,Dumiac,Poland
188,Dumialoleszno,Poland
189,Dumianka,Poland
190,Dumianki,Poland
191,Dumianow,Poland
192,Dumiatow,Poland
193,Dunsk,Poland
194,Durzyca Kack,Poland
195,Durzyskowiecka,Poland
196,Dustka,Poland
197,Dwianiewin,Poland
198,Dwie,Poland
199,Dwiec Swidzbark,Poland
200,Dwierakow,Poland
201,Dwierzynek,Poland
202,Dwietokrzow-Gor,Poland
203,Dwirczyn-Pustka,Poland
204,Dziadzica,Poland
205,Dziadziny,Poland
206,Dziadzkie Pomor,Poland
207,Dziala,Poland
208,Dzialopol,Poland
209,Dzialopolskie P,Poland
210,Dzialoszczalki ,Poland
211,Dziedobczyna,Poland
212,Dziedziska,Poland
213,Dzienica,Poland
214,Dzienna,Poland
215,Dzierakowica,Poland
216,Dzierz,Poland
217,Dzierzyn,Poland
218,Dzieszychow,Poland
219,Dzieszyn Nad Od,Poland
220,E Poludniec,Poland
221,Eba,Poland
222,Ebodzko Slask,Poland
223,Ecki,Poland
224,Edzica,Poland
225,Eeoinek,Poland
226,Efo,Poland
227,Ego,Poland
228,Ehowa Rudniec,Poland
229,Ehowa-Zdroj,Poland
230,Elcz,Poland
231,Elenia,Poland
232,Enia,Poland
233,Enica,Poland
234,Enna,Poland
235,Ensk,Poland
236,Epolsztyn,Poland
237,Erwice,Poland
238,Eszew,Poland
239,Eszyna,Poland
240,Etarnow Lubelsk,Poland
241,Feczka,Poland
242,Fegom,Poland
243,Fem,Poland
244,Fie,Poland
245,Fos Warminsk Ma,Poland
246,Fow Maloszanka,Poland
247,Fow Malow,Poland
248,Fow Slaskie,Poland
249,Ga Pomorskiej,Poland
250,Gard,Poland
251,Ggierzysk,Poland
252,Gicna,Poland
253,Gizyce,Poland
254,Gkie,Poland
255,Gkierzysko,Poland
256,Goczow,Poland
257,Gogolin,Poland
258,Goldap,Poland
259,Gom,Poland
260,Gory,Poland
261,Gorzeszew,Poland
262,Gorzysko Slawno,Poland
263,Goty,Poland
264,Gow Mazowice,Poland
265,Gowe,Poland
266,Gowe Malostrow ,Poland
267,Gowe Mazow Mazo,Poland
268,Gowek,Poland
269,Gowek Slawsko,Poland
270,Gowice,Poland
271,Gowietocka,Poland
272,Gowo,Poland
273,Gradzkie Slawie,Poland
274,Groda Slaska,Poland
275,Grodnica,Poland
276,Grodzka,Poland
277,Gruda Sanem,Poland
278,Grudki,Poland
279,Grudzice,Poland
280,Grybunalskie,Poland
281,Guglino,Poland
282,Gustki,Poland
283,Guzcianka,Poland
284,Gwiecki,Poland
285,Hejrymin,Poland
286,Hejrzow,Poland
287,Hejrzow Wielowi,Poland
288,Hejrzozowe,Poland
289,Hejrzyz Wielecz,Poland
290,Hgowo,Poland
291,Hhjrychlow,Poland
292,Hjuw,Poland
293,Hjuw Slaski,Poland
294,Hjuwice,Poland
295,Hmurcki,Poland
296,Hod,Poland
297,Hola,Poland
298,Holanowice Slaw,Poland
299,Hom,Poland
300,How,Poland
301,Hzalin,Poland
302,Hzersk,Poland
303,Hzerwionka,Poland
304,Hzjrzowice,Poland
305,Idniewiebodzka,Poland
306,Itrzelcz,Poland
307,Itszawno,Poland
308,Jszyna,Poland
309,Kedzynek,Poland
310,Kgora,Poland
311,Kgorniecka,Poland
312,Kgornik,Poland
313,Kie,Poland
314,Kiej,Poland
315,Kkuznia,Poland
316,Klodziedziornik,Poland
317,Knia,Poland
318,Kopolski,Poland
319,Kow,Poland
320,Kowice,Poland
321,Kowiczawa Malop,Poland
322,Kowie,Poland
323,Kowietegom,Poland
324,Kowo,Poland
325,Kowski,Poland
326,Kraciborniki,Poland
327,Kraciborska,Poland
328,Kraciernice,Poland
329,Kruszowek,Poland
330,Ktucy,Poland
331,Kupin,Poland
332,Kzdroj,Poland
333,Kzskie,Poland
334,Lakoscierlowiet,Poland
335,Lanka-Leszow,Poland
336,Laskie,Poland
337,Lawa,Poland
338,Lbawa,Poland
339,Lddabczyrzeskie,Poland
340,Lddwno,Poland
341,Ldkie,Poland
342,Ldkieja,Poland
343,Lec,Poland
344,Lgsiek,Poland
345,Lkopolsk,Poland
346,Lkopolski,Poland
347,Lkow,Poland
348,Lkowo,Poland
349,Lmzborkowo,Poland
350,Lna,Poland
351,Lnica,Poland
352,Lnice,Poland
353,Lnie,Poland
354,Lomza,Poland
355,Loszczowice-Dzi,Poland
356,Luczborzecin-Je,Poland
357,Luknica,Poland
358,Luzino,Poland
359,Lwielki,Poland
360,Lysianowo,Poland
361,Lzdzice,Poland
362,Lzowice,Poland
363,Mek,Poland
364,Meladyslin,Poland
365,Mgilno,Poland
366,Mia,Poland
367,Miedle Luban,Poland
368,Miedziny,Poland
369,Miedziska,Poland
370,Mienieze Wielki,Poland
371,Mieszyn,Poland
372,Minsk,Poland
373,Mlawa,Poland
374,Mlawy Traugutta,Poland
375,Mna,Poland
376,Morlez,Poland
377,Mszawno,Poland
378,Mteniecka,Poland
379,Mwilicy Tarnobr,Poland
380,Mza,Poland
381,Mzalin,Poland
382,N-Boszczyn Nadu,Poland
383,Na Biala,Poland
384,Na Debice,Poland
385,Na Gora,Poland
386,Na Goraga Podla,Poland
387,Na Gorna,Poland
388,Na Gory,Poland
389,Na Gorzemkow,Poland
390,Na Gorzno,Poland
391,Na Gostronka,Poland
392,Nad Saczewo,Poland
393,Namysl,Poland
394,Ndawa,Poland
395,Ndomsko,Poland
396,Nesdorcze,Poland
397,Neta,Poland
398,Nica,Poland
399,Nica-Ratyn,Poland
400,Nice,Poland
401,Niczecin,Poland
402,Nicznan,Poland
403,Nie-Ksielenica,Poland
404,Niec,Poland
405,Niechow,Poland
406,Niecpolskie,Poland
407,Niew,Poland
408,Niewina,Poland
409,Nka,Poland
410,Nka-Poludniow,Poland
411,Nkdon,Poland
412,Nki,Poland
413,Nnow,Poland
414,Now,Poland
415,Nowek,Poland
416,Nowiebice,Poland
417,Nwice,Poland
418,O Sandomsko,Poland
419,Obornik,Poland
420,Oborska Gorce,Poland
421,Obre Malety,Poland
422,Obrzebica,Poland
423,Ochow,Poland
424,Odebrzegi,Poland
425,Odzcoa Saczow,Poland
426,Odzyaz,Poland
427,Oedmienia,Poland
428,Oedmienice-Dzie,Poland
429,Ogim,Poland
430,Okarzynek,Poland
431,Okie,Poland
432,Okilicy Klodzia,Poland
433,Okorska Gorzeg,Poland
434,Olesnia,Poland
435,Omiastochy,Poland
436,Omidrk,Poland
437,Onwarzemkow,Poland
438,Oola,Poland
439,Opicz,Poland
440,Oporeba,Poland
441,Ornobrzeg,Poland
442,Otazno,Poland
443,Otwock,Poland
444,Owice Zdroj,Poland
445,Owiecka,Poland
446,Ozarnobrze,Poland
447,Ozdroj,Poland
448,Ozierz,Poland
449,Ozorkowice,Poland
450,Pane,Poland
451,Pcha Beski,Poland
452,Pelenica,Poland
453,Pelewice,Poland
454,Pelonak,Poland
455,Pelplicy Tomasz,Poland
456,Pelplina,Poland
457,Pesola,Poland
458,Pkow Slaskie,Poland
459,Pkowice,Poland
460,Pkowo,Poland
461,Plinia,Poland
462,Polna,Poland
463,Polomice Slasko,Poland
464,Polominsk,Poland
465,Polowiecki,Poland
466,Polsk,Poland
467,Polski,Poland
468,Polskie,Poland
469,Polskiegorzowic,Poland
470,Poz,Poland
471,Pruszow,Poland
472,Ptoniec,Poland
473,Puck,Poland
474,Rdzcianica,Poland
475,Rednica,Poland
476,Rejon Plachodzi,Poland
477,Rhola,Poland
478,Rledzymin,Poland
479,Rski,Poland
480,Sard,Poland
481,Sedzyny,Poland
482,Ska,Poland
483,Ska Woloj,Poland
484,Ska Wolski,Poland
485,Skarlowice,Poland
486,Skawiec,Poland
487,Ski,Poland
488,Skie,Poland
489,Skie Poludniow,Poland
490,Skiegom,Poland
491,Slaska,Poland
492,Slaskich Zachow,Poland
493,Slawor Mazowice,Poland
494,Slubica-Raty Wr,Poland
495,Snice,Poland
496,Sniewo,Poland
497,Spawlowice Slas,Poland
498,Srodziadzka,Poland
499,Srodzkie,Poland
500,Stancow,Poland
501,Szczew,Poland
502,Szewo,Poland
503,Tagan,Poland
504,Targ,Poland
505,Targow Kujawsko,Poland
506,Targowek,Poland
507,Targowo,Poland
508,Tarna,Poland
509,Tarna Debianka,Poland
510,Tarna Gora,Poland
511,Tarna Goraga Po,Poland
512,Tarne,Poland
513,Tarneta,Poland
514,Tarnkow,Poland
515,Tarnkow Traugut,Poland
516,Tarnkowice,Poland
517,Tarnkowiec,Poland
518,Tarnobrzebrzesk,Poland
519,Tarnow,Poland
520,Tarnowe Kie,Poland
521,Tarnowietochlow,Poland
522,Tarnowsko,Poland
523,Taw,Poland
524,Tcebodzkowice,Poland
525,Tcerhow,Poland
526,Tcerysz,Poland
527,Tceryszka,Poland
528,Tchrodmierz,Poland
529,Tchsia Gorniewi,Poland
530,Tchsianka,Poland
531,Tchstantyn,Poland
532,Tchsuchednice,Poland
533,Tczlnie,Poland
534,Tdra,Poland
535,Telonautow,Poland
536,Terec,Poland
537,Terespol,Poland
538,Terespolec,Poland
539,Terespolski,Poland
540,Terespolskich W,Poland
541,Terespolskie,Poland
542,Terespolskie Go,Poland
543,Terespolskiwice,Poland
544,Terespolsko,Poland
545,Terespolszewo,Poland
546,Tienica,Poland
547,Tieplin,Poland
548,Tierz,Poland
549,Tirnik,Poland
550,Tkiwice,Poland
551,Tnabsko,Poland
552,Tnag,Poland
553,Tnik,Poland
554,Tniki Kack,Poland
555,Tniszowice,Poland
556,Tobre-Dzierzysk,Poland
557,Tokorzysko-Bial,Poland
558,Tomaszow,Poland
559,Tomaszyce,Poland
560,Tomyslawa,Poland
561,Torun,Poland
562,Torunka,Poland
563,Torunwalki,Poland
564,Torunwalkowie,Poland
565,Tory,Poland
566,Tow,Poland
567,Trzcianiewiecki,Poland
568,Tska,Poland
569,Tsrempolskidzka,Poland
570,Tsrsmek,Poland
571,Tyre,Poland
572,Ubczycko,Poland
573,Uchow,Poland
574,Uczewo,Poland
575,Udki,Poland
576,Udziedzice,Poland
577,Udzisko,Poland
578,Udziszyn Poludn,Poland
579,Ugowice,Poland
580,Uhlin,Poland
581,Ukowice,Poland
582,Ulkopolesnia Go,Poland
583,Uluchowice,Poland
584,Ulzko,Poland
585,Umianka-Zdroj,Poland
586,Umza,Poland
587,Utczlcsice,Poland
588,Utczlwetok,Poland
589,Uwaldzko,Poland
590,Uwice,Poland
591,Uzin,Poland
592,Uzinoujscicin,Poland
593,Wcie-Kielkiniew,Poland
594,Wcieja,Poland
595,Wdzienna Gorna ,Poland
596,Wego Malkopol,Poland
597,Wesolanow,Poland
598,Wesolina,Poland
599,Wgohcard,Poland
600,Wgorzyce,Poland
601,Wgoszycko,Poland
602,Wice,Poland
603,Wice Slasko,Poland
604,Wiebodzka,Poland
605,Wiec,Poland
606,Wiecka,Poland
607,Wiecki,Poland
608,Wiecpolskie,Poland
609,Wielkopolsk,Poland
610,Wierzgon,Poland
611,Wietok,Poland
612,Wietokrzowice S,Poland
613,Wilanow,Poland
614,Witkowica,Poland
615,Wjon Placu Swid,Poland
616,Wkarsawer,Poland
617,Wkie,Poland
618,Wkosciej,Poland
619,Wloclawa,Poland
620,Wmoca,Poland
621,Wodzice,Poland
622,Wokatyczecin,Poland
623,Wola,Poland
624,Wolanowroclawy,Poland
625,Wolomin,Poland
626,Wor,Poland
627,Wor Mack,Poland
628,Wor Mazow,Poland
629,Wor Mazowice,Poland
630,Wowo,Poland
631,Wrzeg Dolno,Poland
632,Wschod-Centrum ,Poland
633,Wtock,Poland
634,Wtoh,Poland
635,Wtoszow,Poland
636,Wtoszyny,Poland
637,Wucha Bialowice,Poland
638,Wuchednie,Poland
639,Wucze,Poland
640,Wulawor,Poland
641,Wyrzelin,Poland
642,Wyskie,Poland
643,Wzochy,Poland
644,Wzscie,Poland
645,Ybeskie,Poland
646,Yce,Poland
647,Ycn Karsaw,Poland
648,Yez,Poland
649,Yipelpliczborne,Poland
650,Yle,Poland
651,Ysko Slaski,Poland
652,Yslakopolski,Poland
653,Yslowice,Poland
654,Ystok,Poland
655,Ytowa Ruda Sacz,Poland
656,Yzowa Beski,Poland
657,Zbaszyn Podlask,Poland
658,Zcianiecka,Poland
659,Zcin,Poland
660,Zdunskie,Poland
661,Zdzieszow-Gorne,Poland
662,Zdziorna,Poland
663,Zebnik,Poland
664,Zec Kujawska,Poland
665,Zedzyce,Poland
666,Zek Slaskie,Poland
667,Zel,Poland
668,Zelce Slaski,Poland
669,Zelowietok,Poland
670,Zgrudziorne,Poland
671,Ziskupiecka,Poland
672,Zjawskich Wscho,Poland
673,Zkie,Poland
674,Zkolna,Poland
675,Zkow,Poland
676,Zla,Poland
677,Zlochawa,Poland
678,Zlow,Poland
679,Zlowice,Poland
680,Zmzalkie Zdroj,Poland
681,Zmzalkow,Poland
682,Zna,Poland
683,Zna-Zdroj,Poland
684,Znia,Poland
685,Znin,Poland
686,Zow,Poland
687,Zow Wielce,Poland
688,Zozow,Poland
689,Zpork,Poland
690,Zrzyskierloz,Poland
691,Zszalkopolskidz,Poland
692,Zszawa,Poland
693,Zszno,Poland
694,Zuchaczewy,Poland
695,Zyce,Poland
696,Zzkie,Poland
