,Name,Origin
0, De Barteira,Portugal
1, Hes De Lima,Portugal
2, Joane,Portugal
3, Les,Portugal
4, Nova,Portugal
5, Ze De Messines,Portugal
6,-Erreira,Portugal
7,Abrreira,Portugal
8,Acbatejo,Portugal
9,Acem,Portugal
10,Acer Do Romao,Portugal
11,Achete,Portugal
12,Acom,Portugal
13,Adria-A-Velhe,Portugal
14,Aeeira,Portugal
15,Aemelhe,Portugal
16,Aerafita,Portugal
17,Afrardas Lampas,Portugal
18,Aftarem,Portugal
19,Agua,Portugal
20,Aheredes,Portugal
21,Ahes,Portugal
22,Ajeira,Portugal
23,Albergariao,Portugal
24,Albergarioa,Portugal
25,Alcabide,Portugal
26,Alcechete,Portugal
27,Alha,Portugal
28,Almela,Portugal
29,Alveira,Portugal
30,Amuad R Do Sant,Portugal
31,Ancelha,Portugal
32,Anearua Das De ,Portugal
33,Antarem,Portugal
34,Apconhiis,Portugal
35,Arandola,Portugal
36,Aranjeirim,Portugal
37,Arazendas Lama,Portugal
38,Aremor-O-Mar,Portugal
39,Arena,Portugal
40,Ares,Portugal
41,Arnancelhe,Portugal
42,Asco Da Beira,Portugal
43,Asire,Portugal
44,Assamas,Portugal
45,Azendas De Alme,Portugal
46,Baca,Portugal
47,Baia,Portugal
48,Bar,Portugal
49,Barandola,Portugal
50,Baredes,Portugal
51,Bargem,Portugal
52,Bariao,Portugal
53,Bas,Portugal
54,Bcer Do Bastelo,Portugal
55,Bces,Portugal
56,Bede,Portugal
57,Bergaria-A-Velh,Portugal
58,Bergariao,Portugal
59,Bergarica,Portugal
60,Bergariceira,Portugal
61,Bergarim,Portugal
62,Bes,Portugal
63,Bguas Lama,Portugal
64,Biaparica,Portugal
65,Biaparim,Portugal
66,Bies,Portugal
67,Bmes De Ferreir,Portugal
68,Bntarena,Portugal
69,Bra,Portugal
70,Bre,Portugal
71,Bria,Portugal
72,Bria-A-Velha,Portugal
73,Briao,Portugal
74,Brie,Portugal
75,Brisoua,Portugal
76,Bros,Portugal
77,Brreira,Portugal
78,Brrifana,Portugal
79,Brrifana Da Mar,Portugal
80,Btis,Portugal
81,Btisoo,Portugal
82,Bufeira,Portugal
83,Cabide,Portugal
84,Cabideche,Portugal
85,Cabidechete,Portugal
86,Cacem,Portugal
87,Cane,Portugal
88,Cao Pedroucos,Portugal
89,Carem,Portugal
90,Cas De Castro M,Portugal
91,Cbete,Portugal
92,Cbetgo Das De M,Portugal
93,Ccehhes De Mour,Portugal
94,Cces,Portugal
95,Cchht Cova,Portugal
96,Cchht Cova De A,Portugal
97,Cdeta,Portugal
98,Cem,Portugal
99,Cer Do Bispo,Portugal
100,Cer Do Cambra,Portugal
101,Cer Do Romao,Portugal
102,Cer Do Romar,Portugal
103,Cer Do Sal,Portugal
104,Cer Do Santiago,Portugal
105,Cernaxideche,Portugal
106,Cestinatalha,Portugal
107,Cgbeisaoajoao D,Portugal
108,Cgueira,Portugal
109,Che,Portugal
110,Chete,Portugal
111,Chite,Portugal
112,Cho,Portugal
113,Chrt Xove,Portugal
114,Chrteira,Portugal
115,Cilhe,Portugal
116,Clbar,Portugal
117,Clbergariceira,Portugal
118,Cnhhis,Portugal
119,Cobao,Portugal
120,Cos,Portugal
121,Crrifana,Portugal
122,Crrtfana,Portugal
123,Csbia,Portugal
124,Csruartolomeu D,Portugal
125,Csstmo Das Lama,Portugal
126,Cubntaranjeira,Portugal
127,Cuces,Portugal
128,Dche,Portugal
129,De Almar,Portugal
130,De Bastelos,Portugal
131,Dhi Soua,Portugal
132,Dlcacer Do Roma,Portugal
133,Dola,Portugal
134,Droucos,Portugal
135,E De Barcarem,Portugal
136,Earazendas De M,Portugal
137,Eche,Portugal
138,Ecrandola,Portugal
139,Edro Do Santijo,Portugal
140,Edroso,Portugal
141,Eeira,Portugal
142,Eerafita,Portugal
143,Eira Da Mar,Portugal
144,Eivais,Portugal
145,Elha,Portugal
146,Emelha,Portugal
147,Er-O-Nova,Portugal
148,Er-O-Novo,Portugal
149,Erafita,Portugal
150,Erafitao,Portugal
151,Ercares,Portugal
152,Erede,Portugal
153,Ergariao,Portugal
154,Ergarido,Portugal
155,Ergarim,Portugal
156,Erreira,Portugal
157,Erreira Do Bisp,Portugal
158,Erreirim,Portugal
159,Ertolomeu De Ba,Portugal
160,Etro Mar,Portugal
161,Fbergariceira,Portugal
162,Fbre,Portugal
163,Fces De Cepeda,Portugal
164,Ferreira,Portugal
165,Flela,Portugal
166,Flelada,Portugal
167,Fmelha,Portugal
168,Fmergariceira,Portugal
169,Fmertola,Portugal
170,Fnrasdrosa,Portugal
171,Fntanhedes,Portugal
172,Fosta De Cambra,Portugal
173,Fperafitao,Portugal
174,Freamunde,Portugal
175,Fsedes,Portugal
176,Fsernancelhe,Portugal
177,Fxedh,Portugal
178,Galenquer,Portugal
179,Galenza,Portugal
180,Gbanguas Sal,Portugal
181,Gbar,Portugal
182,Geleda,Portugal
183,Gha,Portugal
184,Giana De Cambra,Portugal
185,Glale De Casta ,Portugal
186,Glale De Mouro,Portugal
187,Glalre,Portugal
188,Glana,Portugal
189,Glana De Santa ,Portugal
190,Glanno Maior,Portugal
191,Glanno Sal,Portugal
192,Glanr,Portugal
193,Glanreila Regua,Portugal
194,Gnhiis,Portugal
195,Gsana,Portugal
196,Gsana De Ferrei,Portugal
197,Gua,Portugal
198,Gualde,Portugal
199,Guas De Bastro ,Portugal
200,Guas De Lima,Portugal
201,Guas Lama,Portugal
202,Guas Lamas,Portugal
203,Guas Santa De S,Portugal
204,Guas Santa Do S,Portugal
205,Guas Santiagoa,Portugal
206,Gueirim,Portugal
207,Gzandola,Portugal
208,Hat Romao,Portugal
209,Hbrteira,Portugal
210,Hbrteira De Cep,Portugal
211,Hce,Portugal
212,Hcelhe,Portugal
213,Hcreto,Portugal
214,Hede,Portugal
215,Hedes,Portugal
216,Herede,Portugal
217,Heredes,Portugal
218,Hgea,Portugal
219,Hgreloes De Alm,Portugal
220,Hgs De Almar,Portugal
221,Hhe,Portugal
222,Hhe Elos,Portugal
223,Hhete,Portugal
224,Hies,Portugal
225,His De Cacer Do,Portugal
226,Hissomao,Portugal
227,Hjrena,Portugal
228,Hne Rem,Portugal
229,Hnhede,Portugal
230,Hnheira De Sant,Portugal
231,Hnrem,Portugal
232,Hntiago Do Cast,Portugal
233,Hos De Barcaren,Portugal
234,Hos De Basto,Portugal
235,Hos De Gaiao,Portugal
236,Hos De Santas,Portugal
237,Hos Vedrosa,Portugal
238,Hos Vedroso,Portugal
239,Hre,Portugal
240,Hre De Almar,Portugal
241,Hre De Santaren,Portugal
242,Hre Meira,Portugal
243,Hres,Portugal
244,Hze,Portugal
245,Ialada,Portugal
246,Iana,Portugal
247,Iana De Lima,Portugal
248,Iana De Santo A,Portugal
249,Iana Do Rago Da,Portugal
250,Ianatima,Portugal
251,Iaranjeira,Portugal
252,Ieda,Portugal
253,Iedadeira,Portugal
254,Ies,Portugal
255,Ila Regua,Portugal
256,Ila Reguas Lama,Portugal
257,Ilbergarim,Portugal
258,Ilela,Portugal
259,Ilhe,Portugal
260,Inhais,Portugal
261,Ios,Portugal
262,Ira,Portugal
263,Is De Gaiao,Portugal
264,Isbon,Portugal
265,Isso,Portugal
266,Issomao,Portugal
267,Issomar,Portugal
268,Issondola,Portugal
269,Jeira,Portugal
270,Jeirim,Portugal
271,Jnalcnbire,Portugal
272,Joao Das De San,Portugal
273,Jos,Portugal
274,Jzeita,Portugal
275,Lagoa,Portugal
276,Lampas,Portugal
277,Laqreto,Portugal
278,Larede,Portugal
279,Lbcfeira De Fer,Portugal
280,Lbergaria-A-Vel,Portugal
281,Lbergarim,Portugal
282,Lcacem,Portugal
283,Lcbbrgem,Portugal
284,Lcbces,Portugal
285,Lcbche,Portugal
286,Lcbordosa,Portugal
287,Lccbhte,Portugal
288,Lchot Do Santar,Portugal
289,Lclbergariceira,Portugal
290,Lcobao,Portugal
291,Leca Da Maior,Portugal
292,Leca Da Marim,Portugal
293,Lela,Portugal
294,Lem,Portugal
295,Lemargem,Portugal
296,Lenza,Portugal
297,Les,Portugal
298,Lha,Portugal
299,Lhoda,Portugal
300,Lhos De Almar,Portugal
301,Lmargem,Portugal
302,Lmbra,Portugal
303,Lmeira,Portugal
304,Lmeira De Cambr,Portugal
305,Lmela,Portugal
306,Lmmra,Portugal
307,Lnmargem,Portugal
308,M-Ngua,Portugal
309,Mangualde,Portugal
310,Margem,Portugal
311,Mas,Portugal
312,Massamas,Portugal
313,Mbra,Portugal
314,Mcas,Portugal
315,Mces,Portugal
316,Mcnte Real,Portugal
317,Medadeira,Portugal
318,Meira,Portugal
319,Mela,Portugal
320,Melha,Portugal
321,Melhe,Portugal
322,Memar,Portugal
323,Memargem,Portugal
324,Menta Cruz Do C,Portugal
325,Mentas,Portugal
326,Mer Do Adriao,Portugal
327,Merafita,Portugal
328,Mergarica,Portugal
329,Mergariceira,Portugal
330,Mertola,Portugal
331,Mertolomeu De C,Portugal
332,Mertolomeu De L,Portugal
333,Mes,Portugal
334,Mes De Bastanhe,Portugal
335,Mguriao,Portugal
336,Mhas De Caparia,Portugal
337,Mhnde,Portugal
338,Minhal Novo,Portugal
339,Mintanhede,Portugal
340,Mnsilveira Do C,Portugal
341,Mqntanhede,Portugal
342,Mtns De Ferreir,Portugal
343,Mu De Mouro,Portugal
344,Naca,Portugal
345,Nba,Portugal
346,Nbeis,Portugal
347,Ncalenquer,Portugal
348,Ncclhe,Portugal
349,Neche,Portugal
350,Negreloes De Me,Portugal
351,Negrelos,Portugal
352,Neguas De Santa,Portugal
353,Neiia,Portugal
354,Neisaoajoane,Portugal
355,Nglana,Portugal
356,Nglane,Portugal
357,Ngoucos De Alma,Portugal
358,Ngua,Portugal
359,Nhcis,Portugal
360,Nhedes,Portugal
361,Nhide,Portugal
362,Nhiis,Portugal
363,Nhlisaoa,Portugal
364,Nhndas Santo Ad,Portugal
365,Nhnialadeirim,Portugal
366,Njeira,Portugal
367,Njoao Joane,Portugal
368,Nmgde,Portugal
369,Nmgra,Portugal
370,Nnhli Ao Da Bei,Portugal
371,Nnuhis,Portugal
372,Nova Da Maior,Portugal
373,Nova Do Romao,Portugal
374,Npas,Portugal
375,Nplanr,Portugal
376,Nqner,Portugal
377,Nqser,Portugal
378,Nrardas Santare,Portugal
379,Nratdo Bartaxo,Portugal
380,Ns De Ferreira,Portugal
381,Nuchete,Portugal
382,Nveira,Portugal
383,Nze,Portugal
384,Oaim,Portugal
385,Obao,Portugal
386,Oeira,Portugal
387,Oeira Da Beiri,Portugal
388,Oiijo,Portugal
389,Oiipas,Portugal
390,Olmeira,Portugal
391,Omao,Portugal
392,Onheira,Portugal
393,Onhiis,Portugal
394,Ons,Portugal
395,Oraode,Portugal
396,Osm,Portugal
397,Ova,Portugal
398,Ova De Almadare,Portugal
399,P Do Bartaxo,Portugal
400,Pariao,Portugal
401,Pas,Portugal
402,Pbcos,Portugal
403,Pcceheledade,Portugal
404,Pcede,Portugal
405,Pcedro Da Palme,Portugal
406,Pcer Do Casta C,Portugal
407,Peia,Portugal
408,Pfroao Pedroso,Portugal
409,Plemargem,Portugal
410,Plenza,Portugal
411,Pnhais,Portugal
412,Pnheira,Portugal
413,Pnvalada,Portugal
414,Ppedroso,Portugal
415,Ppedroucos Vedr,Portugal
416,Preamunde,Portugal
417,Pssomar,Portugal
418,Pua,Portugal
419,Pus,Portugal
420,Pvedes,Portugal
421,Pvedro Maior,Portugal
422,Pxede,Portugal
423,Qaranjeira,Portugal
424,Qdeira,Portugal
425,Qderadoiao,Portugal
426,Qear,Portugal
427,Qerreira,Portugal
428,Qiar,Portugal
429,Qnaiao,Portugal
430,Qrardafedroucos,Portugal
431,Qrer-O-Mar,Portugal
432,Qrer-O-Novoa Do,Portugal
433,Ralde,Portugal
434,Randola,Portugal
435,Ranjeira,Portugal
436,Ranjeira Da Reg,Portugal
437,Ranjeirim,Portugal
438,Rardag De Gaiao,Portugal
439,Rardarem,Portugal
440,Rardarena,Portugal
441,Raxo,Portugal
442,Razede,Portugal
443,Razendas De Cac,Portugal
444,Rbalo Das Lama,Portugal
445,Rbana,Portugal
446,Rbelhe,Portugal
447,Rbol,Portugal
448,Rbolde,Portugal
449,Rcarem,Portugal
450,Rcarena,Portugal
451,Rcares,Portugal
452,Rcolhe,Portugal
453,Rem,Portugal
454,Res,Portugal
455,Rgoncilhe,Portugal
456,Rguri,Portugal
457,Rguridechete,Portugal
458,Riao,Portugal
459,Rioa,Portugal
460,Rladarem,Portugal
461,Rlbar,Portugal
462,Rmol-Oano Uas D,Portugal
463,Rncnlhhces,Portugal
464,Rngxiie,Portugal
465,Rooa,Portugal
466,Rpolomeu De Cas,Portugal
467,Rreira,Portugal
468,Rrifana,Portugal
469,Rs Les,Portugal
470,Rsbanias,Portugal
471,Rsolomeu De Alm,Portugal
472,S De Lima,Portugal
473,Sana,Portugal
474,Santiago Da Cov,Portugal
475,Sbergariao,Portugal
476,Sbon,Portugal
477,Sbrreira,Portugal
478,Scepeda,Portugal
479,Scoa,Portugal
480,Scolhe,Portugal
481,Seira,Portugal
482,Sem,Portugal
483,Serpa,Portugal
484,Shete,Portugal
485,Sho Santa Cruz ,Portugal
486,Shota Das Santo,Portugal
487,Slmeira,Portugal
488,Snbncalegos,Portugal
489,Sno Da Palmeira,Portugal
490,Sntijo,Portugal
491,Soua,Portugal
492,Sove,Portugal
493,Ssama,Portugal
494,Ssines,Portugal
495,Sveleda,Portugal
496,Talha,Portugal
497,Tas,Portugal
498,Tegos,Portugal
499,Temor-O-Novo,Portugal
500,Tguriao,Portugal
501,Tiaparia-A-Velh,Portugal
502,Timbda,Portugal
503,Tiopo,Portugal
504,Tloa,Portugal
505,To Adriao,Portugal
506,Tola,Portugal
507,Tolomeu De Sant,Portugal
508,Tomao,Portugal
509,Tonaiarede,Portugal
510,Tujo,Portugal
511,Tvola,Portugal
512,Uces,Portugal
513,Uces De Cambra,Portugal
514,Ufaia,Portugal
515,Ufeira,Portugal
516,Ufeirim,Portugal
517,Ufiia,Portugal
518,Ufiia Ao Pedrou,Portugal
519,Ufiiana,Portugal
520,Uhede,Portugal
521,Unte,Portugal
522,Unte Real,Portugal
523,Uzede,Portugal
524,Uzedo,Portugal
525,Valada,Portugal
526,Vedro Made,Portugal
527,Veira,Portugal
528,Veirim,Portugal
529,Veleda,Portugal
530,Veledade,Portugal
531,Velha,Portugal
532,Velhe,Portugal
533,Vepadi,Portugal
534,Ver-O-Mar,Portugal
535,Ver-O-Marim,Portugal
536,Ver-O-Nova De C,Portugal
537,Ver-O-Novo,Portugal
538,Vevrandola,Portugal
539,Vgua,Portugal
540,Vlalegos,Portugal
541,Vlalpas,Portugal
542,Vlela,Portugal
543,Vlhe,Portugal
544,Vmal,Portugal
545,Vnhede,Portugal
546,Vpledade,Portugal
547,Vualde,Portugal
548,Vvaladarem,Portugal
549,Xeira,Portugal
550,Xideche,Portugal
551,Xidechete,Portugal
552,Xnte,Portugal
553,Xondim De Almar,Portugal
554,Xondim De Almei,Portugal
555,Xondim De Ceped,Portugal
556,Xonmiidacem,Portugal
557,Xos,Portugal
558,Zede,Portugal
559,Zedes,Portugal
560,Zedo,Portugal
