,Name,Origin
0,Ben Sgueros,Puerto Rico
1,Bra,Puerto Rico
2,Brladilla,Puerto Rico
3,Brlalba,Puerto Rico
4,Brlas,Puerto Rico
5,Brna,Puerto Rico
6,Elrs,Puerto Rico
7,Grandelas,Puerto Rico
8,Lba,Puerto Rico
9,Lnas,Puerto Rico
10,Lta,Puerto Rico
11,Mcan,Puerto Rico
12,Mcunoa,Puerto Rico
13,Mjatolinasco,Puerto Rico
14,Mlan,Puerto Rico
15,Mlgueros,Puerto Rico
16,Mlla,Puerto Rico
17,Mllalba,Puerto Rico
18,Mlna,Puerto Rico
19,Mlra,Puerto Rico
20,Mlrcllo,Puerto Rico
21,Mlya,Puerto Rico
22,Mpanilla,Puerto Rico
23,Mrande,Puerto Rico
24,Mranjito,Puerto Rico
25,Mregindo,Puerto Rico
26,Mregunda,Puerto Rico
27,Mrncan,Puerto Rico
28,Murabo Rojo,Puerto Rico
29,Myagueez,Puerto Rico
30,Myagueros,Puerto Rico
31,Myauiaa,Puerto Rico
32,Myguce,Puerto Rico
33,Myya,Puerto Rico
34,Myyanilla,Puerto Rico
35,Nmlla,Puerto Rico
36,Nmulabana Grand,Puerto Rico
37,Nrelisa,Puerto Rico
38,Nres,Puerto Rico
39,Nro,Puerto Rico
40,Orovis,Puerto Rico
41,Rande,Puerto Rico
42,Randela,Puerto Rico
43,Randelan,Puerto Rico
44,Randelaria,Puerto Rico
45,Ranjito,Puerto Rico
46,Rba,Puerto Rico
47,Rba Aria,Puerto Rico
48,Rba Tian,Puerto Rico
49,Rceloneta,Puerto Rico
50,Rebastiago,Puerto Rico
51,Rebastian,Puerto Rico
52,Recibo,Puerto Rico
53,Rega Alta,Puerto Rico
54,Rega Arecibo,Puerto Rico
55,Rega Arenas,Puerto Rico
56,Rega Arenasco,Puerto Rico
57,Rega Debastian,Puerto Rico
58,Regando,Puerto Rico
59,Regindolln,Puerto Rico
60,Regr Antonio,Puerto Rico
61,Regunda,Puerto Rico
62,Regundallns,Puerto Rico
63,Relinas,Puerto Rico
64,Relinasco,Puerto Rico
65,Relira,Puerto Rico
66,Relis,Puerto Rico
67,Relisa,Puerto Rico
68,Renas,Puerto Rico
69,Renasco,Puerto Rico
70,Renassira,Puerto Rico
71,Revittown,Puerto Rico
72,Reyaria,Puerto Rico
73,Rgnaycyn,Puerto Rico
74,Rina,Puerto Rico
75,Rjnago,Puerto Rico
76,Rla,Puerto Rico
77,Rlas,Puerto Rico
78,Rlba,Puerto Rico
79,Rlciloaearenas,Puerto Rico
80,Rlcllo,Puerto Rico
81,Rlna,Puerto Rico
82,Rlnas,Puerto Rico
83,Rlnasco,Puerto Rico
84,Rlnde,Puerto Rico
85,Rlndela,Puerto Rico
86,Rlndelaria,Puerto Rico
87,Rlndelaria Alta,Puerto Rico
88,Rlndelaricao,Puerto Rico
89,Rlndelas,Puerto Rico
90,Rlnillo,Puerto Rico
91,Rlnlba,Puerto Rico
92,Rlnlelras,Puerto Rico
93,Rlnlelrilaabo R,Puerto Rico
94,Rmagueez,Puerto Rico
95,Rmagueros,Puerto Rico
96,Rmcgbo,Puerto Rico
97,Rmcggo,Puerto Rico
98,Rmcggocevittown,Puerto Rico
99,Rmcggodeva,Puerto Rico
100,Rmcggodevatilla,Puerto Rico
101,Rmcggodevatillo,Puerto Rico
102,Rmcgno,Puerto Rico
103,Rmggueez,Puerto Rico
104,Rmigueez,Puerto Rico
105,Rmigueros,Puerto Rico
106,Rmngueez,Puerto Rico
107,Rna Grande,Puerto Rico
108,Rnado,Puerto Rico
109,Rnndelas,Puerto Rico
110,Roa,Puerto Rico
111,Roco,Puerto Rico
112,Rocovis,Puerto Rico
113,Rolina,Puerto Rico
114,Rolinas,Puerto Rico
115,Ron,Puerto Rico
116,Ronatillo,Puerto Rico
117,Ronato,Puerto Rico
118,Ronatolina,Puerto Rico
119,Ronatolinasco,Puerto Rico
120,Rondo,Puerto Rico
121,Ronio,Puerto Rico
122,Ronstian,Puerto Rico
123,Ros,Puerto Rico
124,Rrado,Puerto Rico
125,Rrasjiro,Puerto Rico
126,Rrcdlo,Puerto Rico
127,Rrco,Puerto Rico
128,Rrcolinas,Puerto Rico
129,Rrcoloneta,Puerto Rico
130,Rre,Puerto Rico
131,Rre Segunda,Puerto Rico
132,Rrebastian,Puerto Rico
133,Rredi,Puerto Rico
134,Rredirla,Puerto Rico
135,Rredis,Puerto Rico
136,Rrega Alta,Puerto Rico
137,Rrega Arecibo,Puerto Rico
138,Rrela,Puerto Rico
139,Rrelaricao,Puerto Rico
140,Rrelas,Puerto Rico
141,Rrelia,Puerto Rico
142,Rrelina,Puerto Rico
143,Rrelinas,Puerto Rico
144,Rrelinasco,Puerto Rico
145,Rrelira,Puerto Rico
146,Rreliraado,Puerto Rico
147,Rreliracoo,Puerto Rico
148,Rrelirao,Puerto Rico
149,Rrelis,Puerto Rico
150,Rrelisa,Puerto Rico
151,Rres,Puerto Rico
152,Rrid,Puerto Rico
153,Rrid ,Puerto Rico
154,Rrida,Puerto Rico
155,Rril Asco,Puerto Rico
156,Rrila,Puerto Rico
157,Rrilao,Puerto Rico
158,Rrlba,Puerto Rico
159,Rrldi,Puerto Rico
160,Rrnda,Puerto Rico
161,Rrnde,Puerto Rico
162,Rrndelaria Arec,Puerto Rico
163,Rro,Puerto Rico
164,Rrodio,Puerto Rico
165,Rrolinas,Puerto Rico
166,Rros,Puerto Rico
167,Rta Segunda,Puerto Rico
168,Rtado,Puerto Rico
169,Rulabana Grande,Puerto Rico
170,Rulabo,Puerto Rico
171,Ruldb,Puerto Rico
172,Runda,Puerto Rico
173,Rya,Puerto Rico
174,Rya San Antonio,Puerto Rico
175,Rya Santiago,Puerto Rico
176,Ryagueez,Puerto Rico
177,Ryagueros,Puerto Rico
178,Rycan,Puerto Rico
179,Rycoco,Puerto Rico
180,Ryggueez,Puerto Rico
181,Tbana Grande,Puerto Rico
182,Trid,Puerto Rico
183,Trid ,Puerto Rico
184,Triw,Puerto Rico
185,Triw ,Puerto Rico
186,Trow,Puerto Rico
187,Tuldb,Puerto Rico
188,Tyagueros,Puerto Rico
189,Tyanillas,Puerto Rico
190,Ulabba Aria,Puerto Rico
191,Ulabba Aria Alt,Puerto Rico
192,Ulba,Puerto Rico
193,Ullb,Puerto Rico
194,Urado,Puerto Rico
195,Urecibo,Puerto Rico
196,Yagueez,Puerto Rico
197,Yanilla,Puerto Rico
198,Yayigueros,Puerto Rico
199,Yayuya,Puerto Rico
200,Ylya,Puerto Rico
201,Yrya,Puerto Rico
202,Yrya Seca,Puerto Rico
203,Yryagueez,Puerto Rico
204,Yryggudebastiag,Puerto Rico
205,Yryggudebastian,Puerto Rico
206,Yryggueez,Puerto Rico
207,Yryida,Puerto Rico
208,Yta,Puerto Rico
209,Yuya,Puerto Rico
210,Yyagueros,Puerto Rico
211,Yyanillo,Puerto Rico
212,Yyunabo Rojo,Puerto Rico
