,Name,Origin
0, De Sub Murfatl,Romania
1, Etrica,Romania
2, Manesti,Romania
3, Marei,Romania
4, Uscani,Romania
5, Vladiru,Romania
6,-Fageata,Romania
7,-Fpzdu,Romania
8,-Il5A Teius,Romania
9,-Ir4Ia,Romania
10,-R1Hara,Romania
11,1Charele-Dez,Romania
12,1Diteni,Romania
13,1Echitoasa,Romania
14,1Ecuiesc,Romania
15,1Ecuiescu,Romania
16,1Eg,Romania
17,1Enau,Romania
18,1Ia,Romania
19,1Ica,Romania
20,1Ores,Romania
21,1Orescu,Romania
22,1Tasa,Romania
23,1Telimon,Romania
24,1Telu,Romania
25,1Teria,Romania
26,1Titioaracinest,Romania
27,1Titoasa,Romania
28,4Lu,Romania
29,4Mi,Romania
30,4Ticlea,Romania
31,5La,Romania
32,5Ma,Romania
33,5Manastacaeni,Romania
34,5Mi,Romania
35,6 De Jos,Romania
36,6 Mihai Vechint,Romania
37,6Rei,Romania
38,6Resti,Romania
39,A- Mari,Romania
40,Aaasilau,Romania
41,Aabaoanesti,Romania
42,Aadures,Romania
43,Aagalimon,Romania
44,Aaia,Romania
45,Aaiana,Romania
46,Aajului,Romania
47,Aalau,Romania
48,Aamasesti,Romania
49,Aarundeni-Praia,Romania
50,Abaita,Romania
51,Aband,Romania
52,Abbcea,Romania
53,Abenita,Romania
54,Abi,Romania
55,Acae,Romania
56,Acal,Romania
57,Acnesti,Romania
58,Acnesti-Sat,Romania
59,Acueni,Romania
60,Adag,Romania
61,Adanesti,Romania
62,Adcaa,Romania
63,Adda,Romania
64,Adimirei,Romania
65,Adjud,Romania
66,Adnaiova,Romania
67,Adterieni,Romania
68,Aechiu,Romania
69,Aeci,Romania
70,Aeraestii-Rahti,Romania
71,Aerezu,Romania
72,Afesti,Romania
73,Agataspului Mar,Romania
74,Aghioi,Romania
75,Ahita,Romania
76,Aia,Romania
77,Aiana,Romania
78,Ail Kogalnica,Romania
79,Aiu Mare,Romania
80,Aizail Kogaline,Romania
81,Ajteazu,Romania
82,Alau,Romania
83,Albi,Romania
84,Alhau,Romania
85,Aliman,Romania
86,Almaciu,Romania
87,Alu Lui,Romania
88,Anca De Argesti,Romania
89,Ancraia,Romania
90,Andomiret,Romania
91,Angeorgiu De Jo,Romania
92,Angeorz-Bai,Romania
93,Angeru,Romania
94,Ani,Romania
95,Aninoasa,Romania
96,Anleezeni,Romania
97,Aolteni Sarbu,Romania
98,Arani,Romania
99,Arbii De Sus,Romania
100,Aresti,Romania
101,Ari,Romania
102,Armacin,Romania
103,Armanesti,Romania
104,Armati,Romania
105,Armura Voda,Romania
106,Arnov,Romania
107,Arsca,Romania
108,Arscov,Romania
109,Arva,Romania
110,Arxa,Romania
111,Asau,Romania
112,Ascani,Romania
113,Asdra,Romania
114,Asna,Romania
115,Asnad,Romania
116,Astelu Lui,Romania
117,Asu,Romania
118,Ataajov,Romania
119,Ati,Romania
120,Atjaria,Romania
121,Atjoscova,Romania
122,Atna Teiului,Romania
123,Au Moldovei,Romania
124,Auu Marghioi,Romania
125,Auvesc,Romania
126,Avinesti,Romania
127,Axard,Romania
128,Babaoanescu,Romania
129,Babeni,Romania
130,Baciu,Romania
131,Bai,Romania
132,Balac,Romania
133,Balan,Romania
134,Balcani,Romania
135,Balcesti,Romania
136,Balchiu,Romania
137,Baleni,Romania
138,Balotesti,Romania
139,Baltatei,Romania
140,Bandria,Romania
141,Banesti-Sat,Romania
142,Barcasesti,Romania
143,Barcesti,Romania
144,Bbechi,Romania
145,Bcani,Romania
146,Bchirnovatarane,Romania
147,Beius,Romania
148,Beresti,Romania
149,Beresti-Garlung,Romania
150,Bica,Romania
151,Bicea,Romania
152,Biceanastesti,Romania
153,Biceanu,Romania
154,Biceni,Romania
155,Bicenii De Munt,Romania
156,Bicesti,Romania
157,Bicesti-Tazlauc,Romania
158,Bicestiresti-Sa,Romania
159,Bicezeni,Romania
160,Bil,Romania
161,Bixad,Romania
162,Blaj,Romania
163,Bocanesti-Praia,Romania
164,Bocani,Romania
165,Bolinari,Romania
166,Boresti,Romania
167,Boseti,Romania
168,Brad,Romania
169,Brare,Romania
170,Brarei,Romania
171,Brarelegiu,Romania
172,Breze,Romania
173,Brezeni,Romania
174,Bvrameni,Romania
175,Cajvani,Romania
176,Calati,Romania
177,Cani,Romania
178,Cara,Romania
179,Care,Romania
180,Caresti,Romania
181,Cas,Romania
182,Casesti,Romania
183,Castesti,Romania
184,Ccoava,Romania
185,Cea,Romania
186,Ceraesti,Romania
187,Cerasovenesti,Romania
188,Cernu Secusita,Romania
189,Certenita,Romania
190,Certezeni,Romania
191,Certezenii De S,Romania
192,Chi,Romania
193,Chirnov,Romania
194,Ciacov,Romania
195,Ciacovul,Romania
196,Cioca,Romania
197,Ciora,Romania
198,Cioraneni,Romania
199,Ciori,Romania
200,Ciorias,Romania
201,Ciupea,Romania
202,Ciuperceni,Romania
203,Ciupercesti-Pal,Romania
204,Ciuperculesd,Romania
205,Cja,Romania
206,Cmeci,Romania
207,Cmes-Faget,Romania
208,Cov,Romania
209,Craiova,Romania
210,Crasnadova,Romania
211,Cristelu,Romania
212,Cticeni,Romania
213,Ctoresti,Romania
214,Ctuc,Romania
215,Curescu,Romania
216,Curtenii De Sus,Romania
217,Dabuletu,Romania
218,Dajna Turnu Mic,Romania
219,Dancraia,Romania
220,Dari,Romania
221,Darmasesti,Romania
222,Dbbechea,Romania
223,Dbore,Romania
224,Dcjal,Romania
225,Dda,Romania
226,Ddarmanesti,Romania
227,Ddtaria,Romania
228,Dej,Romania
229,Dej-Earund,Romania
230,Dejmerin,Romania
231,Derscani,Romania
232,Deta,Romania
233,Dhtecusi,Romania
234,Diresti-Oltenit,Romania
235,Dmarnaveni,Romania
236,Dmbrie,Romania
237,Dmbrieni,Romania
238,Dnd Sarbi,Romania
239,Dobrote,Romania
240,Dofteazu,Romania
241,Dornesti,Romania
242,Dra,Romania
243,Draganesti,Romania
244,Ducarelega,Romania
245,Dud,Romania
246,Eacal,Romania
247,Earudus,Romania
248,Easca,Romania
249,Echiol,Romania
250,Echiu,Romania
251,Ector 1,Romania
252,Enii De Pamasin,Romania
253,Eomoru Moldova,Romania
254,Eopricanesti,Romania
255,Eotelu,Romania
256,Erbeasa,Romania
257,Eresti-Sarmasi,Romania
258,Eresu Marele,Romania
259,Eretu,Romania
260,Erezeni,Romania
261,Erezoi,Romania
262,Eria,Romania
263,Esbeclea,Romania
264,Etcani,Romania
265,Etrila,Romania
266,Ezari,Romania
267,F Munte,Romania
268,F Mureaza De Su,Romania
269,Fasesti,Romania
270,Fcluntari,Romania
271,Fcostacarestire,Romania
272,Fdeni,Romania
273,Fdominis,Romania
274,Fdomirei,Romania
275,Fdor 4,Romania
276,Fdorheia,Romania
277,Fdorheim,Romania
278,Fdoru,Romania
279,Fdorundeni,Romania
280,Fdorundenii De ,Romania
281,Fduminis,Romania
282,Fet,Romania
283,Florezeni,Romania
284,Fnos,Romania
285,Focsa,Romania
286,Focuresti,Romania
287,Fot,Romania
288,Frasnad,Romania
289,Frumusancii,Romania
290,Fscr Manele,Romania
291,Ftomiretu,Romania
292,Ftor Vlahitoasa,Romania
293,Ftori-Neamt,Romania
294,Ftur,Romania
295,Fund,Romania
296,Fundeni,Romania
297,G Moldovenesti,Romania
298,Gaiseni,Romania
299,Gaisenita,Romania
300,Galiste,Romania
301,Garla-Marunta,Romania
302,Garlung Moldova,Romania
303,Gata,Romania
304,Gbrote,Romania
305,Gcureazu,Romania
306,Gdita,Romania
307,Gdivani,Romania
308,Geoagadimiresti,Romania
309,Ghenii Mic,Romania
310,Ghenita,Romania
311,Gila,Romania
312,Gilau,Romania
313,Giu,Romania
314,Giurgenita,Romania
315,Gllpeni,Romania
316,Gmes-Faget,Romania
317,Gnusfalac,Romania
318,Gout-Tazlau,Romania
319,Grechirghiol,Romania
320,Grivita,Romania
321,Grumos,Romania
322,Grumus,Romania
323,Grumusica,Romania
324,Gsoru,Romania
325,Gtor 1,Romania
326,Gtote,Romania
327,Gtotesti,Romania
328,Guges,Romania
329,Gura Vale,Romania
330,Gura Valea,Romania
331,Gvladimiresti,Romania
332,Gzolae Balotest,Romania
333,Halae Baltatei,Romania
334,Halaj,Romania
335,Halcean,Romania
336,Halesti,Romania
337,Halmenita,Romania
338,Hbrezu,Romania
339,Hcleja,Romania
340,Hflcov,Romania
341,Hflcraiova,Romania
342,Hfleria,Romania
343,Hfleru,Romania
344,Hgleotjogeata,Romania
345,Hhleni,Romania
346,Hillku De Sub M,Romania
347,Hirlea,Romania
348,Hiscu,Romania
349,Hisin,Romania
350,Hllan,Romania
351,Hllmucar,Romania
352,Hloieni,Romania
353,Hloiesti,Romania
354,Hloiesu Neamt,Romania
355,Holboca,Romania
356,Horebu Mare,Romania
357,Hors,Romania
358,Hota,Romania
359,Hraciuni,Romania
360,Hrei,Romania
361,Hrii De Munt,Romania
362,Hunedoara,Romania
363,Hunedoare,Romania
364,Hunedoarei,Romania
365,Husi,Romania
366,Iare,Romania
367,Ibrote,Romania
368,Ibrotesti,Romania
369,Icdopalau,Romania
370,Iciacova,Romania
371,Iciori-Neamt,Romania
372,Icmes-Faget,Romania
373,Icroila,Romania
374,Ida,Romania
375,Idendead,Romania
376,Idiri Nou,Romania
377,Idra,Romania
378,Iernicesti-Oas,Romania
379,Ihiol,Romania
380,Ihraia,Romania
381,Ii De Muntana,Romania
382,Ii1Ore,Romania
383,Ii5A,Romania
384,Iilorului,Romania
385,Il4A,Romania
386,Il4A Teiulucesc,Romania
387,Iman,Romania
388,Imirei,Romania
389,Ina,Romania
390,Ini,Romania
391,Inlar,Romania
392,Iorului Traieru,Romania
393,Iotra Neamt,Romania
394,Iov,Romania
395,Ipiatra Neamt,Romania
396,Irbicea,Romania
397,Irbii De Munte,Romania
398,Ircoava,Romania
399,Ircului,Romania
400,Ird,Romania
401,Ird Veni,Romania
402,Irei,Romania
403,Iria,Romania
404,Irovinari,Romania
405,Irsoara,Romania
406,Iscu Sectori-Ne,Romania
407,Islaz,Romania
408,Ispel,Romania
409,Istrajna Teodor,Romania
410,Ita,Romania
411,Iulia,Romania
412,Iulias,Romania
413,Iuri,Romania
414,Ivari,Romania
415,Ivcani,Romania
416,Ivesti,Romania
417,Ivesti-Tazlau,Romania
418,Ivestirei,Romania
419,Jcjal,Romania
420,Jcjallug-Nub,Romania
421,Jcjalmeni,Romania
422,Jcjalu Roseti,Romania
423,Jebes,Romania
424,Jebest,Romania
425,Jebesti,Romania
426,Jesc,Romania
427,Jfai,Romania
428,Jijilati,Romania
429,Jos,Romania
430,Jra Dornei,Romania
431,Laianator Marel,Romania
432,Laj,Romania
433,Lati,Romania
434,Lcuri,Romania
435,Ldacarele,Romania
436,Ldacrei,Romania
437,Ldmcar,Romania
438,Ldzcal,Romania
439,Lechsrlea De Su,Romania
440,Leordeni,Romania
441,Lesti,Romania
442,Letca,Romania
443,Lfut,Romania
444,Lgeata,Romania
445,Lghiol,Romania
446,Lhzolae Balciu,Romania
447,Lmuresti,Romania
448,Lmurfat,Romania
449,Lmurges,Romania
450,Lnzdca,Romania
451,Lovrig,Romania
452,Lrazii,Romania
453,Ltovaci,Romania
454,Ltur,Romania
455,Ltztociacov,Romania
456,Ltztociacova,Romania
457,Ludus,Romania
458,Lvicani,Romania
459,M5Is,Romania
460,Maiei,Romania
461,Man,Romania
462,Manesti,Romania
463,Manestii-Rahtiv,Romania
464,Mangeru,Romania
465,Mara,Romania
466,Maraoani,Romania
467,Marges,Romania
468,Marnic Mara,Romania
469,Mastesti,Romania
470,Mastesti-Jiu,Romania
471,Mavrodin,Romania
472,Mdgraia,Romania
473,Mdia,Romania
474,Mer,Romania
475,Merin,Romania
476,Mfarnavoda,Romania
477,Mfretu,Romania
478,Mfrgtoasa,Romania
479,Mfrhtecasestire,Romania
480,Mgrov,Romania
481,Mhogeal,Romania
482,Milipesti,Romania
483,Mirg Doru,Romania
484,Mmgilia,Romania
485,Morasova,Romania
486,Mrmes-Faget,Romania
487,Msicani,Romania
488,Mtioasa,Romania
489,Mugesti,Romania
490,Murea,Romania
491,Murfata,Romania
492,Mvrdmacinesti,Romania
493,Mvrin,Romania
494,Ndicu Voda,Romania
495,Negrestiresti,Romania
496,Negru Mare,Romania
497,Negru Moldoveni,Romania
498,Ngiova,Romania
499,Ngofa,Romania
500,Ngooanesti,Romania
501,Nguleni,Romania
502,Nic,Romania
503,Nicea Nirajesc,Romania
504,Niceni,Romania
505,Nicescuta Mare,Romania
506,Nici,Romania
507,Nicolae Balote,Romania
508,Nicolau,Romania
509,Nicores,Romania
510,Nicortea Lui,Romania
511,Nicov,Romania
512,Nicova,Romania
513,Nicovu De Jos,Romania
514,Niculetu,Romania
515,Nicului,Romania
516,Nta,Romania
517,Oacin,Romania
518,Oal,Romania
519,Oaltatei,Romania
520,Oalticeni,Romania
521,Oan,Romania
522,Oana,Romania
523,Oanasti,Romania
524,Oat,Romania
525,Obinesti-Garaci,Romania
526,Obosiori,Romania
527,Oda,Romania
528,Odesti,Romania
529,Oet,Romania
530,Oeti,Romania
531,Ogodiru,Romania
532,Ogoluntelimon,Romania
533,Ogonoasaud,Romania
534,Ogori-Neamt,Romania
535,Ogosovei,Romania
536,Ogosu,Romania
537,Ogu,Romania
538,Olt,Romania
539,Olteni,Romania
540,Oltenii De Jos,Romania
541,Oltenii De Mure,Romania
542,Ooc Balchi,Romania
543,Oocsa,Romania
544,Ootru Vechi,Romania
545,Ootru Voda,Romania
546,Orasesti-Oas,Romania
547,Orbeascu,Romania
548,Orgiu,Romania
549,Oria,Romania
550,Otelimon,Romania
551,Otelu,Romania
552,Otelu Lui,Romania
553,Otelu Roseni,Romania
554,Otopeni,Romania
555,Otoroagiu Secto,Romania
556,Ountana,Romania
557,Oveni,Romania
558,Oviste,Romania
559,Ovistesti,Romania
560,Ovtea Neamt,Romania
561,Pauletu,Romania
562,Pciu,Romania
563,Pdad,Romania
564,Pddcca,Romania
565,Pdecdrei,Romania
566,Pded,Romania
567,Pdetmi,Romania
568,Pdodesti,Romania
569,Pdud,Romania
570,Pec,Romania
571,Peccova,Romania
572,Pechesti,Romania
573,Pecrila,Romania
574,Petricani,Romania
575,Petrilati,Romania
576,Phisca,Romania
577,Pioransebesti-L,Romania
578,Pisinari,Romania
579,Plopesti,Romania
580,Potlogi,Romania
581,Ppetresu Nou,Romania
582,Prejmeria,Romania
583,Preutesti,Romania
584,Pstelu,Romania
585,Ptalpeni,Romania
586,Pteti,Romania
587,Puiesc,Romania
588,Pzit Osova,Romania
589,Ra Soimului,Romania
590,Rad,Romania
591,Radoveni,Romania
592,Raduni,Romania
593,Raiana,Romania
594,Ramarasu,Romania
595,Ramarnov,Romania
596,Ramarnovaciu,Romania
597,Ranescu,Romania
598,Rani,Romania
599,Raseni,Romania
600,Rasia,Romania
601,Rasna,Romania
602,Rastaca,Romania
603,Raveni,Romania
604,Rbesti,Romania
605,Rbhicleni,Romania
606,Rbiceni,Romania
607,Rbicesti,Romania
608,Rbmanesti,Romania
609,Rbsebesti-Palea,Romania
610,Rca,Romania
611,Rcasesti,Romania
612,Rdeni Sarmasest,Romania
613,Recembrie,Romania
614,Recheni,Romania
615,Redea,Romania
616,Rhmarasti,Romania
617,Rhucioarasesti,Romania
618,Rhvicanesti,Romania
619,Rhzu,Romania
620,Ricanesti,Romania
621,Ripovata,Romania
622,Ristesti,Romania
623,Rmamina,Romania
624,Rmaminis,Romania
625,Rmanteni,Romania
626,Rmasu,Romania
627,Rmataracani,Romania
628,Rmeaia,Romania
629,Rmesti,Romania
630,Rmisauti-Garans,Romania
631,Rmuciu,Romania
632,Rpcan,Romania
633,Rrcasesti-Saric,Romania
634,Rrsilau,Romania
635,Rssu,Romania
636,Rucares,Romania
637,Rzicesti,Romania
638,Sacar,Romania
639,Sadovei,Romania
640,Saget,Romania
641,Sanpetresti-Oas,Romania
642,Savina,Romania
643,Sbreze,Romania
644,Sbrezoi,Romania
645,Sbrie,Romania
646,Sca,Romania
647,Scheia,Romania
648,Scheni,Romania
649,Schestirestii D,Romania
650,Score,Romania
651,Scorteze,Romania
652,Scov,Romania
653,Sda,Romania
654,Simiresti,Romania
655,Slu-Lurlungeru,Romania
656,Smes-Fageata,Romania
657,Sngoru,Romania
658,Somaneasa,Romania
659,Somcut,Romania
660,Somcuta Calaz,Romania
661,Sotesti,Romania
662,Sova,Romania
663,Sovanasta Calia,Romania
664,Sovanu,Romania
665,Spercea De Jos,Romania
666,Srceni,Romania
667,Ssa Besti,Romania
668,Stanasti-Leorde,Romania
669,Sti,Romania
670,Stiresti-Garaol,Romania
671,Suharele,Romania
672,Suseni,Romania
673,T1Ocesti,Romania
674,T1Rig,Romania
675,T4Aaganesti,Romania
676,T4Ac,Romania
677,T4T Marani,Romania
678,T5Aa,Romania
679,T5Lcani,Romania
680,T5Maiercului,Romania
681,T5Manastesti,Romania
682,T6Aa,Romania
683,T6Maiercea,Romania
684,T6Resti,Romania
685,T6T Mic,Romania
686,Talmaciu,Romania
687,Tcacani,Romania
688,Tcarad,Romania
689,Tctari,Romania
690,Tdita,Romania
691,Teaca,Romania
692,Techirlea Vaiin,Romania
693,Teius,Romania
694,Telciulucesti-G,Romania
695,Ticlea De Sus,Romania
696,Ticleni,Romania
697,Tifesti,Romania
698,Tirea Nirajului,Romania
699,Tisman,Romania
700,Tismanandria,Romania
701,Totalmaci,Romania
702,Totrtaza,Romania
703,Trit,Romania
704,Tritestii Nou,Romania
705,Tudoru Vechea,Romania
706,Tufesti,Romania
707,Tutovani,Romania
708,Tvdari,Romania
709,Tveliman,Romania
710,Tzil,Romania
711,Uabesti,Romania
712,Uabesti-Olt,Romania
713,Uabestii De Jos,Romania
714,Uabuletu,Romania
715,Uadanciu,Romania
716,Ualae Baleni,Romania
717,Ualueti,Romania
718,Ualus Mic,Romania
719,Ualuxandria,Romania
720,Ualuxludalbi,Romania
721,Uatulung Moldov,Romania
722,Udesti,Romania
723,Uftusnad,Romania
724,Ugenita,Romania
725,Ugra Dornesti,Romania
726,Uilaa,Romania
727,Ujlu,Romania
728,Ulteti,Romania
729,Ultun,Romania
730,Upcaeni,Romania
731,Upsita,Romania
732,Uptu Margu Secu,Romania
733,Urgeni,Romania
734,Valeni,Romania
735,Vanator Sarbice,Romania
736,Vdrias,Romania
737,Venesti-Garlung,Romania
738,Veresu Noi,Romania
739,Veretu,Romania
740,Verezenii De Jo,Romania
741,Verezu,Romania
742,Vhiilu Lui Trit,Romania
743,Vicanesti,Romania
744,Vidra,Romania
745,Viisoara,Romania
746,Vlahida,Romania
747,Voinesti-Satu M,Romania
748,Volung Moldoven,Romania
749,Vrameni,Romania
750,Vrasu Mare,Romania
751,Vsdemusanii Man,Romania
752,Xaad,Romania
753,Xandria,Romania
754,Xata,Romania
755,Ziceana Teodora,Romania
756,Ziceni,Romania
757,Zicesti,Romania
758,Zii De Sus,Romania
