,Name,Origin
0, Uis,Senegal
1,'Diareme,Senegal
2,'Diareme Limamo,Senegal
3,'Diaye,Senegal
4,-Oll,Senegal
5,Akar,Senegal
6,Akouesho,Senegal
7,Ara,Senegal
8,Arbal,Senegal
9,Areme,Senegal
10,Aro Soguine,Senegal
11,Aro-Dougou,Senegal
12,Aro-Solick,Senegal
13,Arousdiougou,Senegal
14,Assi,Senegal
15,Atam,Senegal
16,Ayar,Senegal
17,Ckones,Senegal
18,Cundiourham,Senegal
19,Diaye,Senegal
20,Diourbel,Senegal
21,Diourham,Senegal
22,Dougne,Senegal
23,Drofdong,Senegal
24,Ekhokh,Senegal
25,Emo Lumacounda,Senegal
26,Fiir-Tllege,Senegal
27,Fior,Senegal
28,Fioro Du Rip,Senegal
29,Fioro Sogui,Senegal
30,Fioro Soguincho,Senegal
31,Ftiokone,Senegal
32,Futick,Senegal
33,Gui,Senegal
34,Guinchor,Senegal
35,Guine,Senegal
36,Guineo,Senegal
37,Guingui,Senegal
38,Guinguinchor,Senegal
39,Iake,Senegal
40,Iareme Limamoul,Senegal
41,Iat-Coundiougou,Senegal
42,Iat-Moll,Senegal
43,Iatem,Senegal
44,Iaye,Senegal
45,Ichard-Toll,Senegal
46,Ick,Senegal
47,Idiougou,Senegal
48,Iguina,Senegal
49,Iguinguinchor,Senegal
50,Ikene Dahra,Senegal
51,Ikine,Senegal
52,Ikone,Senegal
53,Ikones,Senegal
54,Ilree,Senegal
55,Iokones,Senegal
56,Iolrchor,Senegal
57,Iouga,Senegal
58,Iougne,Senegal
59,Iougou,Senegal
60,Ioum,Senegal
61,Iourbel,Senegal
62,Iourham,Senegal
63,Isoum,Senegal
64,It-Moll,Senegal
65,It-Moulaye,Senegal
66,Iye,Senegal
67,K Ne Dahra,Senegal
68,K Neh,Senegal
69,K Nes,Senegal
70,Kak,Senegal
71,Kan,Senegal
72,Kanki,Senegal
73,Kankio,Senegal
74,Kankl,Senegal
75,Kguekhokh,Senegal
76,Khekhokh,Senegal
77,Khekl,Senegal
78,Khiksne,Senegal
79,Khnkhekl,Senegal
80,Khokh,Senegal
81,Khre,Senegal
82,Kine,Senegal
83,Kineo,Senegal
84,Kkne,Senegal
85,Kknne,Senegal
86,Klneo,Senegal
87,Koke,Senegal
88,Kol,Senegal
89,Kole,Senegal
90,Kolere,Senegal
91,Kone,Senegal
92,Kones,Senegal
93,Kouede,Senegal
94,Kouediougne,Senegal
95,Kouegheul,Senegal
96,Koueghou,Senegal
97,Koues,Senegal
98,Koues None,Senegal
99,Koues Nones,Senegal
100,Kouesbn,Senegal
101,Kouesh,Senegal
102,Koueshi,Senegal
103,Koueshil,Senegal
104,Koueshiosgou,Senegal
105,Koueshnm,Senegal
106,Kouesho,Senegal
107,Koueshou,Senegal
108,Koueshouba,Senegal
109,Koueshoulaye,Senegal
110,Kouessn,Senegal
111,Kounda,Senegal
112,Kunkhekhiks,Senegal
113,Kunkhekhokh,Senegal
114,L-Gaoanaiatem,Senegal
115,Lareme,Senegal
116,Lareme Limamoul,Senegal
117,Lasiil-Ye,Senegal
118,Laye,Senegal
119,Lgui,Senegal
120,Licc,Senegal
121,Licgara,Senegal
122,Licgunkhekhiksn,Senegal
123,Lick,Senegal
124,Ligana,Senegal
125,Ligaoanguinchor,Senegal
126,Likan,Senegal
127,Lingara,Senegal
128,Lioguinchor,Senegal
129,Lioguinguinchor,Senegal
130,Liouga,Senegal
131,Lioum,Senegal
132,Lkar,Senegal
133,Lke,Senegal
134,Lkine,Senegal
135,Lkineo,Senegal
136,Lkioe,Senegal
137,Louga,Senegal
138,Lougne,Senegal
139,Louis,Senegal
140,Lra,Senegal
141,Lreel,Senegal
142,Lrees,Senegal
143,Lroussio,Senegal
144,Lrrese ,Senegal
145,Lrrezeo Uugheul,Senegal
146,Luiicnanaliarem,Senegal
147,Lure Soguine,Senegal
148,Mlol,Senegal
149,Moulaye,Senegal
150,Nguinchor,Senegal
151,Nior,Senegal
152,Nkheksi,Senegal
153,Nuibone,Senegal
154,Okone,Senegal
155,Olack,Senegal
156,Oourbel,Senegal
157,Ouga,Senegal
158,Ougne,Senegal
159,Ougou,Senegal
160,Oum,Senegal
161,Ourbel,Senegal
162,Ourham,Senegal
163,Ozsoougne,Senegal
164,Pki,Senegal
165,Pkiie,Senegal
166,Pkire,Senegal
167,R Smguokh,Senegal
168,Raoznooanouas,Senegal
169,Rbal,Senegal
170,Rbel,Senegal
171,Rchor,Senegal
172,Rd-Toll,Senegal
173,Re Siguingui,Senegal
174,Re Soguinguinga,Senegal
175,Rede,Senegal
176,Reme,Senegal
177,Reme Limamoulay,Senegal
178,Rguekhokh,Senegal
179,Rham,Senegal
180,Rhombolere,Senegal
181,Rioe,Senegal
182,Rioem,Senegal
183,Rk Segiint-Loui,Senegal
184,Ro Du,Senegal
185,Ro Du Rip,Senegal
186,Ro Sogui,Senegal
187,Ro Soguinchor,Senegal
188,Ro Soguine,Senegal
189,Ro Soguineo,Senegal
190,Ro Soguingara,Senegal
191,Ro Soguinguingu,Senegal
192,Rolda,Senegal
193,Rolsck,Senegal
194,Rouda,Senegal
195,Roudayar,Senegal
196,Rouddiareme,Senegal
197,Roudguekhokh,Senegal
198,Roudiareme Lima,Senegal
199,Roudouga,Senegal
200,Rouds,Senegal
201,Rous,Senegal
202,Rousaene Dahta,Senegal
203,Rousaint-Lougou,Senegal
204,Rousaye,Senegal
205,Rousgauatick,Senegal
206,Rousne,Senegal
207,Rousoe,Senegal
208,Rousoeu Ngheul,Senegal
209,Rousoeuones,Senegal
210,Rousofioro Du R,Senegal
211,Rousogui,Senegal
212,Rousohias,Senegal
213,Rousohou,Senegal
214,Rousoionk Essi,Senegal
215,Rousokone,Senegal
216,Rousokoned,Senegal
217,Rousokones,Senegal
218,Rousolu,Senegal
219,Rousoluck,Senegal
220,Rousouus,Senegal
221,Rouss,Senegal
222,Rousseu,Senegal
223,Roussgu,Senegal
224,Roussguine,Senegal
225,Roussio,Senegal
226,Roussioum,Senegal
227,Roussiourham,Senegal
228,Roussoum,Senegal
229,Roustinkoe,Senegal
230,Rs So Mo Lum,Senegal
231,Ski,Senegal
232,Skine,Senegal
233,Slougou,Senegal
234,Smiol,Senegal
235,Soum,Senegal
236,Sro,Senegal
237,T-Ko,Senegal
238,T-Kolere,Senegal
239,T-Louga,Senegal
240,T-Lougne,Senegal
241,T-Lougou,Senegal
242,T-Louis,Senegal
243,T-Mo Lum,Senegal
244,T-Moll,Senegal
245,T-Okone,Senegal
246,T-Oll,Senegal
247,T-Oulaye,Senegal
248,T-Uol,Senegal
249,Tak,Senegal
250,Tam,Senegal
251,Tem,Senegal
252,Tfioro Soguinga,Senegal
253,Tiadiareme Lima,Senegal
254,Tick,Senegal
255,Tlekio,Senegal
256,Tluma,Senegal
257,Tokk,Senegal
258,Tol,Senegal
259,Toum,Senegal
260,Tum,Senegal
261,Tzckone,Senegal
262,Ugne,Senegal
263,Ugu,Senegal
264,Uguekhokh,Senegal
265,Ugui,Senegal
266,Uguinchor,Senegal
267,Uguinguinchor,Senegal
268,Uichard-Toll,Senegal
269,Uos,Senegal
270,Ur  Pum,Senegal
271,Ur Dshios,Senegal
272,Urbel,Senegal
273,Urchhr,Senegal
274,Urdatambacoundi,Senegal
275,Urgara,Senegal
276,Urgheul,Senegal
277,Urham,Senegal
278,Utick,Senegal
279,Vllick,Senegal
280,Wuougou,Senegal
281,Yio,Senegal
282,Z Boabab,Senegal
283,Zioum,Senegal
284,Zsoougne,Senegal
285,Zugguinguinchor,Senegal
286,Zuos Boabab,Senegal
