,Name,Origin
0, Banatski Karlo,Serbia
1, Banovac,Serbia
2, Cirade,Serbia
3, Crnjazevac,Serbia
4, Crnji Milosevo,Serbia
5, Trnik,Serbia
6,Aaanatski Karlo,Serbia
7,Aaanjaca,Serbia
8,Aaanovac,Serbia
9,Aaatacik,Serbia
10,Aaatica,Serbia
11,Aaatin,Serbia
12,Aajecar,Serbia
13,Abac,Serbia
14,Abalj,Serbia
15,Abolj,Serbia
16,Aca,Serbia
17,Acko Petrovac,Serbia
18,Adina,Serbia
19,Adistenik,Serbia
20,Ajina,Serbia
21,Ajina Basta,Serbia
22,Ana,Serbia
23,Anatski Karlova,Serbia
24,Anatski Karlovc,Serbia
25,Anatski Knezeva,Serbia
26,Anje,Serbia
27,Aoa,Serbia
28,Aste,Serbia
29,Azevac,Serbia
30,Babol,Serbia
31,Babolin,Serbia
32,Babolj,Serbia
33,Bac,Serbia
34,Badovilj,Serbia
35,Badovinci,Serbia
36,Baja,Serbia
37,Banatski Karlov,Serbia
38,Banjanin,Serbia
39,Banova,Serbia
40,Banova Palanka,Serbia
41,Banova Pazovac,Serbia
42,Banovac,Serbia
43,Banovarade,Serbia
44,Banovaradin,Serbia
45,Banovci,Serbia
46,Barovilj,Serbia
47,Bas,Serbia
48,Bbanovac,Serbia
49,Bbanovci,Serbia
50,Bccka,Serbia
51,Bccka Mitrovara,Serbia
52,Bcica,Serbia
53,Bgjazevac,Serbia
54,Bgnja,Serbia
55,Bgrovin,Serbia
56,Bjacak,Serbia
57,Bjanin,Serbia
58,Blanova,Serbia
59,Blgradina,Serbia
60,Bmcko Petrovac,Serbia
61,Bnji Milosab,Serbia
62,Bogatica,Serbia
63,Bor,Serbia
64,Bos,Serbia
65,Botic,Serbia
66,Bovi Knezevac,Serbia
67,Bovilj,Serbia
68,Boz,Serbia
69,Bpjjacka Crnji ,Serbia
70,Brcin,Serbia
71,Brcka Crnja,Serbia
72,Brcka Palanka,Serbia
73,Brsne,Serbia
74,Brsnovac,Serbia
75,Brstenik,Serbia
76,Bscka Palanovci,Serbia
77,Bsecok,Serbia
78,Bska Palanovac,Serbia
79,Bska Pazar,Serbia
80,Bssa Pazovac,Serbia
81,Bsta,Serbia
82,Bsti,Serbia
83,Btstenik,Serbia
84,Cac,Serbia
85,Cacak,Serbia
86,Caz,Serbia
87,Ccka,Serbia
88,Ccka Palanka,Serbia
89,Ccka Topola,Serbia
90,Cekovac,Serbia
91,Cel,Serbia
92,Cgedirateciratg,Serbia
93,Cik,Serbia
94,Cin,Serbia
95,Cka Crnjacka Ba,Serbia
96,Cka Crnji Milan,Serbia
97,Cka Pazarevo,Serbia
98,Cka Pazovarade,Serbia
99,Cka Topola,Serbia
100,Ckapbkj,Serbia
101,Ckaptorovo Selo,Serbia
102,Cko Gradina Ban,Serbia
103,Cla,Serbia
104,Clanka,Serbia
105,Clanovac,Serbia
106,Coka,Serbia
107,Cpaja,Serbia
108,Cplaekova,Serbia
109,Cplje,Serbia
110,Crepaja,Serbia
111,Cscad,Serbia
112,Cuk,Serbia
113,Dbab,Serbia
114,Dbabol,Serbia
115,Dbabola,Serbia
116,Dbaboli Aanatsk,Serbia
117,Dbabolj,Serbia
118,Dbadovi Palanov,Serbia
119,Dbanovac,Serbia
120,Dbanovaradina B,Serbia
121,Dbbanovac,Serbia
122,Deternik,Serbia
123,Dimirovin,Serbia
124,Din,Serbia
125,Dina,Serbia
126,Dina Banatski K,Serbia
127,Dina Banj,Serbia
128,Dovi Palanka,Serbia
129,Dzevac,Serbia
130,Eaca,Serbia
131,Eacak,Serbia
132,Eadina Basta,Serbia
133,Eaka,Serbia
134,Eanatski Karlov,Serbia
135,Ebaa,Serbia
136,Ebac,Serbia
137,Ecej,Serbia
138,Ecka Badovilj,Serbia
139,Edbabjc,Serbia
140,Eelarevica,Serbia
141,Egotin,Serbia
142,Egrtvi Karlovci,Serbia
143,Eguteina,Serbia
144,Eina Banatski K,Serbia
145,Ejacak,Serbia
146,Elarevac,Serbia
147,Eljacak,Serbia
148,Elo,Serbia
149,Emcica,Serbia
150,Emeirovo Milank,Serbia
151,Emenevac,Serbia
152,Emenevci,Serbia
153,Emjina,Serbia
154,Emska Topola,Serbia
155,Emski Karlova P,Serbia
156,Emski Karlovac,Serbia
157,Emski Karlovci,Serbia
158,Emski Knezevac,Serbia
159,Epaja,Serbia
160,Erova Pazovarad,Serbia
161,Esto,Serbia
162,Estoni ,Serbia
163,Etrova,Serbia
164,Etrovo Selo,Serbia
165,Evac,Serbia
166,Gbol,Serbia
167,Gkrnjanisic,Serbia
168,Gredir,Serbia
169,Grediranj,Serbia
170,Gredirarstenik,Serbia
171,Gredirateciratk,Serbia
172,Grediratic,Serbia
173,Gredirato,Serbia
174,Grediratski Kne,Serbia
175,Gredirattcaj,Serbia
176,Grediravgcaz,Serbia
177,Grediravica,Serbia
178,Gredirin,Serbia
179,Gredirit,Serbia
180,Gredirita,Serbia
181,Gredirova,Serbia
182,Grrdevica,Serbia
183,Grrdin,Serbia
184,Gubetnr,Serbia
185,Gubetnri Palank,Serbia
186,Gubotica,Serbia
187,Gubotin,Serbia
188,Gujevac,Serbia
189,Gupeternik,Serbia
190,Guregrevo,Serbia
191,Guregrtvo,Serbia
192,Gureguteina,Serbia
193,Gureguteina Ban,Serbia
194,Gureguteina Bas,Serbia
195,Gureguteino,Serbia
196,Gureguteinoiac,Serbia
197,Gureguteinovci,Serbia
198,Gureguteo,Serbia
199,Gurevac,Serbia
200,Gurevica,Serbia
201,Gurevo,Serbia
202,Gurevska Milose,Serbia
203,Guteina,Serbia
204,Guteino,Serbia
205,Guteino Cin,Serbia
206,Gutevica,Serbia
207,Guueguteina,Serbia
208,Guueguteina Ban,Serbia
209,Guueguteina Bas,Serbia
210,Guuegutel,Serbia
211,Guuevo,Serbia
212,Guupgujevac,Serbia
213,Guuregotic,Serbia
214,Guureguteina,Serbia
215,Guureguteinovac,Serbia
216,Guurevac,Serbia
217,Guuuguteina,Serbia
218,Guuuguteina Ban,Serbia
219,Guuuguteina Bas,Serbia
220,Guuugutevica,Serbia
221,I Pazova Pazare,Serbia
222,Ibola,Serbia
223,Ici,Serbia
224,Ija,Serbia
225,Ilroz,Serbia
226,Iponovci,Serbia
227,Irntk,Serbia
228,Isr,Serbia
229,Istenik,Serbia
230,Ivanatski Karlo,Serbia
231,Jaca,Serbia
232,Jacak,Serbia
233,Jacka,Serbia
234,Jacka Banatski ,Serbia
235,Jacko Grade,Serbia
236,Jacko Gradin,Serbia
237,Jacko Petrovilj,Serbia
238,Jagodina,Serbia
239,Janin,Serbia
240,Janisic,Serbia
241,Jazevac,Serbia
242,Jbaa,Serbia
243,Jbac,Serbia
244,Jecar,Serbia
245,Jggidina,Serbia
246,Jggouici ,Serbia
247,Jgotica,Serbia
248,Jgriva,Serbia
249,Jgrivac,Serbia
250,Jgulevac,Serbia
251,Jgurevska Basta,Serbia
252,Jguteina,Serbia
253,Jguteina Banats,Serbia
254,Jguteino,Serbia
255,Ji Milanka,Serbia
256,Ji Milanovac,Serbia
257,Ji Mitrova,Serbia
258,Jina,Serbia
259,Jina Banatski K,Serbia
260,Jmgoiin,Serbia
261,Jozar,Serbia
262,Jpgija,Serbia
263,Jpgojina,Serbia
264,Jpzarevac,Serbia
265,Jska Mitrovo Se,Serbia
266,Kajl,Serbia
267,Karlovci,Serbia
268,Knja,Serbia
269,Kuagujevac,Serbia
270,Kubgtln,Serbia
271,Kublt,Serbia
272,Kubltna,Serbia
273,Kubutla,Serbia
274,Kuplje,Serbia
275,Kurgrediratin,Serbia
276,Kurlgradina Ban,Serbia
277,Kurug,Serbia
278,Kuuuguteina,Serbia
279,Kuuuguteina Bas,Serbia
280,Kuzar,Serbia
281,Ladimirot,Serbia
282,Ladin,Serbia
283,Ladiste,Serbia
284,Ladistenik,Serbia
285,Lanka,Serbia
286,Lelarevska Pazo,Serbia
287,Lgradina,Serbia
288,Lgradistenik,Serbia
289,Lgupeternik,Serbia
290,Ljaca,Serbia
291,Lovac,Serbia
292,Lpalanka,Serbia
293,Lpalanova Palan,Serbia
294,Lpanj,Serbia
295,Lpska Basta,Serbia
296,Lpska Palanka,Serbia
297,Lpska Pazarevic,Serbia
298,Lpzarevac,Serbia
299,Lrpska Crnji Mi,Serbia
300,Lska Palanova P,Serbia
301,Mbor,Serbia
302,Mcica,Serbia
303,Mckk Ppzazevac,Serbia
304,Mdiratin,Serbia
305,Mecej,Serbia
306,Mederevska Crnj,Serbia
307,Mel,Serbia
308,Melarevo,Serbia
309,Melarevska Top,Serbia
310,Melevac,Serbia
311,Melo,Serbia
312,Meternik,Serbia
313,Mgncevo,Serbia
314,Milanka,Serbia
315,Milosevo,Serbia
316,Min,Serbia
317,Minova,Serbia
318,Mjilanovci,Serbia
319,Mlo,Serbia
320,Mobanovac,Serbia
321,Movac,Serbia
322,Mska Banje,Serbia
323,Mska Milosevo,Serbia
324,Mska Mitrovo Se,Serbia
325,Mska Pazarevac,Serbia
326,Mska Topola,Serbia
327,Mski Knezevac,Serbia
328,Msta,Serbia
329,Mun,Serbia
330,Murovilj,Serbia
331,Mzrenjazevac,Serbia
332,Ncka Banatski K,Serbia
333,Ngu,Serbia
334,Nguieternik,Serbia
335,Nja,Serbia
336,Njaca,Serbia
337,Njacka,Serbia
338,Njacko Petrovo,Serbia
339,Njanin,Serbia
340,Njazevac,Serbia
341,Nji Milanovci,Serbia
342,Nji Mitrovi Kar,Serbia
343,Nji Mitrovilj,Serbia
344,Nnjanin,Serbia
345,Novin,Serbia
346,Npaca,Serbia
347,Nski Knezevac,Serbia
348,Nskovac,Serbia
349,Oarevac,Serbia
350,Oarevica,Serbia
351,Obrenjazevac,Serbia
352,Oeternik,Serbia
353,Ombor,Serbia
354,Omcica,Serbia
355,Omelo,Serbia
356,Omzrevska Palan,Serbia
357,Oorevac,Serbia
358,Oorevica,Serbia
359,Opalanka,Serbia
360,Oreguteina,Serbia
361,Orregutein,Serbia
362,Orreguteinoici,Serbia
363,Orreseovac,Serbia
364,Orreseovo Selov,Serbia
365,Orreskovac,Serbia
366,Orrevica,Serbia
367,Orrevska Palano,Serbia
368,Ourevac,Serbia
369,Ova,Serbia
370,Ovac,Serbia
371,Ovo,Serbia
372,Ozrevac,Serbia
373,Paja,Serbia
374,Pbaj,Serbia
375,Pboz,Serbia
376,Pelevac,Serbia
377,Peljaca,Serbia
378,Petrovi Pazovac,Serbia
379,Petrovica,Serbia
380,Petrovo Selovac,Serbia
381,Pgdin,Serbia
382,Pirot,Serbia
383,Pjaja,Serbia
384,Pjajina Basta,Serbia
385,Pjjaca,Serbia
386,Pkjelarevska Cr,Serbia
387,Plje,Serbia
388,Poja,Serbia
389,Pokovac,Serbia
390,Povo,Serbia
391,Povo Milanka,Serbia
392,Povo Mitrovin,Serbia
393,Povo Mitrovo,Serbia
394,Povo Selo,Serbia
395,Povo Selovac,Serbia
396,Povolj,Serbia
397,Ppola,Serbia
398,Prjjaaakovac,Serbia
399,Prjjaazevac,Serbia
400,Prjjaca,Serbia
401,Prjjacko Grade,Serbia
402,Prjjacko Petrov,Serbia
403,Pska Crnja,Serbia
404,Pska Crnjanin,Serbia
405,Pska Crnji Milo,Serbia
406,Pska Topola,Serbia
407,Ptokovac,Serbia
408,Raska Topola,Serbia
409,Rbas,Serbia
410,Rbgrjina,Serbia
411,Rbos,Serbia
412,Rebalj,Serbia
413,Reguteina,Serbia
414,Reguteina Basta,Serbia
415,Regutevica,Serbia
416,Remcica,Serbia
417,Remska Banjazev,Serbia
418,Remski Karlovac,Serbia
419,Remski Karlovc,Serbia
420,Remski Karlovci,Serbia
421,Remski Knezevac,Serbia
422,Repaja,Serbia
423,Rersvc,Serbia
424,Reskova Palanov,Serbia
425,Reskovac,Serbia
426,Resskovac,Serbia
427,Retski Karlovac,Serbia
428,Rguueguteina Ba,Serbia
429,Ritstenik,Serbia
430,Rmecej,Serbia
431,Rnjanin,Serbia
432,Rosia,Serbia
433,Rpaca,Serbia
434,Rpacika,Serbia
435,Rpgkjina Basta,Serbia
436,Rpgrjina,Serbia
437,Rpjaja,Serbia
438,Rpnje,Serbia
439,Rpokovac,Serbia
440,Rppaja,Serbia
441,Rppeje,Serbia
442,Rpska Banatski ,Serbia
443,Rpska Basta,Serbia
444,Rpska Milosevo,Serbia
445,Rpska Palanka,Serbia
446,Rska Topola,Serbia
447,Rvovac,Serbia
448,Sac,Serbia
449,Sbac,Serbia
450,Sbanj,Serbia
451,Sbanovci,Serbia
452,Seeoaridin,Serbia
453,Seevo,Serbia
454,Semcica,Serbia
455,Semenevci,Serbia
456,Semenevska Pala,Serbia
457,Sevo,Serbia
458,Sjanin,Serbia
459,Ska Banatski Kn,Serbia
460,Ska Basta,Serbia
461,Ska Crnja,Serbia
462,Ska Crnji Milan,Serbia
463,Ska Crnji Milos,Serbia
464,Ska Milanka,Serbia
465,Ska Milosevo,Serbia
466,Ska Palanovac,Serbia
467,Ska Pazovac,Serbia
468,Skabpljacka,Serbia
469,Skovaradina,Serbia
470,Sme Erevac,Serbia
471,Smederevica,Serbia
472,Spaja,Serbia
473,Sremski Karlova,Serbia
474,Sremski Knezeva,Serbia
475,Sse,Serbia
476,Ssemenevci,Serbia
477,Ste,Serbia
478,Ste Ornja,Serbia
479,Stenik,Serbia
480,Tacik,Serbia
481,Tanin,Serbia
482,Teternik,Serbia
483,Tgteina Banatsk,Serbia
484,Tktel,Serbia
485,Tote,Serbia
486,Totecija,Serbia
487,Totecir,Serbia
488,Totecirajina,Serbia
489,Toteciratin,Serbia
490,Totecirattcio,Serbia
491,Totel,Serbia
492,Totenik,Serbia
493,Toto,Serbia
494,Tovo,Serbia
495,Tpseaovac,Serbia
496,Tpsta,Serbia
497,Tpsti,Serbia
498,Trovo,Serbia
499,Tsni ,Serbia
500,Tstenik,Serbia
501,Ttseio,Serbia
502,Tza,Serbia
503,Uaka,Serbia
504,Uakacck,Serbia
505,Ubaa,Serbia
506,Ubltski Karlova,Serbia
507,Ubotin,Serbia
508,Ubutlo,Serbia
509,Ucka Palanovci,Serbia
510,Udkaibon,Serbia
511,Uekar,Serbia
512,Ugute,Serbia
513,Uguteina,Serbia
514,Uguteino,Serbia
515,Uguteinovci,Serbia
516,Ujkacck Pptaiia,Serbia
517,Uka,Serbia
518,Uka Pazovac,Serbia
519,Ukaackappajina,Serbia
520,Ukkantn,Serbia
521,Ukkapmilanovci,Serbia
522,Unka,Serbia
523,Uoka,Serbia
524,Upaajina,Serbia
525,Upkajc,Serbia
526,Uprija,Serbia
527,Urcin,Serbia
528,Uregotin,Serbia
529,Ureguteina,Serbia
530,Ureguteino,Serbia
531,Ureguteinoica,Serbia
532,Ureguteinovac,Serbia
533,Ureguteinovci,Serbia
534,Urevac,Serbia
535,Urevo,Serbia
536,Urevska Milosev,Serbia
537,Urkautovo Milos,Serbia
538,Urpgajina,Serbia
539,Urrin,Serbia
540,Urug,Serbia
541,Uugutein,Serbia
542,Vabac,Serbia
543,Vac,Serbia
544,Vanje,Serbia
545,Vbac,Serbia
546,Vbacko Petrovac,Serbia
547,Vbadina,Serbia
548,Vbanovac,Serbia
549,Vcan,Serbia
550,Vci,Serbia
551,Vilj,Serbia
552,Vka,Serbia
553,Vkca,Serbia
554,Vmbar,Serbia
555,Vokmilosevo,Serbia
556,Vovac,Serbia
557,Vrajina Banatsk,Serbia
558,Vrnji Mitrovinc,Serbia
559,Vsta,Serbia
560,Vste,Serbia
561,Vubat,Serbia
562,Vubatic,Serbia
563,Zar,Serbia
564,Zarevac,Serbia
565,Zarevica,Serbia
566,Zarevo,Serbia
567,Zbab,Serbia
568,Zbabola,Serbia
569,Zbabolin,Serbia
570,Zbanovac,Serbia
571,Zbanovci,Serbia
572,Zbbsti,Serbia
573,Zbosin,Serbia
574,Zdenevec,Serbia
575,Zemun,Serbia
576,Zevac,Serbia
577,Zgujevac,Serbia
578,Zja,Serbia
579,Zjenajanisic,Serbia
580,Zjenajina,Serbia
581,Zjenakb,Serbia
582,Zkajmcak,Serbia
583,Zpaajina,Serbia
584,Zpjaja,Serbia
585,Zubutgi,Serbia
586,Zubutlo,Serbia
587,Zva,Serbia
