,Name,Origin
0, Adska Pod Bela,Slovakia
1, Kubin,Slovakia
2, Meder,Slovakia
3, Mestovsky Miku,Slovakia
4, Zno,Slovakia
5,A Dubnica,Slovakia
6,A#Ica,Slovakia
7,Able,Slovakia
8,Abska Stiavnica,Slovakia
9,Acoka,Slovakia
10,Adbonca,Slovakia
11,Adek,Slovakia
12,Ahom,Slovakia
13,Ahy,Slovakia
14,Ajlka Pod Bodvo,Slovakia
15,Ajska Novec,Slovakia
16,Ala,Slovakia
17,Alacky,Slovakia
18,Alanta,Slovakia
19,Alec,Slovakia
20,Alova,Slovakia
21,Alovce,Slovakia
22,Alovce Nad Topl,Slovakia
23,Altar,Slovakia
24,Alucenec,Slovakia
25,Aly,Slovakia
26,Alyc,Slovakia
27,Amestany,Slovakia
28,Amhysov,Slovakia
29,Amhysova Ves,Slovakia
30,Amorin,Slovakia
31,Amorinov,Slovakia
32,Amsra Turzovce ,Slovakia
33,Anova Ves,Slovakia
34,Any,Slovakia
35,Apisska Stropko,Slovakia
36,Ar Nad Toplou,Slovakia
37,Arlev,Slovakia
38,Armemnod,Slovakia
39,Aszonam,Slovakia
40,Atrany,Slovakia
41,Atstany,Slovakia
42,Avny,Slovakia
43,Avska Banovo,Slovakia
44,B Nad Bodvou,Slovakia
45,Banske,Slovakia
46,Bbezovka,Slovakia
47,Bbrnzlakovica,Slovakia
48,Bcezno,Slovakia
49,Benovica,Slovakia
50,Beny,Slovakia
51,Bezrovo,Slovakia
52,Bin,Slovakia
53,Binok,Slovakia
54,Binovce,Slovakia
55,Binovicovce,Slovakia
56,Bknsiavnica,Slovakia
57,Bkzsmavsky Miku,Slovakia
58,Bla,Slovakia
59,Blet,Slovakia
60,Bmanova Ves,Slovakia
61,Bmeder,Slovakia
62,Bmezno,Slovakia
63,Bmiduranovo,Slovakia
64,Bna  Barovo,Slovakia
65,Bnaca,Slovakia
66,Bnad Hrad,Slovakia
67,Bnad Hronom,Slovakia
68,Bnad Toplou,Slovakia
69,Bnad Vahom,Slovakia
70,Bnec,Slovakia
71,Bnidabanska Str,Slovakia
72,Bnilaborce,Slovakia
73,Bova Nad Vahom,Slovakia
74,Bovce,Slovakia
75,Bprd Nodara Tur,Slovakia
76,Brezno,Slovakia
77,Brezova Nad Vah,Slovakia
78,Brin,Slovakia
79,Brina,Slovakia
80,Brinok,Slovakia
81,Brinov,Slovakia
82,Brinov Nad Brat,Slovakia
83,Brinov Nad Vaho,Slovakia
84,Brinova Nad Bod,Slovakia
85,Brinovica Nad V,Slovakia
86,Brinovo,Slovakia
87,Bsina,Slovakia
88,Bstany,Slovakia
89,Btana,Slovakia
90,Btara Turzovka,Slovakia
91,Burany,Slovakia
92,Burca,Slovakia
93,Bzenky Mikulas,Slovakia
94,Bzezovce,Slovakia
95,Bzovce,Slovakia
96,Cala,Slovakia
97,Calanta,Slovakia
98,Ce Nad Brad,Slovakia
99,Cie,Slovakia
100,Clladkovice,Slovakia
101,Cmece,Slovakia
102,Cmlava,Slovakia
103,Cuecovo,Slovakia
104,Cura,Slovakia
105,Curany,Slovakia
106,Czlahom,Slovakia
107,Dala,Slovakia
108,Dalanta,Slovakia
109,Dalnava,Slovakia
110,Danske,Slovakia
111,Dbbnovo,Slovakia
112,Dbnaca,Slovakia
113,Dce,Slovakia
114,Ddbna,Slovakia
115,Dezova Bystrica,Slovakia
116,Dezovka,Slovakia
117,Dhom,Slovakia
118,Dka,Slovakia
119,Dkbnica,Slovakia
120,Dlamorin,Slovakia
121,Dlamorinok,Slovakia
122,Dlarovo,Slovakia
123,Dlbsina,Slovakia
124,Dmarovo,Slovakia
125,Dmbnica,Slovakia
126,Dubnica,Slovakia
127,Dyjava,Slovakia
128,Dzo,Slovakia
129,Dzonamarovo,Slovakia
130,Ebnaca,Slovakia
131,Eca,Slovakia
132,Ecec,Slovakia
133,Edzilaborce,Slovakia
134,Eezovka,Slovakia
135,Ejov,Slovakia
136,Eknimavsky Miku,Slovakia
137,Ela,Slovakia
138,Emnica,Slovakia
139,Encin,Slovakia
140,Enica,Slovakia
141,Esova,Slovakia
142,Esovazska Stiav,Slovakia
143,Euzomberok,Slovakia
144,Ezcanov Nad Top,Slovakia
145,Ezno,Slovakia
146,Ezova,Slovakia
147,Ezova Nad Bela,Slovakia
148,Ezova Pri Dubni,Slovakia
149,Ezovce Ned,Slovakia
150,Ezovka,Slovakia
151,Fela,Slovakia
152,Gelnica,Slovakia
153,Golarok,Slovakia
154,Hbinok,Slovakia
155,Hhor,Slovakia
156,Hine,Slovakia
157,Hinok,Slovakia
158,Hinov,Slovakia
159,Hinovo,Slovakia
160,Hittany,Slovakia
161,Hkinia,Slovakia
162,Hkmopica,Slovakia
163,Hkonala,Slovakia
164,Hlohovec,Slovakia
165,Hmenne,Slovakia
166,Hmestovo,Slovakia
167,Hom,Slovakia
168,Hrin,Slovakia
169,Hrinok,Slovakia
170,Hrinov Nad Bodv,Slovakia
171,Ialovce,Slovakia
172,Iavnica,Slovakia
173,Ibanova Nad Top,Slovakia
174,Ibanska Stiavni,Slovakia
175,Ica,Slovakia
176,Ice,Slovakia
177,Ichalovce Nad V,Slovakia
178,Ikalica,Slovakia
179,Ikr Manovo,Slovakia
180,Ikulas,Slovakia
181,Ikunija,Slovakia
182,Ikunis,Slovakia
183,Ilabornava,Slovakia
184,Ilakovice,Slovakia
185,Ilakovo,Slovakia
186,Ima,Slovakia
187,Immvdza,Slovakia
188,Impvcu,Slovakia
189,Ina,Slovakia
190,Inov,Slovakia
191,Inovo,Slovakia
192,Iny,Slovakia
193,Ipina,Slovakia
194,Iska Pod Bodvou,Slovakia
195,Itra,Slovakia
196,Itunzjov,Slovakia
197,Iumanov Nad Hro,Slovakia
198,Ivu,Slovakia
199,Iytara Lubove M,Slovakia
200,Izanska Nova Du,Slovakia
201,Jev,Slovakia
202,Jla,Slovakia
203,Jlava,Slovakia
204,Jma,Slovakia
205,Jov,Slovakia
206,Jpina,Slovakia
207,Kadbena,Slovakia
208,Kahimavsky Mest,Slovakia
209,Kaji,Slovakia
210,Kalica,Slovakia
211,Kalica Nad Hrad,Slovakia
212,Kapisska Bana,Slovakia
213,Kboietiavnica,Slovakia
214,Kboina,Slovakia
215,Kbpica,Slovakia
216,Kbzmnova,Slovakia
217,Khemeonom,Slovakia
218,Khlmec,Slovakia
219,Khmmernce,Slovakia
220,Khomberok,Slovakia
221,Kklimavsky Hrad,Slovakia
222,Kkom,Slovakia
223,Kksmanska Sobot,Slovakia
224,Kkuminina,Slovakia
225,Klamorin,Slovakia
226,Klamorinok,Slovakia
227,Klom,Slovakia
228,Kmestany,Slovakia
229,Kmesto Nad Brat,Slovakia
230,Kmestovska Byst,Slovakia
231,Kmestovsky Krti,Slovakia
232,Kmestovsky Mest,Slovakia
233,Kmlprcie,Slovakia
234,Kmom,Slovakia
235,Kmsienica,Slovakia
236,Kmurin,Slovakia
237,Kmurinok,Slovakia
238,Kmurinov Nad Hr,Slovakia
239,Kop,Slovakia
240,Kov,Slovakia
241,Kpibska Bebranc,Slovakia
242,Kpiianka Bystri,Slovakia
243,Kremnica,Slovakia
244,Krupina,Slovakia
245,Ksom,Slovakia
246,Ktsstany,Slovakia
247,Kupina,Slovakia
248,Kuzinok,Slovakia
249,Kuzinov,Slovakia
250,Kuzinov Nad Bod,Slovakia
251,Kuzinova Pod Br,Slovakia
252,Kuzinovo,Slovakia
253,Kuzmarno,Slovakia
254,Kuzmarnov Nad V,Slovakia
255,Kuzmarok,Slovakia
256,Kuzmarovo,Slovakia
257,Kuzsmavska Sobr,Slovakia
258,Kvumovicovce,Slovakia
259,Kysucke Nove Mo,Slovakia
260,Kzomberok,Slovakia
261,Laborce,Slovakia
262,Lahom,Slovakia
263,Lalacky,Slovakia
264,Lalkc ,Slovakia
265,Lalova,Slovakia
266,Lalovazska Pri ,Slovakia
267,Lalovce,Slovakia
268,Lalovce Nad Bel,Slovakia
269,Lamorin,Slovakia
270,Lamorinok,Slovakia
271,Lamorinovica,Slovakia
272,Lamorinovo,Slovakia
273,Larok,Slovakia
274,Larovo,Slovakia
275,Lec,Slovakia
276,Lipany,Slovakia
277,Liptovska Bansk,Slovakia
278,Liptovsky Mikul,Slovakia
279,Lkpamhysova,Slovakia
280,Lkpas Nad Toplo,Slovakia
281,Lkpom,Slovakia
282,Lkpom Ara Lubov,Slovakia
283,Lkpri Dubnica,Slovakia
284,Lkptiavnica,Slovakia
285,Lkptis,Slovakia
286,Lmpica,Slovakia
287,Lmprd Bela,Slovakia
288,Lmprd Bodvou,Slovakia
289,Lmprd Lod,Slovakia
290,Lovazska Sobota,Slovakia
291,Lovce,Slovakia
292,Lpica,Slovakia
293,Lymec,Slovakia
294,Lytmichalovce,Slovakia
295,Marnovica,Slovakia
296,Marnovo,Slovakia
297,Marovo,Slovakia
298,Mbrin,Slovakia
299,Mbrrno,Slovakia
300,Mce,Slovakia
301,Mdpina,Slovakia
302,Medzilaborce,Slovakia
303,Medzilakovo,Slovakia
304,Menne,Slovakia
305,Mestovo,Slovakia
306,Michalova,Slovakia
307,Michalova Nad V,Slovakia
308,Michalova Pri D,Slovakia
309,Michalovce,Slovakia
310,Mladkovica,Slovakia
311,Mlava,Slovakia
312,Mmichalova,Slovakia
313,Mmichalovazska ,Slovakia
314,Mmichalovce,Slovakia
315,Mmisuava,Slovakia
316,Mmmichalovce Na,Slovakia
317,Mmrica,Slovakia
318,Modra,Slovakia
319,Mopiova,Slovakia
320,Mpica,Slovakia
321,Mpica Nad Vahom,Slovakia
322,Mpice,Slovakia
323,Mpichalova Byst,Slovakia
324,Mpicska Bystric,Slovakia
325,Mpicske,Slovakia
326,Mreda,Slovakia
327,Mriddurany,Slovakia
328,Mrudajska Bystr,Slovakia
329,Msina,Slovakia
330,Mtrencin,Slovakia
331,Namestovsky Mes,Slovakia
332,Nbirovo,Slovakia
333,Nce,Slovakia
334,Nec,Slovakia
335,Nemsova Ves,Slovakia
336,Nica,Slovakia
337,Nica Nad Bela,Slovakia
338,Niiab Nod Bela,Slovakia
339,Nla,Slovakia
340,Nlaety Jur,Slovakia
341,Nlarok,Slovakia
342,Nmeina,Slovakia
343,Nmeine,Slovakia
344,Nmernce,Slovakia
345,Nmernklarok,Slovakia
346,Nmesto,Slovakia
347,Nmestovo,Slovakia
348,Nmlita,Slovakia
349,Nmpica,Slovakia
350,Nova,Slovakia
351,Nove,Slovakia
352,Nove Moravou,Slovakia
353,Nska Stiavnica,Slovakia
354,Ntreda,Slovakia
355,Obla,Slovakia
356,Oble,Slovakia
357,Obrance,Slovakia
358,Obrany,Slovakia
359,Obravce,Slovakia
360,Obravou,Slovakia
361,Odlova Ves,Slovakia
362,Oevacky,Slovakia
363,Ohovec,Slovakia
364,Olen,Slovakia
365,Olova,Slovakia
366,Olpaty Jur,Slovakia
367,Ompachy,Slovakia
368,Onberok,Slovakia
369,Onlaecy,Slovakia
370,Oplou,Slovakia
371,Osberok,Slovakia
372,Osica,Slovakia
373,Osmarno,Slovakia
374,Ova,Slovakia
375,Ovce,Slovakia
376,Ovo,Slovakia
377,Ovpany,Slovakia
378,Oynova,Slovakia
379,Partizanska Beb,Slovakia
380,Pbestovska Sobr,Slovakia
381,Phytezanska Beb,Slovakia
382,Pica,Slovakia
383,Pichalova Dubni,Slovakia
384,Picska Bystrica,Slovakia
385,Picsko,Slovakia
386,Pina,Slovakia
387,Pisska Nova,Slovakia
388,Pisska Nova Dun,Slovakia
389,Pisska Nove Mor,Slovakia
390,Pisska Pri Dubn,Slovakia
391,Pkes,Slovakia
392,Pmistany,Slovakia
393,R Martizanska S,Slovakia
394,R Nad Vahom,Slovakia
395,Rb Nodce,Slovakia
396,Rbovna,Slovakia
397,Reca,Slovakia
398,Rencin,Slovakia
399,Revacky,Slovakia
400,Rezno,Slovakia
401,Rezovka,Slovakia
402,Rica,Slovakia
403,Rinovazska Sobr,Slovakia
404,Rinovo,Slovakia
405,Rip,Slovakia
406,Rka,Slovakia
407,Rksom,Slovakia
408,Rmilhklop,Slovakia
409,Rolob,Slovakia
410,Rpica Nad Vahom,Slovakia
411,Rure,Slovakia
412,Rzzomberok,Slovakia
413,Rzzsmanovce Nad,Slovakia
414,Sbia,Slovakia
415,Sbie,Slovakia
416,Sbii,Slovakia
417,Sbinovicovo,Slovakia
418,Sbio,Slovakia
419,Sce,Slovakia
420,Sdlamorinova Na,Slovakia
421,Senec,Slovakia
422,Shios,Slovakia
423,Sica,Slovakia
424,Sjla,Slovakia
425,Ska Nove Mesto ,Slovakia
426,Ska Sobota,Slovakia
427,Ska Sobravce,Slovakia
428,Ska Stiavnica,Slovakia
429,Skrompachy,Slovakia
430,Sladkovica,Slovakia
431,Sladkovicovce,Slovakia
432,Sladkovo,Slovakia
433,Slava,Slovakia
434,Slpita,Slovakia
435,Smarnova Pri Du,Slovakia
436,Smarovo,Slovakia
437,Smidsiktlidza,Slovakia
438,Sov,Slovakia
439,Sova,Slovakia
440,Sradlovce,Slovakia
441,Sritdanske,Slovakia
442,Ssbinov,Slovakia
443,Sska Novec,Slovakia
444,Ssmitra,Slovakia
445,Stany,Slovakia
446,Star,Slovakia
447,Stropkov,Slovakia
448,Surany,Slovakia
449,Svaborce,Slovakia
450,Svbinok,Slovakia
451,Tara Lubove,Slovakia
452,Tarzovce,Slovakia
453,Tbravce Nad Vah,Slovakia
454,Tena,Slovakia
455,Tenme,Slovakia
456,Tezavsky Kubino,Slovakia
457,Tkelnova Ves,Slovakia
458,Tknam,Slovakia
459,Tlanta,Slovakia
460,Tpradlom,Slovakia
461,Trencin,Slovakia
462,Trica,Slovakia
463,Trnalanta,Slovakia
464,Trnava,Slovakia
465,Trstena,Slovakia
466,Tsnanska Nova ,Slovakia
467,Tsstany,Slovakia
468,Tstany,Slovakia
469,Tura,Slovakia
470,Turance,Slovakia
471,Turanov,Slovakia
472,Turanovo,Slovakia
473,Turany,Slovakia
474,Turovo,Slovakia
475,Turzovazska Sti,Slovakia
476,Turzovce,Slovakia
477,Tva,Slovakia
478,Ubkezmarovo,Slovakia
479,Ucke Nove,Slovakia
480,Uhmahom,Slovakia
481,Ukjs,Slovakia
482,Umanska Stiavni,Slovakia
483,Uomarok,Slovakia
484,Uomnava,Slovakia
485,Ura,Slovakia
486,Urance,Slovakia
487,Uranov,Slovakia
488,Uranova,Slovakia
489,Urany,Slovakia
490,Urin,Slovakia
491,Urinok,Slovakia
492,Urinov,Slovakia
493,Urk,Slovakia
494,Urknom,Slovakia
495,Urovo,Slovakia
496,Urunija,Slovakia
497,Uviu,Slovakia
498,Vaborce,Slovakia
499,Valova,Slovakia
500,Valovce,Slovakia
501,Vbbovec,Slovakia
502,Vblovce,Slovakia
503,Vca,Slovakia
504,Vci,Slovakia
505,Vibanovicovce,Slovakia
506,Vilaborce,Slovakia
507,Vjabanovo,Slovakia
508,Vlaborce,Slovakia
509,Vmanska Pri Dub,Slovakia
510,Vmborce,Slovakia
511,Vop,Slovakia
512,Vou,Slovakia
513,Vpina,Slovakia
514,Vtu,Slovakia
515,Vubove,Slovakia
516,Vubovna,Slovakia
517,Vulas,Slovakia
518,Vuuana,Slovakia
519,Vyborce,Slovakia
520,Yj Vahy,Slovakia
521,Yjava,Slovakia
522,Yjcva,Slovakia
523,Yjdvanka Pri Du,Slovakia
524,Yjev,Slovakia
525,Yjhvadkovica,Slovakia
526,Yjhvadvova,Slovakia
527,Yjhvadvovo,Slovakia
528,Yjkvamvrco,Slovakia
529,Yjlva,Slovakia
530,Yjlva Bystrica,Slovakia
531,Yjlva Ves,Slovakia
532,Yjov,Slovakia
533,Yjrva,Slovakia
534,Yjsva,Slovakia
535,Yjsva Bebrance,Slovakia
536,Yjsvaety Jur,Slovakia
537,Yjuvajk,Slovakia
538,Yjzvanka Banska,Slovakia
539,Zamsrinok,Slovakia
540,Zavsky Mestovsk,Slovakia
541,Zcevoca,Slovakia
542,Zlaborce,Slovakia
543,Zlahom,Slovakia
544,Zlava,Slovakia
545,Zmarok,Slovakia
546,Zmarovo,Slovakia
547,Zmernilakovo,Slovakia
548,Zmmrica,Slovakia
549,Zno,Slovakia
550,Znol Arovo,Slovakia
551,Zolka Streda,Slovakia
552,Zomberok,Slovakia
553,Zovce,Slovakia
554,Zovka,Slovakia
555,Zrin,Slovakia
556,Zska Bystrica,Slovakia
557,Zska Stiavnica,Slovakia
558,Zumurnovce,Slovakia
559,Zvicovce,Slovakia
