,Name,Origin
0, Dolina,Slovenia
1, Dravske Tomaz,Slovenia
2, Trice,Slovenia
3,-.Ed,Slovenia
4,-Besovce,Slovenia
5,-Bor,Slovenia
6,-Doske Tomaz,Slovenia
7,-Dssa Pri Ljubl,Slovenia
8,-Dsse No Ska Sl,Slovenia
9,-Esto,Slovenia
10,-Goski Ptuju,Slovenia
11,-Hsne ,Slovenia
12,-Kostel,Slovenia
13,-Loske Tomaz,Slovenia
14,-Loske Toplicev,Slovenia
15,-Loskem,Slovenia
16,-Loski Plana,Slovenia
17,-Loski Plani,Slovenia
18,-Loski Planini,Slovenia
19,-Loski Pohorju,Slovenia
20,-Loski Ptuju,Slovenia
21,-Zerbenksamalje,Slovenia
22,.. Ob Dravi,Slovenia
23,.Bica,Slovenia
24,.Elo,Slovenia
25,.Gornja Korosup,Slovenia
26,.Idam,Slovenia
27,.Idrica,Slovenia
28,.Prk Gbrna,Slovenia
29,.Rgage,Slovenia
30,.Rgoani,Slovenia
31,.Ritnjk Ggrad,Slovenia
32,.Rkanj,Slovenia
33,.Rkanjska Vas,Slovenia
34,.Rraek,Slovenia
35,.Rrozera Tok,Slovenia
36,.Tobota,Slovenia
37,.Tpri Polanini,Slovenia
38,Abeckova Dolina,Slovenia
39,Alalice,Slovenia
40,Alec,Slovenia
41,Alje,Slovenia
42,Asskova Dolina,Slovenia
43,Auperk,Slovenia
44,B Sotli,Slovenia
45,Barid,Slovenia
46,Bcedos,Slovenia
47,Benksali,Slovenia
48,Bensovce,Slovenia
49,Berk,Slovenia
50,Bernej,Slovenia
51,Bero,Slovenia
52,Besto,Slovenia
53,Bgeo,Slovenia
54,Bgooje,Slovenia
55,Bgota,Slovenia
56,Bhes,Slovenia
57,Bhrrje,Slovenia
58,Bistrica Ob Dra,Slovenia
59,Bistrice,Slovenia
60,Bje Ob Savi,Slovenia
61,Bje Pri Plana,Slovenia
62,Bled,Slovenia
63,Blovci,Slovenia
64,Bmarje Gorje Go,Slovenia
65,Bod,Slovenia
66,Bpro Ni Grad,Slovenia
67,Bpro Ni Koroski,Slovenia
68,Braslov. Trojic,Slovenia
69,Brastnik,Slovenia
70,Brezovica,Slovenia
71,Brka Pohorje,Slovenia
72,Brovnica Ob Sav,Slovenia
73,Btrnivancna Pol,Slovenia
74,Btrzej,Slovenia
75,Burska Polana,Slovenia
76,Bveazo,Slovenia
77,Bzera Gorju,Slovenia
78,C. Ob Savi,Slovenia
79,Ca Ob Dravi,Slovenia
80,Ca Ob Sotli,Slovenia
81,Ca V Slatina,Slovenia
82,Cah,Slovenia
83,Cbeostanj,Slovenia
84,Cca,Slovenia
85,Cdeo,Slovenia
86,Cdr Zup,Slovenia
87,Celo,Slovenia
88,Cenica,Slovenia
89,Cevo,Slovenia
90,Cgorica,Slovenia
91,Cgovnica,Slovenia
92,Cid,Slovenia
93,Cle,Slovenia
94,Clenjske Toplic,Slovenia
95,Clovenj Gradec,Slovenia
96,Corce,Slovenia
97,Csko,Slovenia
98,Csrodice,Slovenia
99,Csto,Slovenia
100,Ctrica,Slovenia
101,Cur,Slovenia
102,Cuzemberk,Slovenia
103,Cuzonica Ob Sav,Slovenia
104,D.Zgojje,Slovenia
105,Dbbeoko,Slovenia
106,Dbberk,Slovenia
107,Dbseo,Slovenia
108,Dcevo,Slovenia
109,Ddrazica,Slovenia
110,Dem,Slovenia
111,Dgo,Slovenia
112,Dgona,Slovenia
113,Did,Slovenia
114,Didem,Slovenia
115,Disce Ob Sotlik,Slovenia
116,Dje,Slovenia
117,Dnrencur,Slovenia
118,Dplenj Gradec,Slovenia
119,Draza,Slovenia
120,Drazarje Pri Pt,Slovenia
121,Drbrka,Slovenia
122,Drbrka Potok,Slovenia
123,Dreri,Slovenia
124,Drezovica,Slovenia
125,Drgbaji,Slovenia
126,Drico,Slovenia
127,Drrencur,Slovenia
128,Drrnej,Slovenia
129,Drsce Ob Savi,Slovenia
130,Drzebold,Slovenia
131,Drzej,Slovenia
132,Drzzji,Slovenia
133,Drzznica,Slovenia
134,Dsgema,Slovenia
135,Dtrrzin,Slovenia
136,Dvodice,Slovenia
137,Dvrzna,Slovenia
138,Dzeibor,Slovenia
139,Dzevalje,Slovenia
140,Ec Oa Dolina,Slovenia
141,Ececovce,Slovenia
142,Ececovci,Slovenia
143,Ecica,Slovenia
144,Eclov. Gorje Pr,Slovenia
145,Ecvo,Slovenia
146,Elika,Slovenia
147,Elnica Ob Savi,Slovenia
148,Elnica Pri Jels,Slovenia
149,Elnica Pri Pola,Slovenia
150,Elnicah,Slovenia
151,Enjska Bistrica,Slovenia
152,Enjskem,Slovenia
153,Eplje,Slovenia
154,Ernej,Slovenia
155,Etli,Slovenia
156,Etlika,Slovenia
157,Etr P Iransko,Slovenia
158,Evpert Na Kungo,Slovenia
159,G-Odrazarje Pri,Slovenia
160,G-Sodca Ob Savi,Slovenia
161,G-Sto,Slovenia
162,G-Tasko,Slovenia
163,G-Taskova Dolin,Slovenia
164,G-Toje,Slovenia
165,G-Toski Pohorju,Slovenia
166,G.Rkbajipri Jel,Slovenia
167,Gaje,Slovenia
168,Gajeppl Ela,Slovenia
169,Garid,Slovenia
170,Gbrna,Slovenia
171,Gdraza,Slovenia
172,Gdrazarje,Slovenia
173,Gdrazarje Ob Sa,Slovenia
174,Gdrazarje Pri J,Slovenia
175,Gdrazica,Slovenia
176,Gdrazicah,Slovenia
177,Gernej,Slovenia
178,Ges,Slovenia
179,Get,Slovenia
180,Gje,Slovenia
181,Gjesovce,Slovenia
182,Gjrnej,Slovenia
183,Gkostel,Slovenia
184,Gl.Jio,Slovenia
185,Gode,Slovenia
186,Godjunataslovce,Slovenia
187,Godraza,Slovenia
188,Gora,Slovenia
189,Gorica Ob Dravs,Slovenia
190,Gorje,Slovenia
191,Gornja Radgona,Slovenia
192,Gornje Gorna,Slovenia
193,Gornji Grad,Slovenia
194,Gosaice,Slovenia
195,Goske Toplice,Slovenia
196,Goskem,Slovenia
197,Goski Pohorju,Slovenia
198,Gosni Plaoid,Slovenia
199,Gosni Radgona,Slovenia
200,Gostanj,Slovenia
201,Gostel,Slovenia
202,Gosvecica,Slovenia
203,Gota,Slovenia
204,Gova Dolenj Gra,Slovenia
205,Govnica,Slovenia
206,Grad,Slovenia
207,Gradec,Slovenia
208,Grna Dolenj Gra,Slovenia
209,Groskem,Slovenia
210,Groski Plana,Slovenia
211,Groski Pohorju,Slovenia
212,Grosuplje,Slovenia
213,Gsstrice,Slovenia
214,Gstanjske Topli,Slovenia
215,Gtrazarje Pri L,Slovenia
216,Gtrje,Slovenia
217,Gtrje Pri Ptuj,Slovenia
218,Guzemberk,Slovenia
219,Gvrinji Grad,Slovenia
220,Gzaj,Slovenia
221,H Gja Loka,Slovenia
222,H Grad,Slovenia
223,H-Ljska Bistric,Slovenia
224,H-Ljska Potok,Slovenia
225,H-Ljskem,Slovenia
226,H-Lkskt Gornje ,Slovenia
227,Hdisce Ob Dravi,Slovenia
228,Hdisce Ob Sotli,Slovenia
229,Hdrkva,Slovenia
230,Helj,Slovenia
231,Hjgkskt Sotlika,Slovenia
232,Hmarje,Slovenia
233,Hnik,Slovenia
234,Hrikj,Slovenia
235,Hrje,Slovenia
236,I.Ggradec,Slovenia
237,Iberk,Slovenia
238,Idsma Juplje,Slovenia
239,Ije,Slovenia
240,Ijsevi,Slovenia
241,Iljubljana,Slovenia
242,Ilska Gornja Ra,Slovenia
243,Ini,Slovenia
244,Iptrje,Slovenia
245,Irdem Pri Polan,Slovenia
246,Irdid,Slovenia
247,Ire,Slovenia
248,Iremiernej,Slovenia
249,Irenica,Slovenia
250,Irna,Slovenia
251,Ja Korovnica,Slovenia
252,Jenj Grad,Slovenia
253,Jesenica,Slovenia
254,Jesenica Ob Dra,Slovenia
255,Jesenica Ob Sav,Slovenia
256,Jevica,Slovenia
257,Jges,Slovenia
258,Jjesplice,Slovenia
259,Jkupgjesoocica ,Slovenia
260,Jma,Slovenia
261,Jrevalje,Slovenia
262,Jseencur,Slovenia
263,Jses,Slovenia
264,Jsesko,Slovenia
265,Jseslov. Gorica,Slovenia
266,Jseslov. Trojic,Slovenia
267,Jseslovce,Slovenia
268,Jseslovci,Slovenia
269,Jseslovenjske T,Slovenia
270,Jsesno Cidam,Slovenia
271,Jsesno Ska Slat,Slovenia
272,Jsesnomelj,Slovenia
273,Jsesoocica,Slovenia
274,Jsesovce,Slovenia
275,Jsespert Na Dol,Slovenia
276,Jsespert Na Gor,Slovenia
277,Jsespert Na Kun,Slovenia
278,Jsesplice,Slovenia
279,Jsesplicevo,Slovenia
280,Jska Polanini,Slovenia
281,Jskem,Slovenia
282,Juplje,Slovenia
283,Jus,Slovenia
284,Jvelika,Slovenia
285,Jzeskova Dolina,Slovenia
286,K-Amskem,Slovenia
287,Kamnik,Slovenia
288,Kazpriva Dole,Slovenia
289,Kgolje,Slovenia
290,Kkamvidem,Slovenia
291,Klama,Slovenia
292,Knama,Slovenia
293,Kobarid,Slovenia
294,Kolenjska Gorje,Slovenia
295,Kostanjska Gorn,Slovenia
296,Kostel,Slovenia
297,Kranj,Slovenia
298,Kransko,Slovenia
299,Krizje,Slovenia
300,Kva,Slovenia
301,Kvadec,Slovenia
302,Kvlenj Gradec,Slovenia
303,Kzamjernej,Slovenia
304,Kzarje,Slovenia
305,Kze,Slovenia
306,Kzi,Slovenia
307,L-Loskem,Slovenia
308,L.Na Kungota,Slovenia
309,Lana,Slovenia
310,Lani,Slovenia
311,Lanini,Slovenia
312,Lec,Slovenia
313,Lenj Grad,Slovenia
314,Lenjska Sotlika,Slovenia
315,Lenjskem,Slovenia
316,Lesko,Slovenia
317,Leskova Dolina,Slovenia
318,Lhnik,Slovenia
319,Lidem,Slovenia
320,Lidem Pri Jelsa,Slovenia
321,Litija,Slovenia
322,Lje,Slovenia
323,Ljubljana,Slovenia
324,Ljubljanini,Slovenia
325,Llde,Slovenia
326,Lode,Slovenia
327,Lovce,Slovenia
328,Lovren,Slovenia
329,Lovrenc Na Kung,Slovenia
330,Lovrenc Na Na N,Slovenia
331,Lovrenc Na Na P,Slovenia
332,Lovrencur,Slovenia
333,Lovrensovce,Slovenia
334,Lovrensovci,Slovenia
335,Lrecica,Slovenia
336,Lrenica,Slovenia
337,Lska Gorica Ob ,Slovenia
338,Lusko,Slovenia
339,Luzin,Slovenia
340,Maz,Slovenia
341,N-Toskem,Slovenia
342,Nci,Slovenia
343,Ngasko,Slovenia
344,Ngota,Slovenia
345,Ngtrjz Riska Sl,Slovenia
346,Njsesperk,Slovenia
347,Njsespert Na Ku,Slovenia
348,Nlovrencur,Slovenia
349,Ntce Ob Dravinj,Slovenia
350,Ntkobarib-Loske,Slovenia
351,Ntkobarib-Loski,Slovenia
352,Ocuz,Slovenia
353,Ode,Slovenia
354,Ogkoka,Slovenia
355,Ogota,Slovenia
356,Olonci,Slovenia
357,Os. Or Jelsah,Slovenia
358,Oske Tomaz,Slovenia
359,Ozirje Gornji G,Slovenia
360,Pale,Slovenia
361,Pblode,Slovenia
362,Pcevo,Slovenia
363,Pdrazica,Slovenia
364,Pdroskem,Slovenia
365,Pdrosuplje,Slovenia
366,Pecko,Slovenia
367,Peckova Dole,Slovenia
368,Pect Ika Vas,Slovenia
369,Pelnica,Slovenia
370,Pelo,Slovenia
371,Perk,Slovenia
372,Pert Na Dolina,Slovenia
373,Pert Na Na Koro,Slovenia
374,Petkika,Slovenia
375,Petkika Gorica,Slovenia
376,Petklei,Slovenia
377,Petklka,Slovenia
378,Pettjernej,Slovenia
379,Pezkvi Tomaz,Slovenia
380,Pgernej,Slovenia
381,Pgirnava,Slovenia
382,Pher,Slovenia
383,Phrej,Slovenia
384,Phrjk Grad,Slovenia
385,Phurk,Slovenia
386,Pje Ob Savi,Slovenia
387,Pki Ptuju,Slovenia
388,Plenj Grad,Slovenia
389,Plenj Gradec,Slovenia
390,Plenj Grhnik,Slovenia
391,Plenjske Toplic,Slovenia
392,Plenjskem,Slovenia
393,Plice,Slovenia
394,Plovce,Slovenia
395,Pmelj,Slovenia
396,Polana,Slovenia
397,Polzela,Slovenia
398,Prevalje,Slovenia
399,Pri Jelsah,Slovenia
400,Pri Polana,Slovenia
401,Pri Polzela,Slovenia
402,Pri Potok,Slovenia
403,Prz Ni Ptuju,Slovenia
404,Puconci,Slovenia
405,Pzevalje,Slovenia
406,Pzirje,Slovenia
407,R Gak,Slovenia
408,R Tama,Slovenia
409,R-Boskem,Slovenia
410,R-Ceno Ska Poho,Slovenia
411,R-Cesovci,Slovenia
412,R-Zebalicevo,Slovenia
413,R-Zosienges,Slovenia
414,R.Carodice,Slovenia
415,R.Cetolenjska S,Slovenia
416,Ravinji,Slovenia
417,Razkrizje,Slovenia
418,Rdgzera ,Slovenia
419,Rdisce Ob Sotli,Slovenia
420,Recica,Slovenia
421,Recica V Slovce,Slovenia
422,Relnicah,Slovenia
423,Ren,Slovenia
424,Rensovce,Slovenia
425,Rg.Akole,Slovenia
426,Rgagenica,Slovenia
427,Rgbej,Slovenia
428,Rgbnava,Slovenia
429,Rgbnje,Slovenia
430,Rgce,Slovenia
431,Rgea,Slovenia
432,Rgee,Slovenia
433,Rgezevalje,Slovenia
434,Rggaje,Slovenia
435,Rggej,Slovenia
436,Rgoaje,Slovenia
437,Rgoana,Slovenia
438,Rgoani,Slovenia
439,Rgoanini,Slovenia
440,Rgoanj,Slovenia
441,Rgoanjska Sotli,Slovenia
442,Rgoanjske Tomaz,Slovenia
443,Rgoanjske Topli,Slovenia
444,Rgobj  Ra ,Slovenia
445,Rgobje Pri Jels,Slovenia
446,Rgobje Pri Ptuj,Slovenia
447,Rgobnica,Slovenia
448,Rgobnje,Slovenia
449,Rgobnje Gornje,Slovenia
450,Rgobnje Ob Drav,Slovenia
451,Rgobnkoravska S,Slovenia
452,Rgobntruperk,Slovenia
453,Rgobntrupert Na,Slovenia
454,Rgoca,Slovenia
455,Rgode,Slovenia
456,Rgoenica,Slovenia
457,Rgoenica Pri Je,Slovenia
458,Rgogasko,Slovenia
459,Rgoka,Slovenia
460,Rgona,Slovenia
461,Rgota,Slovenia
462,Rgozarje Ob Sav,Slovenia
463,Rgozje,Slovenia
464,Rgpert Na Gorav,Slovenia
465,Rgsenice,Slovenia
466,Rgsenicevo,Slovenia
467,Rgsernej,Slovenia
468,Rgzej,Slovenia
469,Rhnik,Slovenia
470,Rkcenosska Bist,Slovenia
471,Rkj Putone,Slovenia
472,Rkzemberk,Slovenia
473,Rlatina,Slovenia
474,Rlec,Slovenia
475,Rlenj Grad,Slovenia
476,Rlenj Gradec,Slovenia
477,Rljubljanini,Slovenia
478,Rlnib,Slovenia
479,Rlota,Slovenia
480,Rnja Kungota,Slovenia
481,Rogasko,Slovenia
482,Rogatec,Slovenia
483,Rpalov. Gornej,Slovenia
484,Rpceoolina,Slovenia
485,Rpgrtnje Ob Dra,Slovenia
486,Rrao,Slovenia
487,Rrecica Ob Savi,Slovenia
488,Rredisce Ob Sot,Slovenia
489,Rrenicevo,Slovenia
490,Rrgoajeplje,Slovenia
491,Rroda,Slovenia
492,Rrvancna Dolina,Slovenia
493,Rsgema,Slovenia
494,Rsgnra Ibarid,Slovenia
495,Rska Bistrice,Slovenia
496,Rska Bistricevo,Slovenia
497,Rska Slatina,Slovenia
498,Rska Slovce,Slovenia
499,Rska Sobota,Slovenia
500,Rskem,Slovenia
501,Rv.Ctrojica V S,Slovenia
502,Rvad,Slovenia
503,Rvbanini,Slovenia
504,Rvce,Slovenia
505,Rzanjske Tomaz,Slovenia
506,Rzej,Slovenia
507,Rzibarid,Slovenia
508,Rzibje Ob Savin,Slovenia
509,Rzka,Slovenia
510,Rzkaiva,Slovenia
511,Rzraiskr Za Jus,Slovenia
512,S Ot Dravinji G,Slovenia
513,S-Ostel,Slovenia
514,S. Ob Savi,Slovenia
515,S.Rtricevo,Slovenia
516,Senc Na Gornja ,Slovenia
517,Sentjernej,Slovenia
518,Sgo Ni Korosupl,Slovenia
519,Sgovnica Ob Sob,Slovenia
520,Sho,Slovenia
521,Ske Tomaz,Slovenia
522,Skofja Radgona,Slovenia
523,Skova Dolina,Slovenia
524,Slovenj Grad,Slovenia
525,Slovenjskem,Slovenia
526,Sna Potok,Slovenia
527,Spova Dolenjska,Slovenia
528,Sredisce Ob Sav,Slovenia
529,Srstel,Slovenia
530,Ssko,Slovenia
531,Sv. Trojica Pri,Slovenia
532,Szolani,Slovenia
533,T Savi,Slovenia
534,T-Zerbenica,Slovenia
535,T-Zosienj Grade,Slovenia
536,T.Notskem,Slovenia
537,Taza,Slovenia
538,Tcelo,Slovenia
539,Tcelovce,Slovenia
540,Tdeo,Slovenia
541,Tdzih,Slovenia
542,Ten Je Ob Savi,Slovenia
543,Tenc Na Kungota,Slovenia
544,Tencur,Slovenia
545,Tennca,Slovenia
546,Tensovce,Slovenia
547,Tgel,Slovenia
548,Tgeo,Slovenia
549,Tgeri Potok,Slovenia
550,Tgnaska Bistric,Slovenia
551,Tgnovska Sotlik,Slovenia
552,Tgojica,Slovenia
553,Tgorna Dolina,Slovenia
554,Thnika Polone,Slovenia
555,Tisina,Slovenia
556,Tjur,Slovenia
557,Tkobota,Slovenia
558,Tkzovica,Slovenia
559,Tlei,Slovenia
560,Tlna,Slovenia
561,Tlnica Ob Sotli,Slovenia
562,Tmnik,Slovenia
563,Tndokicah,Slovenia
564,Tngota,Slovenia
565,Tnsio,Slovenia
566,Tnsovci,Slovenia
567,Toje,Slovenia
568,Tolone,Slovenia
569,Toni Grad,Slovenia
570,Tono,Slovenia
571,Toskem,Slovenia
572,Tosoecenosuplje,Slovenia
573,Tosokcarvenjska,Slovenia
574,Tosotciran,Slovenia
575,Tovo,Slovenia
576,Tovo Mesto,Slovenia
577,Tozorica,Slovenia
578,Tpert Na Na Na ,Slovenia
579,Tplrenc Na Doli,Slovenia
580,Traza,Slovenia
581,Trazica Ob Drav,Slovenia
582,Trep,Slovenia
583,Trica Ob Dravsk,Slovenia
584,Trnik,Slovenia
585,Trnivancna Kung,Slovenia
586,Trnovske Toplic,Slovenia
587,Trzin,Slovenia
588,Tska Sotli,Slovenia
589,Tslovci,Slovenia
590,Tsobcta,Slovenia
591,Tssovd O,Slovenia
592,Tsuovenjske Top,Slovenia
593,Tszorica V Slov,Slovenia
594,Tucun,Slovenia
595,Tuz,Slovenia
596,Tuzanjska Bistr,Slovenia
597,Tuzenicevo,Slovenia
598,Tuzuzjm,Slovenia
599,Tvenjskem,Slovenia
600,Tvzin,Slovenia
601,Tzemberk,Slovenia
602,Tzenica,Slovenia
603,Tzera Tuzunjupl,Slovenia
604,Tzerbenk,Slovenia
605,Tzirje,Slovenia
606,U-Zosienj Grad,Slovenia
607,Ujesenica,Slovenia
608,Utennik,Slovenia
609,Utzomaz,Slovenia
610,Uzenice,Slovenia
611,V-Cedos,Slovenia
612,V-Cenorska Vas,Slovenia
613,V. Gorica,Slovenia
614,Vah,Slovenia
615,Vaj,Slovenia
616,Vancna Gorica,Slovenia
617,Var,Slovenia
618,Vaz,Slovenia
619,Vbarid,Slovenia
620,Vcana,Slovenia
621,Vdrazarje,Slovenia
622,Vdrica,Slovenia
623,Vdrice,Slovenia
624,Vdrnca,Slovenia
625,Vdrzzjj Gradec,Slovenia
626,Vdzica Ob Savi,Slovenia
627,Vecica,Slovenia
628,Vecicah,Slovenia
629,Velika,Slovenia
630,Venjske Toplice,Slovenia
631,Vhnika,Slovenia
632,Vhrnje,Slovenia
633,Vhrnka,Slovenia
634,Vid,Slovenia
635,Videm,Slovenia
636,Vjejsperk,Slovenia
637,Vjelsah,Slovenia
638,Vlazkrizje,Slovenia
639,Vode,Slovenia
640,Vojnik,Slovenia
641,Vransko,Slovenia
642,Vrhnik,Slovenia
643,Vshnjk Ktama,Slovenia
644,Vska Vas,Slovenia
645,Vzin,Slovenia
646,Vzje,Slovenia
647,Zarje Gornja Ku,Slovenia
648,Zazj,Slovenia
649,Zeb,Slovenia
650,Zela,Slovenia
651,Zemberk,Slovenia
652,Zenica,Slovenia
653,Zenica Ob Savin,Slovenia
654,Zenica Pri Ljub,Slovenia
655,Zenica V Slov. ,Slovenia
656,Zenica V Slovce,Slovenia
657,Zera Dolenj Gra,Slovenia
658,Zerb Oa Dolina,Slovenia
659,Zerbenica,Slovenia
660,Zevalje,Slovenia
661,Zgorje,Slovenia
662,Zgrid,Slovenia
663,Zibarijesenicah,Slovenia
664,Zibje Pri Jelsa,Slovenia
665,Zibji Gradec,Slovenia
666,Zica,Slovenia
667,Zid,Slovenia
668,Zirje,Slovenia
669,Zirje Gorna,Slovenia
670,Ziva Dolina,Slovenia
671,Zje,Slovenia
672,Zju,Slovenia
673,Zkrizje,Slovenia
674,Zlei,Slovenia
675,Zlo,Slovenia
676,Znica Ob Sobota,Slovenia
677,Zorica,Slovenia
678,Zprj Gradec,Slovenia
679,Zribnica,Slovenia
