,Name,Origin
0, Albert,South Africa
1, Alfredenburg,South Africa
2, Lond,South Africa
3, Londerbijlpark,South Africa
4, London,South Africa
5, Raville,South Africa
6, River,South Africa
7, Rover,South Africa
8,'S Town,South Africa
9,'Ur-Eeman,South Africa
10,'Ur-Reneke,South Africa
11,-Rince Alberg,South Africa
12,-Rince Alfreden,South Africa
13,-Rindebosch,South Africa
14,A-Agaserg,South Africa
15,A-Denburg,South Africa
16,A-Derbijlpark,South Africa
17,A-K,South Africa
18,A-Kgapan,South Africa
19,A-Kgapane,South Africa
20,A-Kgapaneen,South Africa
21,A-Paneen,South Africa
22,A-Pge,South Africa
23,A-Rgiton,South Africa
24,A-Sdorp,South Africa
25,Abopane,South Africa
26,Aborwa,South Africa
27,Abouw,South Africa
28,Abupg,South Africa
29,Aburg,South Africa
30,Abuug,South Africa
31,Ady Frere,South Africa
32,Akulamahashi,South Africa
33,Albiraville,South Africa
34,Anbisa,South Africa
35,Andburg,South Africa
36,Andfontersdorp,South Africa
37,Ands,South Africa
38,Aneen,South Africa
39,Any Nits,South Africa
40,Apiag Eon,South Africa
41,Apu Twlenburg,South Africa
42,Aransdorp,South Africa
43,Aransstantis,South Africa
44,Aria,South Africa
45,Bowakgomo,South Africa
46,Brakpaneen,South Africa
47,Burg,South Africa
48,Burgersburg,South Africa
49,Chefstream,South Africa
50,Chefstron,South Africa
51,Chefstroom,South Africa
52,Chom,South Africa
53,Coe,South Africa
54,Debowakgomo,South Africa
55,Don,South Africa
56,Dond,South Africa
57,Downe,South Africa
58,E River,South Africa
59,Ebisa,South Africa
60,Ebowakgomo,South Africa
61,Efrtein,South Africa
62,Ehatha,South Africa
63,Ein,South Africa
64,Eizer-Reneke,South Africa
65,Ekal,South Africa
66,Elberg,South Africa
67,Elburg,South Africa
68,Ele,South Africa
69,Elipgersburg,South Africa
70,Elise,South Africa
71,Elo,South Africa
72,Elspruisfonterh,South Africa
73,Emalandfonterma,South Africa
74,Emanus,South Africa
75,Ematipoort Alfr,South Africa
76,Emith,South Africa
77,Enbosch,South Africa
78,Enburg,South Africa
79,Enturion,South Africa
80,Enurion,South Africa
81,Epies,South Africa
82,Epington,South Africa
83,Era,South Africa
84,Eri,South Africa
85,Erid,South Africa
86,Eridelburg,South Africa
87,Erisce,South Africa
88,Eristenbosch,South Africa
89,Esburg,South Africa
90,Esstantia,South Africa
91,Eurion,South Africa
92,Fantia,South Africa
93,Fantis,South Africa
94,Fenreneke,South Africa
95,Fontein,South Africa
96,Fonteinet,South Africa
97,Fonterheid,South Africa
98,Fonterheim,South Africa
99,Fonterman,South Africa
100,Fontermaria,South Africa
101,Fontermaritzbur,South Africa
102,Gaothathaville,South Africa
103,Gooort,South Africa
104,Halabouw,South Africa
105,Halandburg,South Africa
106,Halandburge,South Africa
107,Halands,South Africa
108,Halantia,South Africa
109,Halenbosch,South Africa
110,Halenburg,South Africa
111,Halencoe,South Africa
112,Halenhle,South Africa
113,Halenhlehem,South Africa
114,Haleni,South Africa
115,Hamston,South Africa
116,Hamstown,South Africa
117,Hatha,South Africa
118,Hefstron,South Africa
119,Heidelbert,South Africa
120,Ichce,South Africa
121,Ichmon'S Town,South Africa
122,Ichmon'S Towne,South Africa
123,Ichmond,South Africa
124,Ichmondebosch,South Africa
125,Ichmondee,South Africa
126,Ichmondon,South Africa
127,Ichmondorp,South Africa
128,Ichtenbosch,South Africa
129,Ichtenburg,South Africa
130,Ichteno,South Africa
131,Ico,South Africa
132,Ika,South Africa
133,Imalabouw,South Africa
134,Imalantia,South Africa
135,Itz,South Africa
136,Iur,South Africa
137,Kal,South Africa
138,Keumio',South Africa
139,Kpun,South Africa
140,Kumalantia,South Africa
141,Kurion,South Africa
142,Kurp,South Africa
143,Kuza,South Africa
144,Kyyswa,South Africa
145,Lenbosch,South Africa
146,Lenburg,South Africa
147,Lenburgersdorp,South Africa
148,Lencoe,South Africa
149,Lenhle,South Africa
150,Lenhlehem,South Africa
151,Leni,South Africa
152,Lice,South Africa
153,Linge,South Africa
154,Lonm,South Africa
155,Lonmen'K Tuw,South Africa
156,Lonmon'S Town,South Africa
157,Lonmondee,South Africa
158,Lurd,South Africa
159,Lurderbijlpark,South Africa
160,Ma'I Tlenhle,South Africa
161,Mahamston,South Africa
162,Mahamstown,South Africa
163,Mahamstowne,South Africa
164,Mahashi,South Africa
165,Malabouw,South Africa
166,Man,South Africa
167,Maneen,South Africa
168,Manus,South Africa
169,Maransdorp,South Africa
170,Maransstad,South Africa
171,Maritzburg,South Africa
172,Matipoort Alfre,South Africa
173,Nchefstream,South Africa
174,Nchefstron,South Africa
175,Ndee,South Africa
176,Nebenturion,South Africa
177,Neen,South Africa
178,Neim,South Africa
179,Nemanus,South Africa
180,Nenmanus,South Africa
181,Nurion,South Africa
182,Nwaagteno,South Africa
183,Nwleni,South Africa
184,Ny Net,South Africa
185,Ny Nit,South Africa
186,Ny Nite River,South Africa
187,Ny Nitsban,South Africa
188,Nysna,South Africa
189,Oka,South Africa
190,Okpnnesburg,South Africa
191,Olantis,South Africa
192,Olwaggooort,South Africa
193,Olwaggooort Alb,South Africa
194,Olwaggooort Alf,South Africa
195,Omatipoort Albe,South Africa
196,Once Alberg,South Africa
197,Once Alfredasdo,South Africa
198,Ontein,South Africa
199,Oow,South Africa
200,Oown,South Africa
201,Oowne,South Africa
202,Oowrkgalenhlehe,South Africa
203,Opane,South Africa
204,Opitjlesea,South Africa
205,Ostbonwe,South Africa
206,Otchefstron,South Africa
207,Otchefstroom,South Africa
208,Othathaville,South Africa
209,Otransstad,South Africa
210,Owakgomo,South Africa
211,Owakgooort Alfr,South Africa
212,Owl,South Africa
213,Owltonaria,South Africa
214,Own,South Africa
215,Owne,South Africa
216,Owweizer-Reitzb,South Africa
217,Pane,South Africa
218,Paneen,South Africa
219,Peitelberg,South Africa
220,Peitelburg,South Africa
221,Picate,South Africa
222,Pieg,South Africa
223,Pieska,South Africa
224,Pimalaborwa,South Africa
225,Pimalantia,South Africa
226,Pura,South Africa
227,Pure,South Africa
228,Purg,South Africa
229,Purion,South Africa
230,Purz,South Africa
231,Purzare,South Africa
232,Ransdorp,South Africa
233,Rein,South Africa
234,Rentein,South Africa
235,Ryington,South Africa
236,Sco,South Africa
237,Sdorp,South Africa
238,Sdown,South Africa
239,Sen,South Africa
240,Simonderbijlpar,South Africa
241,Sstad,South Africa
242,Stad,South Africa
243,Steno,South Africa
244,Stown,South Africa
245,Thathavillenhle,South Africa
246,Tumalabopaneen,South Africa
247,Unisselspruisfo,South Africa
248,Unissen,South Africa
249,Urg,South Africa
250,Urge,South Africa
251,Urgersburg,South Africa
252,Urgersburge,South Africa
253,Urgersdorp,South Africa
254,Urion,South Africa
255,Vinia,South Africa
256,Waagahashi,South Africa
257,Waagase,South Africa
258,Waaglenhle,South Africa
259,Waburg,South Africa
260,Wadukuza,South Africa
261,Waggooort Alber,South Africa
262,Wargate,South Africa
263,Wauz,South Africa
264,Wauzl,South Africa
265,Witbank,South Africa
266,Y Livier,South Africa
267,Y Lond,South Africa
268,Y London,South Africa
269,Y Retief,South Africa
270,Y River,South Africa
271,Y'Ni Sebank,South Africa
272,Y'Saransstad,South Africa
273,Ychum,South Africa
274,Yenburg,South Africa
275,Yeni,South Africa
276,Yfontein,South Africa
277,Yfonteinet,South Africa
278,Yfrid,South Africa
279,Yhaidfonteinet,South Africa
280,Yhaie,South Africa
281,Yhaie ,South Africa
282,Yhaie Kin,South Africa
283,Yhaie Kurion,South Africa
284,Yhaies,South Africa
285,Yhaihaville,South Africa
286,Yhainet,South Africa
287,Yhainstad,South Africa
288,Yhainytnwn,South Africa
289,Yhaisderbijlpar,South Africa
290,Yhaisselspruisf,South Africa
291,Yhait  Rvei,South Africa
292,Yhalanga,South Africa
293,Yhannesburgersb,South Africa
294,Yichteno,South Africa
295,Yinet,South Africa
296,Yiwa,South Africa
297,Ykswa,South Africa
298,Ykuwa,South Africa
299,Ykwadukuza,South Africa
300,Ylown,South Africa
301,Yma-Aganeen,South Africa
302,Ypa-K,South Africa
303,Yria,South Africa
304,Yrince Alberg,South Africa
305,Yruisfonteinet,South Africa
306,Yruit,South Africa
307,Ysdarhamstowne,South Africa
308,Ysea,South Africa
309,Ysna,South Africa
310,Ytwa,South Africa
311,Ytwatz,South Africa
312,Yurg,South Africa
313,Yurge,South Africa
314,Yurion,South Africa
315,Yyrenturion,South Africa
