,Name,Origin
0,  Celona,Spain
1, Alaior,Spain
2, Alameda,Spain
3, Alamo,Spain
4, Alamoso,Spain
5, Alcorcuna Alge,Spain
6, Aleja,Spain
7, Alleja De Llob,Spain
8, Alta,Spain
9, Alto,Spain
10, Barazorla,Spain
11, Barcaixenxo,Spain
12, Barriba,Spain
13, Can Seres Cand,Spain
14, Carlet,Spain
15, Cflar De Alto,Spain
16, Consera,Spain
17, Cruz De La De ,Spain
18, De Del Valleda,Spain
19, De Famillanet,Spain
20, De Les,Spain
21, De Odona,Spain
22, De Oreja,Spain
23, De Poblanonja,Spain
24, De Seu De Comp,Spain
25, Del Alcar,Spain
26, Del Puento,Spain
27, Del Tres,Spain
28, Del Valet,Spain
29, Dsete,Spain
30, E El Beza De A,Spain
31, E Reinosa,Spain
32, El Arousa,Spain
33, Es Del Rey,Spain
34, Esque,Spain
35, Esquell,Spain
36, Esquena,Spain
37, Esquercaixent,Spain
38, Esquerva,Spain
39, Essalet,Spain
40, Estello,Spain
41, Estera,Spain
42, Estro De Ebro,Spain
43, Farra De Xiven,Spain
44, Farragarcal De,Spain
45, Farro,Spain
46, Fontera,Spain
47, Fron,Spain
48, Fronilla Farra,Spain
49, Goll,Spain
50, Gome Del Canta,Spain
51, Grancha,Spain
52, Grove,Spain
53, Guartamancas,Spain
54, Guarto,Spain
55, Guia Rondia,Spain
56, Hora,Spain
57, Hortuna,Spain
58, Indian Juancha,Spain
59, Kaldepera,Spain
60, Kaldo,Spain
61, La Frono,Spain
62, La Novar De La,Spain
63, Licanterueltru,Spain
64, Lucia,Spain
65, Mar,Spain
66, Marlot,Spain
67, Marque,Spain
68, Mart De Cacere,Spain
69, Marte,Spain
70, Mata D'Hebriqu,Spain
71, Mayor,Spain
72, Mebib,Spain
73, Mebrijara,Spain
74, Mlanona,Spain
75, Mres,Spain
76, Palmena,Spain
77, Pasarto Criste,Spain
78, Paso,Spain
79, Pene,Spain
80, Plas-Cando,Spain
81, Pobla,Spain
82, Pola,Spain
83, Porcuna,Spain
84, Pros,Spain
85, Puebla Martaya,Spain
86, Puerto De La R,Spain
87, Puerto Rico,Spain
88, Ravalcerenal,Spain
89, Riviata Pastin,Spain
90, Roncofa,Spain
91, Rondar,Spain
92, Sadadahorrejo,Spain
93, San Baronil,Spain
94, Saz,Spain
95, Sego,Spain
96, Serenys De La ,Spain
97, Tajo,Spain
98, Tenet,Spain
99, Valdefia,Spain
100, Valeja,Spain
101, Vall De Arroja,Spain
102, Vicent,Spain
103,'Aeura,Spain
104,'Aeurana Altebo,Spain
105,'Agostera La Ra,Spain
106,'Ee De Polanuev,Spain
107,'Ee Rkaida,Spain
108,'Hebronte-Genig,Spain
109,-Cinterra,Spain
110,-Valgaba,Spain
111,A Alaior,Spain
112,A Alamoso,Spain
113,A Baraga,Spain
114,A Barribadurnig,Spain
115,A Brigues,Spain
116,A Cuera,Spain
117,A D'Anova,Spain
118,A D'En Grana,Spain
119,A D'Urgells,Spain
120,A D'Urgentera,Spain
121,A De Alcudianar,Spain
122,A De Arida,Spain
123,A De Compo,Spain
124,A De Corona,Spain
125,A De Duerto,Spain
126,A De Garcia,Spain
127,A De Garcia De ,Spain
128,A De Guada De C,Spain
129,A De L'Eixac,Spain
130,A De La De Lavi,Spain
131,A De La Farnota,Spain
132,A De La Fontejo,Spain
133,A De La Hora,Spain
134,A De La Sierral,Spain
135,A De Les Rey,Spain
136,A De Llobrera,Spain
137,A De Marachil,Spain
138,A De Marbalence,Spain
139,A De Orota,Spain
140,A De Pobla De A,Spain
141,A De San Vicent,Spain
142,A De Xivenza De,Spain
143,A Desla,Spain
144,A Encona,Spain
145,A Ensancha,Spain
146,A Esquero,Spain
147,A Esteruella,Spain
148,A Farguez,Spain
149,A Farnaniga,Spain
150,A Fron,Spain
151,A Frontejo,Spain
152,A Ina,Spain
153,A Les I Grove,Spain
154,A Los I Rio,Spain
155,A Marquert,Spain
156,A Neda,Spain
157,A Nova,Spain
158,A Nova Este,Spain
159,A Peredes De Ce,Spain
160,A Pobla Mares D,Spain
161,A Puerto,Spain
162,A Raspeig,Spain
163,A Seu De Arousa,Spain
164,A Torregat,Spain
165,A Vega Eulalin,Spain
166,A Vegat,Spain
167,A Vinos Gabato,Spain
168,Abre,Spain
169,Aca,Spain
170,Acanada,Spain
171,Acantianas,Spain
172,Acencia De La D,Spain
173,Aea,Spain
174,Aebes Del Bon P,Spain
175,Aguise,Spain
176,Aleja,Spain
177,Alejo,Spain
178,Alet Del Bon De,Spain
179,Amialos De Alca,Spain
180,Anca,Spain
181,Anga De Cervell,Spain
182,Anito,Spain
183,Aoria Rio,Spain
184,Aperedo,Spain
185,Ar De Odon,Spain
186,Ar Del Composte,Spain
187,Arte,Spain
188,As De Arrol,Spain
189,As De Mogan,Spain
190,As Dels,Spain
191,As Nava,Spain
192,Avillanes,Spain
193,Azas,Spain
194,Bacentrega,Spain
195,Baida,Spain
196,Baneda Frono,Spain
197,Banes,Spain
198,Bar,Spain
199,Bara,Spain
200,Baracencia,Spain
201,Barcelo,Spain
202,Barri Dasi - Ga,Spain
203,Bart De La Vall,Spain
204,Basar,Spain
205,Basarille,Spain
206,Bastell,Spain
207,Bastella,Spain
208,Basteruelves,Spain
209,Bastia,Spain
210,Boalobrega,Spain
211,Bona Alcanadill,Spain
212,Cabeza,Spain
213,Cadiz,Spain
214,Can Andreu,Spain
215,Carlotanadilla ,Spain
216,Cas,Spain
217,Caspera,Spain
218,Caudel Turia-Sa,Spain
219,Caudel Valejo A,Spain
220,Ceguise,Spain
221,Ceina I Els,Spain
222,Celo,Spain
223,Celona,Spain
224,Cena,Spain
225,Cencia,Spain
226,Cencina D'En Gr,Spain
227,Centa Esque,Spain
228,Centequesadahoy,Spain
229,Centmenor,Spain
230,Cento,Spain
231,Centos,Spain
232,Cerde,Spain
233,Cerena,Spain
234,Ceres,Spain
235,Cjuic,Spain
236,Coloma D'Hebro,Spain
237,Cordo,Spain
238,Cornera,Spain
239,Cuelva,Spain
240,Dcencias,Spain
241,De Ardoba,Spain
242,De La De La De ,Spain
243,De Les,Spain
244,De Mar,Spain
245,Decona,Spain
246,Dega,Spain
247,Dego,Spain
248,Del Alcalago De,Spain
249,Del Aris,Spain
250,Del Benissa,Spain
251,Del Castin De G,Spain
252,Del De Bena,Spain
253,Del De La Brigi,Spain
254,Del De Xiver De,Spain
255,Del Manzana De ,Spain
256,Del Mar,Spain
257,Del Masnou,Spain
258,Del Mateo,Spain
259,Del Mayor,Spain
260,Del Ravasilla N,Spain
261,Del Real,Spain
262,Del Reixo,Spain
263,Del Ribadurnika,Spain
264,Del Rio,Spain
265,Del Riu,Spain
266,Del Rodrigida,Spain
267,Del Trabuco,Spain
268,Del Turia,Spain
269,Del Valde,Spain
270,Dell,Spain
271,Dells,Spain
272,Dels,Spain
273,Dena,Spain
274,Denal,Spain
275,Des Rio,Spain
276,Desi,Spain
277,Desia,Spain
278,Desil,Spain
279,Dno,Spain
280,Dzot I La Pros,Spain
281,E Hernanil,Spain
282,Eb Del Rio,Spain
283,Eb Dello De Cab,Spain
284,Ebla,Spain
285,Ebla Almena,Spain
286,Ebla Gervelldep,Spain
287,Ecerenys De La ,Spain
288,Egba,Spain
289,Ego,Spain
290,Ekgeetariz,Spain
291,El Aride,Spain
292,El Arria,Spain
293,El Bon De La Te,Spain
294,El Buey,Spain
295,El Camanche,Spain
296,El Campos,Spain
297,El Casarteixac,Spain
298,El Castuela,Spain
299,El D'Arousa,Spain
300,El Familianada,Spain
301,El Fargara,Spain
302,El Farnellde,Spain
303,El Manco,Spain
304,El Marbalem,Spain
305,El Mares Fonter,Spain
306,El Marto,Spain
307,El Maspeig,Spain
308,El Mata,Spain
309,El Mateo,Spain
310,El Pastelleca,Spain
311,El Penet De Alt,Spain
312,El Puente,Spain
313,El Puera,Spain
314,El Rasperancha,Spain
315,El Rincon,Spain
316,El Rio,Spain
317,El Teguise,Spain
318,El Trabuco,Spain
319,El Valdarina,Spain
320,El Valdecon,Spain
321,El Vallin,Spain
322,El Vallirafo,Spain
323,Enzana,Spain
324,Errebujena,Spain
325,Errelarroyo Del,Spain
326,Erres De Tiraja,Spain
327,Es De Acencia,Spain
328,Es De Camanca,Spain
329,Es De La De Sal,Spain
330,Es Des I Rio,Spain
331,Es I El Cabeza ,Spain
332,Estelleror,Spain
333,Estro De Bena,Spain
334,Euga,Spain
335,F Ers,Spain
336,Fallero,Spain
337,Farnals,Spain
338,Farnello,Spain
339,Farra,Spain
340,Farri Del Puent,Spain
341,Fena,Spain
342,Feranares Del V,Spain
343,Ferramanachil,Spain
344,Ferto Crameda,Spain
345,Ferto De Cercal,Spain
346,Fertolomar,Spain
347,Fes,Spain
348,Gas,Spain
349,Gava,Spain
350,Gelleca,Spain
351,Gemes,Spain
352,Gena,Spain
353,Gitat,Spain
354,Gones I Rey,Spain
355,Gorts,Spain
356,Gran,Spain
357,Guect,Spain
358,Gueira,Spain
359,Gueirango,Spain
360,Guel Altea,Spain
361,Guell,Spain
362,Guellecas,Spain
363,Guellins,Spain
364,Guello,Spain
365,Gueltebo,Spain
366,Guelto,Spain
367,Guelva,Spain
368,Gueror,Spain
369,Guerto Lumo,Spain
370,Gues,Spain
371,Gues Del Ravar ,Spain
372,Guesada,Spain
373,Guesca,Spain
374,Guesta,Spain
375,Guesta Cample,Spain
376,Guez,Spain
377,Guia De La Sier,Spain
378,Guiar,Spain
379,Hambla,Spain
380,Hermanca,Spain
381,Hermancanta De ,Spain
382,Hermeo,Spain
383,Hermontbau,Spain
384,I Carlotana,Spain
385,Ida,Spain
386,Idanes,Spain
387,Ide,Spain
388,Ideje,Spain
389,Igueiraforto,Spain
390,Igueiro,Spain
391,Iguell,Spain
392,Iguells,Spain
393,Iguera,Spain
394,Iguez,Spain
395,Ilalinajo,Spain
396,Illamos,Spain
397,Illavena,Spain
398,Illencia Novan,Spain
399,Ina,Spain
400,Ira,Spain
401,Iranova,Spain
402,Iro De Farnotan,Spain
403,Is De Tajuna,Spain
404,Is De Valenc De,Spain
405,Isa,Spain
406,Isalet,Spain
407,Isaso,Spain
408,Ixamplona,Spain
409,Ixampo,Spain
410,Ixamposta,Spain
411,Izorla,Spain
412,Jei Grover De B,Spain
413,Jei Rey,Spain
414,Jeia,Spain
415,Jela,Spain
416,Jena,Spain
417,Jenals,Spain
418,Jeo,Spain
419,Jera,Spain
420,Jes,Spain
421,Jes De Garaca D,Spain
422,Jezanas,Spain
423,Jkicenteque,Spain
424,Jos,Spain
425,Kalda,Spain
426,Kaldecona,Spain
427,Kaldeconadilla ,Spain
428,Kela De La Rein,Spain
429,L Agudete,Spain
430,L Alamancomiend,Spain
431,L Alameda,Spain
432,L Alcala Fronte,Spain
433,L Altebronte,Spain
434,L Caballa,Spain
435,L Castella,Spain
436,L Congres,Spain
437,L Cordoz,Spain
438,L Guan,Spain
439,L Mata,Spain
440,L Mateo,Spain
441,L Rava,Spain
442,La Alcalamonadi,Spain
443,La Brigida,Spain
444,La Cabezas,Spain
445,La Calatanas,Spain
446,La Cardo,Spain
447,La D'Arousa,Spain
448,La D'Urgentrega,Spain
449,La De Cervell,Spain
450,La De Galva,Spain
451,La De La Frona ,Spain
452,La De La Mar De,Spain
453,La De La Vega,Spain
454,La De Llobre,Spain
455,La De Orejas,Spain
456,La Del Marbal,Spain
457,La Del Raspeig,Spain
458,La Del Real,Spain
459,La Del Rodrigid,Spain
460,La Encon,Spain
461,La Fontgat,Spain
462,La Fontgri,Spain
463,La Fron,Spain
464,La Frontcada,Spain
465,La Guanca,Spain
466,La Mancon,Spain
467,La Marto Rio,Spain
468,La Mueltura,Spain
469,La Palmera,Spain
470,La Pastellina D,Spain
471,La Puerra,Spain
472,La Rabaleja De ,Spain
473,La Real,Spain
474,La Rosa,Spain
475,La Salobeta Mar,Spain
476,La Seba Del Cor,Spain
477,La Sebastiagoza,Spain
478,La Sebastillet ,Spain
479,La Sebastuela,Spain
480,La Seuir,Spain
481,La Sierra,Spain
482,La Sollet I El ,Spain
483,La Solsona,Spain
484,La Sonseca,Spain
485,Ldecon,Spain
486,Le Akardobarra,Spain
487,Le De Arafloret,Spain
488,Lecaandret Del ,Spain
489,Legauceredes,Spain
490,Lers,Spain
491,Les I Riel,Spain
492,Les Rio,Spain
493,Lescas,Spain
494,Lgabatos,Spain
495,Lgente,Spain
496,Lguasi - Garra,Spain
497,Lhermeo,Spain
498,Li Del De Esque,Spain
499,Licas,Spain
500,Licat,Spain
501,Liga De La Fron,Spain
502,Liganigo,Spain
503,Ligra,Spain
504,Lina,Spain
505,Lins De Arousa,Spain
506,Lira,Spain
507,Lis,Spain
508,Litat Mencia,Spain
509,Ljor,Spain
510,Lla De La De La,Spain
511,Lla Sec,Spain
512,Llbonacorcon,Spain
513,Llindaria,Spain
514,Llo,Spain
515,Llona,Spain
516,Llos Llorontes ,Spain
517,Lnterroyo Del A,Spain
518,Loja De Isorada,Spain
519,Lole Santa Mar,Spain
520,Loma De Lesa De,Spain
521,Lonalmadenat,Spain
522,Lores I Els Ind,Spain
523,Los A,Spain
524,Los Barto Lucia,Spain
525,Los De La Brigu,Spain
526,Los De Llobregu,Spain
527,Los Del Vallame,Spain
528,Los Garal,Spain
529,Los Hernigani,Spain
530,Los Horata,Spain
531,Los I El La Fro,Spain
532,Los I Grachil,Spain
533,Los Llanova De ,Spain
534,Los Vicent,Spain
535,Loso,Spain
536,Lota Cruz De Ca,Spain
537,Lpedrega,Spain
538,Lssncina,Spain
539,Ltkil,Spain
540,Lz De L'Eixac,Spain
541,Lz De Sanxo,Spain
542,Madrida,Spain
543,Madridia,Spain
544,Magan,Spain
545,Malamona,Spain
546,Malatraval,Spain
547,Mana,Spain
548,Mana De Sant Ge,Spain
549,Manca,Spain
550,Mango,Spain
551,Mar,Spain
552,Marta,Spain
553,Matalenca,Spain
554,Mel,Spain
555,Mel Casto,Spain
556,Melica De La Go,Spain
557,Mello De Montme,Spain
558,Melo,Spain
559,Mena,Spain
560,Mene,Spain
561,Meno,Spain
562,Menor,Spain
563,Meria,Spain
564,Meritalezas,Spain
565,Mes,Spain
566,Mesil,Spain
567,Mora,Spain
568,Na De Arico,Spain
569,Na De Arroyo De,Spain
570,Na De Garazona,Spain
571,Na De La Estell,Spain
572,Na De La Rosart,Spain
573,Na De Manzana,Spain
574,Na De Oropelane,Spain
575,Na De Salahorro,Spain
576,Na I Real,Spain
577,Nada,Spain
578,Nadilla De Sant,Spain
579,Nal,Spain
580,Nda De Mayor,Spain
581,Ndo,Spain
582,Ndo Ensanca,Spain
583,Nejuzaraquilamo,Spain
584,Nes,Spain
585,Njo,Spain
586,Nol,Spain
587,Nor,Spain
588,Norla,Spain
589,Nrajada,Spain
590,Nsuegrada,Spain
591,Nt Genicat,Spain
592,Nt Santiago De ,Spain
593,Nt Vicenterra,Spain
594,Nta Conseca,Spain
595,Nta Cues,Spain
596,Nta Eulalina I ,Spain
597,Ntainas,Spain
598,Nte Efs Na Del ,Spain
599,Nte-Genielletaf,Spain
600,Ntera,Spain
601,Ntona De La Fro,Spain
602,Ntos,Spain
603,Nva,Spain
604,Nvietrada,Spain
605,Nyola Reinos I ,Spain
606,Nyolanet Del Fa,Spain
607,Ocena,Spain
608,Ogoda,Spain
609,Ol D'Antiagon,Spain
610,Ol De Santis,Spain
611,Ola Martaya,Spain
612,Olsona,Spain
613,Omar,Spain
614,Omas,Spain
615,Omel,Spain
616,Omera,Spain
617,Ona,Spain
618,Onachidorm,Spain
619,Onlescarnellari,Spain
620,Oorla,Spain
621,Opelasenas,Spain
622,Ora,Spain
623,Orla,Spain
624,Orredes Cabeza ,Spain
625,Orrol,Spain
626,Os I El Mayor,Spain
627,Os I Els,Spain
628,Os Llanitx,Spain
629,Ota,Spain
630,Palama,Spain
631,Pedres De La De,Spain
632,Pela,Spain
633,Pelanimro,Spain
634,Pelas-Cani,Spain
635,Pena,Spain
636,Pera,Spain
637,Pereiro De Vall,Spain
638,Peritala Del Ma,Spain
639,Pero,Spain
640,Peror,Spain
641,Perpetua De La ,Spain
642,Pesada,Spain
643,Picant Victoria,Spain
644,Planova,Spain
645,Pmeda,Spain
646,Port,Spain
647,Portagena,Spain
648,Porto De Real,Spain
649,Puerto,Spain
650,Que,Spain
651,Quercaixentrega,Spain
652,Querva,Spain
653,R De Ardoba,Spain
654,Rabia,Spain
655,Rabinans,Spain
656,Ralencian,Spain
657,Ramar,Spain
658,Rango,Spain
659,Rario,Spain
660,Rcaixent Victor,Spain
661,Rde,Spain
662,Re De Llobre,Spain
663,Reda,Spain
664,Reer De Saz,Spain
665,Rega,Spain
666,Regat,Spain
667,Rego De Mango,Spain
668,Regortaya,Spain
669,Reguna,Spain
670,Regundo De La F,Spain
671,Reperida,Spain
672,Rera,Spain
673,Res,Spain
674,Res I El Rabal,Spain
675,Res I Realente,Spain
676,Resme,Spain
677,Reta Encos Galv,Spain
678,Rete,Spain
679,Retxabatos,Spain
680,Rian Juan,Spain
681,Ristor,Spain
682,Riuafdo,Spain
683,Riucha,Spain
684,Ron,Spain
685,Rono,Spain
686,Ronsecas,Spain
687,Rra,Spain
688,Rroyo,Spain
689,Ruteixo,Spain
690,S Cala Reinos P,Spain
691,S Castorella,Spain
692,S De Abona,Spain
693,S De Alaior,Spain
694,S De Aris-,Spain
695,S De Cla Brigid,Spain
696,S De L'Eixample,Spain
697,S De La De Orej,Spain
698,S De La Palos R,Spain
699,S De La Prospe,Spain
700,S De La Reina M,Spain
701,S De Les Calago,Spain
702,S De Los Rey,Spain
703,S De Mancas,Spain
704,S De Mateo,Spain
705,S De Mogan,Spain
706,S De Pobla,Spain
707,S De Rei,Spain
708,S De Tajuna De ,Spain
709,S Del Rincofa,Spain
710,S Nava,Spain
711,S Puebla De Por,Spain
712,S Puebla Del Ri,Spain
713,Sagrancanta De ,Spain
714,Sant Genilla De,Spain
715,Santa Cruz De A,Spain
716,Seguello,Spain
717,Ss De La De Ara,Spain
718,Stellamona,Spain
719,T Cruz De Lesca,Spain
720,T D'Antes De Ar,Spain
721,T De La Front C,Spain
722,T Del Masnoucha,Spain
723,Ta Congres De S,Spain
724,Ta Cruz,Spain
725,Ta Eulariozarra,Spain
726,Tala Rasparra,Spain
727,Tarioza,Spain
728,Taustera,Spain
729,Tea,Spain
730,Teia,Spain
731,Teide,Spain
732,Teldefels India,Spain
733,Tell,Spain
734,Tera,Spain
735,Teriguera,Spain
736,Ternanicant Ger,Spain
737,Teros,Spain
738,Terospitat,Spain
739,Terro,Spain
740,Terrol,Spain
741,Tilla,Spain
742,Trebla De Odon,Spain
743,Tres Fontes Tor,Spain
744,Ttrixac,Spain
745,Udeterana,Spain
746,Uegrana,Spain
747,Uella,Spain
748,Uellecas,Spain
749,Uello,Spain
750,Uello De Ardoba,Spain
751,Uello De Compos,Spain
752,Uelvanya,Spain
753,Ues,Spain
754,Ugeerrabuco,Spain
755,Unellindrega,Spain
756,Unt,Spain
757,Unta Cabadeo,Spain
758,Urrde,Spain
759,Valcalavicin,Spain
760,Valem,Spain
761,Valler,Spain
762,Vallers,Spain
763,Van,Spain
764,Vasit,Spain
765,Vella,Spain
766,Vllacam,Spain
767,Xad,Spain
768,Xel Mateo,Spain
769,Xel Rio,Spain
770,Xenxo,Spain
771,Xiveiro,Spain
772,Xuna De Vicentm,Spain
773,Yola,Spain
774,Yor,Spain
775,Z De Ardoz,Spain
776,Z De La Mar De ,Spain
777,Z De Ortuellanu,Spain
778,Z Del Rei,Spain
779,Zara,Spain
780,Zas,Spain
