,Name,Origin
0,-Gombo,Sri Lanka
1,-Mmulla Junctio,Sri Lanka
2,-Mount Pedro,Sri Lanka
3,-Niuwl,Sri Lanka
4,-Vount Pedro,Sri Lanka
5,Athn,Sri Lanka
6,Atte,Sri Lanka
7,Blll Jdye,Sri Lanka
8,Chi,Sri Lanka
9,Egama,Sri Lanka
10,Elay,Sri Lanka
11,Elisara Kottega,Sri Lanka
12,Etalaniyawa,Sri Lanka
13,Fla,Sri Lanka
14,G Lle,Sri Lanka
15,Gama,Sri Lanka
16,Ghma,Sri Lanka
17,Glla,Sri Lanka
18,Glla Ihala,Sri Lanka
19,Glla Junction,Sri Lanka
20,Glla South,Sri Lanka
21,Glll  Town,Sri Lanka
22,Glll Njuwcngoda,Sri Lanka
23,Gmlla,Sri Lanka
24,Gmlla Ihala Sou,Sri Lanka
25,Gmlla South,Sri Lanka
26,Gmma,Sri Lanka
27,Gmmalutara,Sri Lanka
28,Gnla Ihalangall,Sri Lanka
29,Gtvln Dota,Sri Lanka
30,Gvhlunai,Sri Lanka
31,Gvll  Town,Sri Lanka
32,Gvll Itonnaruwa,Sri Lanka
33,Gvmlunayakaraga,Sri Lanka
34,Hara,Sri Lanka
35,Hblll South,Sri Lanka
36,Hchi,Sri Lanka
37,Hera,Sri Lanka
38,Herawa,Sri Lanka
39,Herayaka,Sri Lanka
40,Herayakara,Sri Lanka
41,Hewaragama,Sri Lanka
42,Hewarai,Sri Lanka
43,Hewardenepura,Sri Lanka
44,Hgahara,Sri Lanka
45,Hgalle,Sri Lanka
46,Hglal-E,Sri Lanka
47,Hglla Ihala,Sri Lanka
48,Hglla South,Sri Lanka
49,Hglllr Town,Sri Lanka
50,Hina Eliyapitiy,Sri Lanka
51,Hita Kottegama,Sri Lanka
52,Hiwala,Sri Lanka
53,Hiwala South,Sri Lanka
54,Hiya,Sri Lanka
55,Hliaalke,Sri Lanka
56,Hlla,Sri Lanka
57,Hlla South,Sri Lanka
58,Hlwa,Sri Lanka
59,Hmra,Sri Lanka
60,Hnwala,Sri Lanka
61,Hnwala-Mount Pe,Sri Lanka
62,Hphara,Sri Lanka
63,Hpharai,Sri Lanka
64,Hprai,Sri Lanka
65,Hsra,Sri Lanka
66,Hsraruwara,Sri Lanka
67,Httala,Sri Lanka
68,Hvra Kotte,Sri Lanka
69,Hvra Kottegama,Sri Lanka
70,Hvradurai,Sri Lanka
71,Hvruuwtlal,Sri Lanka
72,Hya,Sri Lanka
73,Ihala,Sri Lanka
74,Ihlla,Sri Lanka
75,Ihlla South,Sri Lanka
76,Ilinia,Sri Lanka
77,Ilinochchi,Sri Lanka
78,Illl,Sri Lanka
79,Illl  Town,Sri Lanka
80,Ilow,Sri Lanka
81,Inllu Syuwa,Sri Lanka
82,Inyaliyawalam,Sri Lanka
83,Isira Kottegall,Sri Lanka
84,Ita Kotte,Sri Lanka
85,Ita Kottegama,Sri Lanka
86,Itlla Ihala Iha,Sri Lanka
87,Ittura,Sri Lanka
88,Ittura Kottegal,Sri Lanka
89,Ituwardenepura,Sri Lanka
90,Ivll ,Sri Lanka
91,Ivll  Town,Sri Lanka
92,Ivlln,Sri Lanka
93,Jfffaa,Sri Lanka
94,K-Ra Eliyawalan,Sri Lanka
95,Kara,Sri Lanka
96,Karagama,Sri Lanka
97,Karai,Sri Lanka
98,Karamulle,Sri Lanka
99,Keraputara Eliy,Sri Lanka
100,Kerawa,Sri Lanka
101,Kerawalam,Sri Lanka
102,Kgallegimapatar,Sri Lanka
103,Kglalutara,Sri Lanka
104,Kinawa,Sri Lanka
105,Kira Kotte,Sri Lanka
106,Kiwala Junction,Sri Lanka
107,Kiwalam,Sri Lanka
108,Kiya,Sri Lanka
109,Kkra,Sri Lanka
110,Klla,Sri Lanka
111,Klla South,Sri Lanka
112,Klra,Sri Lanka
113,Klra Eliya,Sri Lanka
114,Kmra,Sri Lanka
115,Knra,Sri Lanka
116,Knra Eliya,Sri Lanka
117,Knratuwa,Sri Lanka
118,Knrawa,Sri Lanka
119,Koratuwa,Sri Lanka
120,Ktra,Sri Lanka
121,Ktralutara,Sri Lanka
122,Ktrawa,Sri Lanka
123,Kvra Kottegama,Sri Lanka
124,L-Nouwh,Sri Lanka
125,Langoda,Sri Lanka
126,Lbunai,Sri Lanka
127,Legima,Sri Lanka
128,Legimapatarai,Sri Lanka
129,Leniya,Sri Lanka
130,Leriya,Sri Lanka
131,Leriyawa,Sri Lanka
132,Leriyawala Ihal,Sri Lanka
133,Lfna,Sri Lanka
134,Lgalle,Sri Lanka
135,Lhe,Sri Lanka
136,Lisara,Sri Lanka
137,Lita Kotte,Sri Lanka
138,Liya,Sri Lanka
139,Liyapitiya,Sri Lanka
140,Lj Ffna,Sri Lanka
141,Lka,Sri Lanka
142,Lka A,Sri Lanka
143,Lkarai,Sri Lanka
144,Lke,Sri Lanka
145,Lklidn,Sri Lanka
146,Lla,Sri Lanka
147,Lla Ihala,Sri Lanka
148,Lla Ihala Ihala,Sri Lanka
149,Lla Ihala Junct,Sri Lanka
150,Lla Ihala South,Sri Lanka
151,Lla Ihalag,Sri Lanka
152,Lla Ihalam,Sri Lanka
153,Lla Ihalangoda,Sri Lanka
154,Lla Junction,Sri Lanka
155,Lla South,Sri Lanka
156,Lle,Sri Lanka
157,Lleriya,Sri Lanka
158,Lleriyapitiya,Sri Lanka
159,Lleriyapitiyawa,Sri Lanka
160,Lleriyawa,Sri Lanka
161,Lleriyawalaniya,Sri Lanka
162,Lll  Town,Sri Lanka
163,Lll Idale,Sri Lanka
164,Lll Jtonnawa,Sri Lanka
165,Lll Rtonnaruwar,Sri Lanka
166,Llm Jayewarai,Sri Lanka
167,Llu,Sri Lanka
168,Lmla,Sri Lanka
169,Lmnnawala-Mount,Sri Lanka
170,Lmnod,Sri Lanka
171,Lmunai,Sri Lanka
172,Lmunayaka,Sri Lanka
173,Lmunayakara,Sri Lanka
174,Lmunayakara Kot,Sri Lanka
175,Lmunayakaragama,Sri Lanka
176,Lmunayakarai,Sri Lanka
177,Lmunayakaramull,Sri Lanka
178,Lngalleriya,Sri Lanka
179,Lniyawa,Sri Lanka
180,Lnli,Sri Lanka
181,Lnnilali-Ocococ,Sri Lanka
182,Lnniwala Ihala,Sri Lanka
183,Lpa,Sri Lanka
184,Lpara,Sri Lanka
185,Lpnni,Sri Lanka
186,Lsara Eliya,Sri Lanka
187,Lsarai,Sri Lanka
188,Lsgi Laniya,Sri Lanka
189,Lt Town,Sri Lanka
190,Lta,Sri Lanka
191,Lta Kotte,Sri Lanka
192,Lta Kottegama,Sri Lanka
193,Lte,Sri Lanka
194,Ltnina Eliya,Sri Lanka
195,Lula Ihalangall,Sri Lanka
196,Lula South,Sri Lanka
197,Lulay,Sri Lanka
198,Lutara,Sri Lanka
199,Lvadmre,Sri Lanka
200,Lvadura Eliya,Sri Lanka
201,Lveddittura,Sri Lanka
202,Lveddittura Dy,Sri Lanka
203,Lveddittura Eli,Sri Lanka
204,Lveddittura Kot,Sri Lanka
205,Lvedditturai,Sri Lanka
206,Lviii,Sri Lanka
207,Lviina Eliya,Sri Lanka
208,Lviyu,Sri Lanka
209,Lvld Eedpota,Sri Lanka
210,Lvld Jeyegama,Sri Lanka
211,Lvndura,Sri Lanka
212,Lvud Ratunayaka,Sri Lanka
213,Lvudiya,Sri Lanka
214,Lya,Sri Lanka
215,Mbulla,Sri Lanka
216,Mbulla Ihala,Sri Lanka
217,Mbulla Ihala-Mo,Sri Lanka
218,Mbulla Junction,Sri Lanka
219,Mbulla South,Sri Lanka
220,Mbulle,Sri Lanka
221,Mhara,Sri Lanka
222,Miuola,Sri Lanka
223,Mleniya,Sri Lanka
224,Mlla Junction,Sri Lanka
225,Mlo,Sri Lanka
226,Mngalle,Sri Lanka
227,Mpaha,Sri Lanka
228,Mpara,Sri Lanka
229,Mparamulla,Sri Lanka
230,Mparamulla Sout,Sri Lanka
231,Mphhrawa,Sri Lanka
232,Mphra,Sri Lanka
233,Mpihi,Sri Lanka
234,Mpilinochchi,Sri Lanka
235,Mplha,Sri Lanka
236,Mplla Ihala,Sri Lanka
237,Mpola,Sri Lanka
238,Mrlonnaruwa,Sri Lanka
239,Mvbl Ltonnaruwa,Sri Lanka
240,Mvndutaragama,Sri Lanka
241,Mvul Ajufch,Sri Lanka
242,Mvur Town,Sri Lanka
243,Nadurai,Sri Lanka
244,Ngalle,Sri Lanka
245,Ngalleriya,Sri Lanka
246,Ngalleriyapitiy,Sri Lanka
247,Ngalleriyawala,Sri Lanka
248,Nglll Jtonnawa,Sri Lanka
249,Ngoda,Sri Lanka
250,Ngtlll Eduita K,Sri Lanka
251,Nitunai,Sri Lanka
252,Niya,Sri Lanka
253,Niyapitiya,Sri Lanka
254,Niyawa,Sri Lanka
255,Nki,Sri Lanka
256,Nle,Sri Lanka
257,Nlegama,Sri Lanka
258,Nlewira Eliyapi,Sri Lanka
259,Nlewira Kotte,Sri Lanka
260,Nli,Sri Lanka
261,Nlinochchi,Sri Lanka
262,Nliyawa,Sri Lanka
263,Nndrutara,Sri Lanka
264,Nod,Sri Lanka
265,Nt Pedro,Sri Lanka
266,Ntelarigama,Sri Lanka
267,Ntota,Sri Lanka
268,Ntptraruwarai,Sri Lanka
269,Ntticaloa,Sri Lanka
270,Nvtura,Sri Lanka
271,Nwella,Sri Lanka
272,Ombo,Sri Lanka
273,Pghala,Sri Lanka
274,Phi,Sri Lanka
275,Pjha,Sri Lanka
276,Plla South,Sri Lanka
277,Pmtaragama,Sri Lanka
278,Pntita Kotte,Sri Lanka
279,Pttala,Sri Lanka
280,Pttaragama,Sri Lanka
281,Pvtinnwwlla Jun,Sri Lanka
282,Revul Ajufch,Sri Lanka
283,Rhi,Sri Lanka
284,Rkewaramu,Sri Lanka
285,Rl Jtonnaruwara,Sri Lanka
286,Rlengoda,Sri Lanka
287,Rleniyawa,Sri Lanka
288,Rlinochchi,Sri Lanka
289,Rllo,Sri Lanka
290,Rlpjra,Sri Lanka
291,Rvdnyawa,Sri Lanka
292,Rvinia,Sri Lanka
293,Rvinuwalangoda,Sri Lanka
294,Rvinuwaramulle,Sri Lanka
295,Shira Kotte,Sri Lanka
296,Sira Eliyapitiy,Sri Lanka
297,Slra,Sri Lanka
298,Stra Kottegama,Sri Lanka
299,Stralutarai,Sri Lanka
300,Straruwardenepu,Sri Lanka
301,Tbala,Sri Lanka
302,Th-Langoda,Sri Lanka
303,Thara Eliya,Sri Lanka
304,Thi,Sri Lanka
305,Thnlaniya,Sri Lanka
306,Tinnaruwangoda,Sri Lanka
307,Tlar,Sri Lanka
308,Tlare,Sri Lanka
309,Tlla Ihala Ihal,Sri Lanka
310,Tlra,Sri Lanka
311,Tma,Sri Lanka
312,Tmara,Sri Lanka
313,Tmra,Sri Lanka
314,Tmura Kotte,Sri Lanka
315,Tnaruwalaniya,Sri Lanka
316,Tngalleriya,Sri Lanka
317,Tnwalaniyapitiy,Sri Lanka
318,Tra,Sri Lanka
319,Tsira Eliya,Sri Lanka
320,Ttala Ihalam,Sri Lanka
321,Ttalam,Sri Lanka
322,Ttalangoda,Sri Lanka
323,Ttalaniya,Sri Lanka
324,Ttalaniyawa,Sri Lanka
325,Ttara,Sri Lanka
326,Ttaramulla Sout,Sri Lanka
327,Tticaloa,Sri Lanka
328,Tvendy,Sri Lanka
329,Tvinia,Sri Lanka
330,Tvinuwara,Sri Lanka
331,Tvnndura Eliyaw,Sri Lanka
332,Tvnniwalam,Sri Lanka
333,Tvrdunai,Sri Lanka
334,Tvuniya,Sri Lanka
335,V-Niuala,Sri Lanka
336,V-Niuwl,Sri Lanka
337,V-Niya,Sri Lanka
338,Vatuwala-Mount ,Sri Lanka
339,Vcniya,Sri Lanka
340,Vdnituwardenepu,Sri Lanka
341,Vdru,Sri Lanka
342,Veddittura,Sri Lanka
343,Veddittura Eliy,Sri Lanka
344,Veddittura Kott,Sri Lanka
345,Vedditturai,Sri Lanka
346,Vendo,Sri Lanka
347,Vendp,Sri Lanka
348,Vendprtiya,Sri Lanka
349,Vendy,Sri Lanka
350,Verdyn,Sri Lanka
351,Verdyneawa,Sri Lanka
352,Verdynewara,Sri Lanka
353,Verdynewarai,Sri Lanka
354,Verdynewura,Sri Lanka
355,Vfnu,Sri Lanka
356,Vhnda,Sri Lanka
357,Vhni,Sri Lanka
358,Vhnia,Sri Lanka
359,Vhtura Kottegam,Sri Lanka
360,Vindloa,Sri Lanka
361,Vinia,Sri Lanka
362,Vinilaw,Sri Lanka
363,Vinuwa,Sri Lanka
364,Vinuwala,Sri Lanka
365,Vinuwalangalle,Sri Lanka
366,Vinuwangalle,Sri Lanka
367,Vinuwardenepura,Sri Lanka
368,Vl- Town,Sri Lanka
369,Vlediot,Sri Lanka
370,Vli Iaalmunai,Sri Lanka
371,Vli Jayewara,Sri Lanka
372,Vli Jayewaragam,Sri Lanka
373,Vli Jayewaramul,Sri Lanka
374,Vli Jayewardene,Sri Lanka
375,Vli Oathi,Sri Lanka
376,Vli Ochchi,Sri Lanka
377,Vli South,Sri Lanka
378,Vlida,Sri Lanka
379,Vlidn,Sri Lanka
380,Vlidswalam,Sri Lanka
381,Vliina Eliyawal,Sri Lanka
382,Vlinochchi,Sri Lanka
383,Vliya,Sri Lanka
384,Vliya Lonnaruwa,Sri Lanka
385,Vliyapitiya,Sri Lanka
386,Vll  Town,Sri Lanka
387,Vll Djte,Sri Lanka
388,Vll Evdnuttarag,Sri Lanka
389,Vll Rtown,Sri Lanka
390,Vlli,Sri Lanka
391,Vlm Ihala,Sri Lanka
392,Vln Junction,Sri Lanka
393,Vln South,Sri Lanka
394,Vlninawala-Moun,Sri Lanka
395,Vlniya,Sri Lanka
396,Vlniyapitiya,Sri Lanka
397,Vlr Junction,Sri Lanka
398,Vlr Town,Sri Lanka
399,Vmr Lavinia,Sri Lanka
400,Vmunai,Sri Lanka
401,Vmuulla Junctio,Sri Lanka
402,Vmuulta,Sri Lanka
403,Vmuulya,Sri Lanka
404,Vnddnttlrlinoch,Sri Lanka
405,Vni Awa,Sri Lanka
406,Vniduwa,Sri Lanka
407,Vniya,Sri Lanka
408,Vniyawa,Sri Lanka
409,Vnl Ldvi,Sri Lanka
410,Vnni,Sri Lanka
411,Vnnira Eliya,Sri Lanka
412,Vnnira Eliyapit,Sri Lanka
413,Vnnira Eliyawal,Sri Lanka
414,Vnnira Kotte,Sri Lanka
415,Vnnira Kottegal,Sri Lanka
416,Vnnira Kottegam,Sri Lanka
417,Vnniwala,Sri Lanka
418,Vnniwala South,Sri Lanka
419,Vnniwala-Mount ,Sri Lanka
420,Vnnnwwlla Junct,Sri Lanka
421,Vnnura,Sri Lanka
422,Vnnywwllle,Sri Lanka
423,Vnt Lavinuwara ,Sri Lanka
424,Vodn,Sri Lanka
425,Voint Pedro,Sri Lanka
426,Vonnawa,Sri Lanka
427,Vordtne,Sri Lanka
428,Vordtnnwwlll,Sri Lanka
429,Vordwn,Sri Lanka
430,Vount Lavinuwar,Sri Lanka
431,Vpitiyapitiya,Sri Lanka
432,Vpnii,Sri Lanka
433,Vpniya,Sri Lanka
434,Vrdunai,Sri Lanka
435,Vrdunayakaramul,Sri Lanka
436,Vrduwa,Sri Lanka
437,Vrh Wala,Sri Lanka
438,Vri Jayewara,Sri Lanka
439,Vrr Junction,Sri Lanka
440,Vruuwtlarigama,Sri Lanka
441,Vsni Ktodn,Sri Lanka
442,Vt Uwtla,Sri Lanka
443,Vul Atonnaruwal,Sri Lanka
444,Vul Ytwangoda,Sri Lanka
445,Vuliya,Sri Lanka
446,Vuniyawa,Sri Lanka
447,Vvddnttura,Sri Lanka
448,Vvddutara,Sri Lanka
449,Vvdunt Pedro,Sri Lanka
450,Vvkvdaneduiayak,Sri Lanka
451,Vvnddutara,Sri Lanka
452,Vvnddutaragama,Sri Lanka
453,Vvndu,Sri Lanka
454,Vvndutaramulla ,Sri Lanka
455,Vvnii,Sri Lanka
456,Vvnniwala,Sri Lanka
457,Vwnda,Sri Lanka
458,Wala Ihalaniya,Sri Lanka
459,Wlla Ihala,Sri Lanka
460,Ypwlla South,Sri Lanka
461,Yvwara Kotte,Sri Lanka
