,Name,Origin
0, Nadarif,Sudan
1, Njdadah,Sudan
2, Nouiem,Sudan
3, Rawatah,Sudan
4, Rendi,Sudan
5,Angola,Sudan
6,D Noda,Sudan
7,Dr Mah,Sudan
8,Drr Ruseris,Sudan
9,Eris,Sudan
10,Fnaaarh,Sudan
11,Gnneina,Sudan
12,Illinga,Sudan
13,Ilnin,Sudan
14,Ing,Sudan
15,Inga,Sudan
16,Ingei,Sudan
17,Kin,Sudan
18,Kri,Sudan
19,Krna,Sudan
20,L  Adqa,Sudan
21,L Dawitan,Sudan
22,L Gah,Sudan
23,L Hawatah,Sudan
24,L Hilalinga,Sudan
25,L Hilaliyya,Sudan
26,L Iaj,Sudan
27,L Ial,Sudan
28,L Ibj,Sudan
29,L Iblah,Sudan
30,L Iien,Sudan
31,L Iij,Sudan
32,L Iijnadah,Sudan
33,L Iijnadarif,Sudan
34,L Ijlad,Sudan
35,L Ikj,Sudan
36,L Iujnadarif,Sudan
37,L Iwna,Sudan
38,L Kaddadah,Sudan
39,L Kaddadarif,Sudan
40,L Kawa,Sudan
41,L Lamiyya,Sudan
42,L Lilminga,Sudan
43,L Ling,Sudan
44,L Masallamiyya,Sudan
45,L Mijyadarif,Sudan
46,L Naba,Sudan
47,L Nabad,Sudan
48,L Nadah,Sudan
49,L Naqil,Sudan
50,L Nawakin,Sudan
51,L Nawatah,Sudan
52,L Nijlad,Sudan
53,L Nijnadarif,Sudan
54,L Qitena,Sudan
55,Ling,Sudan
56,Linga,Sudan
57,Lling,Sudan
58,Llinga,Sudan
59,Llingei,Sudan
60,Llrminga,Sudan
61,Lri,Sudan
62,Lrid,Sudan
63,Lrin,Sudan
64,Lti,Sudan
65,Mni,Sudan
66,Ndalti,Sudan
67,Neina,Sudan
68,Nga,Sudan
69,Ngei,Sudan
70,Ngi,Sudan
71,Ngola,Sudan
72,Nil,Sudan
73,Nin,Sudan
74,Nina,Sudan
75,Ninana,Sudan
76,Ninanaqil,Sudan
77,Ningei,Sudan
78,Nji,Sudan
79,Nki,Sudan
80,Nkin,Sudan
81,Nli,Sudan
82,Nlinga,Sudan
83,Nloli,Sudan
84,Nnga,Sudan
85,Nngei,Sudan
86,Nngola,Sudan
87,Nni,Sudan
88,Nnina,Sudan
89,Nnoli,Sudan
90,Nnonioli,Sudan
91,Nri,Sudan
92,Nroie,Sudan
93,Nroker,Sudan
94,Nrol ,Sudan
95,Nrola,Sudan
96,Nrole,Sudan
97,Nrowe,Sudan
98,Nti,Sudan
99,Nwei,Sudan
100,R  Ahdddddddddd,Sudan
101,R  Andalti,Sudan
102,R  Ubuaba,Sudan
103,R  Uburbah,Sudan
104,R  Udinga,Sudan
105,R  Udmnd,Sudan
106,R  Udunmal,Sudan
107,R  Udunmburza,Sudan
108,R  Ufuaa,Sudan
109,R  Ujwadah,Sudan
110,R  Ulb,Sudan
111,R  Umeawah,Sudan
112,R Eudani,Sudan
113,R Eudendi,Sudan
114,R Iujnadarif,Sudan
115,R Muna,Sudan
116,R Outema,Sudan
117,R Rawatah,Sudan
118,R Rus,Sudan
119,R Ruseris,Sudan
120,R Rusmrlyni,Sudan
121,R Ruwaba,Sudan
122,R Ruwabad,Sudan
123,R Sudani,Sudan
124,R Suki,Sudan
125,Rd Nodi,Sudan
126,Rerdendi,Sudan
127,Rerdin,Sudan
128,Rerdinga,Sudan
129,Rherdinga,Sudan
130,Rif,Sudan
131,Rin,Sudan
132,Rki,Sudan
133,Rl Nawah,Sudan
134,Rne,Sudan
135,Rni,Sudan
136,Rno,Sudan
137,Rode,Sudan
138,Rokar,Sudan
139,Roneoni,Sudan
140,Roseii,Sudan
141,Roseiia,Sudan
142,Roseiian,Sudan
143,Roseil,Sudan
144,Roseilaling,Sudan
145,Roseilalingal,Sudan
146,Rosein,Sudan
147,Roseina,Sudan
148,Roseinana,Sudan
149,Rowe,Sudan
150,Rr Huwabad,Sudan
151,Rr Maw,Sudan
152,Rr Rahad,Sudan
153,Rr Rawa,Sudan
154,Rr Rawah,Sudan
155,Rr Rawakin,Sudan
156,Rr Rawatah,Sudan
157,Rr Ruka,Sudan
158,Rr Ruseris,Sudan
159,Rr Ruwaba,Sudan
160,Rr Ruwabad,Sudan
161,Rr Yudan,Sudan
162,Rr Yudani,Sudan
163,Rrerdin,Sudan
164,Rriy,Sudan
165,Rroma,Sudan
166,Rroneoniola,Sudan
167,Rt Sudan,Sudan
168,Rti,Sudan
169,Rtis,Sudan
170,Rwer,Sudan
171,Rweris,Sudan
172,Rymah,Sudan
173,Ryosa,Sudan
174,Tin,Sudan
175,Tinana,Sudan
176,Tnsuinm,Sudan
177,Tro,Sudan
178,Trosein,Sudan
179,Wnki,Sudan
180,Yna,Sudan
181,Zrlinga,Sudan
