,Name,Origin
0, 2) / Dorf,Switzerland
1, 4) / Ober-Uste,Switzerland
2, 5) / Deutweg,Switzerland
3, 5S 5) / Affolt,Switzerland
4, Affikon,Switzerland
5, Affolten,Switzerland
6, Affoltenbacht,Switzerland
7, Affoltenbuchs,Switzerland
8, Affoltenbuchse,Switzerland
9, Affoltenbuchwi,Switzerland
10, Affoltenbuehl,Switzerland
11, Affoltendorf,Switzerland
12, Affoltendorfke,Switzerland
13, Affolter / Alb,Switzerland
14, Affolter / Deu,Switzerland
15, Affolter / Gug,Switzerland
16, Affolter / Obe,Switzerland
17, Affoltern,Switzerland
18, Affolternier,Switzerland
19, Affolterthur (,Switzerland
20, Albis,Switzerland
21, Albisriedeln,Switzerland
22, Albisrieden,Switzerland
23, Albisriedingen,Switzerland
24, Albisriet,Switzerland
25, Buchsee,Switzerland
26, Deutweg,Switzerland
27, Guggen,Switzerland
28, Guggenthalwil,Switzerland
29, Hard,Switzerland
30, Hlrthur (Kreis,Switzerland
31, Hottmingen,Switzerland
32, Hrrieden,Switzerland
33, Orwenbuchsee,Switzerland
34, R A Affoltern,Switzerland
35, Zoren,Switzerland
36, Zren,Switzerland
37,-Strin,Switzerland
38,1 /)Genens,Switzerland
39,14 / Gewerbesch,Switzerland
40,15 / Guggentruy,Switzerland
41,17 /Mhatt,Switzerland
42,17R / Oberwil,Switzerland
43,1Au,Switzerland
44,1Rich (Kreis 2),Switzerland
45,1Riet,Switzerland
46,1S H) E Grand-S,Switzerland
47,2Mat,Switzerland
48,2Mau,Switzerland
49,2Ru,Switzerland
50,3Enswil,Switzerland
51,4 / Gewerbeschw,Switzerland
52,4Domat,Switzerland
53,4S 9) / Gewerbe,Switzerland
54,4Thalwil / Affo,Switzerland
55,4Ttau,Switzerland
56,5Nau,Switzerland
57,5R (Kreis 4) / ,Switzerland
58,5R (Kreis 7) / ,Switzerland
59,5S O),Switzerland
60,5T Au,Switzerland
61,5Tteln,Switzerland
62,7  ()Ren,Switzerland
63,7 /)Gu,Switzerland
64,7 /Mderengstrin,Switzerland
65,7 /Mdolaes,Switzerland
66,7 /Mgeneve,Switzerland
67,7Mattenziken,Switzerland
68,7Mau,Switzerland
69,7Nberg,Switzerland
70,9 / Deutweg,Switzerland
71,9Gen,Switzerland
72,Affhausen,Switzerland
73,Affikon,Switzerland
74,Aldtrin,Switzerland
75,Allschwil,Switzerland
76,Alpnach,Switzerland
77,Alpnach (Kreis ,Switzerland
78,Alpnacht,Switzerland
79,Asteinacht,Switzerland
80,Autay,Switzerland
81,Ch (Kreis 11) /,Switzerland
82,Ch (Kreis 12),Switzerland
83,Ch (Kreis 2) / ,Switzerland
84,Ch (Kreis 3),Switzerland
85,Ch (Kreis 4) / ,Switzerland
86,Chubelbacht,Switzerland
87,Deren,Switzerland
88,Derendorfkern,Switzerland
89,Dligen,Switzerland
90,Domat,Switzerland
91,Domatt,Switzerland
92,Domatteln,Switzerland
93,Domattenbach (K,Switzerland
94,Domattenberried,Switzerland
95,Dorf,Switzerland
96,Dorfkern Am Alb,Switzerland
97,Dorfkernier,Switzerland
98,Dorfkernierendi,Switzerland
99,Enbach,Switzerland
100,Enbacht,Switzerland
101,Enber-Ustern,Switzerland
102,Enberg,Switzerland
103,Endingen,Switzerland
104,Endorf,Switzerland
105,Engstrin,Switzerland
106,Ens,Switzerland
107,Enthalwil,Switzerland
108,Entruy,Switzerland
109,Enziken,Switzerland
110,Er / Affolterth,Switzerland
111,Er / Hard,Switzerland
112,Erich (Kreis 12,Switzerland
113,Ernierenthey,Switzerland
114,Ersiggenbuehl,Switzerland
115,Erthur (Kreis 5,Switzerland
116,Fffffkor,Switzerland
117,Ffkornenberg,Switzerland
118,Gausanne,Switzerland
119,Gen,Switzerland
120,Genbuchwil / Ob,Switzerland
121,Genen,Switzerland
122,Genenswil,Switzerland
123,Geneve,Switzerland
124,Gengnau,Switzerland
125,Genthey,Switzerland
126,Gllnchets,Switzerland
127,Gnau,Switzerland
128,Gnen,Switzerland
129,Gnersdorf,Switzerland
130,Gten,Switzerland
131,Gtenbach (Kreis,Switzerland
132,Gtond,Switzerland
133,Gulg,Switzerland
134,Guteytingen,Switzerland
135,Gutgen,Switzerland
136,Gutgentruy,Switzerland
137,Gwal,Switzerland
138,Hal,Switzerland
139,Halwil,Switzerland
140,Hard,Switzerland
141,Hatden,Switzerland
142,Hatdingen,Switzerland
143,Hatteln,Switzerland
144,Hattenbach,Switzerland
145,Haudalneh,Switzerland
146,Hausanne,Switzerland
147,Hausannes,Switzerland
148,Hausen,Switzerland
149,Herwil / Gewerb,Switzerland
150,Herwinter,Switzerland
151,Herwintern Am A,Switzerland
152,Herwintersdorfk,Switzerland
153,Hlrriedeln,Switzerland
154,Hone,Switzerland
155,Horgen,Switzerland
156,Horgens,Switzerland
157,Horges,Switzerland
158,Hotenziken,Switzerland
159,Hue (Kreis 7),Switzerland
160,Hur (Kreis 12),Switzerland
161,Iedeln,Switzerland
162,Ikon,Switzerland
163,Ischubelbach,Switzerland
164,Ischubelbach (K,Switzerland
165,Ischubelbachtte,Switzerland
166,Ischwil,Switzerland
167,Ki Gallisellen,Switzerland
168,Kirch,Switzerland
169,Kon,Switzerland
170,Lieren,Switzerland
171,Lierendorfkern,Switzerland
172,Llen,Switzerland
173,Llerau,Switzerland
174,Lon,Switzerland
175,M Albis,Switzerland
176,Mal,Switzerland
177,Malate,Switzerland
178,Malferth,Switzerland
179,Mallen,Switzerland
180,Mallisellerau,Switzerland
181,Maltern,Switzerland
182,Malthey,Switzerland
183,Man,Switzerland
184,Manf,Switzerland
185,Mant,Switzerland
186,Manthal,Switzerland
187,Mat,Switzerland
188,Mat Ey,Switzerland
189,Matt,Switzerland
190,Matteln,Switzerland
191,Matten,Switzerland
192,Mau,Switzerland
193,Mautaedeln,Switzerland
194,Mautag,Switzerland
195,Mautagno,Switzerland
196,Mautey,Switzerland
197,Mutten,Switzerland
198,Nau,Switzerland
199,Nen,Switzerland
200,Nenbach (Kreis ,Switzerland
201,Nenbuchs,Switzerland
202,Nenbuchwil,Switzerland
203,Nenbuchwil / De,Switzerland
204,Nens,Switzerland
205,Nenswil,Switzerland
206,Nenswil / Dorf,Switzerland
207,Nersdorf,Switzerland
208,Nes,Switzerland
209,Nex,Switzerland
210,Ngenenbach,Switzerland
211,Ngnau,Switzerland
212,Ngstrin,Switzerland
213,Nherwinterthur ,Switzerland
214,No-,Switzerland
215,Nterthur (Kreis,Switzerland
216,Nthey,Switzerland
217,Nuchsee,Switzerland
218,Nuchwil,Switzerland
219,Nueen (Kreis 12,Switzerland
220,Nusio,Switzerland
221,Oengnau,Switzerland
222,Omat,Switzerland
223,Omatt,Switzerland
224,Omatteln,Switzerland
225,Omatten,Switzerland
226,Omattenbuchs,Switzerland
227,Omattenbuehl,Switzerland
228,Ona,Switzerland
229,Onex,Switzerland
230,Ont,Switzerland
231,Osteinach,Switzerland
232,Ostersiggen,Switzerland
233,Ostringenthalwi,Switzerland
234,Otteln,Switzerland
235,Otten,Switzerland
236,Ottenberbeschub,Switzerland
237,Ottenbuchsee,Switzerland
238,Ottendingen,Switzerland
239,Pnach,Switzerland
240,R (Kreis 11) / ,Switzerland
241,R (Kreis 3),Switzerland
242,R (Kreis 5) / D,Switzerland
243,R (Kreis 9) / H,Switzerland
244,R-Uster / Albis,Switzerland
245,R-Ustern Am Alb,Switzerland
246,Raldilgano,Switzerland
247,Raldingenbuchse,Switzerland
248,Rand-Sacona,Switzerland
249,Rand-Saconnes,Switzerland
250,Ren,Switzerland
251,Rendorf,Switzerland
252,Rengstringenbac,Switzerland
253,Rgen,Switzerland
254,Rgenens,Switzerland
255,Rgenenswil,Switzerland
256,Rgeneve,Switzerland
257,Rgens,Switzerland
258,Rgentruy,Switzerland
259,Rges,Switzerland
260,Rgis,Switzerland
261,Rgiswil,Switzerland
262,Rgnau,Switzerland
263,Rhischubelbach,Switzerland
264,Rich (Kreis 11),Switzerland
265,Rich (Kreis 2) ,Switzerland
266,Rich (Kreis 5) ,Switzerland
267,Rich (Kreis 7) ,Switzerland
268,Rich (Kreis 9) ,Switzerland
269,Riedeln,Switzerland
270,Rieden,Switzerland
271,Riedeu,Switzerland
272,Riet,Switzerland
273,Risau,Switzerland
274,Rliberg,Switzerland
275,Rlobexchets,Switzerland
276,Rmottingen,Switzerland
277,Rndau,Switzerland
278,Rnenbuchwil,Switzerland
279,Rnens,Switzerland
280,Rngausen,Switzerland
281,Rriedeln,Switzerland
282,Rrieden,Switzerland
283,Rriet,Switzerland
284,Rsdorf,Switzerland
285,Rsoix,Switzerland
286,Rte,Switzerland
287,Rteun,Switzerland
288,Rthur (Kreis 2),Switzerland
289,Rthur (Kreis 9),Switzerland
290,Rttun,Switzerland
291,Rueil / Guggenb,Switzerland
292,Rwil,Switzerland
293,Rwil / Dorf,Switzerland
294,Snach,Switzerland
295,Staad,Switzerland
296,Stein,Switzerland
297,Ster,Switzerland
298,Ster / Hottinge,Switzerland
299,Sterthur (Kreis,Switzerland
300,Strin,Switzerland
301,Stringen,Switzerland
302,Stringenberwint,Switzerland
303,Stringentruy,Switzerland
304,Tau,Switzerland
305,Teln,Switzerland
306,Ten,Switzerland
307,Tenbach,Switzerland
308,Tenbacht,Switzerland
309,Tendingen,Switzerland
310,Tendingenbuehl,Switzerland
311,Tendorfkern Am ,Switzerland
312,Thal,Switzerland
313,Thalwil,Switzerland
314,Thalwil / Deutw,Switzerland
315,Thalwil / Gewer,Switzerland
316,They,Switzerland
317,Thllen,Switzerland
318,Thur (Kreis 11),Switzerland
319,Thur (Kreis 12),Switzerland
320,Thur (Kreis 2),Switzerland
321,Thur (Kreis 3),Switzerland
322,Thur (Kreis 4) ,Switzerland
323,Thur (Kreis 5) ,Switzerland
324,Thur (Kreis 7),Switzerland
325,Thur (Kreis 7) ,Switzerland
326,Thur (Kreis 9) ,Switzerland
327,Tkinchens,Switzerland
328,Trgnau,Switzerland
329,Trin,Switzerland
330,Tringen,Switzerland
331,Truy,Switzerland
332,Ttau,Switzerland
333,Ttendorf,Switzerland
334,Tthur (Kreis 7),Switzerland
335,Ttingen,Switzerland
336,Ttruy,Switzerland
337,U /7Gu,Switzerland
338,Uchs,Switzerland
339,Uchsee,Switzerland
340,Uenkirch,Switzerland
341,Uenkirchberengn,Switzerland
342,Uenkirchberengs,Switzerland
343,Uenkirchberg,Switzerland
344,Uenkirchberwint,Switzerland
345,Ugen,Switzerland
346,Ugensteinach,Switzerland
347,Ugentruy,Switzerland
348,Unchen,Switzerland
349,Unchensterthur ,Switzerland
350,Unchets,Switzerland
351,Unen,Switzerland
352,Unenbach,Switzerland
353,Unenbuchwil,Switzerland
354,Unenbuehl,Switzerland
355,Unenstein,Switzerland
356,Uri,Switzerland
357,Uscona,Switzerland
358,Usconne,Switzerland
359,Uteg,Switzerland
360,Utey,Switzerland
361,Utten,Switzerland
362,Uzkherwinter / ,Switzerland
363,Vach (Kreis 9) ,Switzerland
364,Vacnt,Switzerland
365,Wil,Switzerland
366,Wil / Affolters,Switzerland
367,Wil / Gewerbesc,Switzerland
368,Z At Ey,Switzerland
369,Zau,Switzerland
370,Zkomatt,Switzerland
371,Zomat,Switzerland
372,Zomatt,Switzerland
373,Zomatteln,Switzerland
374,Zomatten,Switzerland
375,Zomattenbuchsee,Switzerland
376,Zorees Avanchet,Switzerland
377,Zoren,Switzerland
378,Zorendingen,Switzerland
379,Zorengnau,Switzerland
380,Zorenthalwil,Switzerland
381,Zoresthalwil,Switzerland
