,Name,Origin
0,  Ab Ah Ahh,Syria
1,  Ad Nun,Syria
2,  Akharram Al ',Syria
3,  Al 'Arab,Syria
4,  Al 'Arabulus,Syria
5,  Al Fawqani,Syria
6,  Bab,Syria
7,  Ea- Uwayda,Syria
8,  Ea- Uwl,Syria
9,  Ee- -Wrens Sa,Syria
10,  Ee- Ew- Ew-Ze,Syria
11,  Ee- Ew-Ee--Zw,Syria
12,  Ee- Ew-Eez Za,Syria
13,  Ee- Ew-Eez-Zo,Syria
14,  Ee- Ew-Zewt T,Syria
15,  Ee- Zwbadani,Syria
16,  Ee---Wwed,Syria
17,  Ee--Orwemeez-,Syria
18,  Ee--Zwran,Syria
19,  Ee--Zwranbel,Syria
20,  Ee--Zwrtnsin,Syria
21,  Ee-S-Ruwsyya,Syria
22,  Ee-Se-,Syria
23,  Ee-Ser,Syria
24,  Ee-Ser Ez-Zor,Syria
25,  Ee-Z Raykhun,Syria
26,  Ee-Zertesi ,Syria
27,  Eez Zabadani,Syria
28,  Eez-Zor,Syria
29,  Eu-Syr,Syria
30,  Eu-Syrah,Syria
31,  Ew-Zertesi ,Syria
32,  Ez-Zor,Syria
33,  Laha,Syria
34,  Zabadani,Syria
35, - Wwbadani,Syria
36, -A-Wuq,Syria
37, -Akwandmhrn,Syria
38, -Akwandmur,Syria
39, -Amwandugauray,Syria
40, -Aqrah,Syria
41, -Ar'A,Syria
42, -Arwabdahi,Syria
43, -Arwamah,Syria
44, -Arwamdani,Syria
45, -Arwasda,Syria
46, -Arwasdani,Syria
47, -Arwbmah,Syria
48, -Arwbulus,Syria
49, -Arwh,Syria
50, -Arwsta,Syria
51, -Arwubaykhun,Syria
52, -Arwyyda,Syria
53, -Awbadani,Syria
54, -Awlad Uusyya,Syria
55, -Awqani,Syria
56, -Awradmur,Syria
57, -Awwaddnrim,Syria
58, -Awwaddnris,Syria
59, -L-Wuwdani,Syria
60, -Lrram Al Fawq,Syria
61, -Z-Oor,Syria
62, -Zrezsza,Syria
63, -Zwran,Syria
64, -Zwranbel,Syria
65, Bab,Syria
66, Bakia,Syria
67, Bali,Syria
68, Bel,Syria
69, Bu Kamah,Syria
70, Dabid,Syria
71, Dali,Syria
72, Dani,Syria
73, Darim,Syria
74, E--Uwranbel,Syria
75, Ea-Qurayya,Syria
76, Ee-Ser,Syria
77, Ei- Ew- Ew-Zer,Syria
78, Ez-Zor,Syria
79, Farasta,Syria
80, Ghan,Syria
81, Il ,Syria
82, Il Fawqani,Syria
83, Il Hun,Syria
84, Ilriynha,Syria
85, Im El-Zur,Syria
86, Jezrz`,Syria
87, Kamascus,Syria
88, Khun,Syria
89, Kza,Syria
90, Laha,Syria
91, Mal,Syria
92, Marnbmll,Syria
93, Qerie,Syria
94, Rak,Syria
95, Rayya,Syria
96, Re Seh,Syria
97, Rebse Seah Ah ,Syria
98, Rebsei,Syria
99, Rehs Safita,Syria
100, Rehs-Suwayda,Syria
101, Reks-Huw,Syria
102, Reus,Syria
103, Reus Aah,Syria
104, Reusha,Syria
105, Seh,Syria
106, Takhantu,Syria
107, Takharim,Syria
108, Takharram Al F,Syria
109, Teel- Kwmayn,Syria
110, Teem El-Zuran,Syria
111, Teem-Ez-Zor,Syria
112, Tekh Lhu,Syria
113, Tell ,Syria
114, Tellb,Syria
115, Zabadani,Syria
116, Zayta,Syria
117, Zaytirah,Syria
118,- Ew- Ew-Ez-Zor,Syria
119,- Mwrrets Iarim,Syria
120,--Oor,Syria
121,--Owran,Syria
122,--Qwwinnish,Syria
123,--Rwwman,Syria
124,--Rwwmel,Syria
125,--Wweez-Zor,Syria
126,--Wwwddnnish,Syria
127,--Zwran,Syria
128,-Boo,Syria
129,-Huw,Syria
130,-Ilriynha,Syria
131,-Irehs Sanamasc,Syria
132,-Isr Ash Shughu,Syria
133,-Karasta,Syria
134,-Krwnbel,Syria
135,-Kzra`,Syria
136,-Larah,Syria
137,-Laraykhun,Syria
138,-R-Wmenz Zat,Syria
139,-Raw Ad Nul,Syria
140,-Rawyadani,Syria
141,-Rews Aah,Syria
142,-Rews Aaha,Syria
143,-Rews Aahba,Syria
144,-Rews Aarab,Syria
145,-Rews Ea- Aw An,Syria
146,-Rews Nakia,Syria
147,-Rews Safirah,Syria
148,-Rews Safita,Syria
149,-Rews Sanamah,Syria
150,-Rews Sanamascu,Syria
151,-Rews Sanamayn,Syria
152,-Rews Yafas,Syria
153,-Rews-Eu-,Syria
154,-Rews-Suwayda,Syria
155,-Rewsea,Syria
156,-Teem-Ez-Zor,Syria
157,-Tewl Darim,Syria
158,-Trwrmnscis,Syria
159,-Tuw,Syria
160,-Tuwayda,Syria
161,B Kamah,Syria
162,B Khun,Syria
163,Bdakia,Syria
164,Bdani,Syria
165,Bdaui,Syria
166,Be ,Syria
167,Bea,Syria
168,Bee,Syria
169,Bei,Syria
170,Bel,Syria
171,Beo,Syria
172,Bez,Syria
173,Blah,Syria
174,Bmal,Syria
175,Brees  Auhaykhu,Syria
176,Btadmur,Syria
177,Btall,Syria
178,Cus,Syria
179,D Bakia,Syria
180,D Bukharram Al ,Syria
181,D Duranbel,Syria
182,D Duraykish,Syria
183,D Fuwqynish,Syria
184,D Guanamal,Syria
185,D Kuran,Syria
186,D Kuranbel,Syria
187,D Raf  Al Fawqa,Syria
188,D Ram Al 'Arabu,Syria
189,D Rayya,Syria
190,D Rub,Syria
191,Darim,Syria
192,Deir Ez-Zor,Syria
193,Dlbb Kamah,Syria
194,Dlbu Kamascus,Syria
195,Dm Rl Sh Shaykh,Syria
196,Dm Rl Sh Shughu,Syria
197,Dmil,Syria
198,Dmirremseh,Syria
199,Dmirrens Safita,Syria
200,Dmirrets Aah,Syria
201,Dmur,Syria
202,E- Ew- Ew-Zerte,Syria
203,E--Zwran,Syria
204,E--Zwranbel,Syria
205,E-Seri ,Syria
206,Eim El-Zuran,Syria
207,Eir Ez-Zor,Syria
208,Eis ,Syria
209,Eis  Al Fawqani,Syria
210,Eis Iarim,Syria
211,Eit Iarim,Syria
212,Ez Zabadani,Syria
213,Ez Zayta,Syria
214,F  Laha,Syria
215,F Atkhln,Syria
216,F Rab,Syria
217,F Rltaho,Syria
218,F Sah,Syria
219,F Tabo,Syria
220,F Takhan Shughu,Syria
221,F Takharram Al ,Syria
222,F Tall,Syria
223,F Zabadani,Syria
224,F Zayta,Syria
225,F-Rzwman,Syria
226,Fb Laha,Syria
227,Fftani,Syria
228,Fftnabadani,Syria
229,Fftzzbmal,Syria
230,Firah,Syria
231,Fita,Syria
232,Fr Laha,Syria
233,Fr Takhan Shahb,Syria
234,Fr Takhantu,Syria
235,Fr Takharim,Syria
236,Fr Takharram Al,Syria
237,Fr Takharratmis,Syria
238,Fr Tall,Syria
239,Fr Zabadani,Syria
240,Fr Zayta,Syria
241,Fr Zaytirah,Syria
242,Fr-Zuraykharim,Syria
243,Fran,Syria
244,Franbel,Syria
245,Frels Aah,Syria
246,Frtnbil,Syria
247,Id Iurin,Syria
248,Ir Ez-Zor,Syria
249,Irremseh,Syria
250,Ish,Syria
251,Isi,Syria
252,Isrin,Syria
253,Isti,Syria
254,Khan Shahba,Syria
255,Kharim,Syria
256,Kil,Syria
257,Kish,Syria
258,Kranbel,Syria
259,Krartus,Syria
260,Kreh,Syria
261,Krensei,Syria
262,Krers Mal,Syria
263,Kta,Syria
264,L Fawqani,Syria
265,M El- Kwman,Syria
266,M El-Eur Yas,Syria
267,M El-Ghantu,Syria
268,M El-Zuran,Syria
269,M El-Zuranbel,Syria
270,M El-Zuraykhun,Syria
271,M Els Sanamal,Syria
272,M Ez-Zor,Syria
273,Mascus,Syria
274,Meeh Qhna,Syria
275,Meur Yak,Syria
276,Mezre`Ser,Syria
277,Mezrz`,Syria
278,Qirah,Syria
279,R  Ar Ash Shugh,Syria
280,R -Arwascus,Syria
281,R -S-Ruw,Syria
282,R Bali,Syria
283,R Ez-Zor,Syria
284,R Laha,Syria
285,R Mar,Syria
286,R Takhan Shahba,Syria
287,R Takhantu,Syria
288,R Takharim,Syria
289,R Takharram Al ,Syria
290,R Takharratmisr,Syria
291,R Tall,Syria
292,R Yak,Syria
293,R Zabadani,Syria
294,R Zayta,Syria
295,R Zaytirah,Syria
296,R-Buruysh,Syria
297,R-Buzuyya,Syria
298,R-Luran,Syria
299,R-Rswmayn,Syria
300,R-Sm-Bor,Syria
301,R-Sm-Uranbel,Syria
302,R-Ssran,Syria
303,R-Tsran,Syria
304,R-Turanbel,Syria
305,R-Zmranbel,Syria
306,R-Zsranbel,Syria
307,Rab,Syria
308,Rbes,Syria
309,Rbesh Shughur,Syria
310,Rbez,Syria
311,Re Seh,Syria
312,Re-S Rabulus,Syria
313,Re-S-Rur,Syria
314,Re-S-Ruw,Syria
315,Re-S-Suwayda,Syria
316,Re-Se-,Syria
317,Re-Ser,Syria
318,Re-Ser Ez-Zor,Syria
319,Re-Sera Mal,Syria
320,Re-Seri ,Syria
321,Re-Serie,Syria
322,Re-Serir,Syria
323,Re-Seriz,Syria
324,Re-Sez,Syria
325,Re-Szratmisrin,Syria
326,Rees  Al 'Arabu,Syria
327,Rees Safirah,Syria
328,Rees- Uwayda,Syria
329,Rees-Suwayda,Syria
330,Reez Zabadani,Syria
331,Rehsei,Syria
332,Reis ,Syria
333,Reis  Ab An Sha,Syria
334,Reis  Al 'Arabu,Syria
335,Reis  Al Fawqan,Syria
336,Reis  Am Al Faw,Syria
337,Reis Iakia,Syria
338,Reis Iarim,Syria
339,Remseh,Syria
340,Rerse,Syria
341,Rersem El-Zuray,Syria
342,Ress Sanamascus,Syria
343,Retseh,Syria
344,Rezrz`,Syria
345,Rezs `Arram Al ,Syria
346,Rezs-Auraykhun,Syria
347,Rezsz,Syria
348,Rezsza,Syria
349,Rezszantu,Syria
350,Rezszasta,Syria
351,Rezszayta,Syria
352,Rezszaytirah,Syria
353,Rim,Syria
354,Rltuh,Syria
355,Rm Sh Shughur,Syria
356,Rremseh,Syria
357,Rtrsiyah,Syria
358,Rtssis,Syria
359,Rttsim,Syria
360,S  Akharim,Syria
361,S- Uwayda,Syria
362,S-Buranbel,Syria
363,Sir,Syria
364,Sr Ash Shughur,Syria
365,T Rab,Syria
366,T Rakhan Shayki,Syria
367,T Tall,Syria
368,T`Ran,Syria
369,Terl Shh,Syria
370,Tfbo,Syria
371,Tfran,Syria
372,Tfranbel,Syria
373,Timah,Syria
374,Tisa,Syria
375,Tisi,Syria
376,Tmisr Ash Shugh,Syria
377,Tmisrin,Syria
378,Trbos,Syria
379,Trim,Syria
380,Trlita,Syria
381,Trram Al Fawqan,Syria
382,Tur,Syria
383,Wrensei,Syria
384,Yfah,Syria
385,Yfrhzkharim,Syria
386,Ykish,Syria
387,Ztmisrin,Syria
388,` Reus,Syria
389,`Irremseh,Syria
390,`Rezsza,Syria
391,`Zre`Seri-,Syria
392,`Zrezsza,Syria
