,Name,Origin
0, Rom,Tajikistan
1, Ron,Tajikistan
2, Roqqum,Tajikistan
3, Rugh,Tajikistan
4,''Rinub,Tajikistan
5,''Rinubokhtarik,Tajikistan
6,'Konsoy,Tajikistan
7,'Krrangharavuti,Tajikistan
8,'Ni Jomi,Tajikistan
9,'Nibod,Tajikistan
10,'Nibodom,Tajikistan
11,'Niyon,Tajikistan
12,'On,Tajikistan
13,'Orikhosor,Tajikistan
14,'Ran,Tajikistan
15,'Ranm,Tajikistan
16,'Ranshyn,Tajikistan
17,'Rikhorugh,Tajikistan
18,'Rikhosor,Tajikistan
19,'Rikhozobod,Tajikistan
20,'Rilurahmon,Tajikistan
21,'Rin,Tajikistan
22,'Rinb,Tajikistan
23,'Rinub,Tajikistan
24,'Rinubak,Tajikistan
25,'Rinubkhsh,Tajikistan
26,'Rinubob,Tajikistan
27,'Rinubod,Tajikistan
28,'Rinubodom,Tajikistan
29,'Rinubokhtakoro,Tajikistan
30,'Rinubokhtar,Tajikistan
31,'Rinubokhtariyo,Tajikistan
32,'Rinubon,Tajikistan
33,'Rinubsk,Tajikistan
34,'Rinushan,Tajikistan
35,'Rinuson,Tajikistan
36,'Rivusiarov,Tajikistan
37,'Riyon,Tajikistan
38,'Run,Tajikistan
39,'Vznkent,Tajikistan
40,'Zonaoshim,Tajikistan
41,-Maston,Tajikistan
42,-Oshkent,Tajikistan
43,Anr,Tajikistan
44,Ara,Tajikistan
45,Aravuti,Tajikistan
46,Arikhor,Tajikistan
47,Arikhorugh,Tajikistan
48,Arikhosor,Tajikistan
49,Arikhozobod,Tajikistan
50,Arikhozobodom,Tajikistan
51,Ariyon,Tajikistan
52,Arov,Tajikistan
53,Arr,Tajikistan
54,Arrvunibodom,Tajikistan
55,Ars,Tajikistan
56,Aru,Tajikistan
57,Avshanbe,Tajikistan
58,Bdar,Tajikistan
59,Drasmonibod,Tajikistan
60,Dzaa-Iahritus,Tajikistan
61,Fara,Tajikistan
62,Faravuti,Tajikistan
63,Fraaushanbe,Tajikistan
64,Fraru,Tajikistan
65,Iravshara,Tajikistan
66,Irov,Tajikistan
67,Khtar,Tajikistan
68,Konsoy,Tajikistan
69,Koron,Tajikistan
70,Kovskiy,Tajikistan
71,L'Kiy,Tajikistan
72,Lara,Tajikistan
73,Lkhorugh,Tajikistan
74,Lkhozobod,Tajikistan
75,Lob,Tajikistan
76,Lrak,Tajikistan
77,Lruauitod,Tajikistan
78,Lruy,Tajikistan
79,N'Okit,Tajikistan
80,Nbe,Tajikistan
81,Ngharavshanbe,Tajikistan
82,Ngharavuti,Tajikistan
83,Njakent,Tajikistan
84,Nlbokhtakoron,Tajikistan
85,Nn Jjmiiob,Tajikistan
86,Nroqqum,Tajikistan
87,Nyoo,Tajikistan
88,Nzoda,Tajikistan
89,Odusai,Tajikistan
90,Odzha-Maston,Tajikistan
91,Olhtakoron,Tajikistan
92,Olkhor,Tajikistan
93,Olkhorugh,Tajikistan
94,Olkhosor,Tajikistan
95,Olkhozobod,Tajikistan
96,Olkhozobodom,Tajikistan
97,Onbodom,Tajikistan
98,Oni Jomi,Tajikistan
99,Onibod,Tajikistan
100,Onibodom,Tajikistan
101,Onsoy,Tajikistan
102,Onzoda,Tajikistan
103,Orikhor,Tajikistan
104,Orugh,Tajikistan
105,Osor,Tajikistan
106,Ovkhtakoron,Tajikistan
107,Ovskiy,Tajikistan
108,Ovzkhyr,Tajikistan
109,Proletara,Tajikistan
110,R Nmon,Tajikistan
111,R'Vsna,Tajikistan
112,R'Vsni,Tajikistan
113,R'Vunibod,Tajikistan
114,Rak,Tajikistan
115,Ral,Tajikistan
116,Ran,Tajikistan
117,Ranm,Tajikistan
118,Ranshanbe,Tajikistan
119,Ranshara,Tajikistan
120,Ranshyn,Tajikistan
121,Ranu,Tajikistan
122,Ranuasit,Tajikistan
123,Raqus,Tajikistan
124,Rarm,Tajikistan
125,Rasmon,Tajikistan
126,Rasmoni Jomi,Tajikistan
127,Ravshan,Tajikistan
128,Ravshanbe,Tajikistan
129,Ravshar,Tajikistan
130,Ravshara,Tajikistan
131,Ravuti,Tajikistan
132,Rdnugh,Tajikistan
133,Righrb,Tajikistan
134,Rikhor,Tajikistan
135,Rishr,Tajikistan
136,Riyon,Tajikistan
137,Rlkhorugh,Tajikistan
138,Roletar,Tajikistan
139,Roletara,Tajikistan
140,Roletaravsharav,Tajikistan
141,Roletaravuti,Tajikistan
142,Roletariyon,Tajikistan
143,Ron,Tajikistan
144,Roqqum,Tajikistan
145,Ros,Tajikistan
146,Rov,Tajikistan
147,Rrugh,Tajikistan
148,Rruqui,Tajikistan
149,Rrushanbe,Tajikistan
150,Rruu,Tajikistan
151,Rruuuuzobod,Tajikistan
152,Rrvuni Jomi,Tajikistan
153,Rrvusiaro,Tajikistan
154,Rrvusii,Tajikistan
155,Ru',Tajikistan
156,Ru'Him,Tajikistan
157,Ru'Minobod,Tajikistan
158,Ruasit,Tajikistan
159,Rugh,Tajikistan
160,Rul,Tajikistan
161,Rule,Tajikistan
162,Rulebar,Tajikistan
163,Rulebariyon,Tajikistan
164,Rulekars,Tajikistan
165,Ruletar,Tajikistan
166,Ruletara,Tajikistan
167,Ruletaravuti,Tajikistan
168,Ruletariyon,Tajikistan
169,Ruleua,Tajikistan
170,Ruleuar,Tajikistan
171,Ruleuarikhor,Tajikistan
172,Ruleuarikhorugh,Tajikistan
173,Ruleuarikhosor,Tajikistan
174,Ruleuarikhozobo,Tajikistan
175,Ruleuariyon,Tajikistan
176,Ruleuatikonsoy,Tajikistan
177,Ruleut,Tajikistan
178,Rulgh,Tajikistan
179,Rulghara,Tajikistan
180,Rulgharavuti,Tajikistan
181,Rulhuab,Tajikistan
182,Rulhuabik,Tajikistan
183,Rulhuabikaoshim,Tajikistan
184,Rulhuaboshkent,Tajikistan
185,Rulhuaeit,Tajikistan
186,Rulhuara,Tajikistan
187,Rulhuarikhorugh,Tajikistan
188,Rulhuarikhosor,Tajikistan
189,Rulhuariyon,Tajikistan
190,Rulhuati,Tajikistan
191,Rulhubek,Tajikistan
192,Rulhurahmon,Tajikistan
193,Rulhurahmoni Jo,Tajikistan
194,Rulhurahmonibod,Tajikistan
195,Rulsuazorak,Tajikistan
196,Rulubakoron,Tajikistan
197,Ruluu,Tajikistan
198,Ruluuabik,Tajikistan
199,Ruluuabikonobod,Tajikistan
200,Ruluuabis,Tajikistan
201,Ruluuaboshim,Tajikistan
202,Ruluuai,Tajikistan
203,Ruluuaib,Tajikistan
204,Ruluuaoihurahmo,Tajikistan
205,Ruluuasor,Tajikistan
206,Ruluuazorak,Tajikistan
207,Ruluuazoron,Tajikistan
208,Ruluubik,Tajikistan
209,Ruluubokhtara,Tajikistan
210,Ruluubokhtaravu,Tajikistan
211,Ruluuzibek,Tajikistan
212,Run,Tajikistan
213,Runghar,Tajikistan
214,Rur,Tajikistan
215,Ruruuszonobod,Tajikistan
216,Ruruuuzobodom,Tajikistan
217,Rus,Tajikistan
218,Rushan,Tajikistan
219,Rushanbe,Tajikistan
220,Rushar,Tajikistan
221,Rushara,Tajikistan
222,Rusharavshan,Tajikistan
223,Rusharavshanbe,Tajikistan
224,Ruu,Tajikistan
225,Ruug,Tajikistan
226,Ruugb,Tajikistan
227,Ruugz,Tajikistan
228,Ruuuiiusoy,Tajikistan
229,Ruv,Tajikistan
230,Ruvghar,Tajikistan
231,Ruvgharavsharav,Tajikistan
232,Ruvsbi,Tajikistan
233,Ruvsiarov,Tajikistan
234,Ruvsikonroqqum,Tajikistan
235,Ruvsikonsoy,Tajikistan
236,Ruvsoa,Tajikistan
237,Ruvsoi,Tajikistan
238,Ruvubik,Tajikistan
239,Ruvubikanshanbe,Tajikistan
240,Ruvubikanshyn,Tajikistan
241,Ruvubikaoshanbe,Tajikistan
242,Ruvubikaoshkent,Tajikistan
243,Ruvubikonsoy,Tajikistan
244,Ruvuiiob,Tajikistan
245,Ruvuiiubsk,Tajikistan
246,Ruvuobodom,Tajikistan
247,Ruvusiarov,Tajikistan
248,Ruvuti,Tajikistan
249,Rvshanbe,Tajikistan
250,Rvugi,Tajikistan
251,Rvunibodom,Tajikistan
252,Rvusio,Tajikistan
253,Rzo,Tajikistan
254,Son,Tajikistan
255,Sor,Tajikistan
256,U'Iiyon,Tajikistan
257,Urahmon,Tajikistan
258,Urahmoni Jomi,Tajikistan
259,Urahmonibod,Tajikistan
260,Urihurahmon,Tajikistan
261,Uriuusiaro,Tajikistan
262,Urlhuab,Tajikistan
263,Urzo,Tajikistan
264,Urzu,Tajikistan
265,Von,Tajikistan
266,Vsiarov,Tajikistan
267,Vskiy,Tajikistan
268,Vsna,Tajikistan
269,Vusion,Tajikistan
270,Vzkh-Amsht,Tajikistan
271,Vzkhdat,Tajikistan
272,Vzkhyan,Tajikistan
273,Vzokonsoy,Tajikistan
274,Vzokoron,Tajikistan
275,Vzokotob,Tajikistan
276,Ydon,Tajikistan
277,Ynoqoshkent,Tajikistan
278,Yzoda,Tajikistan
279,Zobodom,Tajikistan
280,Zoda,Tajikistan
281,Zorak,Tajikistan
