,Name,Origin
0, Buri,Thailand
1, Chaburi,Thailand
2, Chawang,Thailand
3, Chiao,Thailand
4, Din,Thailand
5, Eeng,Thailand
6, Ei,Thailand
7, Eng Kaeo,Thailand
8, Eranuan,Thailand
9, Hong,Thailand
10, Ka,Thailand
11, Kaeo,Thailand
12, Kceon,Thailand
13, Kee Sai,Thailand
14, Ken,Thailand
15, Kham,Thailand
16, Khiang Daen Di,Thailand
17, Khiang Kham,Thailand
18, Khiao,Thailand
19, Khla Buri,Thailand
20, Khlong,Thailand
21, Klua Yai,Thailand
22, Kmaa Sang Nam ,Thailand
23, Ko Kaeo,Thailand
24, Kraduen,Thailand
25, Kradueng,Thailand
26, Kradueng Sai,Thailand
27, Kranuan,Thailand
28, Kranulok,Thailand
29, Kret,Thailand
30, Kruai,Thailand
31, Kueng Khla,Thailand
32, Len,Thailand
33, Luk Kranulok,Thailand
34, Mai,Thailand
35, Na,Thailand
36, Nam Luek,Thailand
37, Nam Luk Kaeo,Thailand
38, Nam Priao,Thailand
39, Nam Yueng,Thailand
40, Nen,Thailand
41, Neng,Thailand
42, Neng Sang Khan,Thailand
43, Ngan,Thailand
44, Nranulok,Thailand
45, Nua,Thailand
46, Pen,Thailand
47, Phai,Thailand
48, Phai Talai,Thailand
49, Phani,Thailand
50, Phanthaburi Ra,Thailand
51, Phe,Thailand
52, Priao,Thailand
53, Ra Phu Khai,Thailand
54, Rakham,Thailand
55, Rakhon,Thailand
56, Ranulok,Thailand
57, Rat Nua,Thailand
58, Rat Tha Khanal,Thailand
59, Ratchanat Yao,Thailand
60, Rukat,Thailand
61, Sang Mai,Thailand
62, So,Thailand
63, Sri,Thailand
64, Tenadi,Thailand
65, Thanalada,Thailand
66, Thani,Thailand
67, Uen,Thailand
68, Uri,Thailand
69, Wirawong,Thailand
70, Wua Sang,Thailand
71, Wua Yao,Thailand
72, Yai,Thailand
73, Yang Son,Thailand
74, Yang Wua Yai,Thailand
75, Yangkhla,Thailand
76, Yen,Thailand
77, Yong,Thailand
78,A Khai,Thailand
79,A Kham,Thailand
80,A Ngan,Thailand
81,A Yang Sai,Thailand
82,Aket,Thailand
83,Alphani,Thailand
84,Ang,Thailand
85,Antlang,Thailand
86,Attong,Thailand
87,Bat,Thailand
88,Bueng,Thailand
89,Buri,Thailand
90,Buri Ratsada,Thailand
91,Cen,Thailand
92,Cena Ngan,Thailand
93,Chabat,Thailand
94,Chaburi,Thailand
95,Chan,Thailand
96,Chanan Ko Phetc,Thailand
97,Chanoi,Thailand
98,Chumphon Tha Kh,Thailand
99,Craburi,Thailand
100,Cranuan,Thailand
101,Crawong,Thailand
102,Crawongkhla,Thailand
103,Dan,Thailand
104,Den,Thailand
105,E Hongkhla,Thailand
106,E Rai,Thailand
107,E Rat Nua,Thailand
108,E Rat Tha Khian,Thailand
109,E Rat Yai,Thailand
110,E Sarakhothon,Thailand
111,E Sing,Thailand
112,Eeng,Thailand
113,Eetchaburi,Thailand
114,Eewang Pha Yai,Thailand
115,Ei San Ko Kaeo,Thailand
116,Ei Sattahip,Thailand
117,Ekhon Tha Kaeo,Thailand
118,En Din,Thailand
119,Eng,Thailand
120,Eng Nam Luek,Thailand
121,Eng Phutthabat,Thailand
122,Eng Rakam,Thailand
123,Eng Saphanthai,Thailand
124,Eng Saraburi,Thailand
125,Eng So,Thailand
126,Eng Wirawong Kh,Thailand
127,Eng Wirawong So,Thailand
128,Eng Wua So,Thailand
129,Engkhla,Thailand
130,Erai,Thailand
131,Eranuan,Thailand
132,Eranulok,Thailand
133,Etchabat,Thailand
134,Etchaburi,Thailand
135,Etchaburi Rakam,Thailand
136,Etchaburi Ratch,Thailand
137,Etchan,Thailand
138,Etchanalasin,Thailand
139,Etchanat Tha So,Thailand
140,Etchanat Than,Thailand
141,Etchani,Thailand
142,Etchanon,Thailand
143,Etchanthaburi,Thailand
144,Ethdin,Thailand
145,Ethubum,Thailand
146,Ethui,Thailand
147,Ettuhitsanulok,Thailand
148,Ewang,Thailand
149,Ewang Kruai,Thailand
150,Ewangkhla Buri,Thailand
151,G Daen Din,Thailand
152,Ha Khiao,Thailand
153,Haet Udon Bueng,Thailand
154,Haetchaburi,Thailand
155,Hai,Thailand
156,Haraburi Ram,Thailand
157,Hat,Thailand
158,Hattahip,Thailand
159,Hcranuan,Thailand
160,Hen,Thailand
161,Hetchaburi,Thailand
162,Hetchaburi Raka,Thailand
163,Hetchan,Thailand
164,Hetchani,Thailand
165,Hetchanthabat,Thailand
166,Hieo,Thailand
167,Hinok,Thailand
168,Hneng Sai,Thailand
169,Hon Tha Ka,Thailand
170,Hprakhon Thanth,Thailand
171,Hra Pha Yang Sa,Thailand
172,Hra Phai,Thailand
173,Hra Phani,Thailand
174,Hra Phe,Thailand
175,Hra Phetchaburi,Thailand
176,Hra Phuket,Thailand
177,Huetguhlong,Thailand
178,Huket,Thailand
179,Hurat Nikhiu,Thailand
180,Hurat Nua,Thailand
181,Hurat Yai,Thailand
182,Hurat Yao,Thailand
183,Huyong,Thailand
184,I Taladan,Thailand
185,I Talai,Thailand
186,I Talasin,Thailand
187,I Talat Yai,Thailand
188,I Tan,Thailand
189,Ieo,Thailand
190,Ikhom,Thailand
191,K Kaeo,Thailand
192,K Kan,Thailand
193,Ken,Thailand
194,Ket,Thailand
195,Kham,Thailand
196,Khothaburi,Thailand
197,Knot,Thailand
198,Kramuri,Thailand
199,Lada,Thailand
200,Lai,Thailand
201,Lakhothaburi,Thailand
202,Lasin,Thailand
203,Lat Yao,Thailand
204,Lee,Thailand
205,Let,Thailand
206,Lsi,Thailand
207,Luek,Thailand
208,N  An,Thailand
209,N  Na,Thailand
210,N  On,Thailand
211,N  Uri,Thailand
212,N Buen,Thailand
213,N Bueng,Thailand
214,N Buri,Thailand
215,N Chawang Kham,Thailand
216,N Chiang Len,Thailand
217,N Ko Kan,Thailand
218,N Ko Pha,Thailand
219,N Ko Pha San Ph,Thailand
220,N Ko Phai,Thailand
221,N Ko Phani,Thailand
222,N Lam Priao,Thailand
223,N Lam Yen,Thailand
224,N Lam Yuen,Thailand
225,N Lam Yueng,Thailand
226,N Lam Yueng Dae,Thailand
227,N Nam Luek,Thailand
228,N Nam Priao,Thailand
229,N Nong,Thailand
230,N Nong Saphani,Thailand
231,N Nong Wua Yao,Thailand
232,N Pa San Phai,Thailand
233,N Pa Saphanot,Thailand
234,N Pa Tong,Thailand
235,N Pa Tong Khiao,Thailand
236,N Pa Tong Sai,Thailand
237,N Pa Tong Wua Y,Thailand
238,N Pha Kaeo,Thailand
239,N Phai,Thailand
240,N Phai Tan,Thailand
241,N Phanthaburi,Thailand
242,N Phe,Thailand
243,N Phetchani,Thailand
244,N Rakam,Thailand
245,N Ram,Thailand
246,N Ratchaburi,Thailand
247,N Ratsadan,Thailand
248,N Ratsanuan,Thailand
249,N Tan,Thailand
250,N Tha Khai,Thailand
251,N Tha Khani,Thailand
252,N Won Buri Ratc,Thailand
253,Na Ngan,Thailand
254,Naladan,Thailand
255,Nan Nam Yuen,Thailand
256,Nat Nua,Thailand
257,Ncnaha Khai,Thailand
258,Nechabat,Thailand
259,Nen,Thailand
260,Nen Din,Thailand
261,Neng,Thailand
262,Neng Kaeo,Thailand
263,Neng Sarakhon C,Thailand
264,Netchaburi,Thailand
265,Netchani,Thailand
266,Ng Daeng,Thailand
267,Ng Kaeo,Thailand
268,Ng Kan,Thailand
269,Ng Khai,Thailand
270,Ng Khani,Thailand
271,Ng Khiao,Thailand
272,Ng Khla,Thailand
273,Ng Kranuhothai ,Thailand
274,Ng Kruai,Thailand
275,Ng Len,Thailand
276,Ng Mai,Thailand
277,Ng Phai,Thailand
278,Ng Phai Talai,Thailand
279,Ng Phanot,Thailand
280,Ng Phuket,Thailand
281,Ng Rakam,Thailand
282,Ng Ram,Thailand
283,Ng Sang Khlong,Thailand
284,Ng Sattahip,Thailand
285,Ng So,Thailand
286,Ng Son,Thailand
287,Ng Songkhla,Thailand
288,Ng Wirawong,Thailand
289,Ng Wirawongkhla,Thailand
290,Ng Wua Yai,Thailand
291,Ngkhla,Thailand
292,Ngwang Daeng,Thailand
293,Ni Ratsanulok,Thailand
294,Nk Nam Yuen,Thailand
295,Nkham,Thailand
296,Nkhla,Thailand
297,Nkhon Buri,Thailand
298,Nla Buri,Thailand
299,Nladan,Thailand
300,Nlai,Thailand
301,Nn Buri,Thailand
302,Nn Lam Yen,Thailand
303,Nng Kan,Thailand
304,Nnthai,Thailand
305,Noe,Thailand
306,Nphai,Thailand
307,Npkham,Thailand
308,Nrai,Thailand
309,Nranuan,Thailand
310,Nranulok,Thailand
311,Nrawong,Thailand
312,Nslan,Thailand
313,Nthaburi,Thailand
314,Nthai,Thailand
315,Ntlai,Thailand
316,Nu Khan,Thailand
317,Nuan,Thailand
318,Nuet,Thailand
319,Nuket,Thailand
320,Nukhon Buri,Thailand
321,Nuknon,Thailand
322,Nukot,Thailand
323,Nulok,Thailand
324,Nuni,Thailand
325,Nurat Nua,Thailand
326,Nurat Thani,Thailand
327,Nurat Yao,Thailand
328,Nurot,Thailand
329,Phan,Thailand
330,Phani,Thailand
331,Phanthaburi,Thailand
332,Phu Kham,Thailand
333,Prakham,Thailand
334,Prakhom,Thailand
335,R Hai,Thailand
336,Ra Pha Kaeo,Thailand
337,Ra Pha Khai,Thailand
338,Ra Pha Ngan,Thailand
339,Ra Pha Sang Pha,Thailand
340,Ra Pha Sang Wir,Thailand
341,Ra Phai,Thailand
342,Ra Phanat Tha K,Thailand
343,Ra Phani,Thailand
344,Ra Phanthabat,Thailand
345,Ra Phanthaburi ,Thailand
346,Ra Phanthai,Thailand
347,Ra Phe,Thailand
348,Ra Phetchabat,Thailand
349,Ra Phetchanalas,Thailand
350,Ra Phu Khla Bur,Thailand
351,Raburi,Thailand
352,Raburi Ram,Thailand
353,Raburi Ratchabu,Thailand
354,Rae Chanalai,Thailand
355,Rai,Thailand
356,Rai Talat Tha K,Thailand
357,Rai Tan,Thailand
358,Rakham,Thailand
359,Rakhom,Thailand
360,Rakhon,Thailand
361,Rakhon Bueng Kr,Thailand
362,Rakhon Buri,Thailand
363,Rakhon Chai,Thailand
364,Rakhon Taladan,Thailand
365,Rakhon Talai,Thailand
366,Rakhon Talat Ni,Thailand
367,Rakhon Thai,Thailand
368,Rakhothaburi,Thailand
369,Rakhothai,Thailand
370,Rakhothon,Thailand
371,Rakhothon Chai,Thailand
372,Ratsada,Thailand
373,Rau Kret,Thailand
374,Sat,Thailand
375,Satuai,Thailand
376,Seranuan,Thailand
377,Setchaburi,Thailand
378,Sethubam,Thailand
379,T Sing,Thailand
380,Tchabat,Thailand
381,Tchaburi,Thailand
382,Tchan,Thailand
383,Tchanalasin,Thailand
384,Tchanalat Nua,Thailand
385,Tchani,Thailand
386,Tchanot,Thailand
387,Tchanthaburi,Thailand
388,Teai,Thailand
389,Tealat Yao,Thailand
390,Ten,Thailand
391,Teni,Thailand
392,Teo,Thailand
393,Teuan,Thailand
394,Thabat,Thailand
395,Thaburi,Thailand
396,Thai,Thailand
397,Thai Tan,Thailand
398,Thon Chiang So,Thailand
399,Tphan,Thailand
400,Tphanat Yang Kh,Thailand
401,Traburi,Thailand
402,Tradueng So,Thailand
403,Tsadan,Thailand
404,Tsanuan,Thailand
405,Tsanulok,Thailand
406,Ttahip,Thailand
407,Ttchaburi,Thailand
408,Tthabat,Thailand
409,Tthaburi,Thailand
410,Ua Yang Son,Thailand
411,Uen,Thailand
412,Ueng,Thailand
413,Ueng Len,Thailand
414,Ueng Mai,Thailand
415,Uket,Thailand
416,Urat Nikhiu,Thailand
417,Urat Nua,Thailand
418,Urat Thai,Thailand
419,Urat Than,Thailand
420,Urat Yao,Thailand
421,Wang,Thailand
422,Wang Bang Ram,Thailand
423,Wang Daen Din,Thailand
424,Wang Khai,Thailand
425,Wang Khlong,Thailand
426,Wang Mai,Thailand
427,Wang Nam Yen,Thailand
428,Wang Phai,Thailand
429,Wang Rakam,Thailand
430,Wang Ram,Thailand
431,Wang Sai,Thailand
432,Wang Sang Nam Y,Thailand
433,Wang Saphan,Thailand
434,Wang Satchaburi,Thailand
435,Wang Wirawong,Thailand
436,Yasothai Talat ,Thailand
437,Yen,Thailand
438,Yeng,Thailand
439,Yes,Thailand
440,Ypriao,Thailand
441,Ytngbar,Thailand
