,Name,Origin
0, Abderhaman,Tunisia
1, Aboura,Tunisia
2, Adounis,Tunisia
3, Aed Lill,Tunisia
4, Afde,Tunisia
5, Afourguiba,Tunisia
6, Agdubm,Tunisia
7, Agoulette,Tunisia
8, Aide,Tunisia
9, Ajdamel,Tunisia
10, Ajdim,Tunisia
11, Akouda,Tunisia
12, Ali,Tunisia
13, Alia,Tunisia
14, Aliana,Tunisia
15, Alianad,Tunisia
16, Alouane,Tunisia
17, Alouar El Ande,Tunisia
18, Alouar El Mell,Tunisia
19, Alouar Tindja,Tunisia
20, Alouardeni Khi,Tunisia
21, Alouaria,Tunisia
22, Alouariana,Tunisia
23, Alouleche,Tunisia
24, Aloulette,Tunisia
25, Amades,Tunisia
26, Andeless,Tunisia
27, Arada,Tunisia
28, Aroui,Tunisia
29, Arouine,Tunisia
30, Arous,Tunisia
31, Arousse,Tunisia
32, Aroussef,Tunisia
33, Arousserine,Tunisia
34, Asdubm,Tunisia
35, Asousse,Tunisia
36, Aud,Tunisia
37, Audayyif,Tunisia
38, Auouane,Tunisia
39, Auouine,Tunisia
40, Battan,Tunisia
41, Bfta,Tunisia
42, Blen,Tunisia
43, Bou Ali,Tunisia
44, Bou Arada,Tunisia
45, Bou Aroui,Tunisia
46, Bou Zelfa,Tunisia
47, Bour,Tunisia
48, Brt El Abderha,Tunisia
49, Brtie,Tunisia
50, Bsbebalah,Tunisia
51, Bzerte,Tunisia
52, Bztroui,Tunisia
53, Carthage,Tunisia
54, Du Mornag,Tunisia
55, Egache,Tunisia
56, El Maamoura,Tunisia
57, Er Sidi,Tunisia
58, Erdeni Khalled,Tunisia
59, Fdabes,Tunisia
60, Fhabarka,Tunisia
61, Gardane,Tunisia
62, Gardenine,Tunisia
63, Gfar,Tunisia
64, Gglabarka,Tunisia
65, Golaa,Tunisia
66, Golaat Djedidi,Tunisia
67, Golaat Djediou,Tunisia
68, Golaat Djemma,Tunisia
69, Golaat Djemmal,Tunisia
70, Golaat Djemmam,Tunisia
71, Golaat El Alou,Tunisia
72, Golaat El Batt,Tunisia
73, Golaat El Hamm,Tunisia
74, Golaat El Kame,Tunisia
75, Golaat El Maam,Tunisia
76, Gouleche,Tunisia
77, Goulette,Tunisia
78, Hafourguiba,Tunisia
79, Heff,Tunisia
80, Hemmam-Lif,Tunisia
81, Hfoura,Tunisia
82, Hfourguiba,Tunisia
83, Hfouz,Tunisia
84, Hfouza,Tunisia
85, Hgmmmlma,Tunisia
86, Hhoumt El Bou ,Tunisia
87, Hlmmamel,Tunisia
88, Hlouleche,Tunisia
89, Homma,Tunisia
90, Hommal,Tunisia
91, Hommtm,Tunisia
92, Hsoussef,Tunisia
93, Hummam-Lif,Tunisia
94, Jem,Tunisia
95, Jemil,Tunisia
96, Jemna,Tunisia
97, Kamel,Tunisia
98, Kef,Tunisia
99, Kidi Ali,Tunisia
100, Kif,Tunisia
101, Kkib,Tunisia
102, Klibia,Tunisia
103, Knile,Tunisia
104, Krib,Tunisia
105, Ksoura,Tunisia
106, Maamour,Tunisia
107, Medioun,Tunisia
108, Mrakantaoui,Tunisia
109, Mraman,Tunisia
110, Oui,Tunisia
111, Ride Arousse,Tunisia
112, Rouiat El Gola,Tunisia
113, Rousserine,Tunisia
114, Sebala Du Morn,Tunisia
115, Sebalaa,Tunisia
116, Sebalaat El Me,Tunisia
117, Slibia,Tunisia
118, Souk,Tunisia
119, Sous,Tunisia
120, Sousse,Tunisia
121, Soussef,Tunisia
122, Sousserine,Tunisia
123, Srabarka,Tunisia
124, Tindja,Tunisia
125, Tsnag,Tunisia
126, Zelfa,Tunisia
127, Zsefa,Tunisia
128,-Lif,Tunisia
129,-Rif,Tunisia
130,A  Krib,Tunisia
131,A  Maamour,Tunisia
132,A  Mateur,Tunisia
133,A  Mdah,Tunisia
134,A  Mediouni,Tunisia
135,A  Soussef,Tunisia
136,A Afouz,Tunisia
137,A Ali,Tunisia
138,A Aliana,Tunisia
139,A Arada,Tunisia
140,A Arous,Tunisia
141,A Bou Zelfa,Tunisia
142,A Do Yid,Tunisia
143,A Du Mgamha,Tunisia
144,A Fousse,Tunisia
145,A Golaa,Tunisia
146,A Gouleche,Tunisia
147,A Goulette,Tunisia
148,A Souk,Tunisia
149,A Sous,Tunisia
150,A Soussef,Tunisia
151,Aafour,Tunisia
152,Ab Rrdane,Tunisia
153,Adi,Tunisia
154,Af Sana,Tunisia
155,Ahdia,Tunisia
156,Aken,Tunisia
157,Akouda,Tunisia
158,An Arada,Tunisia
159,An Arouine,Tunisia
160,Ane,Tunisia
161,Ani,Tunisia
162,Anie,Tunisia
163,Ar El Jemna,Tunisia
164,Ar Ruda,Tunisia
165,Ardane,Tunisia
166,Aria,Tunisia
167,B Arous,Tunisia
168,B Nrage,Tunisia
169,B Ura,Tunisia
170,B Zelfa,Tunisia
171,Bakantaouine,Tunisia
172,Balah,Tunisia
173,Banne,Tunisia
174,Barka,Tunisia
175,Bel Kef,Tunisia
176,Belibia,Tunisia
177,Bili,Tunisia
178,Biliana,Tunisia
179,Bjerous,Tunisia
180,Bjerousserine,Tunisia
181,Bnjalma,Tunisia
182,Bnn Er El Haffo,Tunisia
183,Bnnzel Bou Alou,Tunisia
184,Bnnzel Melah,Tunisia
185,Bnzel Abderhama,Tunisia
186,Bnzel Bou Zelfa,Tunisia
187,Bnzel Jemna,Tunisia
188,Bnzel Melloulet,Tunisia
189,Bou Arouiat El ,Tunisia
190,Brnzel Bou Arad,Tunisia
191,Brria,Tunisia
192,Brur,Tunisia
193,Bsariada,Tunisia
194,Bzerte,Tunisia
195,D Lill,Tunisia
196,Da El Alouane,Tunisia
197,Da Eur,Tunisia
198,Dane,Tunisia
199,Degache,Tunisia
200,Deni Khiar,Tunisia
201,Denine,Tunisia
202,Dhi,Tunisia
203,Didi,Tunisia
204,Dnegcch,Tunisia
205,E Arouiat Djemm,Tunisia
206,E Hrffa,Tunisia
207,Eb Lide,Tunisia
208,Ed Lill,Tunisia
209,En Arada,Tunisia
210,Ennzel Alianad,Tunisia
211,Es Sars,Tunisia
212,F Bid  Ili,Tunisia
213,F Bneje,Tunisia
214,F Huousserine,Tunisia
215,F Ksour,Tunisia
216,F Sidi Aloulett,Tunisia
217,F Sidi Bou Zelf,Tunisia
218,Faf,Tunisia
219,Fahs,Tunisia
220,Fouz,Tunisia
221,Fouza,Tunisia
222,Fraf,Tunisia
223,Fze,Tunisia
224,G Alouleche,Tunisia
225,G El Alia,Tunisia
226,G El Andeless,Tunisia
227,G El Battan,Tunisia
228,G El Bou Alia,Tunisia
229,G El Jemna,Tunisia
230,G El Maamour,Tunisia
231,G Sebala Du Mor,Tunisia
232,G Sousserine,Tunisia
233,Gabes,Tunisia
234,Gala,Tunisia
235,Galia,Tunisia
236,Galiana,Tunisia
237,Galouardane,Tunisia
238,Gbabarka,Tunisia
239,Gebba,Tunisia
240,Gefsa,Tunisia
241,Gelah,Tunisia
242,Gelibia,Tunisia
243,Gfel,Tunisia
244,Gfhbia,Tunisia
245,Ggelah,Tunisia
246,Ggelsa,Tunisia
247,Ggfar,Tunisia
248,Ghabanne,Tunisia
249,Ghabarka,Tunisia
250,Ghar El Hammame,Tunisia
251,Ghdbaakonda,Tunisia
252,Ghiba,Tunisia
253,Ghlin,Tunisia
254,Ghouane,Tunisia
255,Ghouar Tindja,Tunisia
256,Gjebili,Tunisia
257,Gkelibia,Tunisia
258,Guiba,Tunisia
259,H Mma,Tunisia
260,Haff,Tunisia
261,Halled,Tunisia
262,Hamma,Tunisia
263,Hammal,Tunisia
264,Hammam-Lif,Tunisia
265,Har Chabanne,Tunisia
266,Har Chabarka,Tunisia
267,Har El Andeless,Tunisia
268,Har El Haoui,Tunisia
269,Har El Kamel,Tunisia
270,Har El Ksour,Tunisia
271,Har El Ksourgui,Tunisia
272,Har Tindja,Tunisia
273,Harqalah,Tunisia
274,Hbour,Tunisia
275,Heffa,Tunisia
276,Hgaoui,Tunisia
277,Hgfel,Tunisia
278,Hkelsa,Tunisia
279,Huff,Tunisia
280,Hzel Medidi Bou,Tunisia
281,I Alia,Tunisia
282,I Alouardane,Tunisia
283,I Bou Zelfa,Tunisia
284,I Khalled,Tunisia
285,I Souk,Tunisia
286,I Soussef,Tunisia
287,Iba,Tunisia
288,Ide Brt El Haou,Tunisia
289,Ikouda,Tunisia
290,Il ,Tunisia
291,Ila,Tunisia
292,Ile,Tunisia
293,Ili,Tunisia
294,Ilianad,Tunisia
295,Ine,Tunisia
296,Izerte,Tunisia
297,J Mmam-Lif,Tunisia
298,J Smabes,Tunisia
299,Jam,Tunisia
300,Jammam-Lif,Tunisia
301,Jarma,Tunisia
302,Jedidi,Tunisia
303,Jedidi Ali,Tunisia
304,Jedidi Alia,Tunisia
305,Jedidi Bou Arad,Tunisia
306,Jedidi Bour,Tunisia
307,Jedidi Yous,Tunisia
308,Jedidi Youssef,Tunisia
309,Jedidi Yousseri,Tunisia
310,Jedioun,Tunisia
311,Jediouna,Tunisia
312,Jediounis,Tunisia
313,Jediounn,Tunisia
314,Jem,Tunisia
315,Jemil,Tunisia
316,Jemma,Tunisia
317,Jemmal,Tunisia
318,Jemmam Sousseri,Tunisia
319,Jemmam-Lif,Tunisia
320,Jemna,Tunisia
321,Jilma,Tunisia
322,K Aliana,Tunisia
323,Kalta,Tunisia
324,Kantaouine,Tunisia
325,Karthage,Tunisia
326,Kattan,Tunisia
327,Kdlta,Tunisia
328,Kebili,Tunisia
329,Kebiliana,Tunisia
330,Kelibia,Tunisia
331,Kelsa,Tunisia
332,Kgebba,Tunisia
333,Kgefba,Tunisia
334,Khiar,Tunisia
335,Kili,Tunisia
336,Kilia,Tunisia
337,Kklbba,Tunisia
338,Kouda,Tunisia
339,Ksebalaa,Tunisia
340,Ksibet El Hamma,Tunisia
341,Ksibet El Mello,Tunisia
342,Ksibet Sidi,Tunisia
343,Ksibet Sidi Bou,Tunisia
344,Ksibia,Tunisia
345,Kt El Ksour,Tunisia
346,Ktlouan,Tunisia
347,Ktlroui,Tunisia
348,L Kantaouiat El,Tunisia
349,L Maamoura,Tunisia
350,L Melah,Tunisia
351,M Ali,Tunisia
352,M Souk,Tunisia
353,M Sous,Tunisia
354,M Sousse,Tunisia
355,Mamel,Tunisia
356,Man,Tunisia
357,Mghlbala Du Mor,Tunisia
358,Mha,Tunisia
359,Mhakantaouine,Tunisia
360,Mjemma,Tunisia
361,Mmal,Tunisia
362,Mnnzel Melloule,Tunisia
363,Mt El Goulette,Tunisia
364,Mt El Haouane,Tunisia
365,Mt El Jem,Tunisia
366,Mt El Kantaouil,Tunisia
367,Mt El Souk,Tunisia
368,N Arada,Tunisia
369,N-Arfa,Tunisia
370,Nes,Tunisia
371,Nestour,Tunisia
372,Ni Khalled,Tunisia
373,Ni Khiar,Tunisia
374,Nine,Tunisia
375,Nzel Abderhaman,Tunisia
376,Nzel Battan,Tunisia
377,Nzel Bou Zelfa,Tunisia
378,Nzel Hafey,Tunisia
379,Nzel Hamma,Tunisia
380,Nzel Hammal,Tunisia
381,Nzel Jemna,Tunisia
382,Nzel Kantaoui,Tunisia
383,Nzel Ksour,Tunisia
384,Nzel Melah,Tunisia
385,Okarthage,Tunisia
386,Ou Alouleche,Tunisia
387,Ou Aroussef,Tunisia
388,Ouleche,Tunisia
389,Ouna,Tunisia
390,Our,Tunisia
391,Oura,Tunisia
392,Ouria,Tunisia
393,Ouza,Tunisia
394,R Alouaria,Tunisia
395,R El Abderhaman,Tunisia
396,R El Battan,Tunisia
397,R El Bourguiba,Tunisia
398,R El Haffouza,Tunisia
399,R El Hamma,Tunisia
400,R El Haouane,Tunisia
401,R El Haoui,Tunisia
402,R El Jem,Tunisia
403,R El Jemil,Tunisia
404,R El Kamel,Tunisia
405,R Sebalah,Tunisia
406,R Tindja,Tunisia
407,Rah,Tunisia
408,Raha,Tunisia
409,Rahar Tindja,Tunisia
410,Rana,Tunisia
411,Ranad,Tunisia
412,Rek,Tunisia
413,Reud,Tunisia
414,Reude,Tunisia
415,Reudeyyfff,Tunisia
416,Rfahs,Tunisia
417,Rguiba,Tunisia
418,Ria,Tunisia
419,Riada,Tunisia
420,Riadh,Tunisia
421,Riae,Tunisia
422,Riana,Tunisia
423,Rianad,Tunisia
424,Rka,Tunisia
425,Run,Tunisia
426,S Arada,Tunisia
427,S Kidi Ali,Tunisia
428,S Sars,Tunisia
429,Saiidu Mornag,Tunisia
430,Sgassef,Tunisia
431,Sgiba,Tunisia
432,Shaalouleche,Tunisia
433,Shabanne,Tunisia
434,Sidi Bou Ali,Tunisia
435,Sidi Bou Aliana,Tunisia
436,Sidi Bou Alouan,Tunisia
437,Sili,Tunisia
438,Sjdim,Tunisia
439,Smkidt Djedioun,Tunisia
440,Souk,Tunisia
441,Sousserine,Tunisia
442,Sserine,Tunisia
443,T Aoounis,Tunisia
444,T El Jemna,Tunisia
445,T El Kantaouari,Tunisia
446,T El Ksour,Tunisia
447,T El Maamour,Tunisia
448,T El Maamourgui,Tunisia
449,T Jem,Tunisia
450,T Kef,Tunisia
451,T Sidi Bou Ali,Tunisia
452,Takadt,Tunisia
453,Tbba,Tunisia
454,Tjebili,Tunisia
455,Trba,Tunisia
456,Tzebala Du Morn,Tunisia
457,Tzebalaa,Tunisia
458,Tzebtar,Tunisia
459,U Ali,Tunisia
460,U Alianad,Tunisia
461,U Alouane,Tunisia
462,U Aloulette,Tunisia
463,U Arada,Tunisia
464,U Arousserine,Tunisia
465,U Zelfa,Tunisia
466,Uba,Tunisia
467,Uila,Tunisia
468,Uleche,Tunisia
469,Uni,Tunisia
470,Unis,Tunisia
471,Uny,Tunisia
472,Ygcse,Tunisia
473,Yib,Tunisia
474,Yjefour,Tunisia
475,Yka,Tunisia
476,Ykib,Tunisia
477,Yous,Tunisia
478,Yousse,Tunisia
479,Yymffouz,Tunisia
480,Z Ufa,Tunisia
481,Zbou Ali,Tunisia
482,Zeg,Tunisia
483,Zegfba,Tunisia
484,Zegrche,Tunisia
485,Zel Abderhaman,Tunisia
486,Zel Alia,Tunisia
487,Zel Aliana,Tunisia
488,Zel Alouleche,Tunisia
489,Zel Bou Arada,Tunisia
490,Zel Bou Zelfa,Tunisia
491,Zel Jem,Tunisia
492,Zel Kamel,Tunisia
493,Zel Kantaoui,Tunisia
494,Zel Maamoura,Tunisia
495,Zerte,Tunisia
496,Zggfour,Tunisia
497,Zgufbabanne,Tunisia
498,Zounis,Tunisia
