,Name,Origin
0, Ahach,Ukraine
1, Dalne,Ukraine
2, Ebukhovytsya,Ukraine
3, Novi Sanzhariu,Ukraine
4, Oleshkivtsi,Ukraine
5, Polomyshchyske,Ukraine
6, Prahnya,Ukraine
7, Prylivka,Ukraine
8, Uhum,Ukraine
9, Vodianka,Ukraine
10, Vyntsi,Ukraine
11, Ydevalsk,Ukraine
12, Yshivka,Ukraine
13,'Ka,Ukraine
14,-Ila Pysariv,Ukraine
15,-Ilasivtseve,Ukraine
16,-Iubeshiv,Ukraine
17,-Iulia,Ukraine
18,-Ulakhtynivka,Ukraine
19,-Ulakliia,Ukraine
20,-Ulukhivka,Ukraine
21,-Uluky,Ukraine
22,A Luhanka,Ukraine
23,Adan,Ukraine
24,Ahache,Ukraine
25,Ahalakha,Ukraine
26,Ahdalyna,Ukraine
27,Aivka,Ukraine
28,Akhovi Plavuta,Ukraine
29,Akivsk,Ukraine
30,Akryi Sanzhardi,Ukraine
31,Akva,Ukraine
32,Ane,Ukraine
33,Anivka,Ukraine
34,Anka,Ukraine
35,Anka-Dniprovsk,Ukraine
36,Ariv,Ukraine
37,Ava-Ruska,Ukraine
38,Avlila,Ukraine
39,Avsk,Ukraine
40,Avyntsi,Ukraine
41,Ayova Mayachiv,Ukraine
42,Bakhaylivka,Ukraine
43,Bakhmut,Ukraine
44,Balakhardiisk,Ukraine
45,Barazhne,Ukraine
46,Bchakiv,Ukraine
47,Berehinsk,Ukraine
48,Berestiane,Ukraine
49,Bezliudivka,Ukraine
50,Bhudne,Ukraine
51,Bila Pysarych,Ukraine
52,Bile,Ukraine
53,Bilhorivskyi Kr,Ukraine
54,Bilhorodonets,Ukraine
55,Bilohirske,Ukraine
56,Bilovomykodolyn,Ukraine
57,Bir,Ukraine
58,Bkhun,Ukraine
59,Blahachyn,Ukraine
60,Blahari Krymohi,Ukraine
61,Blayiv,Ukraine
62,Blayivka,Ukraine
63,Bmeriv,Ukraine
64,Bohuslavni,Ukraine
65,Bolhrad,Ukraine
66,Boroster,Ukraine
67,Borschany,Ukraine
68,Bria,Ukraine
69,Brostyske,Ukraine
70,Brov,Ukraine
71,Bsiyiv,Ukraine
72,Burka,Ukraine
73,Burylivka,Ukraine
74,Byshchail,Ukraine
75,Byzhyna,Ukraine
76,C'Nytsya,Ukraine
77,Cha,Ukraine
78,Chankiv,Ukraine
79,Che,Ukraine
80,Cheni,Ukraine
81,Chivka,Ukraine
82,Chostyanka,Ukraine
83,Chushuvakhansk,Ukraine
84,Chyna-Budy,Ukraine
85,Chystavni,Ukraine
86,Dach,Ukraine
87,Dache,Ukraine
88,Dachka,Ukraine
89,Dachostianka,Ukraine
90,Dachyky,Ukraine
91,Dbmyya,Ukraine
92,Dbuhyna,Ukraine
93,Dbuykhatka,Ukraine
94,Derhoroslav,Ukraine
95,Dessa,Ukraine
96,Dilne,Ukraine
97,Dilniatykha,Ukraine
98,Dilsk,Ukraine
99,Dissk,Ukraine
100,Disskyi Sanzhan,Ukraine
101,Divano-Fran,Ukraine
102,Divka,Ukraine
103,Dka,Ukraine
104,Dmche,Ukraine
105,Dniprovske,Ukraine
106,Dniprovych,Ukraine
107,Dnistroh,Ukraine
108,Dnye,Ukraine
109,Dolynivka,Ukraine
110,Dorivtsia,Ukraine
111,Drasna,Ukraine
112,Drasnohrebovlya,Ukraine
113,Druzhnivka,Ukraine
114,Dskpa,Ukraine
115,Dsmach,Ukraine
116,Dubropanivka,Ukraine
117,Duvetske,Ukraine
118,Dvershyn,Ukraine
119,Dvshzhavka,Ukraine
120,Dvyska Polopil,Ukraine
121,Dvysokyi Svitlo,Ukraine
122,Dyka Pysarychiv,Ukraine
123,Dyna,Ukraine
124,Dyshchystanka,Ukraine
125,Dyshlianetsk,Ukraine
126,Dzche,Ukraine
127,E Ozerka,Ukraine
128,Ebryslavuta,Ukraine
129,Ebrystyn,Ukraine
130,Ednehuvatove,Ukraine
131,Eha,Ukraine
132,Eilsk,Ukraine
133,Ele,Ukraine
134,Enihiv,Ukraine
135,Enka,Ukraine
136,Enlova Vysk,Ukraine
137,Eny,Ukraine
138,Enytsi,Ukraine
139,Eoleksiyivka,Ukraine
140,Eomyshl,Ukraine
141,Eplohiryazova,Ukraine
142,Erka,Ukraine
143,Erkhnivka,Ukraine
144,Erkva,Ukraine
145,Ervomyty,Ukraine
146,Eslav,Ukraine
147,Etlodar,Ukraine
148,Fadyvylivka,Ukraine
149,Faroke,Ukraine
150,Fepin,Ukraine
151,Fipol,Ukraine
152,Fipoledar,Ukraine
153,Givka,Ukraine
154,Hach,Ukraine
155,Hachiv,Ukraine
156,Hachka,Ukraine
157,Hak,Ukraine
158,Hakiivka,Ukraine
159,Hakivtsi,Ukraine
160,Hanske,Ukraine
161,Harhansk,Ukraine
162,Hebyshivka,Ukraine
163,Henytsiiv,Ukraine
164,Hepetylivtsia,Ukraine
165,Hepyne,Ukraine
166,Hervona Slobozh,Ukraine
167,Hervonovsk,Ukraine
168,Hhernivtsiubyne,Ukraine
169,Hhovka,Ukraine
170,Hhuhuiv,Ukraine
171,Hlayivka,Ukraine
172,Horoslav,Ukraine
173,Horostantynivan,Ukraine
174,Huhumsk,Ukraine
175,Hurshavka,Ukraine
176,Huslav,Ukraine
177,Hvytomyshche,Ukraine
178,Hyrokozach,Ukraine
179,Hyshnyarka,Ukraine
180,I Lobych,Ukraine
181,I Mostyrka,Ukraine
182,Idvorivka,Ukraine
183,Iekove,Ukraine
184,Iensk,Ukraine
185,Ila,Ukraine
186,Ilsk,Ukraine
187,Inka,Ukraine
188,Inkiv,Ukraine
189,Insk,Ukraine
190,Inske,Ukraine
191,Inskyi,Ukraine
192,Ishche,Ukraine
193,Ishchyne,Ukraine
194,Ishkivka,Ukraine
195,Ishky,Ukraine
196,Itsmach,Ukraine
197,Ivka,Ukraine
198,Iysk,Ukraine
199,Iyskyi,Ukraine
200,Izhnyavorosiia,Ukraine
201,K Makivka,Ukraine
202,Kadomyr-Volyna-,Ukraine
203,Kadomyrhorosilk,Ukraine
204,Kaiivka,Ukraine
205,Kaiovofedorishn,Ukraine
206,Kaiovoukrayinsk,Ukraine
207,Kaiy,Ukraine
208,Kak,Ukraine
209,Kakhovyi Danyli,Ukraine
210,Kal,Ukraine
211,Kalush,Ukraine
212,Kalynske,Ukraine
213,Kamyankove,Ukraine
214,Kamyantsi,Ukraine
215,Kaniuty,Ukraine
216,Kari Kryzhyne,Ukraine
217,Karichne,Ukraine
218,Kariupola Tserk,Ukraine
219,Kariupole,Ukraine
220,Karivka,Ukraine
221,Karivske,Ukraine
222,Kav,Ukraine
223,Kha,Ukraine
224,Khar,Ukraine
225,Khary,Ukraine
226,Khetylivtsiia L,Ukraine
227,Kiv,Ukraine
228,Kivtsi,Ukraine
229,Knyazh,Ukraine
230,Krasna,Ukraine
231,Ksnyivka,Ukraine
232,Kumach,Ukraine
233,Kurakhovyntsi,Ukraine
234,Kva,Ukraine
235,Kyiv,Ukraine
236,Lakhovyy Buh,Ukraine
237,Lariupol,Ukraine
238,Layivka,Ukraine
239,Layivtsiubeshiv,Ukraine
240,Leve,Ukraine
241,Lhenka,Ukraine
242,Liubyne,Ukraine
243,Lkivtseve,Ukraine
244,Lkivtsi,Ukraine
245,Lkmivsk,Ukraine
246,Lkovske,Ukraine
247,Lkuka,Ukraine
248,Llkbuiynka,Ukraine
249,Llkunayinka,Ukraine
250,Lmibukhivka,Ukraine
251,Lmichna,Ukraine
252,Lniakhyi,Ukraine
253,Lnytsiubeshivts,Ukraine
254,Lokhvytsya,Ukraine
255,Lokurakha,Ukraine
256,Lokutsk,Ukraine
257,Lriupolahala Po,Ukraine
258,Lta,Ukraine
259,Ltmymani,Ukraine
260,Ltstroh,Ukraine
261,Lubno,Ukraine
262,Lubnykhansky,Ukraine
263,Lubnykodok,Ukraine
264,Ludy,Ukraine
265,Luha,Ukraine
266,Luhansk,Ukraine
267,Luhanska,Ukraine
268,Luhanska Druhan,Ukraine
269,Luhanske,Ukraine
270,Lukhiv,Ukraine
271,Lukhivka,Ukraine
272,Luky,Ukraine
273,Lunyn,Ukraine
274,Luraky,Ukraine
275,Lush,Ukraine
276,Lushiv,Ukraine
277,Lushivka,Ukraine
278,Lushuhuiv,Ukraine
279,Lushuvata,Ukraine
280,Lutsk,Ukraine
281,Lutske,Ukraine
282,Lutskyi Sambir,Ukraine
283,Lutuhyn,Ukraine
284,Lutuhyna,Ukraine
285,Lutuhyne,Ukraine
286,Luvatky,Ukraine
287,Luvetsk,Ukraine
288,Luznehuvakha,Ukraine
289,Lvva Mykodola P,Ukraine
290,Lyna-Buda,Ukraine
291,Lynivka,Ukraine
292,Lynske,Ukraine
293,Lyshiv,Ukraine
294,M-Kde,Ukraine
295,Makivtsi,Ukraine
296,Mburyn,Ukraine
297,Mer,Ukraine
298,Merezovska Bila,Ukraine
299,Merka,Ukraine
300,Merkva,Ukraine
301,Mezhanhushuhums,Ukraine
302,Mila Tserkhovyc,Ukraine
303,Milohirsk,Ukraine
304,Miskyi,Ukraine
305,Misvche,Ukraine
306,Moskove,Ukraine
307,Mostolove,Ukraine
308,Mpil',Ukraine
309,Mrosiivka,Ukraine
310,Mrroshniv,Ukraine
311,Msrovska,Ukraine
312,Mus,Ukraine
313,Mush,Ukraine
314,Mvano-Franivka,Ukraine
315,Mvrylivka,Ukraine
316,Mykha,Ukraine
317,Mykodok,Ukraine
318,Mykolayivka,Ukraine
319,Mykove,Ukraine
320,Myrets,Ukraine
321,Myrnostianka,Ukraine
322,Myroniv,Ukraine
323,Mzkove,Ukraine
324,N-Pohrebyshetyl,Ukraine
325,Nadvirna,Ukraine
326,Nadvirnaukhiv,Ukraine
327,Nadvirnaukhivka,Ukraine
328,Nadvirnaukhivts,Ukraine
329,Nadvirnaukhovka,Ukraine
330,Nakiivka,Ukraine
331,Nakivka,Ukraine
332,Namyansk,Ukraine
333,Ncha,Ukraine
334,Netishkivtsi,Ukraine
335,Nhardiiskivtsi,Ukraine
336,Ni Kopavlohirsk,Ukraine
337,Nistrovske,Ukraine
338,Niv,Ukraine
339,Niv-Osada,Ukraine
340,Nivano-Franka,Ukraine
341,Nivka,Ukraine
342,Nivolynskyi,Ukraine
343,Nivs'K,Ukraine
344,Nivsk,Ukraine
345,Nivskyyivka,Ukraine
346,Nivtsi,Ukraine
347,Nivtsiia,Ukraine
348,Novodrushiv,Ukraine
349,Novomyr-Volyna,Ukraine
350,Novoselyka Lepe,Ukraine
351,Novoselykivtsaa,Ukraine
352,Novytsi,Ukraine
353,Npove,Ukraine
354,Nrasna,Ukraine
355,Nsanzhanske,Ukraine
356,Nske,Ukraine
357,Nskolahotyniv,Ukraine
358,Ntsiubymivsk,Ukraine
359,Nudivka,Ukraine
360,Nushivka,Ukraine
361,Nyavorivka,Ukraine
362,Nytsiubeshivka,Ukraine
363,Nytske,Ukraine
364,Nytsya,Ukraine
365,Nzharanivka,Ukraine
366,O Skyi,Ukraine
367,Oanka Borodolyn,Ukraine
368,Obrova Polodyna,Ukraine
369,Odarsk,Ukraine
370,Odesa,Ukraine
371,Odessa,Ukraine
372,Odessi,Ukraine
373,Odniprova Vyshc,Ukraine
374,Ofipolevakharly,Ukraine
375,Ohachka,Ukraine
376,Ohernihorova,Ukraine
377,Ohorilohirya,Ukraine
378,Ohornomorsk,Ukraine
379,Ohrrhaylivka,Ukraine
380,Okal,Ukraine
381,Olekhiv,Ukraine
382,Olekhivka,Ukraine
383,Oleksandrivtsi,Ukraine
384,Oleksiyivka,Ukraine
385,Oleshetykha,Ukraine
386,Oleshetylivka,Ukraine
387,Oleve,Ukraine
388,Olnovs'Ka,Ukraine
389,Omete,Ukraine
390,Omorsk,Ukraine
391,Oodoriupol,Ukraine
392,Orikhiv,Ukraine
393,Osmolintsi,Ukraine
394,Osteryn,Ukraine
395,Ostrovynka,Ukraine
396,Ostroyilsky,Ukraine
397,Ostroyitsk,Ukraine
398,Ostroyitske,Ukraine
399,Ostroyitsmache,Ukraine
400,Otonovyntsi,Ukraine
401,Otyn,Ukraine
402,Otynivka,Ukraine
403,Otynivtsi,Ukraine
404,Otyniy Rohachka,Ukraine
405,Oyitsk,Ukraine
406,Oynivka,Ukraine
407,Ozerodchansk,Ukraine
408,Pasne,Ukraine
409,Pasnoyitsk,Ukraine
410,Pderson,Ukraine
411,Pdola,Ukraine
412,Pdorilove,Ukraine
413,Pdorivka,Ukraine
414,Pdre,Ukraine
415,Pidhorozhne,Ukraine
416,Pil,Ukraine
417,Pil',Ukraine
418,Pilka,Ukraine
419,Pillia,Ukraine
420,Pillianetskyi,Ukraine
421,Pilliany,Ukraine
422,Pillinkivka,Ukraine
423,Pilnia Kryn,Ukraine
424,Pilnyazh,Ukraine
425,Pilnyk,Ukraine
426,Pkavska,Ukraine
427,Pokrovsk,Ukraine
428,Pol,Ukraine
429,Polaivka,Ukraine
430,Poleksandriyska,Ukraine
431,Pyatykharlivka,Ukraine
432,R Tserka,Ukraine
433,Rchna,Ukraine
434,Rela,Ukraine
435,Rets,Ukraine
436,Rfivopoleksandr,Ukraine
437,Ridovsk,Ukraine
438,Rinske,Ukraine
439,Riv,Ukraine
440,Rivka,Ukraine
441,Rivtsi,Ukraine
442,Rkiv,Ukraine
443,Rnomorshtyryank,Ukraine
444,Rotonohobynyavo,Ukraine
445,Rush,Ukraine
446,Rushiv,Ukraine
447,Rvyska,Ukraine
448,S'Ka,Ukraine
449,Sartyzanka,Ukraine
450,Serhansk,Ukraine
451,Sgan,Ukraine
452,Sha,Ukraine
453,Shanets,Ukraine
454,Shanka,Ukraine
455,Shchevche,Ukraine
456,Siivka,Ukraine
457,Ska,Ukraine
458,Skadovshchyn,Ukraine
459,Ske,Ukraine
460,Skola,Ukraine
461,Skolayiv,Ukraine
462,Skovs'K,Ukraine
463,Skvyra,Ukraine
464,Skyi,Ukraine
465,Skyi Kuraky,Ukraine
466,Skyi Luhansk,Ukraine
467,Slav,Ukraine
468,Slobychiv,Ukraine
469,Sluhanske,Ukraine
470,Smachevcheve,Ukraine
471,Sna,Ukraine
472,Sniya,Ukraine
473,Snova,Ukraine
474,Srelyki Mostyry,Ukraine
475,Takove,Ukraine
476,Talanchyrokozac,Ukraine
477,Tantyniya,Ukraine
478,Tarasne,Ukraine
479,Thorova Vysk,Ukraine
480,Tka,Ukraine
481,Tlumache,Ukraine
482,Tlurnihivka,Ukraine
483,Tpor,Ukraine
484,Trostivka,Ukraine
485,Troyitsk,Ukraine
486,Troyitskyi,Ukraine
487,Tsarichna,Ukraine
488,Uchansk,Ukraine
489,Udy,Ukraine
490,Ukhiv,Ukraine
491,Ukhivka,Ukraine
492,Ulyk,Ukraine
493,Ulynsk,Ukraine
494,Urnihiv,Ukraine
495,Urnihornomorsha,Ukraine
496,Urshchi,Ukraine
497,Urshtyrka,Ukraine
498,Urvinka,Ukraine
499,Ush,Ukraine
500,Ushivka,Ukraine
501,Uty,Ukraine
502,Vaadiyivska,Ukraine
503,Vahach,Ukraine
504,Vakha,Ukraine
505,Vakhardiisk,Ukraine
506,Vakhaylivka,Ukraine
507,Vakhmut,Ukraine
508,Vakhovka,Ukraine
509,Vakhovkva,Ukraine
510,Valsk,Ukraine
511,Van,Ukraine
512,Vanharivtsya,Ukraine
513,Vani,Ukraine
514,Vanivka,Ukraine
515,Vapnyarkasynuva,Ukraine
516,Vardiyivka,Ukraine
517,Varva,Ukraine
518,Varyslav,Ukraine
519,Vasyshiv,Ukraine
520,Vatka,Ukraine
521,Vetlove,Ukraine
522,Vets,Ukraine
523,Vi Petrivka,Ukraine
524,Vi Svitlodonets,Ukraine
525,Viv,Ukraine
526,Vka,Ukraine
527,Vkavyna,Ukraine
528,Vlasivka,Ukraine
529,Vlivka,Ukraine
530,Vnakivka,Ukraine
531,Vne,Ukraine
532,Vnykoledarsk,Ukraine
533,Vodrushuvatka,Ukraine
534,Voman,Ukraine
535,Vorod-Dniprorud,Ukraine
536,Votroyitskyi Sa,Ukraine
537,Vovchach,Ukraine
538,Vpartsyt,Ukraine
539,Vtsivka,Ukraine
540,Vuhlehinsk,Ukraine
541,Vvard,Ukraine
542,Vvaterynka,Ukraine
543,Vyna,Ukraine
544,Vyna-Buda,Ukraine
545,Vynka,Ukraine
546,Vynka Novi Petr,Ukraine
547,Vyntsi,Ukraine
548,Vyskyi,Ukraine
549,Vysokyi,Ukraine
550,Vysokyryshchyst,Ukraine
551,Vysokyryslav,Ukraine
552,Yanka,Ukraine
553,Yanskyi,Ukraine
554,Yava-Ruska Maya,Ukraine
555,Yavoriv,Ukraine
556,Yba,Ukraine
557,Ybovska Mryluky,Ukraine
558,Ychiv,Ukraine
559,Ydove,Ukraine
560,Ydovskyi,Ukraine
561,Yhornobaivka,Ukraine
562,Yi Sanzhavka,Ukraine
563,Yikhiv,Ukraine
564,Yishniv,Ukraine
565,Yiv,Ukraine
566,Yivka,Ukraine
567,Yivtsiiv,Ukraine
568,Ykha,Ukraine
569,Ykhatky,Ukraine
570,Ykola,Ukraine
571,Ykole,Ukraine
572,Ykove,Ukraine
573,Ykovsk,Ukraine
574,Ylohy,Ukraine
575,Ymanivka,Ukraine
576,Ymerkhniatyn,Ukraine
577,Ymorschach,Ukraine
578,Ymorsk,Ukraine
579,Yna,Ukraine
580,Yna-Buda,Ukraine
581,Ynivka,Ukraine
582,Ynske,Ukraine
583,Ypol,Ukraine
584,Ypolayinsk,Ukraine
585,Ypova,Ukraine
586,Ypovanivka,Ukraine
587,Yrianets,Ukraine
588,Yrvonopasnyi Sv,Ukraine
589,Yryazhne,Ukraine
590,Yshcheniv,Ukraine
591,Yshchensk,Ukraine
592,Yshchevchankivk,Ukraine
593,Yshivka,Ukraine
594,Yshlia,Ukraine
595,Yshlianka,Ukraine
596,Yshnivka,Ukraine
597,Yska,Ukraine
598,Yske,Ukraine
599,Yutysk,Ukraine
600,Yve Ozernia,Ukraine
601,Yvka,Ukraine
602,Yvovche,Ukraine
603,Yvyliv,Ukraine
604,Yvylivka,Ukraine
605,Yypola Vysk,Ukraine
606,Zel,Ukraine
607,Zerkha,Ukraine
608,Zhanhe,Ukraine
609,Zhanhushuvakhan,Ukraine
610,Zhanka,Ukraine
611,Zhanske,Ukraine
612,Zhany,Ukraine
613,Zhartsya,Ukraine
614,Zhartyzan,Ukraine
615,Zhavka,Ukraine
616,Zhesk,Ukraine
617,Zhne,Ukraine
618,Zhuvate,Ukraine
619,Zhuvatove,Ukraine
620,Zhyshche,Ukraine
621,Zhyshchivka,Ukraine
622,Ziya,Ukraine
623,Zkishyn,Ukraine
624,Zyatyne,Ukraine
