,Name,Origin
0, Heighland,United States
1, Islandstown,United States
2, Jyawmills,United States
3, North,United States
4, Sprincentry,United States
5, Valley,United States
6,(Air Farming Hi,United States
7,(Air Paul Park,United States
8,(Algonal,United States
9,(Ame Of Camest,United States
10,(Ba-West,United States
11,(Bada Fort Squa,United States
12,(Baheim,United States
13,(Bain Hille,United States
14,(Bake Syrackson,United States
15,(Bargan Valls,United States
16,(Base,United States
17,(Basehold,United States
18,(Baskington,United States
19,(Bdway,United States
20,(Big Beach,United States
21,(Big Park,United States
22,(Big Ramseyvill,United States
23,(Big River,United States
24,(Big Riverde,United States
25,(Bmea,United States
26,(Bmere,United States
27,(Bmeron,United States
28,(Bmgansas Verne,United States
29,(Breck,United States
30,(Bret,United States
31,(Bswell,United States
32,(Btage,United States
33,(Btome-White Be,United States
34,(Emadise,United States
35,(Ja Einhle,United States
36,(Jdica,United States
37,(Jnnort Irwick,United States
38,(Jrreeds,United States
39,(Juhciland,United States
40,(Juhwley,United States
41,(Jyfield,United States
42,(Lake Oswelle,United States
43,(Pa -Honomar,United States
44,(Pabbevill,United States
45,(Sitrus,United States
46,(Valley,United States
47,(Vaqle Micco,United States
48,(Vayne,United States
49,(Wocc-Poone Har,United States
50,(Wocdgalb,United States
51,(Woctown,United States
52,-Wood,United States
53,-Woodburg,United States
54,A Gard,United States
55,Aallo Alta Grov,United States
56,Aalsvilley,United States
57,Abbeville,United States
58,Aberview,United States
59,Abileastington ,United States
60,Abtage,United States
61,Actoria,United States
62,Adrice,United States
63,Adridian,United States
64,Aenexa,United States
65,Aestate,United States
66,Ahleton,United States
67,Ahletos,United States
68,Ahllond,United States
69,Ahrcydello,United States
70,Ahway,United States
71,Ais,United States
72,Ajcie,United States
73,Ajleton,United States
74,Aks,United States
75,Akuliet,United States
76,Akum,United States
77,Alamalpa,United States
78,Allow,United States
79,Alvilley,United States
80,Amille,United States
81,Anhrrentzvilley,United States
82,Anokowhegas,United States
83,Anorth,United States
84,Apachwood,United States
85,Apattall,United States
86,Aqrest Dorp Bea,United States
87,Aqreston,United States
88,Aque,United States
89,Arson,United States
90,Asrit Lake San ,United States
91,Astoland Height,United States
92,Atasco,United States
93,Atfarmelandenvi,United States
94,Athermuda,United States
95,Avapel,United States
96,Avra Millet,United States
97,Avra Vistown,United States
98,Awand,United States
99,Azu,United States
100,Bermuda Ridge,United States
101,Berta,United States
102,Bescove,United States
103,Bess,United States
104,Bhendale,United States
105,Bmountainbridge,United States
106,Bpacie,United States
107,Bprest Sedale,United States
108,Brus Hot Sierry,United States
109,Buenah,United States
110,Bwest Hamish,United States
111,Bwin Lake,United States
112,Capid Heights,United States
113,Centrevie,United States
114,Chido,United States
115,Chisley,United States
116,City,United States
117,Clemoorhead,United States
118,Cnona Nieton,United States
119,Cons,United States
120,Cpaulver Spring,United States
121,Ctnoyvilley,United States
122,Cwoodlandell,United States
123,Cwoodlawn,United States
124,Cwoodlyn,United States
125,D Nigdilley,United States
126,Dallage,United States
127,Dam,United States
128,Decord,United States
129,Dley,United States
130,Dmmyrna Verdalu,United States
131,Dobbins,United States
132,E Park,United States
133,E(Iplu,United States
134,Eadowson Royse ,United States
135,Eestables,United States
136,Eestates,United States
137,Ekjoresselandor,United States
138,Eland Nort,United States
139,Elen Grove,United States
140,Eley,United States
141,Ello Alton,United States
142,Eloper Hille,United States
143,Emond Springs,United States
144,Eogoe,United States
145,Eoridge,United States
146,Ewildre,United States
147,Eya,United States
148,Eyadison,United States
149,Eycaiooale,United States
150,Eyia,United States
151,Eyian,United States
152,Eyiei,United States
153,Eymand,United States
154,Eynarsal Mounti,United States
155,Eypaign,United States
156,Eypaigna Bedfor,United States
157,Eypamerces,United States
158,Eypamerettevitt,United States
159,Eypamero,United States
160,Eypamers Chulu,United States
161,Eypamery,United States
162,Eypamseyvillywo,United States
163,Eypase,United States
164,Eype,United States
165,Eypei,United States
166,Eyriston,United States
167,Eysa Georia,United States
168,Fairport,United States
169,Fayetteview Riv,United States
170,Feridge,United States
171,Ferry,United States
172,Ffarmel,United States
173,Ffremos,United States
174,Fhallerville Ch,United States
175,Fhand Nort Orch,United States
176,Fhonon,United States
177,Fic,United States
178,Fish,United States
179,Fle,United States
180,Font,United States
181,Foothilley,United States
182,Ford,United States
183,Foress,United States
184,Fort Walnut Cle,United States
185,Fpenne,United States
186,Fplings,United States
187,Ftona,United States
188,G And Centxcmo,United States
189,G(Ifee,United States
190,Gard,United States
191,Gardenaheim,United States
192,Ggo,United States
193,Ghatha,United States
194,Ghoyk,United States
195,Gkove,United States
196,Glasglass Lake ,United States
197,Glassion,United States
198,Glenah,United States
199,Gold City,United States
200,Goldat,United States
201,Gqund,United States
202,Greenfield,United States
203,Gsbiinwood,United States
204,Gstockley,United States
205,Gwolder Lands,United States
206,H Colulu,United States
207,H Coro,United States
208,H Springton,United States
209,Haberly Churst,United States
210,Hacken,United States
211,Hamp,United States
212,Hanyon,United States
213,Hast Haven,United States
214,Hawatuck,United States
215,Hayett,United States
216,Hber City,United States
217,Hcort,United States
218,Helendian,United States
219,Helervilley,United States
220,Hell,United States
221,Helotead,United States
222,Hend,United States
223,Hendale Corvier,United States
224,Hfabens,United States
225,Hfabensburg,United States
226,Hfberth Hillico,United States
227,Hgamensville,United States
228,Hgelendon,United States
229,Hickam Sprine,United States
230,Hightone,United States
231,Hille,United States
232,Hilley,United States
233,Hillint Albany,United States
234,Hjisea,United States
235,Hland,United States
236,Hland Du Lanspo,United States
237,Hlands Creenwor,United States
238,Hletteville Cor,United States
239,Hlle,United States
240,Hlnship,United States
241,Hlow,United States
242,Hlton,United States
243,Hmole,United States
244,Hndiant Olmster,United States
245,Hnortland,United States
246,Hobe,United States
247,Houdson,United States
248,Hprington,United States
249,Hprock,United States
250,Hwabens,United States
251,Hwest Sammackso,United States
252,Hyruma,United States
253,Iamerospect,United States
254,Ias City Harval,United States
255,Iasw Parkelervi,United States
256,Icove,United States
257,Ievenson Island,United States
258,Ille,United States
259,Illey,United States
260,Illia,United States
261,Illicott,United States
262,Illie,United States
263,Issalawton,United States
264,Issaqua,United States
265,Issaqua-Konaden,United States
266,Issaquah,United States
267,Issaqualmie,United States
268,Issaqualmo,United States
269,Issaqualos,United States
270,Issaque,United States
271,Issaque Vale,United States
272,Issaque Vallsbo,United States
273,Issaque Vistola,United States
274,Issaquel,United States
275,Issaquell,United States
276,Issaquells,United States
277,Issaquena,United States
278,Issaquena Ferna,United States
279,Issaquenevalle,United States
280,Issaquenoa,United States
281,Issaquentere,United States
282,Issaquero,United States
283,Issaquette,United States
284,Ive Vernley Far,United States
285,Jacksvill,United States
286,Jacksvillage,United States
287,Januid Catalis,United States
288,Jbcita,United States
289,Jcnelley Lake M,United States
290,Jcond,United States
291,Jdan,United States
292,Jden,United States
293,Jers,United States
294,Jface,United States
295,Jfcbridge Park ,United States
296,Jfevelands Ridg,United States
297,Jflck Paula,United States
298,Jfond Oak,United States
299,Jfondalle,United States
300,Jfremonta Rapid,United States
301,Jheadowstown,United States
302,Jhend,United States
303,Jhendond South ,United States
304,Jhenry,United States
305,Jield,United States
306,Jincrospenix,United States
307,Jknie,United States
308,Jletown,United States
309,Jlings,United States
310,Jlotes,United States
311,Jmalianticevill,United States
312,Jmevilla,United States
313,Jnaches,United States
314,Jnachestersbury,United States
315,Jnjnon Praire,United States
316,Jnnort Beachse,United States
317,John,United States
318,Johns,United States
319,Johnstogan,United States
320,Jolidale,United States
321,Jolie,United States
322,Jolinersburg,United States
323,Jolis,United States
324,Jolison,United States
325,Jolley Ferict,United States
326,Jollton,United States
327,Jolltonboron,United States
328,Jolly Hood,United States
329,Jollyville,United States
330,Jone,United States
331,Jone Hille,United States
332,Joneckledon,United States
333,Joneckson Hills,United States
334,Jonecksvills,United States
335,Jonegas,United States
336,Jones,United States
337,Jonethpage Of S,United States
338,Joneton,United States
339,Jonette,United States
340,Jpaign,United States
341,Jpei,United States
342,Jrand,United States
343,Jrctioche Junct,United States
344,Jres,United States
345,Jrest Lac,United States
346,Jrise Paradown,United States
347,Jsendond,United States
348,Jurupa Valls,United States
349,Jurupa Verndale,United States
350,Jurupa Villey,United States
351,Jurupa Villico,United States
352,Jurupa Vills,United States
353,Jurupa Vister,United States
354,Jvincoln City,United States
355,Jvings,United States
356,Jwanee,United States
357,Jwsburg,United States
358,Jycaia,United States
359,Jyerker Plairie,United States
360,Jynrise Parksvi,United States
361,Kapa'A,United States
362,Kentry Estadt,United States
363,Kille Pinez,United States
364,Knais-Homeston,United States
365,L'I,United States
366,Lebana Vall,United States
367,Lerrit Lakes Mo,United States
368,Lexings,United States
369,Ley,United States
370,Lhe,United States
371,Lia,United States
372,Lnshingtonetha,United States
373,Lnvilley,United States
374,Loa,United States
375,Lon,United States
376,Lond,United States
377,Loo,United States
378,Lrington,United States
379,Lvineville Para,United States
380,Lyn Miramont,United States
381,Maka,United States
382,Medfing,United States
383,Mfore,United States
384,Mhripplet,United States
385,Mmanut Pedro,United States
386,Mponcon,United States
387,Mtpaysvills,United States
388,Mwood,United States
389,Mwoodinersville,United States
390,Mwrie Vall,United States
391,Nacorarfield,United States
392,Naganton,United States
393,Nana,United States
394,Nana Benda,United States
395,Nanapol,United States
396,Nap,United States
397,Napid Harper,United States
398,Napidson,United States
399,Naple,United States
400,Naple Cottage,United States
401,Naplewood,United States
402,Naticeron Valle,United States
403,Natilley,United States
404,Natillin,United States
405,Natills,United States
406,Natiochest Spri,United States
407,Nation,United States
408,Navage,United States
409,Navages,United States
410,Navasota Pointo,United States
411,Nearfish Beach,United States
412,New Brook,United States
413,New Dodge,United States
414,New Helei,United States
415,New Prairiel,United States
416,Newand Centerfo,United States
417,Neway,United States
418,Newton,United States
419,Nftlwood,United States
420,Nice,United States
421,Nilencetown,United States
422,Niles,United States
423,Nipomo,United States
424,Nlle,United States
425,Nmmal,United States
426,Nmple Ranchesa,United States
427,Nmplewood,United States
428,Noble,United States
429,Noga Forkton,United States
430,Nolein,United States
431,Non Royse Cree ,United States
432,Norcellow Wood,United States
433,Norcest,United States
434,Norfax,United States
435,Norm Minolumbur,United States
436,Normalibu,United States
437,Normaluper Domi,United States
438,Norman,United States
439,Nort,United States
440,Nort Angersvill,United States
441,Nort Beachse,United States
442,Nort Havee,United States
443,Nort Heights,United States
444,Nort Hempson,United States
445,Nort Oou,United States
446,Nort Saenzie,United States
447,Nort Slope,United States
448,Nort Wassmanon ,United States
449,Norta,United States
450,Norteville,United States
451,North,United States
452,North Beach,United States
453,North Club,United States
454,North Elba,United States
455,North Elgin,United States
456,North Holle,United States
457,North Ja,United States
458,North Lyon,United States
459,North Mawr,United States
460,North Silverton,United States
461,Northview Brand,United States
462,Norton,United States
463,Notreek,United States
464,Nphus,United States
465,Npprrencentry V,United States
466,Npprreno,United States
467,Nprles,United States
468,Nprmanon Hill,United States
469,Nprock Nort,United States
470,Nprton,United States
471,Nprton Bendond ,United States
472,Nprton Highland,United States
473,Npwood,United States
474,Npwood Richael,United States
475,Npwoodmero,United States
476,Nre Dayton,United States
477,Nrpanona,United States
478,Nstable,United States
479,Ntorri Rafael,United States
480,Nukstow,United States
481,Nvenwort,United States
482,Nvillin,United States
483,Nvills,United States
484,Nwaeesta,United States
485,Nwaev,United States
486,Nwale Rapids,United States
487,Nwalia,United States
488,Nwaliaic,United States
489,Nway,United States
490,Nyeland,United States
491,O(E,United States
492,Oak,United States
493,Oak Foreatown,United States
494,Oakdalensbor,United States
495,Ocean Shorena H,United States
496,Ocfin,United States
497,Ocp Seta,United States
498,Odown,United States
499,Ojnesa,United States
500,Omrings,United States
501,Onstland,United States
502,Orando Beights,United States
503,Oranford,United States
504,Orangele,United States
505,Orege,United States
506,Oro Viston,United States
507,Osn Paradeley L,United States
508,Oterry Estate,United States
509,Otorrierry,United States
510,Otorro,United States
511,Ottumpka,United States
512,Ottumwa,United States
513,Owens,United States
514,Owmilton,United States
515,Owningdalestwoo,United States
516,Owningfield,United States
517,Oz Glenacondgow,United States
518,P Maden Creenla,United States
519,P Nrel,United States
520,Palmyrna Beach,United States
521,Palos,United States
522,Pasadena-West L,United States
523,Paul Plean Shor,United States
524,Pcorand Norco I,United States
525,Pecon,United States
526,Pecorsey Lawtho,United States
527,Pedro,United States
528,Phbuda,United States
529,Phbudd Lake Hav,United States
530,Phbuttenburg,United States
531,Phrikcolone,United States
532,Pleasant Plandy,United States
533,Plympia,United States
534,Plympus,United States
535,Port Heights,United States
536,Port San Shor,United States
537,Port Valle,United States
538,Porta,United States
539,Portland Forcel,United States
540,Pple Centzville,United States
541,Psntralibu,United States
542,Psvallingfield,United States
543,Ptascant Spring,United States
544,Pvictoria,United States
545,Pwell,United States
546,Pwood Carles Mo,United States
547,Pya Lawndale,United States
548,Qeiner,United States
549,Que Viejo,United States
550,Ra Beachse,United States
551,Rapids,United States
552,Ratford,United States
553,Rbeld,United States
554,Rchowchinot,United States
555,Rdmontgomesa,United States
556,Rdway,United States
557,Rdy Park-Winsvi,United States
558,Reek Valle,United States
559,Rfedersey,United States
560,Rgetown,United States
561,Ricopa,United States
562,Rittsburg,United States
563,Riverland,United States
564,Rkehton Horestw,United States
565,Rldwoodmond,United States
566,Rliamit,United States
567,Rlusa,United States
568,Rmalup,United States
569,Rmens,United States
570,Rmille,United States
571,Rnal Centry Bal,United States
572,Rncho Santon,United States
573,Rnole,United States
574,Roanon,United States
575,Rock,United States
576,Rocklands,United States
577,Rockledon,United States
578,Rockley,United States
579,Rollywoadview M,United States
580,Ron,United States
581,Roseville,United States
582,Rtdence,United States
583,Rtyear Lake Nor,United States
584,Rview,United States
585,Salaker,United States
586,Santa Flores,United States
587,Saton,United States
588,Sgantickney,United States
589,Show Grove,United States
590,Silvers,United States
591,Sjotes,United States
592,Sleen,United States
593,Sleen Topper Hi,United States
594,Sleepy Honola,United States
595,Soedway,United States
596,Sonolumbia Well,United States
597,Spearfiel,United States
598,Speerice,United States
599,Springfiel,United States
600,Springs,United States
601,Sprinwood,United States
602,Squeenburg,United States
603,Sratford,United States
604,Srcmondersburg,United States
605,Srita,United States
606,Sritain,United States
607,Ssity,United States
608,Svallage,United States
609,Svalle,United States
610,Svallsbad,United States
611,Svan Luis Parkv,United States
612,Svan Nustin,United States
613,Svan Ranchogue,United States
614,Svell,United States
615,Swe Viston,United States
616,Sworco,United States
617,Tamporingsburg,United States
618,Tanquin,United States
619,Tderbansfield,United States
620,Tdoyne,United States
621,Teloy,United States
622,Thnrission,United States
623,Tis,United States
624,Tisland,United States
625,Tjhmbart,United States
626,Tjnnapolietown,United States
627,Tkaneohem,United States
628,Tkington,United States
629,Tnypottown Andr,United States
630,Ton,United States
631,Tona,United States
632,Tona Beacharlem,United States
633,Tonka,United States
634,Tooelens,United States
635,Tosakimas,United States
636,Town,United States
637,Tpemos,United States
638,Tqdear Lake,United States
639,Tratmonticell,United States
640,Trough,United States
641,Trouglas,United States
642,Troyal Centry H,United States
643,Ttona,United States
644,Tttona,United States
645,Twin Royalley,United States
646,Ukquarings,United States
647,Urham,United States
648,Uyreka,United States
649,Vailua,United States
650,Vailua-Kona,United States
651,Vailuaft,United States
652,Valle,United States
653,Valline,United States
654,Vallow,United States
655,Van Wertsdam,United States
656,Vashont,United States
657,Ver Park,United States
658,Verdence,United States
659,Verdens,United States
660,Verdes Town,United States
661,Vero,United States
662,Vshiprockee Cre,United States
663,W Bendale,United States
664,W'In,United States
665,Waim,United States
666,Warrollyvills,United States
667,Wate Berman,United States
668,Wchendian Pross,United States
669,Wcicevilla Warr,United States
670,Wconcora,United States
671,Wconwoods,United States
672,Wcvollo,United States
673,Weirton,United States
674,West Club,United States
675,West Hillagames,United States
676,Wester,United States
677,Westerbor Islan,United States
678,Westlerno,United States
679,Wforte,United States
680,Whille,United States
681,Whilln,United States
682,Whills Brook,United States
683,Will,United States
684,Wille,United States
685,Wills Lake City,United States
686,Winfield,United States
687,Wint Cant Campt,United States
688,Wjbanal,United States
689,Wjonear Lansing,United States
690,Wjrnayburg,United States
691,Wjutus Heights,United States
692,Wkillani,United States
693,Wkings,United States
694,Wlewistings,United States
695,Wlicott Serrise,United States
696,Wloomingt,United States
697,Wlow,United States
698,Wlowood,United States
699,Wlowvilley,United States
700,Wmicco,United States
701,Wmillands Ridge,United States
702,Wnas,United States
703,Wnenatchuylking,United States
704,Wnlonia,United States
705,Wood,United States
706,Woodrow,United States
707,Wpalm Benix,United States
708,Wpalmyra,United States
709,Wrick,United States
710,Wrienda,United States
711,Wrille,United States
712,Wt Pleaside,United States
713,Wunt Ranchestog,United States
714,Wynnelaer,United States
715,Wyomitos,United States
716,Xboro,United States
717,Xon,United States
718,Yakie,United States
719,Yakille,United States
720,Yakillo,United States
721,Yakiloxi,United States
722,Yakimackson,United States
723,Yakiman,United States
724,Yakiman-Butte,United States
725,Yakimanticell,United States
726,Yamings,United States
727,Yarmichlusa,United States
728,Yarmine,United States
729,Yarmingham,United States
730,Yarmouth,United States
731,Yarms,United States
732,Yelmo,United States
733,Yelmond,United States
734,Yix No,United States
735,Yland,United States
736,York,United States
737,Yreka,United States
738,Zer,United States
739,Zlongman Lake R,United States
740,Zuni Pueblo,United States
741,Zuni Puena Park,United States
742,Zuni Puenevie,United States
743,Zuni Town,United States
744,Zunia,United States
745,Zuniigelein,United States
746,Zuniigelsom,United States
747,Zunite Beachest,United States
748,Zunite Heights,United States
749,Zunite Manon,United States
750,Zunitol,United States
751,Zunity,United States
