,Name,Origin
0, .Elson,United Kingdom
1, Ashfield,United Kingdom
2, Astleton-Sea,United Kingdom
3, Bookham,United Kingdom
4, Cold Wood,United Kingdom
5, Dleaborough,United Kingdom
6, Dn North Halle,United Kingdom
7, Dn The-Sea,United Kingdom
8, Drers,United Kingdom
9, Dreswoodbridge,United Kingdom
10, End,United Kingdom
11, Helierne Bold,United Kingdom
12, Hill,United Kingdom
13, In Elmet,United Kingdom
14, Kill,United Kingdom
15, Kingston,United Kingdom
16, Mark,United Kingdom
17, Minehead,United Kingdom
18, Mounton,United Kingdom
19, O' Lw In Furn,United Kingdom
20, Olesworth,United Kingdom
21, Qilngham-By-Th,United Kingdom
22, Rnshey,United Kingdom
23, Torridge,United Kingdom
24, Well Hills,United Kingdom
25, Wroughton In A,United Kingdom
26, Yarmouth Croyd,United Kingdom
27,'Basford,United Kingdom
28,'Eley,United Kingdom
29,'Naldicote,United Kingdom
30,'Nalding,United Kingdom
31,'Naldingdean,United Kingdom
32,'Naldock,United Kingdom
33,'Naldockleton,United Kingdom
34,'Nale,United Kingdom
35,'Nas Haydonsfor,United Kingdom
36,'Nasford,United Kingdom
37,'Naven,United Kingdom
38,'Ness,United Kingdom
39,'Ringwood,United Kingdom
40,'Shoreswood,United Kingdom
41,-Ark,United Kingdom
42,-Ham,United Kingdom
43,-L--Oshill,United Kingdom
44,-L-Hne,United Kingdom
45,-Le-Street,United Kingdom
46,-Le-Strough,United Kingdom
47,-Le-Woodforth,United Kingdom
48,-Naze,United Kingdom
49,-Nazeley,United Kingdom
50,-On-The-Sea,United Kingdom
51,-Sea,United Kingdom
52,-Toew,United Kingdom
53,-Toewarster Eat,United Kingdom
54,.Ale,United Kingdom
55,.Erne,United Kingdom
56,.Lington-Tredeg,United Kingdom
57,.Non,United Kingdom
58,.On,United Kingdom
59,.Ower Earlether,United Kingdom
60,Addots,United Kingdom
61,Adge,United Kingdom
62,Adston,United Kingdom
63,Adwell,United Kingdom
64,Adwichmon,United Kingdom
65,Aes,United Kingdom
66,Ain,United Kingdom
67,Aint John,United Kingdom
68,Aldicomborough,United Kingdom
69,Aldicot,United Kingdom
70,Alding,United Kingdom
71,Aldinghampton S,United Kingdom
72,Aldington,United Kingdom
73,Aldingtreet,United Kingdom
74,Aldon,United Kingdom
75,Aldridge,United Kingdom
76,Allam,United Kingdom
77,Allincestwich,United Kingdom
78,Allynahin,United Kingdom
79,Amers End,United Kingdom
80,Answorth,United Kingdom
81,Aottingwood,United Kingdom
82,Apton,United Kingdom
83,Aptree,United Kingdom
84,Are,United Kingdom
85,Arnborough,United Kingdom
86,Arne,United Kingdom
87,Arnet,United Kingdom
88,Arton,United Kingdom
89,Aseton In Furne,United Kingdom
90,Assdon,United Kingdom
91,Astley,United Kingdom
92,Atleborne Book,United Kingdom
93,B'Inston-Treham,United Kingdom
94,B'Rknton,United Kingdom
95,Bartlepool,United Kingdom
96,Bbick,United Kingdom
97,Bborne,United Kingdom
98,Beach,United Kingdom
99,Bford,United Kingdom
100,Bford-Le-Hope,United Kingdom
101,Bidon,United Kingdom
102,Bill,United Kingdom
103,Biton,United Kingdom
104,Blackwood,United Kingdom
105,Bonhill,United Kingdom
106,Bornarford Grea,United Kingdom
107,Borness,United Kingdom
108,Bornsborough,United Kingdom
109,Borntilleswall,United Kingdom
110,Bornton,United Kingdom
111,Boroud,United Kingdom
112,Boroud Gring,United Kingdom
113,Borough,United Kingdom
114,Borought,United Kingdom
115,Bovingay,United Kingdom
116,Bredegar,United Kingdom
117,Bridge,United Kingdom
118,Broadworth,United Kingdom
119,Burn,United Kingdom
120,Burne Molesbour,United Kingdom
121,Burnet,United Kingdom
122,Bury,United Kingdom
123,Buty,United Kingdom
124,Bwinsbury,United Kingdom
125,Cambridge,United Kingdom
126,Cate,United Kingdom
127,Cckelton,United Kingdom
128,Ces Rishton-Sea,United Kingdom
129,Cest Torriff,United Kingdom
130,Cest Torring,United Kingdom
131,Cestatyn,United Kingdom
132,Cester,United Kingdom
133,Cesterburnet,United Kingdom
134,Cestholt,United Kingdom
135,Ceston Sandal,United Kingdom
136,Cestwich,United Kingdom
137,Cfarnham,United Kingdom
138,Chinnor,United Kingdom
139,Ckie,United Kingdom
140,Ckountford,United Kingdom
141,Ckrod,United Kingdom
142,Clark,United Kingdom
143,Cobham,United Kingdom
144,Congs Lang,United Kingdom
145,Cook,United Kingdom
146,Corth,United Kingdom
147,Cotgrave,United Kingdom
148,Cour,United Kingdom
149,Cprestell Hill,United Kingdom
150,Crainfield,United Kingdom
151,Crow In Elmesbu,United Kingdom
152,Cun,United Kingdom
153,Cunston,United Kingdom
154,Curkton,United Kingdom
155,D Nereford,United Kingdom
156,Dall St Makerf,United Kingdom
157,Deal,United Kingdom
158,Delmord,United Kingdom
159,Delne,United Kingdom
160,Den,United Kingdom
161,Denbower Row,United Kingdom
162,Derminsbourne B,United Kingdom
163,Derminsfield,United Kingdom
164,Derminsterley,United Kingdom
165,Ders,United Kingdom
166,Dersham,United Kingdom
167,Dershot,United Kingdom
168,Derstabledonsfo,United Kingdom
169,Derston-Sea,United Kingdom
170,Des,United Kingdom
171,Desborough,United Kingdom
172,Desbury,United Kingdom
173,Desnage,United Kingdom
174,Dington Astlepo,United Kingdom
175,Dnaydon,United Kingdom
176,Dold Woods,United Kingdom
177,Doldfield,United Kingdom
178,Don,United Kingdom
179,Dorriby,United Kingdom
180,Dorsford,United Kingdom
181,Dough,United Kingdom
182,Dton,United Kingdom
183,Dwinsteading,United Kingdom
184,Eal,United Kingdom
185,Eborought,United Kingdom
186,Ecallingerforda,United Kingdom
187,Eckleth,United Kingdom
188,Eckley,United Kingdom
189,Ediesburn,United Kingdom
190,Eding,United Kingdom
191,Egn Gree,United Kingdom
192,Eh'Non,United Kingdom
193,Eisham,United Kingdom
194,Eistchurchingto,United Kingdom
195,Eith,United Kingdom
196,Eiveshaw Ton On,United Kingdom
197,Eld,United Kingdom
198,Elloa,United Kingdom
199,Elsea,United Kingdom
200,Elserbeach,United Kingdom
201,Elserbury,United Kingdom
202,Elshpool,United Kingdom
203,Elyhapel,United Kingdom
204,Emkunhighley,United Kingdom
205,Enage,United Kingdom
206,Enning,United Kingdom
207,Ennington Trede,United Kingdom
208,Enningwood,United Kingdom
209,Ent,United Kingdom
210,Eps,United Kingdom
211,Er Rssham-By-Th,United Kingdom
212,Erfield,United Kingdom
213,Erhimperley,United Kingdom
214,Erlesden,United Kingdom
215,Ernehame,United Kingdom
216,Eron,United Kingdom
217,Ers,United Kingdom
218,Ersham,United Kingdom
219,Erstead,United Kingdom
220,Esburnsea,United Kingdom
221,Eskerfon,United Kingdom
222,Esle St Ivesham,United Kingdom
223,Ess,United Kingdom
224,Etell,United Kingdom
225,Eving,United Kingdom
226,Evingwood,United Kingdom
227,Ewkesbourbridge,United Kingdom
228,Ewnrow,United Kingdom
229,Ewzeh,United Kingdom
230,Eys,United Kingdom
231,Fhindleys,United Kingdom
232,Filey,United Kingdom
233,Fmapney,United Kingdom
234,Ford,United Kingdom
235,Ford Greatone,United Kingdom
236,Ford Green,United Kingdom
237,Ford Helierne M,United Kingdom
238,Fordon,United Kingdom
239,Fordonsford,United Kingdom
240,Fore,United Kingdom
241,Foreswallam,United Kingdom
242,Forrensheadiham,United Kingdom
243,Forreston,United Kingdom
244,Forriby,United Kingdom
245,Forth,United Kingdom
246,Furn,United Kingdom
247,Furzedon,United Kingdom
248,Gavie,United Kingdom
249,Gavon,United Kingdom
250,Gdean,United Kingdom
251,Glesfield,United Kingdom
252,Gnaldington,United Kingdom
253,Granforden,United Kingdom
254,Grantage,United Kingdom
255,Great Dereford,United Kingdom
256,Great Dunoon,United Kingdom
257,Gree,United Kingdom
258,Gring,United Kingdom
259,Gshot,United Kingdom
260,Gwood,United Kingdom
261,Gyon,United Kingdom
262,Haglesfield,United Kingdom
263,Hagley,United Kingdom
264,Hall Hills,United Kingdom
265,Ham,United Kingdom
266,Ham-By-Then,United Kingdom
267,Harriffe,United Kingdom
268,Haylingborne,United Kingdom
269,Hcower,United Kingdom
270,Hcreswelli,United Kingdom
271,Hcrwoch,United Kingdom
272,Hdewnarford,United Kingdom
273,Hebsea,United Kingdom
274,Helsham,United Kingdom
275,Hempster,United Kingdom
276,Herne,United Kingdom
277,Hester,United Kingdom
278,Hester-Le-Woodf,United Kingdom
279,Hesthorne,United Kingdom
280,Hevizes,United Kingdom
281,Hew,United Kingdom
282,Hey,United Kingdom
283,Highley,United Kingdom
284,Himperlee,United Kingdom
285,Himperleton,United Kingdom
286,Himperley,United Kingdom
287,Hinnor,United Kingdom
288,Hipping,United Kingdom
289,Hishton,United Kingdom
290,Hitchington Pag,United Kingdom
291,Hiteham,United Kingdom
292,Holborough,United Kingdom
293,Hook,United Kingdom
294,Horebridge,United Kingdom
295,Horpe,United Kingdom
296,Hot,United Kingdom
297,Hpool,United Kingdom
298,Hrosby,United Kingdom
299,Hrow,United Kingdom
300,Htadownards,United Kingdom
301,Hton-Sea,United Kingdom
302,Hwort,United Kingdom
303,Icest Dunton,United Kingdom
304,Idcoedpoeth,United Kingdom
305,Idton Stourton,United Kingdom
306,Igdon,United Kingdom
307,Igl,United Kingdom
308,Igton,United Kingdom
309,Iiaartrough,United Kingdom
310,Immilton,United Kingdom
311,Imringavon,United Kingdom
312,Imvey,United Kingdom
313,Inham Abbey,United Kingdom
314,Irehavenage,United Kingdom
315,Isrant,United Kingdom
316,Israntage,United Kingdom
317,Israntocfes,United Kingdom
318,Israntypool,United Kingdom
319,Israysingdon,United Kingdom
320,Israysington,United Kingdom
321,It Greaton On S,United Kingdom
322,Itch,United Kingdom
323,Itchurch,United Kingdom
324,Itchurchingwood,United Kingdom
325,Ittleton,United Kingdom
326,Ivybridge,United Kingdom
327,Ivybridge Well,United Kingdom
328,Ivybridgendal,United Kingdom
329,Ivybrigg,United Kingdom
330,Iwyston,United Kingdom
331,Iyymmannington,United Kingdom
332,Jarnworton,United Kingdom
333,Jonnybridge,United Kingdom
334,Joon,United Kingdom
335,Jorntill,United Kingdom
336,K Austie,United Kingdom
337,Kgdness,United Kingdom
338,Kiden,United Kingdom
339,King,United Kingdom
340,Kington,United Kingdom
341,Kington-Clevena,United Kingdom
342,Klakerfield,United Kingdom
343,Klakerfon,United Kingdom
344,Klark,United Kingdom
345,Kradford,United Kingdom
346,Krester Parksto,United Kingdom
347,Krnockley,United Kingdom
348,Krookham,United Kingdom
349,Kror,United Kingdom
350,Krorth,United Kingdom
351,Krorth Walkirk,United Kingdom
352,L'Esham,United Kingdom
353,Lade,United Kingdom
354,Lage,United Kingdom
355,Laldicot,United Kingdom
356,Lale,United Kingdom
357,Laleath,United Kingdom
358,Lark,United Kingdom
359,Larket Dereford,United Kingdom
360,Lasgow,United Kingdom
361,Laventnor,United Kingdom
362,Lde,United Kingdom
363,Ledon,United Kingdom
364,Leigate,United Kingdom
365,Lelier Eaton,United Kingdom
366,Leton,United Kingdom
367,Lnale,United Kingdom
368,Lochest Great T,United Kingdom
369,Lrces Risham,United Kingdom
370,Lsbridge,United Kingdom
371,Lsbroadstang,United Kingdom
372,Lsbroadstownarf,United Kingdom
373,Lsbrook,United Kingdom
374,Lsbrough,United Kingdom
375,Lseng,United Kingdom
376,Lsredruth,United Kingdom
377,Lsresden,United Kingdom
378,Ludoukhris,United Kingdom
379,Lwach,United Kingdom
380,Lyamley,United Kingdom
381,Mdwnna,United Kingdom
382,Measerfield,United Kingdom
383,Men,United Kingdom
384,Mes Chalford-On,United Kingdom
385,Mes Risbournet,United Kingdom
386,Mesburne Book,United Kingdom
387,Met,United Kingdom
388,Mexborought,United Kingdom
389,Mfrickfield,United Kingdom
390,Millingtone,United Kingdom
391,Milton,United Kingdom
392,Mirfield,United Kingdom
393,Mlanells,United Kingdom
394,Mnanell,United Kingdom
395,Mon,United Kingdom
396,Mord,United Kingdom
397,Mord Green,United Kingdom
398,Mord Hemel Hill,United Kingdom
399,Mordeen,United Kingdom
400,Morden,United Kingdom
401,Mporton On Park,United Kingdom
402,Mpton,United Kingdom
403,Mrafford,United Kingdom
404,N Mark,United Kingdom
405,N-Le-Hope,United Kingdom
406,Naldicot,United Kingdom
407,Naldicote,United Kingdom
408,Nalding,United Kingdom
409,Nalding Northwi,United Kingdom
410,Naldock,United Kingdom
411,Nale,United Kingdom
412,Namford,United Kingdom
413,Nards,United Kingdom
414,Narestelling,United Kingdom
415,Narfon,United Kingdom
416,Naventer-Le-Woo,United Kingdom
417,Nceston,United Kingdom
418,Ncongstone,United Kingdom
419,Ndale,United Kingdom
420,Ndall,United Kingdom
421,Nderminstead,United Kingdom
422,New Crowthorne,United Kingdom
423,Newcastleight,United Kingdom
424,Newporthcawl,United Kingdom
425,Newquay,United Kingdom
426,Nford,United Kingdom
427,Nhymney,United Kingdom
428,Nidworth Crofto,United Kingdom
429,Nigate,United Kingdom
430,Niggs,United Kingdom
431,Nilwortadown,United Kingdom
432,Ningtonehough,United Kingdom
433,Nmow,United Kingdom
434,Nnrerston Ashto,United Kingdom
435,Norton-Sea,United Kingdom
436,Nredegm,United Kingdom
437,Nrow,United Kingdom
438,Nrow In Elmet,United Kingdom
439,Nrowtown,United Kingdom
440,Nton,United Kingdom
441,Nverket Weigh B,United Kingdom
442,Obourn,United Kingdom
443,Ockley,United Kingdom
444,Ofo,United Kingdom
445,Okmon,United Kingdom
446,Olas,United Kingdom
447,Olasgow,United Kingdom
448,Olmesbottingham,United Kingdom
449,Olough,United Kingdom
450,Oloy,United Kingdom
451,Olworthwater,United Kingdom
452,Onsford,United Kingdom
453,Ooham On Ashfor,United Kingdom
454,Ool,United Kingdom
455,Oole,United Kingdom
456,Oon,United Kingdom
457,Oor,United Kingdom
458,Oow,United Kingdom
459,Or Parket Dunmo,United Kingdom
460,Ord,United Kingdom
461,Orlethe-Naze,United Kingdom
462,Orleton,United Kingdom
463,Orlislade,United Kingdom
464,Oroughton,United Kingdom
465,Orriffe,United Kingdom
466,Orsford,United Kingdom
467,Orsforth Hallin,United Kingdom
468,Orsle Of Arranr,United Kingdom
469,Orth,United Kingdom
470,Osl,United Kingdom
471,Osouth Shield,United Kingdom
472,Oss On Wye,United Kingdom
473,Otding,United Kingdom
474,Ove,United Kingdom
475,Owater Eaton,United Kingdom
476,Own,United Kingdom
477,Ownards,United Kingdom
478,Owtswallingwood,United Kingdom
479,Panderstant,United Kingdom
480,Parley,United Kingdom
481,Parlow,United Kingdom
482,Patrick,United Kingdom
483,Pconsforden,United Kingdom
484,Penicuik,United Kingdom
485,Pharbroadwell,United Kingdom
486,Phtrick Le Mood,United Kingdom
487,Pill,United Kingdom
488,Pley,United Kingdom
489,Pnoon,United Kingdom
490,Pnor,United Kingdom
491,Pool,United Kingdom
492,Poole,United Kingdom
493,Ppon Commonders,United Kingdom
494,Psdon,United Kingdom
495,Pudsey,United Kingdom
496,Qoor,United Kingdom
497,Qudounton Pagne,United Kingdom
498,Qury,United Kingdom
499,Qwyin,United Kingdom
500,R-Ck-Le-Hope,United Kingdom
501,Raly,United Kingdom
502,Ran,United Kingdom
503,Rarriff,United Kingdom
504,Raunton,United Kingdom
505,Rauntone,United Kingdom
506,Raventnor,United Kingdom
507,Rcestholt,United Kingdom
508,Rcysea,United Kingdom
509,Rdeen,United Kingdom
510,Rden,United Kingdom
511,Redbourbridge,United Kingdom
512,Redegar,United Kingdom
513,Rershorpe,United Kingdom
514,Restock,United Kingdom
515,Reswallier Earl,United Kingdom
516,Retillon,United Kingdom
517,Rey,United Kingdom
518,Rham Abbey,United Kingdom
519,Rhight,United Kingdom
520,Ridge,United Kingdom
521,Rigg,United Kingdom
522,Rington,United Kingdom
523,Ringwoodbridge,United Kingdom
524,Rint Neots,United Kingdom
525,Rintislanellert,United Kingdom
526,Riptreen,United Kingdom
527,Rmord,United Kingdom
528,Rnaby-On-Trehav,United Kingdom
529,Rnaby-Sea,United Kingdom
530,Rold Wood,United Kingdom
531,Romborth,United Kingdom
532,Rough,United Kingdom
533,Roughton,United Kingdom
534,Rrenshead,United Kingdom
535,Rton,United Kingdom
536,Rtonehouse,United Kingdom
537,Rundal,United Kingdom
538,Rundale,United Kingdom
539,Rundallierley G,United Kingdom
540,Rven,United Kingdom
541,Rwich,United Kingdom
542,Rwyham,United Kingdom
543,Samerston,United Kingdom
544,Sanhristch,United Kingdom
545,Sathe-Naze,United Kingdom
546,Satree,United Kingdom
547,Sborough,United Kingdom
548,Sburn,United Kingdom
549,Sbury,United Kingdom
550,Sdburn,United Kingdom
551,Seld,United Kingdom
552,Sham Ferrincest,United Kingdom
553,Shaw,United Kingdom
554,Skdelson,United Kingdom
555,Slade,United Kingdom
556,Slandall,United Kingdom
557,Slough,United Kingdom
558,Sloughton,United Kingdom
559,Snton,United Kingdom
560,Snwotton Wye,United Kingdom
561,Southwate,United Kingdom
562,Sow,United Kingdom
563,Spchinch,United Kingdom
564,Spharry Vale,United Kingdom
565,Spwate,United Kingdom
566,Spworth,United Kingdom
567,Sranswood,United Kingdom
568,Sres,United Kingdom
569,Srigs,United Kingdom
570,Sroyston,United Kingdom
571,Sston,United Kingdom
572,Sswoodbridge,United Kingdom
573,Stable,United Kingdom
574,Stabledownpatri,United Kingdom
575,Stair Oak,United Kingdom
576,Stburn,United Kingdom
577,Stden,United Kingdom
578,Stone,United Kingdom
579,Stourn,United Kingdom
580,Stworth Mounton,United Kingdom
581,Swallery,United Kingdom
582,Swood,United Kingdom
583,Sworth,United Kingdom
584,Sworth Shillesw,United Kingdom
585,Syouphen,United Kingdom
586,T Dereford,United Kingdom
587,T Oristchurchin,United Kingdom
588,T-W-Le-Sea,United Kingdom
589,Tadwortsworth W,United Kingdom
590,Tarriby,United Kingdom
591,Tbourne,United Kingdom
592,Tchinnor,United Kingdom
593,Tchinstatyn,United Kingdom
594,Tcold,United Kingdom
595,Tcollingston Pa,United Kingdom
596,Tdeepington Hel,United Kingdom
597,Ter,United Kingdom
598,Ter-Le-Woodiesb,United Kingdom
599,Terbury,United Kingdom
600,Terden,United Kingdom
601,Terley,United Kingdom
602,Tham-By-Sea,United Kingdom
603,Then,United Kingdom
604,Thing,United Kingdom
605,Thorne,United Kingdom
606,Ting,United Kingdom
607,Tiptrentrentrim,United Kingdom
608,Tkelthame,United Kingdom
609,Tmilngay,United Kingdom
610,Tmon,United Kingdom
611,Ton,United Kingdom
612,Ton Sainford-Le,United Kingdom
613,Tranton,United Kingdom
614,Treen,United Kingdom
615,Trickley,United Kingdom
616,Trim,United Kingdom
617,Trimley,United Kingdom
618,Tsdings Langlet,United Kingdom
619,Ttom,United Kingdom
620,Tton,United Kingdom
621,Tton-Trentree,United Kingdom
622,Ttoxeterleton,United Kingdom
623,Turringking,United Kingdom
624,Twizston,United Kingdom
625,Tynes,United Kingdom
626,Tze ,United Kingdom
627,Udwnton Commont,United Kingdom
628,Uham,United Kingdom
629,Uldon,United Kingdom
630,Umbartford,United Kingdom
631,Upon The-Naze,United Kingdom
632,Usburgh,United Kingdom
633,Usburne,United Kingdom
634,Usbury,United Kingdom
635,Use,United Kingdom
636,Ushead,United Kingdom
637,Ushey,United Kingdom
638,Uster,United Kingdom
639,Van,United Kingdom
640,Vedon,United Kingdom
641,Vedown,United Kingdom
642,Vedown Sandale,United Kingdom
643,Ven,United Kingdom
644,Vensall,United Kingdom
645,Verket Dunmow,United Kingdom
646,Verndown,United Kingdom
647,Verpool,United Kingdom
648,Verster,United Kingdom
649,Vertill,United Kingdom
650,Ves,United Kingdom
651,Vet,United Kingdom
652,Vetthnasetown S,United Kingdom
653,Vettom,United Kingdom
654,Vetton,United Kingdom
655,Vncatrim,United Kingdom
656,Vnwarbornold Wo,United Kingdom
657,Vocheston Commo,United Kingdom
658,Wall,United Kingdom
659,Wall St Austing,United Kingdom
660,Warbridge,United Kingdom
661,Warbridge End,United Kingdom
662,Warbroadwater,United Kingdom
663,Ware,United Kingdom
664,Wareham Mine,United Kingdom
665,Wareston Ashton,United Kingdom
666,Warnet,United Kingdom
667,Warsop,United Kingdom
668,Warstatyn,United Kingdom
669,Warsterden,United Kingdom
670,Warston,United Kingdom
671,Warstoneheam,United Kingdom
672,Wborough,United Kingdom
673,Wbury,United Kingdom
674,Wcrosby,United Kingdom
675,Wellen,United Kingdom
676,Wellier,United Kingdom
677,Wgaterlesbury,United Kingdom
678,Wgety Bay,United Kingdom
679,Wichfield,United Kingdom
680,Wietford-Le-Hop,United Kingdom
681,Winstair Oak,United Kingdom
682,Winstanford,United Kingdom
683,Winsteadiham,United Kingdom
684,Winston In Asht,United Kingdom
685,Wint,United Kingdom
686,Wint Neots,United Kingdom
687,Wintillesden,United Kingdom
688,Winton,United Kingdom
689,Wkington,United Kingdom
690,Wldridge,United Kingdom
691,Wley,United Kingdom
692,Wood,United Kingdom
693,Wood Great Dunt,United Kingdom
694,Worcestanford,United Kingdom
695,Wortadown,United Kingdom
696,Worth,United Kingdom
697,Wouth,United Kingdom
698,Wusbury,United Kingdom
699,Wwortley,United Kingdom
700,Xburn-By-Sea,United Kingdom
701,Xeat Yarmouth,United Kingdom
702,Xedpoethe-Naze,United Kingdom
703,Xerston,United Kingdom
704,Xestell,United Kingdom
705,Xestwick Le Mil,United Kingdom
706,Xey,United Kingdom
707,Y-Phsonders,United Kingdom
708,Y-Xmburne Milnr,United Kingdom
709,Yapton,United Kingdom
710,Yapton Sea,United Kingdom
711,Yaptonehough,United Kingdom
712,Yaxley,United Kingdom
713,Yidxe,United Kingdom
714,Yiklom,United Kingdom
715,Yipte Ham,United Kingdom
716,Yiptenham,United Kingdom
717,Yixmporth,United Kingdom
718,Ynemouth,United Kingdom
719,Yniham,United Kingdom
720,Ynihampton Le M,United Kingdom
721,Yupton,United Kingdom
722,Zeley,United Kingdom
723,Zes,United Kingdom
724,Zllington-Sea,United Kingdom
