,Name,Origin
0,  Eceze,Uruguay
1, Bectam,Uruguay
2, Carros Blanto,Uruguay
3, Carros Toros,Uruguay
4, Cele,Uruguay
5, Ceze,Uruguay
6, De Los Blanco,Uruguay
7, Helvecia,Uruguay
8, Jose Pedro Var,Uruguay
9, Las,Uruguay
10, Los,Uruguay
11, Los Blantida,Uruguay
12, Los Toros,Uruguay
13, Los Toros Blan,Uruguay
14, Los Toros Toro,Uruguay
15, Naco,Uruguay
16, Ne ,Uruguay
17, Nelo,Uruguay
18, Nelones,Uruguay
19, Nelonia Nicoli,Uruguay
20, Olich,Uruguay
21, Oras,Uruguay
22, Palmira,Uruguay
23, Palmiras,Uruguay
24, Pedro Varela,Uruguay
25, Pedro Varez,Uruguay
26, Quera,Uruguay
27, Ralio,Uruguay
28, Ramento,Uruguay
29, Ras,Uruguay
30, Rascano,Uruguay
31, Ratconia De Az,Uruguay
32, Razno,Uruguay
33, Suarela,Uruguay
34, Tres,Uruguay
35, Uarez,Uruguay
36, Uela,Uruguay
37, Y Treinta Luci,Uruguay
38, Yi,Uruguay
39, Yu,Uruguay
40,.Lasco,Uruguay
41,Almira,Uruguay
42,Alti,Uruguay
43,Altiaanio,Uruguay
44,Altiaarario,Uruguay
45,Altida,Uruguay
46,Altidad,Uruguay
47,Altiha,Uruguay
48,Altiiaarando,Uruguay
49,Altira,Uruguay
50,Altirasco,Uruguay
51,Andi De Carrasc,Uruguay
52,Anmio,Uruguay
53,Antidad,Uruguay
54,Bcramento,Uruguay
55,Bertad,Uruguay
56,Blrtigas,Uruguay
57,Bocramento,Uruguay
58,Bortdg,Uruguay
59,Boucar,Uruguay
60,Brancos,Uruguay
61,Brandi Del Sacr,Uruguay
62,Branquera,Uruguay
63,Britad,Uruguay
64,Bronia Nicolich,Uruguay
65,Bronia Nicolis,Uruguay
66,Brris,Uruguay
67,Brtad,Uruguay
68,Clones,Uruguay
69,Clorida,Uruguay
70,Colis,Uruguay
71,Cos,Uruguay
72,Cramento,Uruguay
73,Crimbo,Uruguay
74,Cuarembo,Uruguay
75,Dnta Y Treso,Uruguay
76,F Rres,Uruguay
77,Gnica,Uruguay
78,Ibrribira,Uruguay
79,Ibrris,Uruguay
80,Ibrrlas,Uruguay
81,In Suarembo,Uruguay
82,L Brandi Del Yi,Uruguay
83,L Carra De Los ,Uruguay
84,L Carrascano,Uruguay
85,L Ia Nicolich,Uruguay
86,L Jase De Los,Uruguay
87,L Las,Uruguay
88,L Ras,Uruguay
89,L Sa De Mayo,Uruguay
90,L Yi,Uruguay
91,Lanco,Uruguay
92,Lanta Lucia,Uruguay
93,Lantida,Uruguay
94,Larco,Uruguay
95,Lario,Uruguay
96,Larira,Uruguay
97,Lasco,Uruguay
98,Lbectam,Uruguay
99,Lbectamento,Uruguay
100,Lbectaminos,Uruguay
101,Lbicromeros Bla,Uruguay
102,Lbirtad,Uruguay
103,Lbo,Uruguay
104,Lbontevideo,Uruguay
105,Lbrira,Uruguay
106,Lbrivarhedve Pe,Uruguay
107,Lbrivira,Uruguay
108,Lbsc De Mayo,Uruguay
109,Lelo,Uruguay
110,Lich,Uruguay
111,Lio,Uruguay
112,Lliih,Uruguay
113,Llira,Uruguay
114,Llones,Uruguay
115,Llorida,Uruguay
116,Loa Del Yi,Uruguay
117,Loces,Uruguay
118,Locha,Uruguay
119,Locia,Uruguay
120,Loiia,Uruguay
121,Loiiaro,Uruguay
122,Lolis,Uruguay
123,Lones,Uruguay
124,Lonia De Azucar,Uruguay
125,Lonia De Carlos,Uruguay
126,Lonia De Carmel,Uruguay
127,Lonia De Carra ,Uruguay
128,Lonia De Carras,Uruguay
129,Lonia De Carros,Uruguay
130,Lonia De Los,Uruguay
131,Lonia De Los Bl,Uruguay
132,Lonia De Los To,Uruguay
133,Lonia De Mayo,Uruguay
134,Lonia Del Sacra,Uruguay
135,Lonia Del Yi,Uruguay
136,Lonia Nicolich,Uruguay
137,Lonia Nicolicho,Uruguay
138,Lonia Nicolis,Uruguay
139,Lorida,Uruguay
140,Loridad,Uruguay
141,Los,Uruguay
142,Los A Palmira,Uruguay
143,Los Blanie Ras,Uruguay
144,Los Blanta Laca,Uruguay
145,Los Blanta Luci,Uruguay
146,Los Blantida,Uruguay
147,Los Toros,Uruguay
148,Los Toros Blanc,Uruguay
149,Los Toros Blant,Uruguay
150,Los Toros Toros,Uruguay
151,Louegas,Uruguay
152,Louig Se De May,Uruguay
153,Louig Se Pedras,Uruguay
154,Louigras,Uruguay
155,Loy Treinta Luc,Uruguay
156,Lqrinida,Uruguay
157,Lrasco,Uruguay
158,Lrinida,Uruguay
159,Ls Tiya,Uruguay
160,Lscid,Uruguay
161,Lsnco,Uruguay
162,Lso,Uruguay
163,Lta,Uruguay
164,Ltiiarez,Uruguay
165,Lto,Uruguay
166,Luan Carmelones,Uruguay
167,Luan Ramon,Uruguay
168,Luarela,Uruguay
169,Luarerascano,Uruguay
170,Lueras,Uruguay
171,Luira,Uruguay
172,Luiras,Uruguay
173,Luirascano,Uruguay
174,Luirhan,Uruguay
175,Lvscano,Uruguay
176,Lvycir,Uruguay
177,M Lasco,Uruguay
178,Maldonado,Uruguay
179,Mbranqueras,Uruguay
180,Mbrario,Uruguay
181,Mllantidad,Uruguay
182,Mlncia,Uruguay
183,Mlnco,Uruguay
184,Mlntevideo,Uruguay
185,Mlntida,Uruguay
186,Mlonia Del Sacr,Uruguay
187,Mlranco,Uruguay
188,Mnlo,Uruguay
189,Mntida,Uruguay
190,Mntidad,Uruguay
191,N Blancos,Uruguay
192,N Carlos Blanco,Uruguay
193,N Carlos Toros ,Uruguay
194,N Carmelo,Uruguay
195,N Carra De Azuc,Uruguay
196,N Carra De Carr,Uruguay
197,N Carras,Uruguay
198,N Carrasco,Uruguay
199,N Carros Blanti,Uruguay
200,N De Azucar,Uruguay
201,N De Carra De C,Uruguay
202,N De Carra Del ,Uruguay
203,N De Carrascano,Uruguay
204,N De Carros,Uruguay
205,N De Los,Uruguay
206,N De Los Toros,Uruguay
207,N De Los Toros ,Uruguay
208,N Del Sacrament,Uruguay
209,N Del Yi,Uruguay
210,N Jose De Carme,Uruguay
211,N Jose Pedro Va,Uruguay
212,N L. Lacaze,Uruguay
213,N Ramon,Uruguay
214,N Suarela,Uruguay
215,N Suarembo,Uruguay
216,N Suarez,Uruguay
217,Nas,Uruguay
218,Nbe,Uruguay
219,Nbe Tamento,Uruguay
220,Nbe Temio,Uruguay
221,Nbo,Uruguay
222,Ncasranquera,Uruguay
223,Ncevrayco,Uruguay
224,Nco,Uruguay
225,Nde,Uruguay
226,Neeve Pedro Var,Uruguay
227,Nes,Uruguay
228,Nhe,Uruguay
229,Nia Nicolich,Uruguay
230,Nida,Uruguay
231,Nieoras,Uruguay
232,Nieoros Blanco,Uruguay
233,Nietranco,Uruguay
234,Nio,Uruguay
235,Nio Branco,Uruguay
236,Nli Pedras,Uruguay
237,Nlo,Uruguay
238,Nlos Toros,Uruguay
239,Nlos Toros Toro,Uruguay
240,Nmasd Db Dr Ane,Uruguay
241,Nmo,Uruguay
242,Nnioobrandi Gra,Uruguay
243,Nquera,Uruguay
244,Nqueras,Uruguay
245,Nquerasco,Uruguay
246,Nsevideo,Uruguay
247,Nso,Uruguay
248,Nta Lucia,Uruguay
249,Nta Y Treinta L,Uruguay
250,Nta Y Treinta Y,Uruguay
251,Nta Y Tres,Uruguay
252,Ntevideo,Uruguay
253,Ntida,Uruguay
254,Ntidad,Uruguay
255,Nue,Uruguay
256,Nui  Edes,Uruguay
257,Nui Ho,Uruguay
258,Nuie Ras,Uruguay
259,Olich,Uruguay
260,Olis,Uruguay
261,Olonia Nicolich,Uruguay
262,Ontevideo,Uruguay
263,Osuiiarira,Uruguay
264,Pjo,Uruguay
265,Pmelo,Uruguay
266,Progreso,Uruguay
267,Purgz,Uruguay
268,Pusg De Carros ,Uruguay
269,Quin Suarembo,Uruguay
270,Quin Suarez,Uruguay
271,Ra De Azucar,Uruguay
272,Ra De Carlos,Uruguay
273,Ra De Carrasco,Uruguay
274,Ra De Los Toros,Uruguay
275,Racdam,Uruguay
276,Ralichon,Uruguay
277,Ramento,Uruguay
278,Randi Grandi De,Uruguay
279,Randi Grandi Gr,Uruguay
280,Randi Granquera,Uruguay
281,Ranquera,Uruguay
282,Rario,Uruguay
283,Ras,Uruguay
284,Rasco,Uruguay
285,Rbantidad,Uruguay
286,Rbcir,Uruguay
287,Rbcrtrdibdrtad,Uruguay
288,Rbe,Uruguay
289,Rbectamento,Uruguay
290,Rbectaminas,Uruguay
291,Rbectaminta Luc,Uruguay
292,Rbedto,Uruguay
293,Rbelt,Uruguay
294,Rbelta,Uruguay
295,Rbinta Lucia,Uruguay
296,Rbndt Dal Da Gl,Uruguay
297,Rbndt Dal Del S,Uruguay
298,Rbnhtvgres,Uruguay
299,Rbnitad,Uruguay
300,Rbo,Uruguay
301,Rbontevideo,Uruguay
302,Rbrcrimbrandi D,Uruguay
303,Rbrgnis Di De M,Uruguay
304,Rbrinida,Uruguay
305,Rbrio,Uruguay
306,Rbrira,Uruguay
307,Rbriras,Uruguay
308,Rbrirasco,Uruguay
309,Rbrita,Uruguay
310,Rbritiaarandi D,Uruguay
311,Rbrivarpa De Az,Uruguay
312,Rbriviras,Uruguay
313,Rbsc De Azucar,Uruguay
314,Rbsctida,Uruguay
315,Rcnio,Uruguay
316,Rebnttvigres,Uruguay
317,Rer,Uruguay
318,Rera,Uruguay
319,Res,Uruguay
320,Reso,Uruguay
321,Reve Pedrasco,Uruguay
322,Rhedve Pedras,Uruguay
323,Rhoghes,Uruguay
324,Riapolis,Uruguay
325,Ribdrasco,Uruguay
326,Ribertad,Uruguay
327,Ribira,Uruguay
328,Ribirasco,Uruguay
329,Ribirtad,Uruguay
330,Rla Cozeb,Uruguay
331,Rlascano,Uruguay
332,Rlos,Uruguay
333,Rmblocha,Uruguay
334,Rmlvich,Uruguay
335,Ro Varez,Uruguay
336,Ronia Nicolich,Uruguay
337,Ronia Nicolis,Uruguay
338,Ros,Uruguay
339,Ros Blanco,Uruguay
340,Ros Blancos,Uruguay
341,Ros Blanta Y Tr,Uruguay
342,Ros Toros,Uruguay
343,Rpigreso,Uruguay
344,Rquin Suarembo,Uruguay
345,Rra De Azucar,Uruguay
346,Rra De Los,Uruguay
347,Rra Del Sacrame,Uruguay
348,Rrs De Carlos B,Uruguay
349,Rrv Del Yi,Uruguay
350,Rs Di De Carra ,Uruguay
351,Rs Di Del Sacra,Uruguay
352,Rs Piedro Varem,Uruguay
353,Rsn L. Lacaze,Uruguay
354,Rtad,Uruguay
355,Ruan De Carlos ,Uruguay
356,Ruarez,Uruguay
357,Ruig Se De Carr,Uruguay
358,Runi,Uruguay
359,Rurigas,Uruguay
360,Rus,Uruguay
361,Ruscrimbronia N,Uruguay
362,Rvrira,Uruguay
363,S  De Los Toros,Uruguay
364,S  Del Sacramen,Uruguay
365,S Piedras,Uruguay
366,S Piedro Varela,Uruguay
367,S Piedro Varemb,Uruguay
368,S Piedro Varez,Uruguay
369,Sc De Azucar,Uruguay
370,Scano,Uruguay
371,Scio,Uruguay
372,Scir,Uruguay
373,Sco,Uruguay
374,Scrimbo,Uruguay
375,Scromera,Uruguay
376,Slones,Uruguay
377,Slonia Del Sacu,Uruguay
378,Slonia Nicolich,Uruguay
379,Slonia Nicolis,Uruguay
380,Sn De Los,Uruguay
381,Sn De Los Blanc,Uruguay
382,Sn De Los Blant,Uruguay
383,Sn De Mayo,Uruguay
384,So De Carmelo,Uruguay
385,So De Los,Uruguay
386,So De Los Blanc,Uruguay
387,So De Mayo,Uruguay
388,So Del Sacramen,Uruguay
389,So Del Yi,Uruguay
390,Sonde,Uruguay
391,Sr De Azucar,Uruguay
392,Sr De Carra De ,Uruguay
393,Sr Del Sacramen,Uruguay
394,Sra,Uruguay
395,Srande,Uruguay
396,Srandi Del Sacr,Uruguay
397,Srandi Del Yi,Uruguay
398,Srandi Granquer,Uruguay
399,Sranqueras,Uruguay
400,Sras,Uruguay
401,Srida,Uruguay
402,Srntidad,Uruguay
403,Sro,Uruguay
404,Srtigas,Uruguay
405,Ss Di De Carras,Uruguay
406,Ss Di Grancos,Uruguay
407,Ss Piedro Varel,Uruguay
408,Ss Piedro Varem,Uruguay
409,St Da Carras,Uruguay
410,Strinida,Uruguay
411,Su De Carlos,Uruguay
412,Su De Carrascan,Uruguay
413,Sucia,Uruguay
414,Sui Ho,Uruguay
415,Suiiaro,Uruguay
416,Suiiras,Uruguay
417,Suna,Uruguay
418,Tallo,Uruguay
419,Tlancos,Uruguay
420,Tlinidad,Uruguay
421,Tlones,Uruguay
422,Tlonia Del Yi,Uruguay
423,Tnio Brandi De ,Uruguay
424,Trandi Grandi G,Uruguay
425,Tranqueras,Uruguay
426,Trinida,Uruguay
427,Tuarez,Uruguay
428,U Eelonia Nicol,Uruguay
429,Uarembo,Uruguay
430,Uarez,Uruguay
431,Ubrandi Del Yi,Uruguay
432,Uce,Uruguay
433,Ucia,Uruguay
434,Ucramento,Uruguay
435,Uela,Uruguay
436,Uera,Uruguay
437,Ueras,Uruguay
438,Uerascano,Uruguay
439,Uerasco,Uruguay
440,Ueva Helvecia,Uruguay
441,Ueva Palmira,Uruguay
442,Ueva Paz,Uruguay
443,Uie Rarirasco,Uruguay
444,Uie Ras,Uruguay
445,Uie Ros,Uruguay
446,Uig Se De Carlo,Uruguay
447,Uira,Uruguay
448,Uiras,Uruguay
449,Uirasco,Uruguay
450,Uivarhmbvachary,Uruguay
451,Une,Uruguay
452,Uni,Uruguay
453,Urazno,Uruguay
454,Urez,Uruguay
455,Use De Carlos B,Uruguay
456,Use De Los,Uruguay
457,Use De Mayo,Uruguay
458,Use Pedrasco,Uruguay
459,Use Pedro Varel,Uruguay
460,Use Pedro Varem,Uruguay
461,Utrande,Uruguay
462,Utres,Uruguay
463,Vneio,Uruguay
464,Vnelo,Uruguay
465,Yuunz,Uruguay
466,Zno,Uruguay
467,Zro,Uruguay
468,Zucar,Uruguay
