,Name,Origin
0, Shahar,Uzbekistan
1, Shahri,Uzbekistan
2,'Arabot,Uzbekistan
3,'Arak,Uzbekistan
4,'Arakul',Uzbekistan
5,'Arkent Shaharx,Uzbekistan
6,'Bod,Uzbekistan
7,'Irdaryo,Uzbekistan
8,'Par,Uzbekistan
9,'Pir,Uzbekistan
10,'Ri,Uzbekistan
11,'Sikon Shahri,Uzbekistan
12,'Skkent,Uzbekistan
13,'Slkent,Uzbekistan
14,'Sokeltanoi,Uzbekistan
15,'Stlik,Uzbekistan
16,'Stlik Shahri,Uzbekistan
17,'Tlzkektemir,Uzbekistan
18,'Ur Shahri,Uzbekistan
19,'Y Shahri,Uzbekistan
20,'`Rlan,Uzbekistan
21,A`Ikon Shahri,Uzbekistan
22,Ach,Uzbekistan
23,Afri,Uzbekistan
24,Ahri,Uzbekistan
25,Alor,Uzbekistan
26,Amba Shahri,Uzbekistan
27,And,Uzbekistan
28,Aoyi,Uzbekistan
29,Arakul',Uzbekistan
30,Archiq,Uzbekistan
31,Arkand,Uzbekistan
32,Arqao`Rg`On,Uzbekistan
33,Arqao`Rg`Ontepa,Uzbekistan
34,Aryo,Uzbekistan
35,Asaka,Uzbekistan
36,Asgtonobod,Uzbekistan
37,Ashtixon Shahri,Uzbekistan
38,Asi,Uzbekistan
39,Atshen,Uzbekistan
40,Bad,Uzbekistan
41,Bed,Uzbekistan
42,Bod,Uzbekistan
43,Bxon Shahri,Uzbekistan
44,Byshar,Uzbekistan
45,C`Hi,Uzbekistan
46,Cfi,Uzbekistan
47,Cfiqko`L,Uzbekistan
48,Cfsikon Shahri,Uzbekistan
49,Ch`Urota,Uzbekistan
50,Chasi,Uzbekistan
51,Chbod,Uzbekistan
52,Chiq,Uzbekistan
53,Chkent,Uzbekistan
54,Chmir Timur,Uzbekistan
55,Chsuy,Uzbekistan
56,Ckshnod,Uzbekistan
57,Coy,Uzbekistan
58,Cpiq,Uzbekistan
59,Cskemt Shahri,Uzbekistan
60,Csshon Shahri,Uzbekistan
61,Cxqunghirchi,Uzbekistan
62,D`Rg`Ilon,Uzbekistan
63,Dchlik,Uzbekistan
64,Dchlik Shahri,Uzbekistan
65,Doq,Uzbekistan
66,Dorovulbozor,Uzbekistan
67,Dsoyouq,Uzbekistan
68,Dunoy,Uzbekistan
69,Durot,Uzbekistan
70,Durota,Uzbekistan
71,Eg`Ylon,Uzbekistan
72,Egayoi,Uzbekistan
73,Egiyer,Uzbekistan
74,Ehayahar,Uzbekistan
75,Engana,Uzbekistan
76,Engariy Shahri,Uzbekistan
77,Engaron,Uzbekistan
78,Engv`Laosiyo Sh,Uzbekistan
79,Engveny,Uzbekistan
80,Engvilon,Uzbekistan
81,Engvon Shahri,Uzbekistan
82,Engvulbozor,Uzbekistan
83,Eog,Uzbekistan
84,Ergan,Uzbekistan
85,Ergana,Uzbekistan
86,Erganch,Uzbekistan
87,Eria Shahri,Uzbekistan
88,Ertaowul,Uzbekistan
89,Eshkent,Uzbekistan
90,Estakor Shahri,Uzbekistan
91,Etganch,Uzbekistan
92,Extakor Shahri,Uzbekistan
93,Eyli Shahri,Uzbekistan
94,Eysi,Uzbekistan
95,Ezki,Uzbekistan
96,F'Rk'Nrteos,Uzbekistan
97,Far,Uzbekistan
98,Fbobod,Uzbekistan
99,Fboko'Pir,Uzbekistan
100,Fgrkent,Uzbekistan
101,Fikkent Shahri,Uzbekistan
102,Fiq,Uzbekistan
103,Firkon Shahar,Uzbekistan
104,Firkon Shaharxi,Uzbekistan
105,Firkon Shahri,Uzbekistan
106,Firkon Tumangiy,Uzbekistan
107,Fiy,Uzbekistan
108,For,Uzbekistan
109,Fri,Uzbekistan
110,Fruri,Uzbekistan
111,Fsikon Shahri,Uzbekistan
112,Fsikon Tuma Sha,Uzbekistan
113,Fskkand,Uzbekistan
114,Fsrkand,Uzbekistan
115,Fur,Uzbekistan
116,G`Alor,Uzbekistan
117,G`El,Uzbekistan
118,G`Eltanoi,Uzbekistan
119,G`Nloq,Uzbekistan
120,G`Ontepa,Uzbekistan
121,G`Ulobod,Uzbekistan
122,G`Ylon,Uzbekistan
123,Gbon Shahri,Uzbekistan
124,Gdulobod,Uzbekistan
125,Gmen,Uzbekistan
126,Gqurghon Shahri,Uzbekistan
127,Gshon Shahri,Uzbekistan
128,Gsnlij Ssaofirk,Uzbekistan
129,Gxon Shahri,Uzbekistan
130,Hara,Uzbekistan
131,Harchasi,Uzbekistan
132,Hena,Uzbekistan
133,Hirot,Uzbekistan
134,Hkent,Uzbekistan
135,Hkent Shaharon,Uzbekistan
136,Hkr'N Shahri,Uzbekistan
137,Hon Shahri,Uzbekistan
138,Hortoq,Uzbekistan
139,Hqqqulobod,Uzbekistan
140,Hshamba Shahri,Uzbekistan
141,Htnghit,Uzbekistan
142,Htrat,Uzbekistan
143,Hyeg,Uzbekistan
144,Hzmza,Uzbekistan
145,Iboa,Uzbekistan
146,Ibozor,Uzbekistan
147,Irhtixon Shahri,Uzbekistan
148,Irkon Shahri,Uzbekistan
149,Ishon Shahri,Uzbekistan
150,Ishon Tuma Shah,Uzbekistan
151,Isonsoy,Uzbekistan
152,Istekobod,Uzbekistan
153,Itttqqo`Rg`On,Uzbekistan
154,Iura,Uzbekistan
155,Ixtnkqenov,Uzbekistan
156,Iyra,Uzbekistan
157,Iyul,Uzbekistan
158,Izon,Uzbekistan
159,Jon,Uzbekistan
160,Jtyli Shahri,Uzbekistan
161,K`Lrosaliq,Uzbekistan
162,Kand,Uzbekistan
163,Kardoq,Uzbekistan
164,Kent,Uzbekistan
165,Kent Shahri,Uzbekistan
166,Kg`Rlan,Uzbekistan
167,Knen,Uzbekistan
168,Kon Shahri,Uzbekistan
169,Krgon Shahri,Uzbekistan
170,Kshi,Uzbekistan
171,Kul',Uzbekistan
172,L`On,Uzbekistan
173,Len,Uzbekistan
174,Lik,Uzbekistan
175,Lin,Uzbekistan
176,Lis,Uzbekistan
177,Lis Shahri,Uzbekistan
178,Lmil,Uzbekistan
179,Lmil Shahri,Uzbekistan
180,Lmoz,Uzbekistan
181,Lo',Uzbekistan
182,Lo`,Uzbekistan
183,Lon,Uzbekistan
184,Loq,Uzbekistan
185,Lor,Uzbekistan
186,Los,Uzbekistan
187,Lot Shahri,Uzbekistan
188,Loy,Uzbekistan
189,Lqon,Uzbekistan
190,Lshko'Pir,Uzbekistan
191,Lsonsoy,Uzbekistan
192,Ltonobod,Uzbekistan
193,Manghirchi,Uzbekistan
194,Mangiyer,Uzbekistan
195,Mani,Uzbekistan
196,Markand,Uzbekistan
197,Markent,Uzbekistan
198,Mbod,Uzbekistan
199,Mboy Shahariq,Uzbekistan
200,Mboy Shahri,Uzbekistan
201,Mdijon,Uzbekistan
202,Men,Uzbekistan
203,Mgn Shaharakul',Uzbekistan
204,Mgy Shaharxin,Uzbekistan
205,Min Shahri,Uzbekistan
206,Mir,Uzbekistan
207,Mir Timur,Uzbekistan
208,Miy Shahri,Uzbekistan
209,Mkent,Uzbekistan
210,Mmij Ssao`Rg`Il,Uzbekistan
211,Mng Shahri,Uzbekistan
212,Mri,Uzbekistan
213,Mun,Uzbekistan
214,Mur,Uzbekistan
215,Muy,Uzbekistan
216,Mxil,Uzbekistan
217,Myn Shahri,Uzbekistan
218,N`Vo,Uzbekistan
219,Nbod,Uzbekistan
220,Nboy Shahri,Uzbekistan
221,Ng Shahar,Uzbekistan
222,Ng'Ur Shahri,Uzbekistan
223,Ngkent,Uzbekistan
224,Ngren,Uzbekistan
225,Ngsirabot,Uzbekistan
226,Ngsonsoy,Uzbekistan
227,Ngyqon,Uzbekistan
228,Nloq,Uzbekistan
229,Nng`Elt,Uzbekistan
230,No',Uzbekistan
231,Nos,Uzbekistan
232,Nruli,Uzbekistan
233,Nssom,Uzbekistan
234,Ntchi,Uzbekistan
235,Nvmani,Uzbekistan
236,Nxio,Uzbekistan
237,Nxir,Uzbekistan
238,O'Pir,Uzbekistan
239,O`Rchiq,Uzbekistan
240,O`Rg`Ilon,Uzbekistan
241,O`Rg`On,Uzbekistan
242,O`Rqao`Rchasi,Uzbekistan
243,O`Rqao`Rg`Ontep,Uzbekistan
244,Oezax,Uzbekistan
245,Opa,Uzbekistan
246,Oriv Shahri,Uzbekistan
247,Pan,Uzbekistan
248,Pspkent,Uzbekistan
249,Q`Ulobod,Uzbekistan
250,Qeo`,Uzbekistan
251,Qeruniy,Uzbekistan
252,Qeuy,Uzbekistan
253,Qo`Rg`Ilon,Uzbekistan
254,Qo`Rg`On,Uzbekistan
255,Qor,Uzbekistan
256,Qqulobod,Uzbekistan
257,Qs'Soko'Pir,Uzbekistan
258,Qsultonobod,Uzbekistan
259,Qulobod,Uzbekistan
260,Quulhon Shahri,Uzbekistan
261,Quulhon Tumani,Uzbekistan
262,Quulobod,Uzbekistan
263,Quultonobod,Uzbekistan
264,Quurghon Shahri,Uzbekistan
265,Quuy,Uzbekistan
266,Quuyhangi Marha,Uzbekistan
267,Quuyhangiobod,Uzbekistan
268,Quuyhon Shahri,Uzbekistan
269,Quuyo',Uzbekistan
270,Quuyo' Shaharxi,Uzbekistan
271,Quuyo' Shahri,Uzbekistan
272,Quuyob,Uzbekistan
273,Quuyobod,Uzbekistan
274,Quuytepa,Uzbekistan
275,Qyul,Uzbekistan
276,R`A,Uzbekistan
277,R`Am`R,Uzbekistan
278,R`Ki,Uzbekistan
279,R`Ulobod,Uzbekistan
280,R``Iyo Shahri,Uzbekistan
281,Rdoq,Uzbekistan
282,Rey,Uzbekistan
283,Rftob,Uzbekistan
284,Rg`Ilon,Uzbekistan
285,Rg`On,Uzbekistan
286,Rg`Ontepa,Uzbekistan
287,Riq,Uzbekistan
288,Robod,Uzbekistan
289,Rquogon Shahri,Uzbekistan
290,Rshi,Uzbekistan
291,Rskiara,Uzbekistan
292,Rubi Shahar,Uzbekistan
293,Ruyi,Uzbekistan
294,Ruyio Shaharchi,Uzbekistan
295,Ruyio Shahri,Uzbekistan
296,Ruyir,Uzbekistan
297,Rvaobod,Uzbekistan
298,Rxin,Uzbekistan
299,Ryo,Uzbekistan
300,S`Ka,Uzbekistan
301,S`Lor,Uzbekistan
302,S`Loy,Uzbekistan
303,S`Ltonobod,Uzbekistan
304,S`O`,Uzbekistan
305,Sbod,Uzbekistan
306,Sdoy,Uzbekistan
307,Sen,Uzbekistan
308,Sfak,Uzbekistan
309,Sfhkand,Uzbekistan
310,Sh`I,Uzbekistan
311,Shmir,Uzbekistan
312,Shon Shahri,Uzbekistan
313,Shtixon Shahri,Uzbekistan
314,Shtobod,Uzbekistan
315,Shyobod,Uzbekistan
316,Siyo Shahri,Uzbekistan
317,Skent,Uzbekistan
318,Slot Shahri,Uzbekistan
319,Smkand,Uzbekistan
320,Sno`,Uzbekistan
321,Snoy,Uzbekistan
322,Snshon Shahri,Uzbekistan
323,So`Rg`On,Uzbekistan
324,So`Rqao`Rqao`Rg,Uzbekistan
325,Somon Tumani,Uzbekistan
326,Soyoung'Ur Shah,Uzbekistan
327,St`Omt Shahri,Uzbekistan
328,St`On,Uzbekistan
329,St`Or,Uzbekistan
330,St`Urot,Uzbekistan
331,Stco`,Uzbekistan
332,Sultonobod,Uzbekistan
333,Svyub,Uzbekistan
334,Swka,Uzbekistan
335,Syub,Uzbekistan
336,Szof,Uzbekistan
337,Szoy,Uzbekistan
338,T`Akor Shahri,Uzbekistan
339,T`Ent,Uzbekistan
340,T`Riq,Uzbekistan
341,T`Rtaowul,Uzbekistan
342,T`Shfirkon Shah,Uzbekistan
343,T`Shqorrkon Sha,Uzbekistan
344,T`Uko'Pir,Uzbekistan
345,T`Urot,Uzbekistan
346,T``R`An,Uzbekistan
347,Tashkent,Uzbekistan
348,Tbozor,Uzbekistan
349,Teaka,Uzbekistan
350,Tebot,Uzbekistan
351,Teboy Shahri,Uzbekistan
352,Temir,Uzbekistan
353,Tfshkent,Uzbekistan
354,Thnmboy Shahri,Uzbekistan
355,Tiboa,Uzbekistan
356,Tirmiz,Uzbekistan
357,Tmamin Shaharch,Uzbekistan
358,Tpao,Uzbekistan
359,Tqxon Shahri,Uzbekistan
360,Tshhar,Uzbekistan
361,Tshno',Uzbekistan
362,Tshnogirab,Uzbekistan
363,Tsshkent,Uzbekistan
364,Ttpbo,Uzbekistan
365,Tuli,Uzbekistan
366,Tulobod,Uzbekistan
367,Txhn Shahri,Uzbekistan
368,Tyshamani,Uzbekistan
369,Uboq,Uzbekistan
370,Uchqurghon Shah,Uzbekistan
371,Ukeat,Uzbekistan
372,Ulobod,Uzbekistan
373,Urghon Shahri,Uzbekistan
374,Urghon Tuma Sha,Uzbekistan
375,Uy Shaharak,Uzbekistan
376,Uy Shahri,Uzbekistan
377,Uylo Shahri,Uzbekistan
378,Uylon,Uzbekistan
379,Uynoq,Uzbekistan
380,Uyren,Uzbekistan
381,V`Ey,Uzbekistan
382,V`Unoy,Uzbekistan
383,Vbbkand,Uzbekistan
384,Ven,Uzbekistan
385,Ven Shahri,Uzbekistan
386,Vengvilon,Uzbekistan
387,Veny,Uzbekistan
388,Vlon,Uzbekistan
389,Vmani,Uzbekistan
390,Vngyel,Uzbekistan
391,Vngyul,Uzbekistan
392,Vo`Ychi,Uzbekistan
393,Vo`Ychiq,Uzbekistan
394,Von Shahri,Uzbekistan
395,Voy Shahri,Uzbekistan
396,Vri,Uzbekistan
397,Vriy,Uzbekistan
398,Vriy Shahri,Uzbekistan
399,Vtepa,Uzbekistan
400,Vulbozor,Uzbekistan
401,Vulbozorak,Uzbekistan
402,Vulbozorakul',Uzbekistan
403,Vurband,Uzbekistan
404,Vzkkand,Uzbekistan
405,X Shahri,Uzbekistan
406,X'N Shahri,Uzbekistan
407,Xengvel,Uzbekistan
408,Xin,Uzbekistan
409,Xit,Uzbekistan
410,Xon Shahri,Uzbekistan
411,Xtn Hamarkand,Uzbekistan
412,Xtnkent,Uzbekistan
413,Xtnko`L,Uzbekistan
414,Xu`Jhov Shahri,Uzbekistan
415,Xxt Shahri,Uzbekistan
416,Y Shahri,Uzbekistan
417,Y`Unoh,Uzbekistan
418,Ychi,Uzbekistan
419,Ychiq,Uzbekistan
420,Ycpas,Uzbekistan
421,Yel,Uzbekistan
422,Ykent,Uzbekistan
423,Yli Shahri,Uzbekistan
424,Ylo Shahar,Uzbekistan
425,Ylo Shahri,Uzbekistan
426,Ylon,Uzbekistan
427,Yloq,Uzbekistan
428,Ymi Shahri,Uzbekistan
429,Ypan,Uzbekistan
430,Ypen,Uzbekistan
431,Ypin,Uzbekistan
432,Yschkent,Uzbekistan
433,Yscniq,Uzbekistan
434,Yshamarkent,Uzbekistan
435,Ysharchasi,Uzbekistan
436,Yul,Uzbekistan
437,Yxi Shahri,Uzbekistan
438,Zalkent,Uzbekistan
439,Zalkent Shahri,Uzbekistan
440,Zarkand,Uzbekistan
441,Zax,Uzbekistan
442,Zbod,Uzbekistan
443,Zdukor Shahri,Uzbekistan
444,Zea,Uzbekistan
445,Zlmil,Uzbekistan
446,Zmat,Uzbekistan
447,Zmi,Uzbekistan
448,Zor,Uzbekistan
449,Zorak,Uzbekistan
450,Zorakul',Uzbekistan
451,Zorasp,Uzbekistan
452,Zula,Uzbekistan
453,`Alor,Uzbekistan
454,`Am`T,Uzbekistan
455,`Ar,Uzbekistan
456,`Boq,Uzbekistan
457,`Elt,Uzbekistan
458,`Ent,Uzbekistan
459,`Er,Uzbekistan
460,`Ertaowul,Uzbekistan
461,`Gron,Uzbekistan
462,`Haoriq,Uzbekistan
463,`Har,Uzbekistan
464,`Jaobod,Uzbekistan
465,`Joy,Uzbekistan
466,`Ka,Uzbekistan
467,`Ke,Uzbekistan
468,`Lmol,Uzbekistan
469,`Lon,Uzbekistan
470,`Lor,Uzbekistan
471,`Ltonobod,Uzbekistan
472,`Maypan,Uzbekistan
473,`Mit Shahri,Uzbekistan
474,`Ng`Ilon,Uzbekistan
475,`Ng`On,Uzbekistan
476,`Ng`Ulobod,Uzbekistan
477,`O`,Uzbekistan
478,`Oy,Uzbekistan
479,`Quog'On Shahar,Uzbekistan
480,`Quog'On Shahri,Uzbekistan
481,`Rg`Ilon,Uzbekistan
482,`Rg`On,Uzbekistan
483,`Rg`Ontepa,Uzbekistan
484,`Rhamarkand,Uzbekistan
485,`Rkand,Uzbekistan
486,`Shtob,Uzbekistan
487,`Ugon Shahri,Uzbekistan
488,`Ulobod,Uzbekistan
489,`Ur,Uzbekistan
490,`Urghon Shahri,Uzbekistan
491,`Urot,Uzbekistan
492,`Urota,Uzbekistan
493,`Urtaowul,Uzbekistan
494,`Ush,Uzbekistan
495,`Uttbqo`Rqao`Rc,Uzbekistan
496,`Uy,Uzbekistan
497,`Uyo',Uzbekistan
498,`Uyob,Uzbekistan
499,`Vo,Uzbekistan
500,`Ylon,Uzbekistan
501,`Za,Uzbekistan
502,``G`On,Uzbekistan
503,``Rg`On,Uzbekistan
504,``U`Thaka,Uzbekistan
505,``Uktemir,Uzbekistan
506,``Uq,Uzbekistan
507,``Uri,Uzbekistan
508,``Uy,Uzbekistan
