,Name,Origin
0, Ato,Venezuela
1, Bruz De Los Al,Venezuela
2, De La Azulita,Venezuela
3, De La Grito,Venezuela
4, De Onoto,Venezuela
5, Griego,Venezuela
6, Juan Mar,Venezuela
7, La Crista,Venezuela
8, Mateo,Venezuela
9,A Ae Aroa,Venezuela
10,A Azulita,Venezuela
11,A Bolivar,Venezuela
12,A Bruzual,Venezuela
13,A Camagua El Cu,Venezuela
14,A Camare,Venezuela
15,A Cara,Venezuela
16,A Cruzual,Venezuela
17,A De Apure,Venezuela
18,A Friar,Venezuela
19,A Gorda,Venezuela
20,A Griego,Venezuela
21,A Jrinaquisimet,Venezuela
22,A La Azulita,Venezuela
23,A La Cruzual,Venezuela
24,A La Pascua,Venezuela
25,A La Victoria,Venezuela
26,A La Victoriara,Venezuela
27,A La Vigia,Venezuela
28,A Mar,Venezuela
29,A Mauro,Venezuela
30,A Orita,Venezuela
31,A Orito,Venezuela
32,A Orituco,Venezuela
33,A Oritucocoron,Venezuela
34,A Pascua,Venezuela
35,A Ua El Victori,Venezuela
36,Aa De Los Tacar,Venezuela
37,Aal,Venezuela
38,Aanacoa,Venezuela
39,Abajuro,Venezuela
40,Abajuroa,Venezuela
41,Abay,Venezuela
42,Abjol,Venezuela
43,Abla Victoria,Venezuela
44,Ablalfelnde Ono,Venezuela
45,Ablalgeieua,Venezuela
46,Ablbavro,Venezuela
47,Abljueo,Venezuela
48,Aboyoto,Venezuela
49,Abpo,Venezuela
50,Acara,Venezuela
51,Acaraza,Venezuela
52,Acaria,Venezuela
53,Acariar,Venezuela
54,Acarigua,Venezuela
55,Acarigua El Bar,Venezuela
56,Acarinas,Venezuela
57,Acarines,Venezuela
58,Acarinita,Venezuela
59,Acarinuquisimet,Venezuela
60,Acas,Venezuela
61,Achira,Venezuela
62,Acmar,Venezuela
63,Ad Piar,Venezuela
64,Afael,Venezuela
65,Afra,Venezuela
66,Afraacas,Venezuela
67,Agaa,Venezuela
68,Agarinas,Venezuela
69,Aglacparipito,Venezuela
70,Agnaco,Venezuela
71,Agracia De Los ,Venezuela
72,Agracia La Vict,Venezuela
73,Agtatar,Venezuela
74,Agua,Venezuela
75,Aigre,Venezuela
76,Aitas,Venezuela
77,Ajdros,Venezuela
78,Ajorenas,Venezuela
79,Ajpan,Venezuela
80,Ajpiloo De Orit,Venezuela
81,Ajpo,Venezuela
82,Al Bautista,Venezuela
83,Al Ccmare,Venezuela
84,Ala,Venezuela
85,Alcaccarigua,Venezuela
86,Alcapinitas,Venezuela
87,Alla Mauroa,Venezuela
88,Alle De Los Cam,Venezuela
89,Alra,Venezuela
90,Altagracia La F,Venezuela
91,Amdatan,Venezuela
92,Amlornne,Venezuela
93,Ampan,Venezuela
94,Ampar,Venezuela
95,Ampatan,Venezuela
96,Ampatar,Venezuela
97,Ampora,Venezuela
98,Amporal,Venezuela
99,Amporalla Bruz ,Venezuela
100,Amporalle De Gu,Venezuela
101,An Anto Fijo,Venezuela
102,An Bautistobal,Venezuela
103,An Josecito,Venezuela
104,An Rafael Tigre,Venezuela
105,Anaco,Venezuela
106,Anacoa,Venezuela
107,Ancas,Venezuela
108,Ando De Los Dos,Venezuela
109,Aolro,Venezuela
110,Aonptonio,Venezuela
111,Aorpinos,Venezuela
112,Ap Bolivar,Venezuela
113,Apa,Venezuela
114,Apcorote,Venezuela
115,Ape,Venezuela
116,Apiar,Venezuela
117,Apt,Venezuela
118,Aquisimeto,Venezuela
119,Ara,Venezuela
120,Aral,Venezuela
121,Aralle De Los C,Venezuela
122,Arastrojos,Venezuela
123,Arbruz De Apure,Venezuela
124,Are,Venezuela
125,Arenas,Venezuela
126,Argua,Venezuela
127,Arigua,Venezuela
128,Ariguee,Venezuela
129,Arinas,Venezuela
130,Arines,Venezuela
131,Aripito,Venezuela
132,Arlarfraacas,Venezuela
133,Arnanda,Venezuela
134,Arnando De Maur,Venezuela
135,Arora,Venezuela
136,Aroral,Venezuela
137,Aroralle De La ,Venezuela
138,Aroratia De Gua,Venezuela
139,Arp,Venezuela
140,Arquillo,Venezuela
141,Arrancas,Venezuela
142,Aruta,Venezuela
143,Ascua,Venezuela
144,Aspn,Venezuela
145,Aspuee,Venezuela
146,Aspunes,Venezuela
147,Asrranda,Venezuela
148,Asrros,Venezuela
149,Atar,Venezuela
150,Atoria,Venezuela
151,Atuta,Venezuela
152,Avitl,Venezuela
153,Bamagua,Venezuela
154,Bameresa De Ori,Venezuela
155,Bana,Venezuela
156,Banaco,Venezuela
157,Banacoa,Venezuela
158,Banape,Venezuela
159,Banare,Venezuela
160,Banariara,Venezuela
161,Banarigua El Tu,Venezuela
162,Banarines,Venezuela
163,Barenas,Venezuela
164,Barigua,Venezuela
165,Barinaques,Venezuela
166,Barinaquisimeto,Venezuela
167,Barinas,Venezuela
168,Barinita,Venezuela
169,Barinitas,Venezuela
170,Baripito,Venezuela
171,Barito,Venezuela
172,Barquillo,Venezuela
173,Barquisimeto,Venezuela
174,Barranc,Venezuela
175,Barrancas,Venezuela
176,Barranda,Venezuela
177,Barrando De Gua,Venezuela
178,Baruta,Venezuela
179,Bateo,Venezuela
180,Bcanipa,Venezuela
181,Bde Apure,Venezuela
182,Berimon,Venezuela
183,Bltugo,Venezuela
184,Bmare,Venezuela
185,Bscua,Venezuela
186,Bumanape,Venezuela
187,Cacaraza,Venezuela
188,Cagua El Taques,Venezuela
189,Camino,Venezuela
190,Cani,Venezuela
191,Cara,Venezuela
192,Caral,Venezuela
193,Caralle De Morr,Venezuela
194,Caraza,Venezuela
195,Carigua,Venezuela
196,Cariguee,Venezuela
197,Carinaquillo,Venezuela
198,Carines,Venezuela
199,Carinita,Venezuela
200,Carinitas,Venezuela
201,Caripito,Venezuela
202,Cas,Venezuela
203,Catire,Venezuela
204,Cbanare,Venezuela
205,Cbay,Venezuela
206,Ccaralle De Apu,Venezuela
207,Ccarinas,Venezuela
208,Chirivia,Venezuela
209,Chivaco,Venezuela
210,Cia De Apure,Venezuela
211,Cmar,Venezuela
212,Cmare,Venezuela
213,Cmarenas,Venezuela
214,Cmito,Venezuela
215,Crasl De Los Mo,Venezuela
216,Cristobal,Venezuela
217,Csivia,Venezuela
218,Da De Guana,Venezuela
219,Dabajuroa,Venezuela
220,Dabay,Venezuela
221,Dbabajuro,Venezuela
222,Dbabajuroa,Venezuela
223,Dbabay,Venezuela
224,De Los Alto Fij,Venezuela
225,Deb Onio De Mat,Venezuela
226,Debamenos,Venezuela
227,Deblo Negro,Venezuela
228,Deblo Nuevo,Venezuela
229,Debmo,Venezuela
230,Debo,Venezuela
231,Dfubo,Venezuela
232,Dn Del Tachiran,Venezuela
233,Dnba,Venezuela
234,Dnbon,Venezuela
235,Dob De La Cardo,Venezuela
236,Dob Los Altagra,Venezuela
237,Dob Tagracia De,Venezuela
238,Dsba,Venezuela
239,Dvbll Iubanare,Venezuela
240,Dvbll Via,Venezuela
241,Dvbll Vuy,Venezuela
242,Dvblla Bruzual,Venezuela
243,Ebamagua,Venezuela
244,Ebana,Venezuela
245,Enas,Venezuela
246,Enda,Venezuela
247,Endo De Guatia ,Venezuela
248,Era,Venezuela
249,Fennas,Venezuela
250,Fmeresa De Los ,Venezuela
251,Fnanda,Venezuela
252,Fnando De Mar,Venezuela
253,Fnnas,Venezuela
254,Francas,Venezuela
255,Gamdo,Venezuela
256,Gar,Venezuela
257,Gbae,Venezuela
258,Gda,Venezuela
259,Gde,Venezuela
260,Gma,Venezuela
261,Gmacas,Venezuela
262,Gnaco,Venezuela
263,Gnacoa,Venezuela
264,Gratdo De Orita,Venezuela
265,Gricaralla Boli,Venezuela
266,Gritu,Venezuela
267,Gua,Venezuela
268,Gua El Vigia,Venezuela
269,Guanaripito,Venezuela
270,Guare,Venezuela
271,Higua,Venezuela
272,Horitu,Venezuela
273,Iacaral,Venezuela
274,Ianaco,Venezuela
275,Igua,Venezuela
276,Igua El Taquill,Venezuela
277,Iguee,Venezuela
278,Inaques,Venezuela
279,Inaquillo,Venezuela
280,Inas,Venezuela
281,Irivia,Venezuela
282,Iumanacoa,Venezuela
283,Jaa Bolivia,Venezuela
284,Jadee Teremo,Venezuela
285,Jalse Ani,Venezuela
286,Jarito,Venezuela
287,Jbal,Venezuela
288,Jiro,Venezuela
289,Jito,Venezuela
290,Jor,Venezuela
291,Jote,Venezuela
292,Jquisimeto,Venezuela
293,Jsacia La Pascu,Venezuela
294,Jsae,Venezuela
295,Jsanda,Venezuela
296,Jsare,Venezuela
297,Jtan,Venezuela
298,Juan Juan Cruz ,Venezuela
299,Juana,Venezuela
300,Juanape,Venezuela
301,Juanare,Venezuela
302,Judibanacoa,Venezuela
303,L Actas,Venezuela
304,La Azulita,Venezuela
305,La Azulitas,Venezuela
306,La Bautista,Venezuela
307,La Bolivacoa,Venezuela
308,La Bruz De Mar,Venezuela
309,La Costa,Venezuela
310,La Cruzual,Venezuela
311,La Friar,Venezuela
312,La Griego,Venezuela
313,La Grito,Venezuela
314,La Mar,Venezuela
315,La Mauroa,Venezuela
316,La Vigia,Venezuela
317,Lal Bautistobal,Venezuela
318,Lamvuctire,Venezuela
319,Latia La Grituc,Venezuela
320,Lba De Guatire,Venezuela
321,Lba De Marinas,Venezuela
322,Lba De Onoto,Venezuela
323,Lba Ua El Tuy,Venezuela
324,Ldob Da  Baul,Venezuela
325,Lj Guana,Venezuela
326,Lla Azulitas,Venezuela
327,Lmaaraal,Venezuela
328,Lmor,Venezuela
329,Lmos,Venezuela
330,Ln Antonio De L,Venezuela
331,Ln Cruz Del De ,Venezuela
332,Lnarenas,Venezuela
333,Lnas,Venezuela
334,Lt Cjio,Venezuela
335,Lt Vocla Bolivi,Venezuela
336,Ltos,Venezuela
337,Lv Alto Fijo,Venezuela
338,Machiques,Venezuela
339,Machirando De L,Venezuela
340,Machirivia,Venezuela
341,Machiriviche,Venezuela
342,Mampan,Venezuela
343,Mampora,Venezuela
344,Manare,Venezuela
345,Mar,Venezuela
346,Marinita,Venezuela
347,Marinitas,Venezuela
348,Matar,Venezuela
349,Mcara,Venezuela
350,Menas,Venezuela
351,Mene De Mar,Venezuela
352,Menos,Venezuela
353,Mmanare,Venezuela
354,Mnanda,Venezuela
355,Mnando De Apure,Venezuela
356,Mnando De Aroa,Venezuela
357,Mnando De Los A,Venezuela
358,Mnando De Los C,Venezuela
359,Mnando De Morro,Venezuela
360,Mnatoriatar,Venezuela
361,Mnto Barito,Venezuela
362,Mntonio De La V,Venezuela
363,Mon,Venezuela
364,Mor,Venezuela
365,Moralle Del Taq,Venezuela
366,Morito,Venezuela
367,Moto,Venezuela
368,Mpan,Venezuela
369,Mpatan,Venezuela
370,Mpatar,Venezuela
371,Mpnta Gorda,Venezuela
372,Mpora,Venezuela
373,Mpure,Venezuela
374,Mratire,Venezuela
375,Mrunacoa,Venezuela
376,Mvitista,Venezuela
377,Mvnal,Venezuela
378,Mvnale De Mar,Venezuela
379,Mvrilaue,Venezuela
380,Na Del Tacara,Venezuela
381,Naco,Venezuela
382,Nacoa,Venezuela
383,Nal,Venezuela
384,Namor,Venezuela
385,Nanacoa,Venezuela
386,Nanda,Venezuela
387,Nando De Guan,Venezuela
388,Nando De Mora,Venezuela
389,Nape,Venezuela
390,Naquilla Bolivi,Venezuela
391,Nare,Venezuela
392,Narenas,Venezuela
393,Nariguan,Venezuela
394,Nariguee,Venezuela
395,Narines,Venezuela
396,Nas,Venezuela
397,Ncas,Venezuela
398,Nda,Venezuela
399,Nma Aa Bruz De ,Venezuela
400,Nra,Venezuela
401,Nta De Los Rafa,Venezuela
402,Obal,Venezuela
403,Oca De Apure,Venezuela
404,Oca De La Cruz ,Venezuela
405,Oca De La Mauro,Venezuela
406,Oca De La Pascu,Venezuela
407,Oca De Los Mora,Venezuela
408,Oca De Mauro,Venezuela
409,Onatar,Venezuela
410,Onpino,Venezuela
411,Onpinoquisimeto,Venezuela
412,Onpo A Victoria,Venezuela
413,Onpo Alpeire,Venezuela
414,Onpo Ardnas,Venezuela
415,Onpo Arines,Venezuela
416,Onpo Aucanirdab,Venezuela
417,Onpo Audo,Venezuela
418,Onpo Aumon,Venezuela
419,Onpona,Venezuela
420,Onponao,Venezuela
421,Onptno,Venezuela
422,Onptno De La Co,Venezuela
423,Onptnondo De Ma,Venezuela
424,Onptnra,Venezuela
425,Onptnrancas,Venezuela
426,Onptnre,Venezuela
427,Onptoria,Venezuela
428,Ora,Venezuela
429,Orito,Venezuela
430,Oritu,Venezuela
431,Orituco,Venezuela
432,Otpta,Venezuela
433,Pampora,Venezuela
434,Pan,Venezuela
435,Par,Venezuela
436,Patar,Venezuela
437,Pcara,Venezuela
438,Pmnondo De Mora,Venezuela
439,Pmrunacoa,Venezuela
440,Pna,Venezuela
441,Pnnas,Venezuela
442,Psrmar,Venezuela
443,Ques,Venezuela
444,Quilla Bolivia,Venezuela
445,Quisimeto,Venezuela
446,Rafael,Venezuela
447,Rahdos,Venezuela
448,Rambanta Grito,Venezuela
449,Rancas,Venezuela
450,Rastrojos,Venezuela
451,Rbal,Venezuela
452,Riar,Venezuela
453,Riara,Venezuela
454,Riguan Cruzual,Venezuela
455,Riji,Venezuela
456,Rimeto,Venezuela
457,Rinaques,Venezuela
458,Rinaquisimeto,Venezuela
459,Rinas,Venezuela
460,Rines,Venezuela
461,Rinita,Venezuela
462,Rinuquisimeto,Venezuela
463,Rista,Venezuela
464,Rlsta,Venezuela
465,Rnanda,Venezuela
466,Rnando De La Az,Venezuela
467,Rnando De Oritu,Venezuela
468,Roca De Apure,Venezuela
469,Roca De Aroa,Venezuela
470,Roca De Los Car,Venezuela
471,Rocorote,Venezuela
472,Rojos,Venezuela
473,Ros,Venezuela
474,Rpla Bruz Del T,Venezuela
475,Rudad Piara,Venezuela
476,Rumanacoa,Venezuela
477,Rumanare,Venezuela
478,Rumanarinaudode,Venezuela
479,Rumare,Venezuela
480,Runare,Venezuela
481,Rvilla Bolivich,Venezuela
482,Rvillo,Venezuela
483,Rvlll De Morros,Venezuela
484,Sbua,Venezuela
485,Sca,Venezuela
486,Scua,Venezuela
487,Smmor,Venezuela
488,Sna,Venezuela
489,Snaco,Venezuela
490,Snao,Venezuela
491,Snas,Venezuela
492,Sncos,Venezuela
493,Snda,Venezuela
494,Snnas,Venezuela
495,Sra,Venezuela
496,Srenas,Venezuela
497,Sta,Venezuela
498,Stobal,Venezuela
499,Stobateo,Venezuela
500,Strojos,Venezuela
501,Tabajuroa,Venezuela
502,Tabay,Venezuela
503,Tacaraza,Venezuela
504,Tacarinitas,Venezuela
505,Tachiques,Venezuela
506,Tachira,Venezuela
507,Tachiritas,Venezuela
508,Tachirivia,Venezuela
509,Tagracia Del Tu,Venezuela
510,Tar,Venezuela
511,Tas,Venezuela
512,Tene De La Pasc,Venezuela
513,Tinaques,Venezuela
514,Tncas,Venezuela
515,Tos,Venezuela
516,Tvcala Bolivia,Venezuela
517,Ubanape,Venezuela
518,Vacoa,Venezuela
519,Var,Venezuela
520,Vblla Bruz De L,Venezuela
521,Vca,Venezuela
522,Via,Venezuela
523,Villo,Venezuela
524,Vma,Venezuela
525,Vta,Venezuela
526,Ynaco,Venezuela
527,Z De Los Camino,Venezuela
528,Z Del Tachiritu,Venezuela
529,Z Del Tuy,Venezuela
530,Zudibanape,Venezuela
531,Zumiro,Venezuela
