,Name,Origin
0, Ian Tum,Vietnam
1, Mau,Vietnam
2, Uy,Vietnam
3,A  Inh,Vietnam
4,A Dec,Vietnam
5,A Mau,Vietnam
6,A Ngai,Vietnam
7,A Ninr Cvn Tan ,Vietnam
8,A Ria,Vietnam
9,A Vinh Binh,Vietnam
10,A Vinh Thot Not,Vietnam
11,Aa Dec,Vietnam
12,Ai Duon Ho,Vietnam
13,Ai Duon Hoa,Vietnam
14,Ai Duon Tan Ran,Vietnam
15,Ai Duong,Vietnam
16,Ai Duong Cau,Vietnam
17,Ai Duong Gjong,Vietnam
18,Ai Duong Kiem,Vietnam
19,Ai Duong Lat,Vietnam
20,Ai Duong Xuyen,Vietnam
21,Ai Grac,Vietnam
22,Ai Ngai,Vietnam
23,Ai Nghia,Vietnam
24,Ai Nguyen,Vietnam
25,Ai Nguyen Ho,Vietnam
26,Ai Nguyen Hoa,Vietnam
27,Ai Nguyen Lay,Vietnam
28,Ai Nguyen Thuan,Vietnam
29,Ai Nhon,Vietnam
30,Ai Rang,Vietnam
31,Ai Rang Cau,Vietnam
32,Ai Rang-Thanh B,Vietnam
33,Ai Ranh,Vietnam
34,Ai Ranh Chau,Vietnam
35,Ak Not,Vietnam
36,Am Di An,Vietnam
37,Am Dinh,Vietnam
38,Am Dinh Binh,Vietnam
39,Am Dinh Binh Ch,Vietnam
40,Am Dinh Cham,Vietnam
41,Am Dinh Chau,Vietnam
42,Am Dinh Ho,Vietnam
43,Am Dinh Loc,Vietnam
44,Am Dinh Long,Vietnam
45,Am Dinh Long Ki,Vietnam
46,Am Dinh Pha,Vietnam
47,Am Dinh Pho Ba ,Vietnam
48,Am Dinh Phu Ly,Vietnam
49,Am Dinh Phu My,Vietnam
50,Am Dinh Phu Quo,Vietnam
51,Am Dinh Thai Ho,Vietnam
52,Am Dinh Thai Nh,Vietnam
53,Am Dinh Than Gj,Vietnam
54,Am Dinh Thanh,Vietnam
55,Am Dinh Thi Xa ,Vietnam
56,Am Dinh Tho,Vietnam
57,Am Dinh Thuang ,Vietnam
58,Am Dinh Thuy,Vietnam
59,Am Ha,Vietnam
60,Am Ky,Vietnam
61,Am Pha,Vietnam
62,Am Phan An,Vietnam
63,Am Phan Tum,Vietnam
64,Am Phanh,Vietnam
65,Am Pho Ba Ria,Vietnam
66,Am Phu Khuon Ho,Vietnam
67,Am Phu Khuong,Vietnam
68,Am Phu Khuong N,Vietnam
69,Am Phu Khuong X,Vietnam
70,Am Phu Ly,Vietnam
71,Am Phu My,Vietnam
72,Am Phu Quan An,Vietnam
73,Am Phu Quoc,Vietnam
74,Am Rang,Vietnam
75,Am Rang Gjong N,Vietnam
76,Am Rang Xoai,Vietnam
77,Am Rang Xuyen,Vietnam
78,Am Rang-Thai Ng,Vietnam
79,Am Rang-Thanh,Vietnam
80,Am Rang-Thap Ch,Vietnam
81,Am Rang-Thay Ni,Vietnam
82,Am Ranh,Vietnam
83,Am Ranh Binh,Vietnam
84,Am Ranh Long,Vietnam
85,Am Ranh Tho,Vietnam
86,An An,Vietnam
87,An Gjang Cau,Vietnam
88,An Gjo,Vietnam
89,An Gjong Cau,Vietnam
90,An Gjuc Thanh,Vietnam
91,An Gjuc Thuy,Vietnam
92,An Rang Nghia,Vietnam
93,An Rang-Thai Nh,Vietnam
94,An Ranh,Vietnam
95,An Tan Rang-Tha,Vietnam
96,An Tan Ranh,Vietnam
97,An Tan Tran Tan,Vietnam
98,An Thanh,Vietnam
99,An Tho,Vietnam
100,An Thot Not,Vietnam
101,An Tra Vinh,Vietnam
102,An Tran Gjang,Vietnam
103,An Tre,Vietnam
104,An Tum,Vietnam
105,Auy,Vietnam
106,Auy Ho,Vietnam
107,Ay Nien,Vietnam
108,Ay Ninh,Vietnam
109,Ay Ninh Binh,Vietnam
110,Ay Ninh Chau,Vietnam
111,Ay Ninh Ho,Vietnam
112,Ay Ninh Hoa,Vietnam
113,Ay Ninh Long,Vietnam
114,Ay Ninh Pho Ba ,Vietnam
115,Ay Ninh Thai Ra,Vietnam
116,Ay Ninh Thanh T,Vietnam
117,Ca Mau,Vietnam
118,Cam Dinh,Vietnam
119,Cam Ky,Vietnam
120,Can Tum,Vietnam
121,Ci Gjuc Thot No,Vietnam
122,Dn Than Gjang,Vietnam
123,Engtxa Phanh,Vietnam
124,Eoc,Vietnam
125,Gai,Vietnam
126,Gia,Vietnam
127,Gjang,Vietnam
128,Ha Tinh Chau,Vietnam
129,Hai Duong,Vietnam
130,Hai Nguyen,Vietnam
131,Hai Nhon,Vietnam
132,Hai Rang,Vietnam
133,Hanh,Vietnam
134,Hanh Binh Binh ,Vietnam
135,Hanh Thuang,Vietnam
136,Huy,Vietnam
137,I Nhon,Vietnam
138,Ia Ngai,Vietnam
139,Ia Nghia,Vietnam
140,Ia Nguyen,Vietnam
141,Ia Nguyen Hoa,Vietnam
142,Ia Nguyen Quoc,Vietnam
143,Iam,Vietnam
144,Iam Dinh,Vietnam
145,Iam Dinh Chau,Vietnam
146,Iam Ky,Vietnam
147,Ian,Vietnam
148,Ian An,Vietnam
149,Iann Tum,Vietnam
150,Iannan Tan Gjon,Vietnam
151,Iay,Vietnam
152,Ien,Vietnam
153,Ien Hoa,Vietnam
154,Ien Lam Ha,Vietnam
155,Ien Lay,Vietnam
156,Ien Thap Cham,Vietnam
157,Igj,Vietnam
158,Ing,Vietnam
159,Ing Xoai,Vietnam
160,Inh,Vietnam
161,Inh Binh,Vietnam
162,Inh Binh Binh,Vietnam
163,Inh Binh Binh H,Vietnam
164,Inh Binh Binh T,Vietnam
165,Inh Binh Chau D,Vietnam
166,Inh Binh Long G,Vietnam
167,Inh Binh Thai N,Vietnam
168,Inh Binh Thanh,Vietnam
169,Inh Binh Thau D,Vietnam
170,Inh Binh Thi Th,Vietnam
171,Inh Binh Thi Tr,Vietnam
172,Inh Chau,Vietnam
173,Inh Chau Doc,Vietnam
174,Inh Ho,Vietnam
175,Inh Hoa,Vietnam
176,Inh Loc,Vietnam
177,Inh Long,Vietnam
178,Inh Long Gjo,Vietnam
179,Inh Long Nghia,Vietnam
180,Inh Long Nguyen,Vietnam
181,Inh Long Xoai,Vietnam
182,Inh Pho Ba Ria,Vietnam
183,Inh Phu Khuon T,Vietnam
184,Inh Phu Khuong ,Vietnam
185,Inh Phu My,Vietnam
186,Inh Phu Quang,Vietnam
187,Inh Phu Quoc,Vietnam
188,Inh Than Tan Gj,Vietnam
189,Inh Than Tan Ta,Vietnam
190,Inh Than Thanh,Vietnam
191,Inh Than Tho,Vietnam
192,Inh Thanh,Vietnam
193,Inh Thanh Binh,Vietnam
194,Inh Thanh Long ,Vietnam
195,Inh Thap Cham,Vietnam
196,Inh Thap Chau,Vietnam
197,Inh Thi Than Ra,Vietnam
198,Inh Thi Tran Ta,Vietnam
199,Inh Thi Tre,Vietnam
200,Inh Thi Xa Pha ,Vietnam
201,Inh Thi Xa Phan,Vietnam
202,Inh Thiet,Vietnam
203,Inh Tho,Vietnam
204,Inh Thot Not,Vietnam
205,Inh Thuang-Than,Vietnam
206,Inh Thuy,Vietnam
207,Inn,Vietnam
208,Inr Lcy,Vietnam
209,Iny,Vietnam
210,Iy Ninh,Vietnam
211,Iye,Vietnam
212,Jang,Vietnam
213,Jang Hoa,Vietnam
214,Jang Ng Iau,Vietnam
215,La Gi,Vietnam
216,M Ha,Vietnam
217,M Hai Duong Ngu,Vietnam
218,M Yan Rang,Vietnam
219,M Yuang,Vietnam
220,Ma Lay,Vietnam
221,Ma Tien Ho,Vietnam
222,Ma Tran Tho,Vietnam
223,Mai Duong,Vietnam
224,Mai Rang-Than G,Vietnam
225,Mai Rang-Than T,Vietnam
226,Mam,Vietnam
227,Mam Ranh,Vietnam
228,Man Gjong Cau,Vietnam
229,Man Rang Gjong ,Vietnam
230,Man Rang-Thai N,Vietnam
231,Man Ranh Binh P,Vietnam
232,Man Thanh,Vietnam
233,Manh,Vietnam
234,May Ninh Chau,Vietnam
235,May Ninh Pha,Vietnam
236,May Ninh Thot N,Vietnam
237,May Ninh Thuang,Vietnam
238,Mhiet,Vietnam
239,Mi Ara Vinh Ho,Vietnam
240,Mi Hat Not,Vietnam
241,Mien,Vietnam
242,Mmo,Vietnam
243,Mno,Vietnam
244,Mo Kon Hoa,Vietnam
245,Mpye,Vietnam
246,Mtyho Ba Ria,Vietnam
247,Muyen,Vietnam
248,Na Can An,Vietnam
249,Na Ho,Vietnam
250,Na Lat,Vietnam
251,Na Lay,Vietnam
252,Na Loc,Vietnam
253,Na Long Xuyen H,Vietnam
254,Na Tien,Vietnam
255,Na Tien Hoa,Vietnam
256,Na Tien Than Gj,Vietnam
257,Na Tra Vinh Bin,Vietnam
258,Na Trang-Thanh,Vietnam
259,Nai,Vietnam
260,Nai Nghia,Vietnam
261,Nai Nguyen,Vietnam
262,Nai Ranh Phu My,Vietnam
263,Nam,Vietnam
264,Nan Gjong Kiem,Vietnam
265,Nan Tre,Vietnam
266,Nang,Vietnam
267,Nanh,Vietnam
268,Nat,Vietnam
269,Nau,Vietnam
270,Nay,Vietnam
271,Nha,Vietnam
272,Nhab,Vietnam
273,Nhahh Long,Vietnam
274,Nhai Duong Gjo,Vietnam
275,Nhan An,Vietnam
276,Ni K,Vietnam
277,Ni Xa Phan Than,Vietnam
278,Ni Xa Phu Quang,Vietnam
279,Ninh,Vietnam
280,No Cong Nghia,Vietnam
281,Non,Vietnam
282,Nong Xoai,Vietnam
283,Nuy,Vietnam
284,Nuy Hoa,Vietnam
285,Nuyen Hoa,Vietnam
286,O Long,Vietnam
287,O Long Kiem,Vietnam
288,Ong,Vietnam
289,Ong Cau,Vietnam
290,Ong Gjang-Thap ,Vietnam
291,Ong Gjong,Vietnam
292,Ong Kiem,Vietnam
293,Ong Ngai,Vietnam
294,Ong Xoai,Vietnam
295,Onh,Vietnam
296,Pan Gjang Xoai,Vietnam
297,Ra Vinh Hoa,Vietnam
298,Ra Vinh Thap Ch,Vietnam
299,Ran Gjong Cau,Vietnam
300,Rang,Vietnam
301,Uy Ho,Vietnam
302,Uy Hoa,Vietnam
303,Uyen,Vietnam
304,Uyen Ho,Vietnam
305,Uyen Hoa,Vietnam
306,Uyen Lay,Vietnam
307,Uyen Quan An,Vietnam
308,Uyen Quoc,Vietnam
309,Uyen Tan An,Vietnam
310,Uyen Thai Duong,Vietnam
311,Uyen Thanh,Vietnam
312,Uyen Thot Not,Vietnam
313,Uyen Tum,Vietnam
314,Uyen Vinh,Vietnam
315,Y  Hau,Vietnam
316,Y Cham,Vietnam
317,Y Ho,Vietnam
318,Y Hoa,Vietnam
319,Y Iha,Vietnam
320,Y Loc,Vietnam
321,Y Nhob,Vietnam
322,Y Pho Ba Ria,Vietnam
323,Y Thanh,Vietnam
324,Y Thanh Chau,Vietnam
325,Y Thi Xa Phan G,Vietnam
326,Y Thot Not,Vietnam
327,Yan An,Vietnam
328,Yan Gjong,Vietnam
329,Yan Thanh,Vietnam
330,Yan Tum,Vietnam
331,Yei Ha,Vietnam
332,Yen,Vietnam
333,Yen Hoa,Vietnam
334,Yen Quan Tra Vi,Vietnam
335,Yen Quang,Vietnam
336,Yen Quoc,Vietnam
337,Yen Tho,Vietnam
338,Yi Than Thot No,Vietnam
339,Yn Tho,Vietnam
